source,pack,level,title,score,confidence,replay_sha256,completion,playtest,issue
Classic fan,fan:lldb-1,geooPk0.dat#0,Simple warm-up,91.4,low,,no verified win,bounded search or metadata only,
Classic fan,fan:lldb-1,geooPk0.dat#1,Everything you don't need,85.59,low,,no verified win,bounded search or metadata only,
Classic fan,fan:lldb-1,geooPk0.dat#2,crossing stairs,94,low,,no verified win,bounded search or metadata only,
Classic fan,fan:lldb-1,geooPk0.dat#3,Down the cliff,86.45,low,,no verified win,bounded search or metadata only,
Classic fan,fan:lldb-1,geooPk0.dat#4,There`s a method in the madness,94,low,,no verified win,bounded search or metadata only,
Classic fan,fan:lldb-1,geooPk0.dat#5,Increasing step heights,103.38,low,,no verified win,bounded search or metadata only,
Classic fan,fan:lldb-1,geooPk0.dat#6,Through the thicket,86,low,,no verified win,bounded search or metadata only,
Classic fan,fan:lldb-1,geooPk0.dat#7,Finding a place to stay,95.85,low,,no verified win,bounded search or metadata only,
Classic fan,fan:lldb-1,geooPk0.dat#8,Mission at max-fall 60,106.5,low,,no verified win,bounded search or metadata only,
Classic fan,fan:lldb-1,geooPk0.dat#9,High-tech or Low-tech,97,low,,no verified win,bounded search or metadata only,
Classic fan,fan:lldb-10,Mikepak05.dat#0,The small jail !,90.9,low,,no verified win,bounded search or metadata only,
Classic fan,fan:lldb-10,Mikepak05.dat#1,Under the snow,98.14,low,,no verified win,bounded search or metadata only,
Classic fan,fan:lldb-10,Mikepak05.dat#2,The big palace !,113.87,low,,no verified win,bounded search or metadata only,
Classic fan,fan:lldb-10,Mikepak05.dat#3,LEMMINGS,98.38,low,,no verified win,bounded search or metadata only,
Classic fan,fan:lldb-10,Mikepak05.dat#4,Chains-mania !,78.4,low,,no verified win,bounded search or metadata only,
Classic fan,fan:lldb-10,Mikepak05.dat#5,Easy ?,90.09,low,,no verified win,bounded search or metadata only,
Classic fan,fan:lldb-10,Mikepak05.dat#6,With stairs !,89.5,low,,no verified win,bounded search or metadata only,
Classic fan,fan:lldb-10,Mikepak05.dat#7,Not so simple !,90.49,low,,no verified win,bounded search or metadata only,
Classic fan,fan:lldb-10,Mikepak05.dat#8,The impassable wall 1,82.62,low,,no verified win,bounded search or metadata only,
Classic fan,fan:lldb-10,Mikepak05.dat#9,The impassable wall 2,111.84,low,,no verified win,bounded search or metadata only,
Classic fan,fan:lldb-100,TimpackB.dat#0,Snow Way Home,73.5,low,,no verified win,bounded search or metadata only,
Classic fan,fan:lldb-100,TimpackB.dat#1,The Swamp,105.85,low,,no verified win,bounded search or metadata only,
Classic fan,fan:lldb-100,TimpackB.dat#2,Fangorn Forest,97.69,low,,no verified win,bounded search or metadata only,
Classic fan,fan:lldb-100,TimpackB.dat#3,Escape From LA Crystals,98.09,low,,no verified win,bounded search or metadata only,
Classic fan,fan:lldb-100,TimpackB.dat#5,Pyramids Of Giza,81.5,low,,no verified win,bounded search or metadata only,
Classic fan,fan:lldb-100,TimpackB.dat#6,Pipeline Expressway,68.19,low,,no verified win,bounded search or metadata only,
Classic fan,fan:lldb-100,TimpackB.dat#7,Cool Lemmings,73.09,low,,no verified win,bounded search or metadata only,
Classic fan,fan:lldb-100,TimpackB.dat#8,The Gift,70.5,low,,no verified win,bounded search or metadata only,
Classic fan,fan:lldb-100,TimpackB.dat#9,The Lemming Trap,101.19,low,,no verified win,bounded search or metadata only,
Classic fan,fan:lldb-101,TimpackC.dat#0,Tactical Fireworks,61.53,low,,no verified win,bounded search or metadata only,
Classic fan,fan:lldb-101,TimpackC.dat#1,Journey Down The Pipeline,106.5,low,,no verified win,bounded search or metadata only,
Classic fan,fan:lldb-101,TimpackC.dat#2,Savage Garden,105.39,low,,no verified win,bounded search or metadata only,
Classic fan,fan:lldb-101,TimpackC.dat#3,Break On Through,69,low,,no verified win,bounded search or metadata only,
Classic fan,fan:lldb-101,TimpackC.dat#4,The Wilderness,90.38,low,,no verified win,bounded search or metadata only,
Classic fan,fan:lldb-101,TimpackC.dat#5,Fatal 4 Way,83.25,low,,no verified win,bounded search or metadata only,
Classic fan,fan:lldb-101,TimpackC.dat#6,Buy Me A Bowel,83.25,low,,no verified win,bounded search or metadata only,
Classic fan,fan:lldb-101,TimpackC.dat#7,The Golden Gate,82.84,low,,no verified win,bounded search or metadata only,
Classic fan,fan:lldb-101,TimpackC.dat#8,Faster Than A Speeding Lemming,81.09,low,,no verified win,bounded search or metadata only,
Classic fan,fan:lldb-101,TimpackC.dat#9,One Night In Heaven,105.69,low,,no verified win,bounded search or metadata only,
Classic fan,fan:lldb-102,TimpackD.dat#0,Where The Wild Roses Grow,105.69,low,,no verified win,bounded search or metadata only,
Classic fan,fan:lldb-102,TimpackD.dat#1,Strawberries And Cream,103.25,low,,no verified win,bounded search or metadata only,
Classic fan,fan:lldb-102,TimpackD.dat#2,Why Are You So Cruel To Me?,62.25,low,,no verified win,bounded search or metadata only,
Classic fan,fan:lldb-102,TimpackD.dat#3,The Shaft,105.85,low,,no verified win,bounded search or metadata only,
Classic fan,fan:lldb-102,TimpackD.dat#4,Going Up!,62.75,low,,no verified win,bounded search or metadata only,
Classic fan,fan:lldb-102,TimpackD.dat#5,Mr Plow,71.88,low,,no verified win,bounded search or metadata only,
Classic fan,fan:lldb-102,TimpackD.dat#6,In And Out,503.74,medium,c4abe7ef872e09a910a6c414cc12e0db56e4de805cc7d19674cb8d82a933f8ef,verified win,replay verified,
Classic fan,fan:lldb-102,TimpackD.dat#7,Below Freezing Point,103.25,low,,no verified win,bounded search or metadata only,
Classic fan,fan:lldb-102,TimpackD.dat#8,One Day In Paradise,106.5,low,,no verified win,bounded search or metadata only,
Classic fan,fan:lldb-102,TimpackD.dat#9,Another Day In Paradise,61.56,low,,no verified win,bounded search or metadata only,
Classic fan,fan:lldb-103,TimpackE.dat#0,Sacrificial Lambs,94.31,low,,no verified win,bounded search or metadata only,
Classic fan,fan:lldb-103,TimpackE.dat#1,The Mall,104.33,low,,no verified win,bounded search or metadata only,
Classic fan,fan:lldb-103,TimpackE.dat#2,Pole Crazy,80.2,low,,no verified win,bounded search or metadata only,
Classic fan,fan:lldb-103,TimpackE.dat#3,Just Float,146.51,medium,f9c6dd6e9717bd60ad73459b649408e1a5fe6fd77b715c8c92415e6f63e7d49d,verified win,replay verified,
Classic fan,fan:lldb-103,TimpackE.dat#4,Tower Of Lemmings,100,low,,no verified win,bounded search or metadata only,
Classic fan,fan:lldb-103,TimpackE.dat#5,Under The Bridge,99.65,low,,no verified win,bounded search or metadata only,
Classic fan,fan:lldb-103,TimpackE.dat#6,The Mexican Wave,74.44,low,,no verified win,bounded search or metadata only,
Classic fan,fan:lldb-103,TimpackE.dat#7,Lemming City,116,low,,no verified win,bounded search or metadata only,
Classic fan,fan:lldb-103,TimpackE.dat#8,Smile Time,93.19,low,,no verified win,bounded search or metadata only,
Classic fan,fan:lldb-103,TimpackE.dat#9,Serious Lems,73.95,low,,no verified win,bounded search or metadata only,
Classic fan,fan:lldb-104,TimpackF.dat#0,Cliffhanger,88.42,low,,no verified win,bounded search or metadata only,
Classic fan,fan:lldb-104,TimpackF.dat#1,Baby Steps,86.94,low,,no verified win,bounded search or metadata only,
Classic fan,fan:lldb-104,TimpackF.dat#2,Kurast Bazaar,99.97,low,,no verified win,bounded search or metadata only,
Classic fan,fan:lldb-104,TimpackF.dat#3,Life On The Highwire,40.41,low,,no verified win,bounded search or metadata only,
Classic fan,fan:lldb-105,epic02.dat#0,An Icy World,84.65,low,,no verified win,bounded search or metadata only,
Classic fan,fan:lldb-105,epic02.dat#1,Oh No!  Just a Minute!,77,low,,no verified win,bounded search or metadata only,
Classic fan,fan:lldb-105,epic02.dat#2,The Plunge,89.5,low,,no verified win,bounded search or metadata only,
Classic fan,fan:lldb-105,epic02.dat#3,Storming the Castle,86.05,low,,no verified win,bounded search or metadata only,
Classic fan,fan:lldb-105,epic02.dat#4,Suicidal Lemming x2,95.5,low,,no verified win,bounded search or metadata only,
Classic fan,fan:lldb-105,epic02.dat#5,O_o,90.9,low,,no verified win,bounded search or metadata only,
Classic fan,fan:lldb-105,epic02.dat#6,How do you get up there?,81.5,low,,no verified win,bounded search or metadata only,
Classic fan,fan:lldb-105,epic02.dat#7,Something isn't right here...,23.78,high,179ae978a05eb19fed6be8e5aae18f8542cf3b3e7354e54d508d7aeaae489f1e,verified win,replay verified,
Classic fan,fan:lldb-105,epic02.dat#8,The Waffle Express,73.5,low,,no verified win,bounded search or metadata only,
Classic fan,fan:lldb-105,epic02.dat#9,To The Death!,76.23,low,,no verified win,bounded search or metadata only,
Classic fan,fan:lldb-106,ClamSpam05.dat#0,A step too far?,89.25,low,,no verified win,bounded search or metadata only,
Classic fan,fan:lldb-106,ClamSpam05.dat#1,MORE WEE CREATURES!,79.75,low,,no verified win,bounded search or metadata only,
Classic fan,fan:lldb-106,ClamSpam05.dat#2,Play Bridge,84.4,low,,no verified win,bounded search or metadata only,
Classic fan,fan:lldb-106,ClamSpam05.dat#3,Works on so many levels...,85.44,low,,no verified win,bounded search or metadata only,
Classic fan,fan:lldb-106,ClamSpam05.dat#4,The endless steps,75.12,low,,no verified win,bounded search or metadata only,
Classic fan,fan:lldb-106,ClamSpam05.dat#5,Lem Squared,109.81,low,,no verified win,bounded search or metadata only,
Classic fan,fan:lldb-106,ClamSpam05.dat#6,Altitude Training,92.28,low,,no verified win,bounded search or metadata only,
Classic fan,fan:lldb-106,ClamSpam05.dat#7,Fill the floor,89.5,low,,no verified win,bounded search or metadata only,
Classic fan,fan:lldb-106,ClamSpam05.dat#8,Circus lemmings in training,94.12,low,,no verified win,bounded search or metadata only,
Classic fan,fan:lldb-106,ClamSpam05.dat#9,Guns Blazing,96.25,low,,no verified win,bounded search or metadata only,
Classic fan,fan:lldb-107,Yawg03.dat#0,Through the Fire and Flames,109.1,low,,no verified win,bounded search or metadata only,
Classic fan,fan:lldb-107,Yawg03.dat#1,Irreversal,61.78,low,,no verified win,bounded search or metadata only,
Classic fan,fan:lldb-107,Yawg03.dat#2,"Wow, Really?",67.22,low,,no verified win,bounded search or metadata only,
Classic fan,fan:lldb-107,Yawg03.dat#3,Crossing The Frame,81.5,low,,no verified win,bounded search or metadata only,
Classic fan,fan:lldb-107,Yawg03.dat#4,Salvation or Damnation?,93.7,low,,no verified win,bounded search or metadata only,
Classic fan,fan:lldb-107,Yawg03.dat#5,The Secret Stair,89.07,low,,no verified win,bounded search or metadata only,
Classic fan,fan:lldb-107,Yawg03.dat#6,The Theft,110.83,low,,no verified win,bounded search or metadata only,
Classic fan,fan:lldb-107,Yawg03.dat#7,Everything Counts,95.75,low,,no verified win,bounded search or metadata only,
Classic fan,fan:lldb-107,Yawg03.dat#8,When In Rome...,100.7,low,,no verified win,bounded search or metadata only,
Classic fan,fan:lldb-107,Yawg03.dat#9,Hedonist,93.35,low,,no verified win,bounded search or metadata only,
Classic fan,fan:lldb-108,geooPkG.dat#0,(Un)pleasant side effect,75.8,low,,no verified win,bounded search or metadata only,
Classic fan,fan:lldb-108,geooPkG.dat#1,One Step Ahead,98.3,low,,no verified win,bounded search or metadata only,
Classic fan,fan:lldb-108,geooPkG.dat#2,Reverse effect,87.88,low,,no verified win,bounded search or metadata only,
Classic fan,fan:lldb-108,geooPkG.dat#3,Steel in Motion,68.5,low,,no verified win,bounded search or metadata only,
Classic fan,fan:lldb-108,geooPkG.dat#4,Cascade,75.41,low,,no verified win,bounded search or metadata only,
Classic fan,fan:lldb-108,geooPkG.dat#5,Feet on Fire,87.72,low,,no verified win,bounded search or metadata only,
Classic fan,fan:lldb-109,Yawg04.dat#0,Biosphere,93.05,low,,no verified win,bounded search or metadata only,
Classic fan,fan:lldb-109,Yawg04.dat#1,Ordinary Story,104.8,low,,no verified win,bounded search or metadata only,
Classic fan,fan:lldb-109,Yawg04.dat#2,Bubbleicious,89.5,low,,no verified win,bounded search or metadata only,
Classic fan,fan:lldb-109,Yawg04.dat#3,Biosphere II,99.3,low,,no verified win,bounded search or metadata only,
Classic fan,fan:lldb-109,Yawg04.dat#4,The Great Divide,94,low,,no verified win,bounded search or metadata only,
Classic fan,fan:lldb-109,Yawg04.dat#5,Supermassive,87.75,low,,no verified win,bounded search or metadata only,
Classic fan,fan:lldb-109,Yawg04.dat#6,Man Made God,103.4,low,,no verified win,bounded search or metadata only,
Classic fan,fan:lldb-109,Yawg04.dat#7,Theory Of A Dead Lem,90.35,low,,no verified win,bounded search or metadata only,
Classic fan,fan:lldb-109,Yawg04.dat#8,Free Fall,75.62,low,,no verified win,bounded search or metadata only,
Classic fan,fan:lldb-109,Yawg04.dat#9,Romeo and Juliet,106.2,low,,no verified win,bounded search or metadata only,
Classic fan,fan:lldb-11,Mikepak06.dat#0,A little bit of clambering,78.4,low,,no verified win,bounded search or metadata only,
Classic fan,fan:lldb-11,Mikepak06.dat#1,Search and found !,112.2,low,,no verified win,bounded search or metadata only,
Classic fan,fan:lldb-11,Mikepak06.dat#2,1 and 2 !,101.05,low,,no verified win,bounded search or metadata only,
Classic fan,fan:lldb-11,Mikepak06.dat#3,Double clambering !,106.38,low,,no verified win,bounded search or metadata only,
Classic fan,fan:lldb-11,Mikepak06.dat#4,Diamonds land !,111.84,low,,no verified win,bounded search or metadata only,
Classic fan,fan:lldb-11,Mikepak06.dat#5,Introduction in the building !,116.67,low,,no verified win,bounded search or metadata only,
Classic fan,fan:lldb-11,Mikepak06.dat#6,Lemmings on the boat 2,114.09,low,,no verified win,bounded search or metadata only,
Classic fan,fan:lldb-11,Mikepak06.dat#7,The diving!,95.34,low,,no verified win,bounded search or metadata only,
Classic fan,fan:lldb-11,Mikepak06.dat#8,Caution to the Nessy !,113.87,low,,no verified win,bounded search or metadata only,
Classic fan,fan:lldb-11,Mikepak06.dat#9,THANKS FOR PLAYING MY LEVELS !,89.94,low,,no verified win,bounded search or metadata only,
Classic fan,fan:lldb-110,Yawg05.dat#0,Vacuum,96.0,low,,no verified win,bounded search or metadata only,
Classic fan,fan:lldb-110,Yawg05.dat#1,Compression Method X,80,low,,no verified win,bounded search or metadata only,
Classic fan,fan:lldb-110,Yawg05.dat#2,Icy Tombs,94.85,low,,no verified win,bounded search or metadata only,
Classic fan,fan:lldb-110,Yawg05.dat#3,More Time to Kill,90.9,low,,no verified win,bounded search or metadata only,
Classic fan,fan:lldb-110,Yawg05.dat#4,Confined,77.71,low,,no verified win,bounded search or metadata only,
Classic fan,fan:lldb-110,Yawg05.dat#5,Bat Country,99.4,low,,no verified win,bounded search or metadata only,
Classic fan,fan:lldb-110,Yawg05.dat#6,Tribute to Billy Mays,98.55,low,,no verified win,bounded search or metadata only,
Classic fan,fan:lldb-110,Yawg05.dat#7,Stranger Than Fiction,103.05,low,,no verified win,bounded search or metadata only,
Classic fan,fan:lldb-110,Yawg05.dat#8,"Patience, Young Grasshopper",86.93,low,,no verified win,bounded search or metadata only,
Classic fan,fan:lldb-110,Yawg05.dat#9,THE FEARSOME FOURSOME,76.89,low,,no verified win,bounded search or metadata only,
Classic fan,fan:lldb-111,Fernito pack 1.dat#0,Ain't gonna be an easy start,83.25,low,,no verified win,bounded search or metadata only,
Classic fan,fan:lldb-111,Fernito pack 1.dat#1,Need aggressive weight loss?,73.89,low,,no verified win,bounded search or metadata only,
Classic fan,fan:lldb-111,Fernito pack 1.dat#2,Exploiting bugs is funny,89.5,low,,no verified win,bounded search or metadata only,
Classic fan,fan:lldb-111,Fernito pack 1.dat#3,Crystal cave,96.11,low,,no verified win,bounded search or metadata only,
Classic fan,fan:lldb-111,Fernito pack 1.dat#4,Greek picnic,94.94,low,,no verified win,bounded search or metadata only,
Classic fan,fan:lldb-111,Fernito pack 1.dat#5,Clonic Inferno,92.89,low,,no verified win,bounded search or metadata only,
Classic fan,fan:lldb-111,Fernito pack 1.dat#6,Lemmings cemetery,94.98,low,,no verified win,bounded search or metadata only,
Classic fan,fan:lldb-111,Fernito pack 1.dat#7,Dilemma,115.9,low,,no verified win,bounded search or metadata only,
Classic fan,fan:lldb-111,Fernito pack 1.dat#8,Bilateral Lemmings,95.75,low,,no verified win,bounded search or metadata only,
Classic fan,fan:lldb-111,Fernito pack 1.dat#9,Multitasking Lemmings,114.82,low,,no verified win,bounded search or metadata only,
Classic fan,fan:lldb-112,Epic Fernito 1.dat#0,Greek picnic,94.94,low,,no verified win,bounded search or metadata only,
Classic fan,fan:lldb-112,Epic Fernito 1.dat#1,Clonic Inferno,92.89,low,,no verified win,bounded search or metadata only,
Classic fan,fan:lldb-112,Epic Fernito 1.dat#2,Lemmings cemetery,94.98,low,,no verified win,bounded search or metadata only,
Classic fan,fan:lldb-112,Epic Fernito 1.dat#3,Dilemma,115.9,low,,no verified win,bounded search or metadata only,
Classic fan,fan:lldb-112,Epic Fernito 1.dat#4,Bilateral Lemmings,95.75,low,,no verified win,bounded search or metadata only,
Classic fan,fan:lldb-112,Epic Fernito 1.dat#5,Multitasking Lemmings,114.82,low,,no verified win,bounded search or metadata only,
Classic fan,fan:lldb-112,Epic Fernito 1.dat#6,Wish it was 13...,118.7,low,,no verified win,bounded search or metadata only,
Classic fan,fan:lldb-113,Mayhem 01.dat#0,Climing to victory (part 2),97.15,low,,no verified win,bounded search or metadata only,
Classic fan,fan:lldb-113,Mayhem 01.dat#1,The trojan war Box weapon,111.25,low,,no verified win,bounded search or metadata only,
Classic fan,fan:lldb-113,Mayhem 01.dat#2,Just-a-Minute (Part 4),97.15,low,,no verified win,bounded search or metadata only,
Classic fan,fan:lldb-113,Mayhem 01.dat#3,Boot camp,114.5,low,,no verified win,bounded search or metadata only,
Classic fan,fan:lldb-113,Mayhem 01.dat#4,The L.E.M.,103.25,low,,no verified win,bounded search or metadata only,
Classic fan,fan:lldb-113,Mayhem 01.dat#5,Your lemesis hides here,113.53,low,,no verified win,bounded search or metadata only,
Classic fan,fan:lldb-113,Mayhem 01.dat#6,The sky is Falling?..,93.49,low,,no verified win,bounded search or metadata only,
Classic fan,fan:lldb-113,Mayhem 01.dat#7,Stock cars a go-go,107.05,low,,no verified win,bounded search or metadata only,
Classic fan,fan:lldb-113,Mayhem 01.dat#8,The broiling,90.65,low,,no verified win,bounded search or metadata only,
Classic fan,fan:lldb-113,Mayhem 01.dat#9,Train keep a lemming,117.08,low,,no verified win,bounded search or metadata only,
Classic fan,fan:lldb-12,Mikepak07.dat#0,PRACTICE: DIGGER,45.89,medium,e766ea8f9c355e87b1d0c01a163374fd2c394d8a35661ebb591bdb701c53ba51,verified win,replay verified,
Classic fan,fan:lldb-12,Mikepak07.dat#1,PRACTICE: MINER,33.5,low,,no verified win,bounded search or metadata only,
Classic fan,fan:lldb-12,Mikepak07.dat#2,PRACTICE: BASHER,41.5,low,,no verified win,bounded search or metadata only,
Classic fan,fan:lldb-12,Mikepak07.dat#3,PRACTICE: BUILDER,25.5,low,,no verified win,bounded search or metadata only,
Classic fan,fan:lldb-12,Mikepak07.dat#4,PRACTICE: BLOCKER,44.3,low,,no verified win,bounded search or metadata only,
Classic fan,fan:lldb-12,Mikepak07.dat#5,PRACTICE: EXPLODER,41.5,low,,no verified win,bounded search or metadata only,
Classic fan,fan:lldb-12,Mikepak07.dat#6,PRACTICE: FLOATER,121.89,medium,757019bbba0109e21e006bb40a174278b933f42cdd5ebde0577e52a1267703ea,verified win,replay verified,
Classic fan,fan:lldb-12,Mikepak07.dat#7,PRACTICE: CLIMBER,41.5,low,,no verified win,bounded search or metadata only,
Classic fan,fan:lldb-12,Mikepak07.dat#8,PRACTICE: DIRECTIONNAL ARROWS,106.38,low,,no verified win,bounded search or metadata only,
Classic fan,fan:lldb-12,Mikepak07.dat#9,PRACTICE: STEEL,98.38,low,,no verified win,bounded search or metadata only,
Classic fan,fan:lldb-126,joe01.dat#0,A fun start,85.75,low,,no verified win,bounded search or metadata only,
Classic fan,fan:lldb-126,joe01.dat#1,The Crusher,49.0,high,2bcf3025bafcdd2ca16254607bf082449fc43bf012638100a673c0e306a7c0eb,verified win,replay verified,
Classic fan,fan:lldb-126,joe01.dat#2,An unhealthy option,64.81,low,,no verified win,bounded search or metadata only,
Classic fan,fan:lldb-126,joe01.dat#3,Another twist of lemming please,87.75,low,,no verified win,bounded search or metadata only,
Classic fan,fan:lldb-126,joe01.dat#4,Unearthed,73.5,low,,no verified win,bounded search or metadata only,
Classic fan,fan:lldb-126,joe01.dat#5,A home up high,84.4,low,,no verified win,bounded search or metadata only,
Classic fan,fan:lldb-126,joe01.dat#6,Lemmings with no fear,49.75,low,,no verified win,bounded search or metadata only,
Classic fan,fan:lldb-126,joe01.dat#7,The return to Rainbow Island,89.5,low,,no verified win,bounded search or metadata only,
Classic fan,fan:lldb-126,joe01.dat#8,Be precise!,88.2,low,,no verified win,bounded search or metadata only,
Classic fan,fan:lldb-126,joe01.dat#9,A minute to spare,60.75,low,,no verified win,bounded search or metadata only,
Classic fan,fan:lldb-127,joe02.dat#0,A sharp fix up,87.4,low,,no verified win,bounded search or metadata only,
Classic fan,fan:lldb-127,joe02.dat#1,Squeeze me!,76.05,low,,no verified win,bounded search or metadata only,
Classic fan,fan:lldb-127,joe02.dat#2,Base of cliff,69.78,low,,no verified win,bounded search or metadata only,
Classic fan,fan:lldb-127,joe02.dat#3,The Dark Side of Lemmingland,116.89,low,,no verified win,bounded search or metadata only,
Classic fan,fan:lldb-127,joe02.dat#4,Wire combining,62.62,low,,no verified win,bounded search or metadata only,
Classic fan,fan:lldb-127,joe02.dat#5,Us and them,70.75,low,,no verified win,bounded search or metadata only,
Classic fan,fan:lldb-127,joe02.dat#6,A modern day,79.33,low,,no verified win,bounded search or metadata only,
Classic fan,fan:lldb-127,joe02.dat#7,Mr Lemmy lives next door,95.75,low,,no verified win,bounded search or metadata only,
Classic fan,fan:lldb-127,joe02.dat#8,Red brick fuss,83.29,low,,no verified win,bounded search or metadata only,
Classic fan,fan:lldb-127,joe02.dat#9,A lust for floaters,76.5,low,,no verified win,bounded search or metadata only,
Classic fan,fan:lldb-128,joe03.dat#0,Bring me Mr Lemming,86,low,,no verified win,bounded search or metadata only,
Classic fan,fan:lldb-128,joe03.dat#1,To get through a ceiling...,81.25,low,,no verified win,bounded search or metadata only,
Classic fan,fan:lldb-128,joe03.dat#2,Long way to success,80.59,low,,no verified win,bounded search or metadata only,
Classic fan,fan:lldb-128,joe03.dat#3,The Whispering Forest,101.78,low,,no verified win,bounded search or metadata only,
Classic fan,fan:lldb-128,joe03.dat#4,Lems of Leon,70.75,low,,no verified win,bounded search or metadata only,
Classic fan,fan:lldb-128,joe03.dat#5,Optimism is your answer,71.06,low,,no verified win,bounded search or metadata only,
Classic fan,fan:lldb-128,joe03.dat#6,No looking down,62.75,low,,no verified win,bounded search or metadata only,
Classic fan,fan:lldb-128,joe03.dat#7,Irritable Lemming Syndrome,76.46,low,,no verified win,bounded search or metadata only,
Classic fan,fan:lldb-128,joe03.dat#8,Dead in a few seconds,64,low,,no verified win,bounded search or metadata only,
Classic fan,fan:lldb-128,joe03.dat#9,Plunge like a pear,73.96,low,,no verified win,bounded search or metadata only,
Classic fan,fan:lldb-129,epic03.dat#0,Dangerous Fire Pit,93.45,low,,no verified win,bounded search or metadata only,
Classic fan,fan:lldb-129,epic03.dat#1,In-Cave Steps,93.9,low,,no verified win,bounded search or metadata only,
Classic fan,fan:lldb-129,epic03.dat#2,Lemming Slaying Machine,95.3,low,,no verified win,bounded search or metadata only,
Classic fan,fan:lldb-129,epic03.dat#3,One-Way Rock,106.4,low,,no verified win,bounded search or metadata only,
Classic fan,fan:lldb-129,epic03.dat#4,"Save the top, free the bottom",101.75,low,,no verified win,bounded search or metadata only,
Classic fan,fan:lldb-129,epic03.dat#5,Steel Block Maze,85.72,low,,no verified win,bounded search or metadata only,
Classic fan,fan:lldb-13,Mikepak08.dat#0,Do you know how to aim ?,91.97,low,,no verified win,bounded search or metadata only,
Classic fan,fan:lldb-13,Mikepak08.dat#1,PIPES-MANIA !,79.5,low,,no verified win,bounded search or metadata only,
Classic fan,fan:lldb-13,Mikepak08.dat#2,It's not a PRACTICE this time !,94.94,low,,no verified win,bounded search or metadata only,
Classic fan,fan:lldb-13,Mikepak08.dat#3,Lem-monkeys!,75.25,low,,no verified win,bounded search or metadata only,
Classic fan,fan:lldb-13,Mikepak08.dat#4,Welcome to Night-City!,115.45,low,,no verified win,bounded search or metadata only,
Classic fan,fan:lldb-13,Mikepak08.dat#5,The hero !,79.62,low,,no verified win,bounded search or metadata only,
Classic fan,fan:lldb-13,Mikepak08.dat#6,The puzzle !,89.5,low,,no verified win,bounded search or metadata only,
Classic fan,fan:lldb-13,Mikepak08.dat#7,Do not break your face #1,73.55,low,,no verified win,bounded search or metadata only,
Classic fan,fan:lldb-13,Mikepak08.dat#8,Do not break your face #2,81.09,low,,no verified win,bounded search or metadata only,
Classic fan,fan:lldb-13,Mikepak08.dat#9,More easy now !,83.25,low,,no verified win,bounded search or metadata only,
Classic fan,fan:lldb-130,Crystal Remakes.dat#0,As long as you try your best.,77.49,medium,f0c1d4b8e7031d304e60bbedd36ea7a39133056b85341e6b14d3d314a0086994,verified win,replay verified,
Classic fan,fan:lldb-130,Crystal Remakes.dat#1,I have a cunning plan.,111.05,low,,no verified win,bounded search or metadata only,
Classic fan,fan:lldb-130,Crystal Remakes.dat#10,We all fall down.,161.56,medium,db92e282e99904033e3bff9869cef90c49faf26757d7c6e0808e438a75bf13ea,verified win,replay verified,
Classic fan,fan:lldb-130,Crystal Remakes.dat#11,We all fall down.,159.74,medium,f4d16ba51130fa888f26b96aea815eeb04896b3132d1b0036af2a0e9fe625407,verified win,replay verified,
Classic fan,fan:lldb-130,Crystal Remakes.dat#12,We all fall down.,165.07,medium,ed0ff8139361a63d6a9ebf06dcc3c53d3ed0f49b09742ae9f214ef9a5d73fa82,verified win,replay verified,
Classic fan,fan:lldb-130,Crystal Remakes.dat#2,King of the castle.,69.12,low,,no verified win,bounded search or metadata only,
Classic fan,fan:lldb-130,Crystal Remakes.dat#3,Lemming sanctuary in sight.,64,low,,no verified win,bounded search or metadata only,
Classic fan,fan:lldb-130,Crystal Remakes.dat#4,No added colours or Lemmings,95.75,low,,no verified win,bounded search or metadata only,
Classic fan,fan:lldb-130,Crystal Remakes.dat#5,Now use miners and climbers,196.95,medium,b9635020cb7df390e22aead5544b8d63a2b6560c96be346344186495d46322ae,verified win,replay verified,
Classic fan,fan:lldb-130,Crystal Remakes.dat#6,Tailor made for blockers.,41.5,low,,no verified win,bounded search or metadata only,
Classic fan,fan:lldb-130,Crystal Remakes.dat#7,Tightrope City,104.47,low,,no verified win,bounded search or metadata only,
Classic fan,fan:lldb-130,Crystal Remakes.dat#8,Triple Trouble,114.18,low,,no verified win,bounded search or metadata only,
Classic fan,fan:lldb-130,Crystal Remakes.dat#9,We all fall down.,172.27,medium,782d19d549003f5a3125abd451f7dc3d87b98d60cb2358e5a2a13a63bb7f5198,verified win,replay verified,
Classic fan,fan:lldb-131,joe04.dat#0,Divided Loyalties,76.92,low,,no verified win,bounded search or metadata only,
Classic fan,fan:lldb-131,joe04.dat#1,A beautiful view,92.82,low,,no verified win,bounded search or metadata only,
Classic fan,fan:lldb-131,joe04.dat#2,Mission Lempossible,106.15,low,,no verified win,bounded search or metadata only,
Classic fan,fan:lldb-131,joe04.dat#3,Artwork gone wrong,97.53,low,,no verified win,bounded search or metadata only,
Classic fan,fan:lldb-131,joe04.dat#4,Mission Lempossible II,104.45,low,,no verified win,bounded search or metadata only,
Classic fan,fan:lldb-131,joe04.dat#5,Boom Boom Pow,59.25,low,,no verified win,bounded search or metadata only,
Classic fan,fan:lldb-131,joe04.dat#6,Time to get wet,95.91,low,,no verified win,bounded search or metadata only,
Classic fan,fan:lldb-131,joe04.dat#7,Amnesia,106.5,low,,no verified win,bounded search or metadata only,
Classic fan,fan:lldb-131,joe04.dat#8,Eater of Luck,80.75,low,,no verified win,bounded search or metadata only,
Classic fan,fan:lldb-131,joe04.dat#9,The blue frame of illusion,70.94,low,,no verified win,bounded search or metadata only,
Classic fan,fan:lldb-132,dstar01.dat#0,Quick Review,98.38,low,,no verified win,bounded search or metadata only,
Classic fan,fan:lldb-132,dstar01.dat#1,You can't get through the steel!,101.62,low,,no verified win,bounded search or metadata only,
Classic fan,fan:lldb-132,dstar01.dat#2,Pillars in Space!,89.81,low,,no verified win,bounded search or metadata only,
Classic fan,fan:lldb-132,dstar01.dat#3,Death and Dying all Around,100.11,low,,no verified win,bounded search or metadata only,
Classic fan,fan:lldb-132,dstar01.dat#4,Dodge the icy hand of death!,115.9,low,,no verified win,bounded search or metadata only,
Classic fan,fan:lldb-132,dstar01.dat#5,Shallow Tunnel Construction,91.69,low,,no verified win,bounded search or metadata only,
Classic fan,fan:lldb-132,dstar01.dat#6,There are many ways to go.,104.47,low,,no verified win,bounded search or metadata only,
Classic fan,fan:lldb-132,dstar01.dat#7,Overlooking Something?,75.25,low,,no verified win,bounded search or metadata only,
Classic fan,fan:lldb-132,dstar01.dat#8,Don't let 'em fall.,113.85,low,,no verified win,bounded search or metadata only,
Classic fan,fan:lldb-132,dstar01.dat#9,Pi's Net,102.35,low,,no verified win,bounded search or metadata only,
Classic fan,fan:lldb-133,weirdy01 (version 2).dat#0,Easy Does It,72.15,low,,no verified win,bounded search or metadata only,
Classic fan,fan:lldb-133,weirdy01 (version 2).dat#1,Penny Lane,70.75,low,,no verified win,bounded search or metadata only,
Classic fan,fan:lldb-133,weirdy01 (version 2).dat#2,Masterplan,63.8,low,,no verified win,bounded search or metadata only,
Classic fan,fan:lldb-133,weirdy01 (version 2).dat#3,A Giant Leap?,72.15,low,,no verified win,bounded search or metadata only,
Classic fan,fan:lldb-133,weirdy01 (version 2).dat#4,Make It Stop,73.55,low,,no verified win,bounded search or metadata only,
Classic fan,fan:lldb-133,weirdy01 (version 2).dat#5,Just the Trick,62.4,low,,no verified win,bounded search or metadata only,
Classic fan,fan:lldb-133,weirdy01 (version 2).dat#6,Pure Genius,62.75,low,,no verified win,bounded search or metadata only,
Classic fan,fan:lldb-133,weirdy01 (version 2).dat#7,Death Valley,70.75,low,,no verified win,bounded search or metadata only,
Classic fan,fan:lldb-133,weirdy01 (version 2).dat#8,Take a Bow,49,low,,no verified win,bounded search or metadata only,
Classic fan,fan:lldb-133,weirdy01 (version 2).dat#9,Innit 2 Winnit!,114.05,low,,no verified win,bounded search or metadata only,
Classic fan,fan:lldb-134,weirdy02 (version 2).dat#0,"We Meet Again, Mister Lemming",114.5,low,,no verified win,bounded search or metadata only,
Classic fan,fan:lldb-134,weirdy02 (version 2).dat#1,Out on a Lem,83.25,low,,no verified win,bounded search or metadata only,
Classic fan,fan:lldb-134,weirdy02 (version 2).dat#2,Lemesis,69,low,,no verified win,bounded search or metadata only,
Classic fan,fan:lldb-134,weirdy02 (version 2).dat#3,The Path of Least Resistance,83.25,low,,no verified win,bounded search or metadata only,
Classic fan,fan:lldb-134,weirdy02 (version 2).dat#4,It'll Never Work,77,low,,no verified win,bounded search or metadata only,
Classic fan,fan:lldb-134,weirdy02 (version 2).dat#5,Think Again,89.5,low,,no verified win,bounded search or metadata only,
Classic fan,fan:lldb-134,weirdy02 (version 2).dat#6,Green-Haired Freaks,78.4,low,,no verified win,bounded search or metadata only,
Classic fan,fan:lldb-134,weirdy02 (version 2).dat#7,Wunderlems!,102.18,low,,no verified win,bounded search or metadata only,
Classic fan,fan:lldb-134,weirdy02 (version 2).dat#8,All Lemmed Out,99.95,low,,no verified win,bounded search or metadata only,
Classic fan,fan:lldb-134,weirdy02 (version 2).dat#9,Theory vs Practise,90.9,low,,no verified win,bounded search or metadata only,
Classic fan,fan:lldb-135,weirdy03 (version 2).dat#0,Through the Oven Door,90.9,low,,no verified win,bounded search or metadata only,
Classic fan,fan:lldb-135,weirdy03 (version 2).dat#1,"Alas, Poor Lemming",97.15,low,,no verified win,bounded search or metadata only,
Classic fan,fan:lldb-135,weirdy03 (version 2).dat#2,Death or Glory! (part 1),97.15,low,,no verified win,bounded search or metadata only,
Classic fan,fan:lldb-135,weirdy03 (version 2).dat#3,Riddle Me This ...,88.28,low,,no verified win,bounded search or metadata only,
Classic fan,fan:lldb-135,weirdy03 (version 2).dat#4,Like Lemtris... Only Not,83.25,low,,no verified win,bounded search or metadata only,
Classic fan,fan:lldb-135,weirdy03 (version 2).dat#5,Mustgofastermustgofaster!,101.46,low,,no verified win,bounded search or metadata only,
Classic fan,fan:lldb-135,weirdy03 (version 2).dat#6,Thou Shalt Not,79.8,low,,no verified win,bounded search or metadata only,
Classic fan,fan:lldb-135,weirdy03 (version 2).dat#7,Take It Like a Lemming (part 1),84.65,low,,no verified win,bounded search or metadata only,
Classic fan,fan:lldb-135,weirdy03 (version 2).dat#8,The Yuletide Level,104.15,low,,no verified win,bounded search or metadata only,
Classic fan,fan:lldb-135,weirdy03 (version 2).dat#9,Le Ming,95.85,low,,no verified win,bounded search or metadata only,
Classic fan,fan:lldb-136,weirdy04 (version 2).dat#0,Lemmingus Horribilis,115.58,low,,no verified win,bounded search or metadata only,
Classic fan,fan:lldb-136,weirdy04 (version 2).dat#1,Death or Glory! (part 2),97.15,low,,no verified win,bounded search or metadata only,
Classic fan,fan:lldb-136,weirdy04 (version 2).dat#2,Take It Like a Lemming (part 2),90.9,low,,no verified win,bounded search or metadata only,
Classic fan,fan:lldb-136,weirdy04 (version 2).dat#3,Lemming Gravy,87.75,low,,no verified win,bounded search or metadata only,
Classic fan,fan:lldb-136,weirdy04 (version 2).dat#4,Nostalgia for a Misspent Youth,83.25,low,,no verified win,bounded search or metadata only,
Classic fan,fan:lldb-136,weirdy04 (version 2).dat#5,Cockney Lem,89.6,low,,no verified win,bounded search or metadata only,
Classic fan,fan:lldb-136,weirdy04 (version 2).dat#6,Lemmington Spa,84.65,low,,no verified win,bounded search or metadata only,
Classic fan,fan:lldb-136,weirdy04 (version 2).dat#7,Fiddlecode,97.15,low,,no verified win,bounded search or metadata only,
Classic fan,fan:lldb-136,weirdy04 (version 2).dat#8,Cogito Ergo Lem,104.03,low,,no verified win,bounded search or metadata only,
Classic fan,fan:lldb-136,weirdy04 (version 2).dat#9,Evacuation Procedure,83.25,low,,no verified win,bounded search or metadata only,
Classic fan,fan:lldb-137,weirdy05 (version 2).dat#0,It's Not Big and It's Not Clever,93.97,low,,no verified win,bounded search or metadata only,
Classic fan,fan:lldb-137,weirdy05 (version 2).dat#1,Intolerable Cruelty,92.3,low,,no verified win,bounded search or metadata only,
Classic fan,fan:lldb-137,weirdy05 (version 2).dat#2,The Temple of Ka-Lem-Ma,108.03,low,,no verified win,bounded search or metadata only,
Classic fan,fan:lldb-137,weirdy05 (version 2).dat#3,Bang! And the Lem is Gone,89.28,low,,no verified win,bounded search or metadata only,
Classic fan,fan:lldb-137,weirdy05 (version 2).dat#4,No Business Like Snow Business,83.78,low,,no verified win,bounded search or metadata only,
Classic fan,fan:lldb-137,weirdy05 (version 2).dat#5,The Knights of Ni,104.36,low,,no verified win,bounded search or metadata only,
Classic fan,fan:lldb-137,weirdy05 (version 2).dat#6,Bless the Lem,81.2,low,,no verified win,bounded search or metadata only,
Classic fan,fan:lldb-137,weirdy05 (version 2).dat#7,Electric Avenue,116,low,,no verified win,bounded search or metadata only,
Classic fan,fan:lldb-137,weirdy05 (version 2).dat#8,Lomax and Jimmy,90.9,low,,no verified win,bounded search or metadata only,
Classic fan,fan:lldb-137,weirdy05 (version 2).dat#9,BRICKIN' IT,99.95,low,,no verified win,bounded search or metadata only,
Classic fan,fan:lldb-138,ISteve10.dat#0,I am I.S. (Part 2),87.88,low,,no verified win,bounded search or metadata only,
Classic fan,fan:lldb-138,ISteve10.dat#1,Boss on Parade,94,low,,no verified win,bounded search or metadata only,
Classic fan,fan:lldb-138,ISteve10.dat#2,Sacrifice for the Dragon,111.25,low,,no verified win,bounded search or metadata only,
Classic fan,fan:lldb-138,ISteve10.dat#3,The duct rise lemmings.,93.8,low,,no verified win,bounded search or metadata only,
Classic fan,fan:lldb-138,ISteve10.dat#4,The Decent Descent,118.2,low,,no verified win,bounded search or metadata only,
Classic fan,fan:lldb-138,ISteve10.dat#5,Empty Space is Hardly a Waste,104.8,low,,no verified win,bounded search or metadata only,
Classic fan,fan:lldb-138,ISteve10.dat#6,This is a gate level,102.42,low,,no verified win,bounded search or metadata only,
Classic fan,fan:lldb-138,ISteve10.dat#7,Hey that's not cool guys,112.45,low,,no verified win,bounded search or metadata only,
Classic fan,fan:lldb-138,ISteve10.dat#8,Jumping the Shark,103.4,low,,no verified win,bounded search or metadata only,
Classic fan,fan:lldb-138,ISteve10.dat#9,98... 99...,98.95,low,,no verified win,bounded search or metadata only,
Classic fan,fan:lldb-139,Epic giga01.dat#0,Cascading exit,105.53,low,,no verified win,bounded search or metadata only,
Classic fan,fan:lldb-139,Epic giga01.dat#1,Bad luck,113.85,low,,no verified win,bounded search or metadata only,
Classic fan,fan:lldb-139,Epic giga01.dat#2,Nothing to lose,108,low,,no verified win,bounded search or metadata only,
Classic fan,fan:lldb-139,Epic giga01.dat#3,squirrels in my pants,113.28,low,,no verified win,bounded search or metadata only,
Classic fan,fan:lldb-139,Epic giga01.dat#4,Give away from a steel building,86.25,low,,no verified win,bounded search or metadata only,
Classic fan,fan:lldb-139,Epic giga01.dat#5,The higher side of bungee,105.42,low,,no verified win,bounded search or metadata only,
Classic fan,fan:lldb-139,Epic giga01.dat#6,Triple threat,108.12,low,,no verified win,bounded search or metadata only,
Classic fan,fan:lldb-139,Epic giga01.dat#7,A secret garden,111.57,low,,no verified win,bounded search or metadata only,
Classic fan,fan:lldb-139,Epic giga01.dat#8,Lemming libra,114.28,low,,no verified win,bounded search or metadata only,
Classic fan,fan:lldb-139,Epic giga01.dat#9,Colapsing time zone,111.9,low,,no verified win,bounded search or metadata only,
Classic fan,fan:lldb-14,Mikepak09.dat#0,Let's play with stairs !,96.61,low,,no verified win,bounded search or metadata only,
Classic fan,fan:lldb-14,Mikepak09.dat#1,Lemmings on the tree !,110.48,low,,no verified win,bounded search or metadata only,
Classic fan,fan:lldb-14,Mikepak09.dat#2,SYMMETRICAL,103.4,low,,no verified win,bounded search or metadata only,
Classic fan,fan:lldb-14,Mikepak09.dat#3,Under the rocks,109.08,low,,no verified win,bounded search or metadata only,
Classic fan,fan:lldb-14,Mikepak09.dat#4,Some challenges for lemmings !,98.38,low,,no verified win,bounded search or metadata only,
Classic fan,fan:lldb-14,Mikepak09.dat#5,Alone in the jungle !,73.5,low,,no verified win,bounded search or metadata only,
Classic fan,fan:lldb-14,Mikepak09.dat#6,On the green diamonds,61,low,,no verified win,bounded search or metadata only,
Classic fan,fan:lldb-14,Mikepak09.dat#7,Lemmings-ball machine,60.88,low,,no verified win,bounded search or metadata only,
Classic fan,fan:lldb-14,Mikepak09.dat#8,Special 3 for 1,95.75,low,,no verified win,bounded search or metadata only,
Classic fan,fan:lldb-14,Mikepak09.dat#9,Under the bricks,70.25,low,,no verified win,bounded search or metadata only,
Classic fan,fan:lldb-140,Epic giga02.dat#0,Enlightment on science,106.38,low,,no verified win,bounded search or metadata only,
Classic fan,fan:lldb-140,Epic giga02.dat#1,The clam spam show,102.84,low,,no verified win,bounded search or metadata only,
Classic fan,fan:lldb-140,Epic giga02.dat#2,Lemmings on the run,114.28,low,,no verified win,bounded search or metadata only,
Classic fan,fan:lldb-140,Epic giga02.dat#3,A twist under the sea,110.17,low,,no verified win,bounded search or metadata only,
Classic fan,fan:lldb-140,Epic giga02.dat#4,Bring back memories,112.88,low,,no verified win,bounded search or metadata only,
Classic fan,fan:lldb-140,Epic giga02.dat#5,Home movies,110.17,low,,no verified win,bounded search or metadata only,
Classic fan,fan:lldb-140,Epic giga02.dat#6,Walking in such grace,110.48,low,,no verified win,bounded search or metadata only,
Classic fan,fan:lldb-140,Epic giga02.dat#7,May i have this dance?,109.65,low,,no verified win,bounded search or metadata only,
Classic fan,fan:lldb-140,Epic giga02.dat#8,Winter Solstice,117.3,low,,no verified win,bounded search or metadata only,
Classic fan,fan:lldb-140,Epic giga02.dat#9,Gemini libra,85.15,low,,no verified win,bounded search or metadata only,
Classic fan,fan:lldb-141,Epic Giga03.dat#0,Bermuda Triangle,112.97,low,,no verified win,bounded search or metadata only,
Classic fan,fan:lldb-141,Epic Giga03.dat#1,M = Mc sqare,109.3,low,,no verified win,bounded search or metadata only,
Classic fan,fan:lldb-141,Epic Giga03.dat#2,To much of a bomer thing,111.35,low,,no verified win,bounded search or metadata only,
Classic fan,fan:lldb-141,Epic Giga03.dat#3,Mr.lemming's super robot,104.8,low,,no verified win,bounded search or metadata only,
Classic fan,fan:lldb-141,Epic Giga03.dat#4,Kriss-kross Exits,100.25,low,,no verified win,bounded search or metadata only,
Classic fan,fan:lldb-141,Epic Giga03.dat#5,Splunk n' country,434.15,medium,450184fc771e46b4ab35cbaa5a565738cde64ab4112067cca3bae568a53fac87,verified win,replay verified,
Classic fan,fan:lldb-141,Epic Giga03.dat#6,splunk n' country (part 2),105.07,low,,no verified win,bounded search or metadata only,
Classic fan,fan:lldb-141,Epic Giga03.dat#7,Inocent Lemmings,110.58,low,,no verified win,bounded search or metadata only,
Classic fan,fan:lldb-141,Epic Giga03.dat#8,Simply Smashing,514.3,medium,c95c72ac64739521ee91166394865cc9a369095db7a1163ea1b95ca23608ab88,verified win,replay verified,
Classic fan,fan:lldb-141,Epic Giga03.dat#9,The Shartruce cave,110.8,low,,no verified win,bounded search or metadata only,
Classic fan,fan:lldb-142,Epic Giga rating pack 01.dat#0,Cascading exit,105.53,low,,no verified win,bounded search or metadata only,
Classic fan,fan:lldb-142,Epic Giga rating pack 01.dat#1,Bad luck,113.85,low,,no verified win,bounded search or metadata only,
Classic fan,fan:lldb-142,Epic Giga rating pack 01.dat#10,The clam spam show,102.84,low,,no verified win,bounded search or metadata only,
Classic fan,fan:lldb-142,Epic Giga rating pack 01.dat#11,Lemmings on the run,114.28,low,,no verified win,bounded search or metadata only,
Classic fan,fan:lldb-142,Epic Giga rating pack 01.dat#12,A twist under the sea,110.17,low,,no verified win,bounded search or metadata only,
Classic fan,fan:lldb-142,Epic Giga rating pack 01.dat#13,Bring back memories,112.88,low,,no verified win,bounded search or metadata only,
Classic fan,fan:lldb-142,Epic Giga rating pack 01.dat#14,Home movies,110.17,low,,no verified win,bounded search or metadata only,
Classic fan,fan:lldb-142,Epic Giga rating pack 01.dat#15,Walking in such grace,110.48,low,,no verified win,bounded search or metadata only,
Classic fan,fan:lldb-142,Epic Giga rating pack 01.dat#16,May i have this dance?,109.65,low,,no verified win,bounded search or metadata only,
Classic fan,fan:lldb-142,Epic Giga rating pack 01.dat#2,Nothing to lose,108,low,,no verified win,bounded search or metadata only,
Classic fan,fan:lldb-142,Epic Giga rating pack 01.dat#3,squirrels in my pants,113.28,low,,no verified win,bounded search or metadata only,
Classic fan,fan:lldb-142,Epic Giga rating pack 01.dat#4,Give away from a steel building,86.25,low,,no verified win,bounded search or metadata only,
Classic fan,fan:lldb-142,Epic Giga rating pack 01.dat#5,The higher side of bungee,105.42,low,,no verified win,bounded search or metadata only,
Classic fan,fan:lldb-142,Epic Giga rating pack 01.dat#6,Triple threat,108.12,low,,no verified win,bounded search or metadata only,
Classic fan,fan:lldb-142,Epic Giga rating pack 01.dat#7,A secret garden,111.57,low,,no verified win,bounded search or metadata only,
Classic fan,fan:lldb-142,Epic Giga rating pack 01.dat#8,Lemming libra,114.28,low,,no verified win,bounded search or metadata only,
Classic fan,fan:lldb-142,Epic Giga rating pack 01.dat#9,Colapsing time zone,111.9,low,,no verified win,bounded search or metadata only,
Classic fan,fan:lldb-143,Epic giga rating pack 02.dat#0,Winter Solstice,117.3,low,,no verified win,bounded search or metadata only,
Classic fan,fan:lldb-143,Epic giga rating pack 02.dat#1,Gemini libra,85.15,low,,no verified win,bounded search or metadata only,
Classic fan,fan:lldb-143,Epic giga rating pack 02.dat#10,Simply Smashing,514.3,medium,c95c72ac64739521ee91166394865cc9a369095db7a1163ea1b95ca23608ab88,verified win,replay verified,
Classic fan,fan:lldb-143,Epic giga rating pack 02.dat#11,The Shartruce cave,110.8,low,,no verified win,bounded search or metadata only,
Classic fan,fan:lldb-143,Epic giga rating pack 02.dat#2,Bermuda Triangle,112.97,low,,no verified win,bounded search or metadata only,
Classic fan,fan:lldb-143,Epic giga rating pack 02.dat#3,M = Mc sqare,109.3,low,,no verified win,bounded search or metadata only,
Classic fan,fan:lldb-143,Epic giga rating pack 02.dat#4,To much of a bomer thing,111.35,low,,no verified win,bounded search or metadata only,
Classic fan,fan:lldb-143,Epic giga rating pack 02.dat#5,Mr.lemming's super robot,104.8,low,,no verified win,bounded search or metadata only,
Classic fan,fan:lldb-143,Epic giga rating pack 02.dat#6,Kriss-kross Exits,100.25,low,,no verified win,bounded search or metadata only,
Classic fan,fan:lldb-143,Epic giga rating pack 02.dat#7,Splunk n' country,434.15,medium,450184fc771e46b4ab35cbaa5a565738cde64ab4112067cca3bae568a53fac87,verified win,replay verified,
Classic fan,fan:lldb-143,Epic giga rating pack 02.dat#8,splunk n' country (part 2),105.07,low,,no verified win,bounded search or metadata only,
Classic fan,fan:lldb-143,Epic giga rating pack 02.dat#9,Inocent Lemmings,110.58,low,,no verified win,bounded search or metadata only,
Classic fan,fan:lldb-144,Snow remakes 01.dat#0,Slipery tightrope,105.69,low,,no verified win,bounded search or metadata only,
Classic fan,fan:lldb-144,Snow remakes 01.dat#1,"When it rains, it lems",105.1,low,,no verified win,bounded search or metadata only,
Classic fan,fan:lldb-144,Snow remakes 01.dat#2,No artificial lemmings,94,low,,no verified win,bounded search or metadata only,
Classic fan,fan:lldb-144,Snow remakes 01.dat#3,Will stop at nothing,111.25,low,,no verified win,bounded search or metadata only,
Classic fan,fan:lldb-144,Snow remakes 01.dat#4,Another one bites the dust,106.4,low,,no verified win,bounded search or metadata only,
Classic fan,fan:lldb-144,Snow remakes 01.dat#5,Cold war,98.55,low,,no verified win,bounded search or metadata only,
Classic fan,fan:lldb-144,Snow remakes 01.dat#6,De-fusing a time bomb,235.29,medium,7a838274122a195585618768b3025b821b677efed18d9151e0d61e532c95bf6a,verified win,replay verified,
Classic fan,fan:lldb-144,Snow remakes 01.dat#7,The insane condition,106.5,low,,no verified win,bounded search or metadata only,
Classic fan,fan:lldb-144,Snow remakes 01.dat#8,Through the Brigde,106.5,low,,no verified win,bounded search or metadata only,
Classic fan,fan:lldb-144,Snow remakes 01.dat#9,A wee bit of magic,102.1,low,,no verified win,bounded search or metadata only,
Classic fan,fan:lldb-15,Mikepak10.dat#0,Know that ?,61.94,low,,no verified win,bounded search or metadata only,
Classic fan,fan:lldb-15,Mikepak10.dat#1,The snow palace,77.77,low,,no verified win,bounded search or metadata only,
Classic fan,fan:lldb-15,Mikepak10.dat#2,UPSIDE-DOWN!,84.92,low,,no verified win,bounded search or metadata only,
Classic fan,fan:lldb-15,Mikepak10.dat#3,It's time to climb,82.72,low,,no verified win,bounded search or metadata only,
Classic fan,fan:lldb-15,Mikepak10.dat#4,The lake of the fear !,110.44,low,,no verified win,bounded search or metadata only,
Classic fan,fan:lldb-15,Mikepak10.dat#5,* HELP *,81.38,low,,no verified win,bounded search or metadata only,
Classic fan,fan:lldb-15,Mikepak10.dat#6,The diagonal prison !,81.5,low,,no verified win,bounded search or metadata only,
Classic fan,fan:lldb-15,Mikepak10.dat#7,Don't be desesperate !,62.75,low,,no verified win,bounded search or metadata only,
Classic fan,fan:lldb-15,Mikepak10.dat#8,Bombs mania !,54.62,low,,no verified win,bounded search or metadata only,
Classic fan,fan:lldb-15,Mikepak10.dat#9,Let's play with stairs !,72.15,low,,no verified win,bounded search or metadata only,
Classic fan,fan:lldb-16,Mikepak11.dat#0,On the snow house,84.65,low,,no verified win,bounded search or metadata only,
Classic fan,fan:lldb-16,Mikepak11.dat#1,Easy when you know the trick!,95.89,low,,no verified win,bounded search or metadata only,
Classic fan,fan:lldb-16,Mikepak11.dat#2,HAPPY NEW YEAR,112.47,low,,no verified win,bounded search or metadata only,
Classic fan,fan:lldb-16,Mikepak11.dat#3,UZI-BOOM,40,low,,no verified win,bounded search or metadata only,
Classic fan,fan:lldb-16,Mikepak11.dat#4,Search and find !,93.7,low,,no verified win,bounded search or metadata only,
Classic fan,fan:lldb-16,Mikepak11.dat#5,The giant snow-ball !,110.44,low,,no verified win,bounded search or metadata only,
Classic fan,fan:lldb-16,Mikepak11.dat#6,Christmas tree in the night,91.67,low,,no verified win,bounded search or metadata only,
Classic fan,fan:lldb-16,Mikepak11.dat#7,Only with stairs,74.95,low,,no verified win,bounded search or metadata only,
Classic fan,fan:lldb-16,Mikepak11.dat#8,It's time to work in the ground,89.5,low,,no verified win,bounded search or metadata only,
Classic fan,fan:lldb-16,Mikepak11.dat#9,Stalactites and stalagmites!,80.63,low,,no verified win,bounded search or metadata only,
Classic fan,fan:lldb-160,Giga pack 01.dat#0,Day tripper,107.87,low,,no verified win,bounded search or metadata only,
Classic fan,fan:lldb-160,Giga pack 01.dat#1,Move to the prerrie,108,low,,no verified win,bounded search or metadata only,
Classic fan,fan:lldb-160,Giga pack 01.dat#2,You Sank My...,113.3,low,,no verified win,bounded search or metadata only,
Classic fan,fan:lldb-160,Giga pack 01.dat#3,Destruction site,112,low,,no verified win,bounded search or metadata only,
Classic fan,fan:lldb-160,Giga pack 01.dat#4,AIIIIIYYYEEEEEEEE!!!!!!!,102,low,,no verified win,bounded search or metadata only,
Classic fan,fan:lldb-160,Giga pack 01.dat#5,The pole onslaught of a lemming,118.7,low,,no verified win,bounded search or metadata only,
Classic fan,fan:lldb-160,Giga pack 01.dat#6,Oh Dear! It's the 4th universe,102.34,low,,no verified win,bounded search or metadata only,
Classic fan,fan:lldb-160,Giga pack 01.dat#7,The golden tribe,102.36,low,,no verified win,bounded search or metadata only,
Classic fan,fan:lldb-160,Giga pack 01.dat#8,All work and No play...,109.62,low,,no verified win,bounded search or metadata only,
Classic fan,fan:lldb-160,Giga pack 01.dat#9,Out and away from the crowd,115.9,low,,no verified win,bounded search or metadata only,
Classic fan,fan:lldb-161,Yawg06.dat#0,Just Dig! Again!,102,low,,no verified win,bounded search or metadata only,
Classic fan,fan:lldb-161,Yawg06.dat#1,Desperate Times...,84.65,low,,no verified win,bounded search or metadata only,
Classic fan,fan:lldb-161,Yawg06.dat#2,Serendipity,89.5,low,,no verified win,bounded search or metadata only,
Classic fan,fan:lldb-161,Yawg06.dat#3,Niche,83.25,low,,no verified win,bounded search or metadata only,
Classic fan,fan:lldb-161,Yawg06.dat#4,Catch 22,111.55,low,,no verified win,bounded search or metadata only,
Classic fan,fan:lldb-161,Yawg06.dat#5,Tilt,95.3,low,,no verified win,bounded search or metadata only,
Classic fan,fan:lldb-161,Yawg06.dat#6,Desperate Measures,115.9,low,,no verified win,bounded search or metadata only,
Classic fan,fan:lldb-161,Yawg06.dat#7,Mass Lemmicide,97.15,low,,no verified win,bounded search or metadata only,
Classic fan,fan:lldb-161,Yawg06.dat#8,Turn it Around!,41.9,high,896e82f8f3ab9ada57e1c563b2f6c3ed13c65a681334a65061dd059010cc3588,verified win,replay verified,
Classic fan,fan:lldb-161,Yawg06.dat#9,Duality,115.68,low,,no verified win,bounded search or metadata only,
Classic fan,fan:lldb-162,Giga pack 02.dat#0,Up the anty!,115.09,low,,no verified win,bounded search or metadata only,
Classic fan,fan:lldb-162,Giga pack 02.dat#1,Three and a half,116.42,low,,no verified win,bounded search or metadata only,
Classic fan,fan:lldb-162,Giga pack 02.dat#2,Insert name here,106.62,low,,no verified win,bounded search or metadata only,
Classic fan,fan:lldb-162,Giga pack 02.dat#3,The minroah the merryer,102,low,,no verified win,bounded search or metadata only,
Classic fan,fan:lldb-162,Giga pack 02.dat#4,Around the allie,112.04,low,,no verified win,bounded search or metadata only,
Classic fan,fan:lldb-162,Giga pack 02.dat#5,An act of kindness,113.95,low,,no verified win,bounded search or metadata only,
Classic fan,fan:lldb-162,Giga pack 02.dat#6,Two lessons of lemmings,97.98,low,,no verified win,bounded search or metadata only,
Classic fan,fan:lldb-162,Giga pack 02.dat#7,The house of fun,104.06,low,,no verified win,bounded search or metadata only,
Classic fan,fan:lldb-162,Giga pack 02.dat#8,The center picture,97.15,low,,no verified win,bounded search or metadata only,
Classic fan,fan:lldb-162,Giga pack 02.dat#9,The national lemming bank,109.4,low,,no verified win,bounded search or metadata only,
Classic fan,fan:lldb-163,Giga pack 03.dat#0,My gaurdain angle,98.95,low,,no verified win,bounded search or metadata only,
Classic fan,fan:lldb-163,Giga pack 03.dat#1,Burst through the dam,112.88,low,,no verified win,bounded search or metadata only,
Classic fan,fan:lldb-163,Giga pack 03.dat#2,The lemmings of the coast,98.95,low,,no verified win,bounded search or metadata only,
Classic fan,fan:lldb-163,Giga pack 03.dat#3,Jump to conclusions,95.25,low,,no verified win,bounded search or metadata only,
Classic fan,fan:lldb-163,Giga pack 03.dat#4,The dry (but wet) christmas tree,79.75,low,,no verified win,bounded search or metadata only,
Classic fan,fan:lldb-163,Giga pack 03.dat#5,Home on the range,115.9,low,,no verified win,bounded search or metadata only,
Classic fan,fan:lldb-163,Giga pack 03.dat#6,Step into the future,100.25,low,,no verified win,bounded search or metadata only,
Classic fan,fan:lldb-163,Giga pack 03.dat#7,Tailor made for more blockers,101.55,low,,no verified win,bounded search or metadata only,
Classic fan,fan:lldb-163,Giga pack 03.dat#8,The only way it goes,47.75,low,,no verified win,bounded search or metadata only,
Classic fan,fan:lldb-163,Giga pack 03.dat#9,Double decker,79.75,low,,no verified win,bounded search or metadata only,
Classic fan,fan:lldb-164,ClamSpamXmas09.dat#0,Happy New Year: The Reversal!,102,low,,no verified win,bounded search or metadata only,
Classic fan,fan:lldb-164,ClamSpamXmas09.dat#1,Spiralling Snowstorm,81.5,low,,no verified win,bounded search or metadata only,
Classic fan,fan:lldb-164,ClamSpamXmas09.dat#2,Christmas can wait (we hope!),111.05,low,,no verified win,bounded search or metadata only,
Classic fan,fan:lldb-164,ClamSpamXmas09.dat#3,Christmas can't wait...,98.55,low,,no verified win,bounded search or metadata only,
Classic fan,fan:lldb-165,Giga pack 04.dat#0,Compresion method 3,108.81,low,,no verified win,bounded search or metadata only,
Classic fan,fan:lldb-165,Giga pack 04.dat#1,Mission lem-possible,94.71,low,,no verified win,bounded search or metadata only,
Classic fan,fan:lldb-165,Giga pack 04.dat#2,Were ready for landing,99.95,low,,no verified win,bounded search or metadata only,
Classic fan,fan:lldb-165,Giga pack 04.dat#3,Fallow the ruins,103.4,low,,no verified win,bounded search or metadata only,
Classic fan,fan:lldb-165,Giga pack 04.dat#4,The Endless basher,96.5,low,,no verified win,bounded search or metadata only,
Classic fan,fan:lldb-165,Giga pack 04.dat#5,Hey john wheres my lemmings?,104.8,low,,no verified win,bounded search or metadata only,
Classic fan,fan:lldb-165,Giga pack 04.dat#6,Please remain calm,112.97,low,,no verified win,bounded search or metadata only,
Classic fan,fan:lldb-165,Giga pack 04.dat#7,Step it up,98.55,low,,no verified win,bounded search or metadata only,
Classic fan,fan:lldb-165,Giga pack 04.dat#8,Lemmings mountain aventure,84.65,low,,no verified win,bounded search or metadata only,
Classic fan,fan:lldb-165,Giga pack 04.dat#9,The next way down,113.2,low,,no verified win,bounded search or metadata only,
Classic fan,fan:lldb-166,QBeez05.dat#0,Spaghetti!,76.46,low,,no verified win,bounded search or metadata only,
Classic fan,fan:lldb-166,QBeez05.dat#1,Trap Game,76.05,low,,no verified win,bounded search or metadata only,
Classic fan,fan:lldb-166,QBeez05.dat#2,A Very Simple Level,100.7,low,,no verified win,bounded search or metadata only,
Classic fan,fan:lldb-166,QBeez05.dat#3,Vanilla City,105.7,low,,no verified win,bounded search or metadata only,
Classic fan,fan:lldb-166,QBeez05.dat#4,Welcome to your DOOM!,96.91,low,,no verified win,bounded search or metadata only,
Classic fan,fan:lldb-166,QBeez05.dat#5,"Up, Down, and All Around",117.3,low,,no verified win,bounded search or metadata only,
Classic fan,fan:lldb-166,QBeez05.dat#6,Take a break!,108.25,low,,no verified win,bounded search or metadata only,
Classic fan,fan:lldb-166,QBeez05.dat#7,Co-operation,108.25,low,,no verified win,bounded search or metadata only,
Classic fan,fan:lldb-166,QBeez05.dat#8,Roof of the World,116.37,low,,no verified win,bounded search or metadata only,
Classic fan,fan:lldb-166,QBeez05.dat#9,Trail Blazer,104.15,low,,no verified win,bounded search or metadata only,
Classic fan,fan:lldb-167,Giga pack 05.dat#0,in the city,98.75,low,,no verified win,bounded search or metadata only,
Classic fan,fan:lldb-167,Giga pack 05.dat#1,Earth city tanks,102,low,,no verified win,bounded search or metadata only,
Classic fan,fan:lldb-167,Giga pack 05.dat#2,No lemming left behind,109.65,low,,no verified win,bounded search or metadata only,
Classic fan,fan:lldb-167,Giga pack 05.dat#3,Lemtoven's 1st,90.9,low,,no verified win,bounded search or metadata only,
Classic fan,fan:lldb-167,Giga pack 05.dat#4,The factory of the rising sun,98.55,low,,no verified win,bounded search or metadata only,
Classic fan,fan:lldb-167,Giga pack 05.dat#5,Welcome to the skate park,108.25,low,,no verified win,bounded search or metadata only,
Classic fan,fan:lldb-167,Giga pack 05.dat#6,Take part of lemmings,101.55,low,,no verified win,bounded search or metadata only,
Classic fan,fan:lldb-167,Giga pack 05.dat#7,The eigth SIN,112.33,low,,no verified win,bounded search or metadata only,
Classic fan,fan:lldb-167,Giga pack 05.dat#8,Avast ye arteys,92.12,low,,no verified win,bounded search or metadata only,
Classic fan,fan:lldb-167,Giga pack 05.dat#9,The Rain forest,95.75,low,,no verified win,bounded search or metadata only,
Classic fan,fan:lldb-168,Giga pack 06.dat#0,Happy birthday Giga,95.75,low,,no verified win,bounded search or metadata only,
Classic fan,fan:lldb-168,Giga pack 06.dat#1,Lemtendo DSi,81.5,low,,no verified win,bounded search or metadata only,
Classic fan,fan:lldb-168,Giga pack 06.dat#2,Land Ho!,95.38,low,,no verified win,bounded search or metadata only,
Classic fan,fan:lldb-168,Giga pack 06.dat#3,Froze city,114.28,low,,no verified win,bounded search or metadata only,
Classic fan,fan:lldb-168,Giga pack 06.dat#4,Out to save,105.47,low,,no verified win,bounded search or metadata only,
Classic fan,fan:lldb-168,Giga pack 06.dat#5,Lake snow bird,81.5,low,,no verified win,bounded search or metadata only,
Classic fan,fan:lldb-168,Giga pack 06.dat#6,Killer queen,100.25,low,,no verified win,bounded search or metadata only,
Classic fan,fan:lldb-168,Giga pack 06.dat#7,The asparagus river,102,low,,no verified win,bounded search or metadata only,
Classic fan,fan:lldb-168,Giga pack 06.dat#8,Welcome to italy,106.2,low,,no verified win,bounded search or metadata only,
Classic fan,fan:lldb-168,Giga pack 06.dat#9,Hanging off of........,109.3,low,,no verified win,bounded search or metadata only,
Classic fan,fan:lldb-169,Giga pack 07.dat#0,4 to 3,103.4,low,,no verified win,bounded search or metadata only,
Classic fan,fan:lldb-169,Giga pack 07.dat#1,The honor of speed,92.3,low,,no verified win,bounded search or metadata only,
Classic fan,fan:lldb-169,Giga pack 07.dat#2,Lemmy at the moon base,113.6,low,,no verified win,bounded search or metadata only,
Classic fan,fan:lldb-169,Giga pack 07.dat#3,24 steps high and rising,73.62,low,,no verified win,bounded search or metadata only,
Classic fan,fan:lldb-169,Giga pack 07.dat#4,Trip to cloud 9,87.75,low,,no verified win,bounded search or metadata only,
Classic fan,fan:lldb-169,Giga pack 07.dat#5,Crazy stairs,417.88,medium,2fd2d2f2277180c2e033331e10014279fe13c527765a5f671d782a733dc80e09,verified win,replay verified,
Classic fan,fan:lldb-169,Giga pack 07.dat#6,The lemming water faculty,97.15,low,,no verified win,bounded search or metadata only,
Classic fan,fan:lldb-169,Giga pack 07.dat#7,"Ten here,two there",83.65,low,,no verified win,bounded search or metadata only,
Classic fan,fan:lldb-169,Giga pack 07.dat#8,Group and smash,98.05,low,,no verified win,bounded search or metadata only,
Classic fan,fan:lldb-169,Giga pack 07.dat#9,The God of lemmings,101.78,low,,no verified win,bounded search or metadata only,
Classic fan,fan:lldb-17,Mikepak12.dat#0,The stairs have another utility,81.2,low,,no verified win,bounded search or metadata only,
Classic fan,fan:lldb-17,Mikepak12.dat#1,Easy ?,89.09,low,,no verified win,bounded search or metadata only,
Classic fan,fan:lldb-17,Mikepak12.dat#2,How ?,102.59,low,,no verified win,bounded search or metadata only,
Classic fan,fan:lldb-17,Mikepak12.dat#3,The snow bridge,78.4,low,,no verified win,bounded search or metadata only,
Classic fan,fan:lldb-17,Mikepak12.dat#4,"Let's block, explode and bash!",82.79,low,,no verified win,bounded search or metadata only,
Classic fan,fan:lldb-17,Mikepak12.dat#5,The PEPSI christmas tree factory,102.75,low,,no verified win,bounded search or metadata only,
Classic fan,fan:lldb-17,Mikepak12.dat#6,The christmas prison,92.3,low,,no verified win,bounded search or metadata only,
Classic fan,fan:lldb-17,Mikepak12.dat#7,The snake of snow,110.44,low,,no verified win,bounded search or metadata only,
Classic fan,fan:lldb-17,Mikepak12.dat#8,The christmas hurry up !,87.45,low,,no verified win,bounded search or metadata only,
Classic fan,fan:lldb-17,Mikepak12.dat#9,How ? 2,91.49,low,,no verified win,bounded search or metadata only,
Classic fan,fan:lldb-170,Giga pack 08.dat#0,When i get older....,111.25,low,,no verified win,bounded search or metadata only,
Classic fan,fan:lldb-170,Giga pack 08.dat#1,C'mon everybody body,484.29,medium,17da3f70f52bc63eeec28f93e08372fc72212a55caa324b1a3461ed268d85769,verified win,replay verified,
Classic fan,fan:lldb-170,Giga pack 08.dat#2,"Over the hills,trough the gums..",109.4,low,,no verified win,bounded search or metadata only,
Classic fan,fan:lldb-170,Giga pack 08.dat#3,Extended cascade,104.47,low,,no verified win,bounded search or metadata only,
Classic fan,fan:lldb-170,Giga pack 08.dat#4,Chamber nightmare,100.12,low,,no verified win,bounded search or metadata only,
Classic fan,fan:lldb-170,Giga pack 08.dat#5,The gauntlet,103.25,low,,no verified win,bounded search or metadata only,
Classic fan,fan:lldb-170,Giga pack 08.dat#6,Every witch way but lem,99.95,low,,no verified win,bounded search or metadata only,
Classic fan,fan:lldb-170,Giga pack 08.dat#7,Lemming in the doomsday zone,89.9,low,,no verified win,bounded search or metadata only,
Classic fan,fan:lldb-170,Giga pack 08.dat#8,Only way to it is through,95.75,low,,no verified win,bounded search or metadata only,
Classic fan,fan:lldb-170,Giga pack 08.dat#9,1 for the money 2 for the show,89.5,low,,no verified win,bounded search or metadata only,
Classic fan,fan:lldb-171,Giga pack 09.dat#0,Ice staion tsunami,75.25,low,,no verified win,bounded search or metadata only,
Classic fan,fan:lldb-171,Giga pack 09.dat#1,IM C.O.L.D.,56.17,low,,no verified win,bounded search or metadata only,
Classic fan,fan:lldb-171,Giga pack 09.dat#2,Frozen in the airport,81.21,low,,no verified win,bounded search or metadata only,
Classic fan,fan:lldb-171,Giga pack 09.dat#3,To the life boats,112.06,low,,no verified win,bounded search or metadata only,
Classic fan,fan:lldb-171,Giga pack 09.dat#4,The land of the lemming,104.8,low,,no verified win,bounded search or metadata only,
Classic fan,fan:lldb-171,Giga pack 09.dat#5,"Save a friend,get a friend",81.5,low,,no verified win,bounded search or metadata only,
Classic fan,fan:lldb-171,Giga pack 09.dat#6,Good housekeeping,114.46,low,,no verified win,bounded search or metadata only,
Classic fan,fan:lldb-171,Giga pack 09.dat#7,MaxLem's silver hammer,114.09,low,,no verified win,bounded search or metadata only,
Classic fan,fan:lldb-171,Giga pack 09.dat#8,A long way to go,322.32,medium,2920ec5709cd5f40f622e290186a68ddac48936d37dd8c94e21be94eca286004,verified win,replay verified,
Classic fan,fan:lldb-171,Giga pack 09.dat#9,Every witch way but lem (part 2),99.65,low,,no verified win,bounded search or metadata only,
Classic fan,fan:lldb-172,Giga pack 10.dat#0,Lemming insomnia,114.41,low,,no verified win,bounded search or metadata only,
Classic fan,fan:lldb-172,Giga pack 10.dat#1,Down by the rocks,109.4,low,,no verified win,bounded search or metadata only,
Classic fan,fan:lldb-172,Giga pack 10.dat#2,For the benefit of mr.Lem,104.8,low,,no verified win,bounded search or metadata only,
Classic fan,fan:lldb-172,Giga pack 10.dat#3,Ups and downs,77.2,low,,no verified win,bounded search or metadata only,
Classic fan,fan:lldb-172,Giga pack 10.dat#4,Swim to the dock,93.9,low,,no verified win,bounded search or metadata only,
Classic fan,fan:lldb-172,Giga pack 10.dat#5,Mine way through,86,low,,no verified win,bounded search or metadata only,
Classic fan,fan:lldb-172,Giga pack 10.dat#6,Baricade,110.6,low,,no verified win,bounded search or metadata only,
Classic fan,fan:lldb-172,Giga pack 10.dat#7,Twenty years later,115.45,low,,no verified win,bounded search or metadata only,
Classic fan,fan:lldb-172,Giga pack 10.dat#8,Don't be fooled,104.8,low,,no verified win,bounded search or metadata only,
Classic fan,fan:lldb-172,Giga pack 10.dat#9,Compliments to the chef,111.25,low,,no verified win,bounded search or metadata only,
Classic fan,fan:lldb-173,hubbart.dat#0,the rediscovery,77,low,,no verified win,bounded search or metadata only,
Classic fan,fan:lldb-173,hubbart.dat#1,the lost civilization (part1),84.65,low,,no verified win,bounded search or metadata only,
Classic fan,fan:lldb-173,hubbart.dat#2,the killing fields,100.25,low,,no verified win,bounded search or metadata only,
Classic fan,fan:lldb-173,hubbart.dat#3,the last mohilem,65.25,low,,no verified win,bounded search or metadata only,
Classic fan,fan:lldb-173,hubbart.dat#4,the lost civilisation (part2),104.8,low,,no verified win,bounded search or metadata only,
Classic fan,fan:lldb-173,hubbart.dat#5,the lonely distance climber,95.34,low,,no verified win,bounded search or metadata only,
Classic fan,fan:lldb-173,hubbart.dat#6,"hurry, hurry! patience required!",102,low,,no verified win,bounded search or metadata only,
Classic fan,fan:lldb-173,hubbart.dat#7,the ice-age lemmingland,81.5,low,,no verified win,bounded search or metadata only,
Classic fan,fan:lldb-173,hubbart.dat#8,the sick building syndrome,94,low,,no verified win,bounded search or metadata only,
Classic fan,fan:lldb-173,hubbart.dat#9,the bonus ... we'll meet again!,81.5,low,,no verified win,bounded search or metadata only,
Classic fan,fan:lldb-174,hubbart2.dat#0,"2001, A lemmings odyssee",87.75,low,,no verified win,bounded search or metadata only,
Classic fan,fan:lldb-174,hubbart2.dat#1,The pipeline,95.75,low,,no verified win,bounded search or metadata only,
Classic fan,fan:lldb-174,hubbart2.dat#2,Bunker hill,81.5,low,,no verified win,bounded search or metadata only,
Classic fan,fan:lldb-174,hubbart2.dat#3,The construction site,81.5,low,,no verified win,bounded search or metadata only,
Classic fan,fan:lldb-174,hubbart2.dat#4,Lemmentaler cheese,86.12,low,,no verified win,bounded search or metadata only,
Classic fan,fan:lldb-174,hubbart2.dat#5,Lemba the Greek,81.5,low,,no verified win,bounded search or metadata only,
Classic fan,fan:lldb-174,hubbart2.dat#6,Double rescue operation,95.34,low,,no verified win,bounded search or metadata only,
Classic fan,fan:lldb-174,hubbart2.dat#7,Walk like an Egyptian,72.85,low,,no verified win,bounded search or metadata only,
Classic fan,fan:lldb-174,hubbart2.dat#8,The construction site (2),81.5,low,,no verified win,bounded search or metadata only,
Classic fan,fan:lldb-174,hubbart2.dat#9,Crystal caves,95.75,low,,no verified win,bounded search or metadata only,
Classic fan,fan:lldb-175,hubbart3.dat#0,The equation,81.09,low,,no verified win,bounded search or metadata only,
Classic fan,fan:lldb-175,hubbart3.dat#1,Welcome to the machine,94.12,low,,no verified win,bounded search or metadata only,
Classic fan,fan:lldb-175,hubbart3.dat#2,"All for one, one for all",93.72,low,,no verified win,bounded search or metadata only,
Classic fan,fan:lldb-175,hubbart3.dat#3,Misty mountain hop,102,low,,no verified win,bounded search or metadata only,
Classic fan,fan:lldb-175,hubbart3.dat#4,As cold as ice?,100.25,low,,no verified win,bounded search or metadata only,
Classic fan,fan:lldb-175,hubbart3.dat#5,A funny grid,81.5,low,,no verified win,bounded search or metadata only,
Classic fan,fan:lldb-175,hubbart3.dat#6,Lemmings chemistry,101.59,low,,no verified win,bounded search or metadata only,
Classic fan,fan:lldb-175,hubbart3.dat#7,Welcome to the machine again,95.53,low,,no verified win,bounded search or metadata only,
Classic fan,fan:lldb-175,hubbart3.dat#8,Storm and thunder,82.21,low,,no verified win,bounded search or metadata only,
Classic fan,fan:lldb-175,hubbart3.dat#9,Windows XP?,83.25,low,,no verified win,bounded search or metadata only,
Classic fan,fan:lldb-176,hubbart4.dat#0,The beacon,84.65,low,,no verified win,bounded search or metadata only,
Classic fan,fan:lldb-176,hubbart4.dat#1,Just dig!,87.75,low,,no verified win,bounded search or metadata only,
Classic fan,fan:lldb-176,hubbart4.dat#2,Oh no! mor(s)e lemmings,99.44,low,,no verified win,bounded search or metadata only,
Classic fan,fan:lldb-176,hubbart4.dat#3,Remains of the roman empire,107.84,low,,no verified win,bounded search or metadata only,
Classic fan,fan:lldb-176,hubbart4.dat#4,The billboard,84.65,low,,no verified win,bounded search or metadata only,
Classic fan,fan:lldb-176,hubbart4.dat#5,The pulley,81.09,low,,no verified win,bounded search or metadata only,
Classic fan,fan:lldb-176,hubbart4.dat#6,Another beacon...,97.15,low,,no verified win,bounded search or metadata only,
Classic fan,fan:lldb-176,hubbart4.dat#7,Not as easy as it looks!,69,low,,no verified win,bounded search or metadata only,
Classic fan,fan:lldb-176,hubbart4.dat#8,The pulley (2),87.34,low,,no verified win,bounded search or metadata only,
Classic fan,fan:lldb-176,hubbart4.dat#9,A new roof for the entrance,75.25,low,,no verified win,bounded search or metadata only,
Classic fan,fan:lldb-177,hubbart5.dat#0,A one-way ticket,80.69,low,,no verified win,bounded search or metadata only,
Classic fan,fan:lldb-177,hubbart5.dat#1,Winter Lemmings retro style,75.25,low,,no verified win,bounded search or metadata only,
Classic fan,fan:lldb-177,hubbart5.dat#2,The deadly pillar (1),97.15,low,,no verified win,bounded search or metadata only,
Classic fan,fan:lldb-177,hubbart5.dat#3,Modern times,87.75,low,,no verified win,bounded search or metadata only,
Classic fan,fan:lldb-177,hubbart5.dat#4,The deadly pillar (2),90.9,low,,no verified win,bounded search or metadata only,
Classic fan,fan:lldb-177,hubbart5.dat#5,Bullshit-lemmings,114.5,low,,no verified win,bounded search or metadata only,
Classic fan,fan:lldb-177,hubbart5.dat#6,The crane,75.25,low,,no verified win,bounded search or metadata only,
Classic fan,fan:lldb-177,hubbart5.dat#7,Himalayan Lemmings,79.34,low,,no verified win,bounded search or metadata only,
Classic fan,fan:lldb-177,hubbart5.dat#8,A tricky gap,94,low,,no verified win,bounded search or metadata only,
Classic fan,fan:lldb-177,hubbart5.dat#9,The terrible chain,81.5,low,,no verified win,bounded search or metadata only,
Classic fan,fan:lldb-178,hubbart6.dat#0,We like those objects!,91.08,low,,no verified win,bounded search or metadata only,
Classic fan,fan:lldb-178,hubbart6.dat#1,I Robot,102,low,,no verified win,bounded search or metadata only,
Classic fan,fan:lldb-178,hubbart6.dat#2,Asian holiday,97.15,low,,no verified win,bounded search or metadata only,
Classic fan,fan:lldb-178,hubbart6.dat#3,The wooden level,87.75,low,,no verified win,bounded search or metadata only,
Classic fan,fan:lldb-178,hubbart6.dat#4,Lempire state building,100.25,low,,no verified win,bounded search or metadata only,
Classic fan,fan:lldb-178,hubbart6.dat#5,Trial and error,95.75,low,,no verified win,bounded search or metadata only,
Classic fan,fan:lldb-178,hubbart6.dat#6,The deadly birdcage,94,low,,no verified win,bounded search or metadata only,
Classic fan,fan:lldb-178,hubbart6.dat#7,Tubular bells,94,low,,no verified win,bounded search or metadata only,
Classic fan,fan:lldb-178,hubbart6.dat#8,Tubular bells,79.75,low,,no verified win,bounded search or metadata only,
Classic fan,fan:lldb-179,The lemming google pack.dat#0,"A ""G"" to serch",103.67,low,,no verified win,bounded search or metadata only,
Classic fan,fan:lldb-179,The lemming google pack.dat#1,"An ""o"" to serch",107.78,low,,no verified win,bounded search or metadata only,
Classic fan,fan:lldb-179,The lemming google pack.dat#2,"Another ""o"" to serch",110.48,low,,no verified win,bounded search or metadata only,
Classic fan,fan:lldb-179,The lemming google pack.dat#3,"Another ""g"" to serch",108,low,,no verified win,bounded search or metadata only,
Classic fan,fan:lldb-179,The lemming google pack.dat#4,"An ""l"" to serch",100.25,low,,no verified win,bounded search or metadata only,
Classic fan,fan:lldb-179,The lemming google pack.dat#5,"An ""e"" to serch",109.4,low,,no verified win,bounded search or metadata only,
Classic fan,fan:lldb-18,Mikepak13.dat#0,Oh no! Level 1 more difficult!,83.25,low,,no verified win,bounded search or metadata only,
Classic fan,fan:lldb-18,Mikepak13.dat#1,Oh no! Level 2 more difficult!,54.75,low,,no verified win,bounded search or metadata only,
Classic fan,fan:lldb-18,Mikepak13.dat#2,Oh no! Level 3 more difficult!,81.5,low,,no verified win,bounded search or metadata only,
Classic fan,fan:lldb-18,Mikepak13.dat#3,Oh no! Level 4 more difficult!,60.8,low,,no verified win,bounded search or metadata only,
Classic fan,fan:lldb-18,Mikepak13.dat#4,Oh no! Level 5 more difficult!,92.3,low,,no verified win,bounded search or metadata only,
Classic fan,fan:lldb-18,Mikepak13.dat#5,Oh no! Level 6 more difficult!,62.75,low,,no verified win,bounded search or metadata only,
Classic fan,fan:lldb-18,Mikepak13.dat#6,Oh no! Level 7 more difficult!,90.9,low,,no verified win,bounded search or metadata only,
Classic fan,fan:lldb-18,Mikepak13.dat#7,Oh no! Level 8 more difficult!,80.85,low,,no verified win,bounded search or metadata only,
Classic fan,fan:lldb-18,Mikepak13.dat#8,Oh no! Level 9 more difficult!,81.5,low,,no verified win,bounded search or metadata only,
Classic fan,fan:lldb-18,Mikepak13.dat#9,Oh no! Level 10 more difficult!,54.75,low,,no verified win,bounded search or metadata only,
Classic fan,fan:lldb-180,Lemmings platinum Fragle part 1.dat#0,Roman Checkers,101.53,low,,no verified win,bounded search or metadata only,
Classic fan,fan:lldb-180,Lemmings platinum Fragle part 1.dat#1,Tubular vision,111.25,low,,no verified win,bounded search or metadata only,
Classic fan,fan:lldb-180,Lemmings platinum Fragle part 1.dat#10,Out of the picture,82.75,low,,no verified win,bounded search or metadata only,
Classic fan,fan:lldb-180,Lemmings platinum Fragle part 1.dat#11,Nowhere lemmming,113.24,low,,no verified win,bounded search or metadata only,
Classic fan,fan:lldb-180,Lemmings platinum Fragle part 1.dat#12,Tribute to Green Hill Act 1,109.4,low,,no verified win,bounded search or metadata only,
Classic fan,fan:lldb-180,Lemmings platinum Fragle part 1.dat#13,The cake walk blues,78,low,,no verified win,bounded search or metadata only,
Classic fan,fan:lldb-180,Lemmings platinum Fragle part 1.dat#14,In the spider's web,104.78,low,,no verified win,bounded search or metadata only,
Classic fan,fan:lldb-180,Lemmings platinum Fragle part 1.dat#2,Pachabel's Cannon,75.25,low,,no verified win,bounded search or metadata only,
Classic fan,fan:lldb-180,Lemmings platinum Fragle part 1.dat#3,A Date with Multitask,107.78,low,,no verified win,bounded search or metadata only,
Classic fan,fan:lldb-180,Lemmings platinum Fragle part 1.dat#4,The minute lem,95.75,low,,no verified win,bounded search or metadata only,
Classic fan,fan:lldb-180,Lemmings platinum Fragle part 1.dat#5,Work around the clock,93.75,low,,no verified win,bounded search or metadata only,
Classic fan,fan:lldb-180,Lemmings platinum Fragle part 1.dat#6,We'd Thought the end is near....,102,low,,no verified win,bounded search or metadata only,
Classic fan,fan:lldb-180,Lemmings platinum Fragle part 1.dat#7,Flamin' Parkour,105.7,low,,no verified win,bounded search or metadata only,
Classic fan,fan:lldb-180,Lemmings platinum Fragle part 1.dat#8,The wishing well,99.6,low,,no verified win,bounded search or metadata only,
Classic fan,fan:lldb-180,Lemmings platinum Fragle part 1.dat#9,Lemmy Crockett and the Ala Mode,110.44,low,,no verified win,bounded search or metadata only,
Classic fan,fan:lldb-181,Lemmings platinum Fragle part 2.dat#0,A lemming life to Pac-man,80.5,low,,no verified win,bounded search or metadata only,
Classic fan,fan:lldb-181,Lemmings platinum Fragle part 2.dat#1,Leaving Boston Massachutsets,112.2,low,,no verified win,bounded search or metadata only,
Classic fan,fan:lldb-181,Lemmings platinum Fragle part 2.dat#10,"An ""e"" to serch",109.4,low,,no verified win,bounded search or metadata only,
Classic fan,fan:lldb-181,Lemmings platinum Fragle part 2.dat#11,The Pharoah's slaves,97.15,low,,no verified win,bounded search or metadata only,
Classic fan,fan:lldb-181,Lemmings platinum Fragle part 2.dat#12,Indianna Lems & the deadly tomb,112.1,low,,no verified win,bounded search or metadata only,
Classic fan,fan:lldb-181,Lemmings platinum Fragle part 2.dat#13,The tale of two Pieuws,102.45,low,,no verified win,bounded search or metadata only,
Classic fan,fan:lldb-181,Lemmings platinum Fragle part 2.dat#14,Do-Re-Mi-So-Fa-La-Di-Da!!!!,115.63,low,,no verified win,bounded search or metadata only,
Classic fan,fan:lldb-181,Lemmings platinum Fragle part 2.dat#2,Swallowing method 1,553.79,medium,9f925bb75999a2a074fea8e63850315502176216639263ddcfff71683413c506,verified win,replay verified,
Classic fan,fan:lldb-181,Lemmings platinum Fragle part 2.dat#3,Building blocks,110.8,low,,no verified win,bounded search or metadata only,
Classic fan,fan:lldb-181,Lemmings platinum Fragle part 2.dat#4,The enemy of my Lemming is...,72.75,low,,no verified win,bounded search or metadata only,
Classic fan,fan:lldb-181,Lemmings platinum Fragle part 2.dat#5,"A ""G"" to serch",103.67,low,,no verified win,bounded search or metadata only,
Classic fan,fan:lldb-181,Lemmings platinum Fragle part 2.dat#6,"An ""o"" to serch",107.78,low,,no verified win,bounded search or metadata only,
Classic fan,fan:lldb-181,Lemmings platinum Fragle part 2.dat#7,"Another ""o"" to serch",110.48,low,,no verified win,bounded search or metadata only,
Classic fan,fan:lldb-181,Lemmings platinum Fragle part 2.dat#8,"Another ""g"" to serch",108,low,,no verified win,bounded search or metadata only,
Classic fan,fan:lldb-181,Lemmings platinum Fragle part 2.dat#9,"An ""l"" to serch",100.25,low,,no verified win,bounded search or metadata only,
Classic fan,fan:lldb-182,hubbart7.dat#0,Back home,60.59,low,,no verified win,bounded search or metadata only,
Classic fan,fan:lldb-182,hubbart7.dat#1,It's cold out there,101.59,low,,no verified win,bounded search or metadata only,
Classic fan,fan:lldb-182,hubbart7.dat#2,cavelems,95.75,low,,no verified win,bounded search or metadata only,
Classic fan,fan:lldb-182,hubbart7.dat#3,just build,114.5,low,,no verified win,bounded search or metadata only,
Classic fan,fan:lldb-182,hubbart7.dat#4,Back to basics,97.15,low,,no verified win,bounded search or metadata only,
Classic fan,fan:lldb-182,hubbart7.dat#5,Lemba the Greek revisited,102,low,,no verified win,bounded search or metadata only,
Classic fan,fan:lldb-182,hubbart7.dat#6,Under the volcano,87.34,low,,no verified win,bounded search or metadata only,
Classic fan,fan:lldb-182,hubbart7.dat#7,something different now...,95.34,low,,no verified win,bounded search or metadata only,
Classic fan,fan:lldb-182,hubbart7.dat#8,Clever mining,83.25,low,,no verified win,bounded search or metadata only,
Classic fan,fan:lldb-182,hubbart7.dat#9,Just old fashioned building,87.75,low,,no verified win,bounded search or metadata only,
Classic fan,fan:lldb-183,SeverSet1.dat#0,Choose Your Solution,162.68,high,ec1fb8489c5573fdb8c06cfaa14d05a91d4b74343c1bea8d056dd86663fec26e,verified win,replay verified,
Classic fan,fan:lldb-183,SeverSet1.dat#1,Spiders???,79.62,low,,no verified win,bounded search or metadata only,
Classic fan,fan:lldb-183,SeverSet1.dat#2,Just A Bit Harder Than Before,69,low,,no verified win,bounded search or metadata only,
Classic fan,fan:lldb-183,SeverSet1.dat#3,One Way Right,89.28,low,,no verified win,bounded search or metadata only,
Classic fan,fan:lldb-183,SeverSet1.dat#4,Owned!,82.84,low,,no verified win,bounded search or metadata only,
Classic fan,fan:lldb-183,SeverSet1.dat#5,Fast Drop,77,low,,no verified win,bounded search or metadata only,
Classic fan,fan:lldb-183,SeverSet1.dat#6,Look Down!,89.28,low,,no verified win,bounded search or metadata only,
Classic fan,fan:lldb-183,SeverSet1.dat#7,Small Distance,75.25,low,,no verified win,bounded search or metadata only,
Classic fan,fan:lldb-183,SeverSet1.dat#8,A Sticky Operation,98.25,low,,no verified win,bounded search or metadata only,
Classic fan,fan:lldb-183,SeverSet1.dat#9,Choose Your Solution II,81.62,low,,no verified win,bounded search or metadata only,
Classic fan,fan:lldb-184,SeverSet2.dat#0,The Long Dirt Road,94.83,low,,no verified win,bounded search or metadata only,
Classic fan,fan:lldb-184,SeverSet2.dat#1,Down and Around,97.15,low,,no verified win,bounded search or metadata only,
Classic fan,fan:lldb-184,SeverSet2.dat#2,Get Up There!!,77,low,,no verified win,bounded search or metadata only,
Classic fan,fan:lldb-184,SeverSet2.dat#3,Time to Go Down,103.4,low,,no verified win,bounded search or metadata only,
Classic fan,fan:lldb-184,SeverSet2.dat#4,Time to Go Up,83.26,low,,no verified win,bounded search or metadata only,
Classic fan,fan:lldb-184,SeverSet2.dat#5,One Step Toward Failure,90.9,low,,no verified win,bounded search or metadata only,
Classic fan,fan:lldb-184,SeverSet2.dat#6,Stars,69,low,,no verified win,bounded search or metadata only,
Classic fan,fan:lldb-184,SeverSet2.dat#7,The Archway,113.69,low,,no verified win,bounded search or metadata only,
Classic fan,fan:lldb-184,SeverSet2.dat#8,Travelling Time,98.05,low,,no verified win,bounded search or metadata only,
Classic fan,fan:lldb-184,SeverSet2.dat#9,A Rainstorm,67.09,low,,no verified win,bounded search or metadata only,
Classic fan,fan:lldb-185,SeverSet3.dat#0,Fire To Death,97.15,low,,no verified win,bounded search or metadata only,
Classic fan,fan:lldb-185,SeverSet3.dat#1,Short Fuse,95.75,low,,no verified win,bounded search or metadata only,
Classic fan,fan:lldb-185,SeverSet3.dat#2,It's A Triangle,67.38,low,,no verified win,bounded search or metadata only,
Classic fan,fan:lldb-185,SeverSet3.dat#3,Challenge To Escape,84.65,low,,no verified win,bounded search or metadata only,
Classic fan,fan:lldb-185,SeverSet3.dat#4,The Holding Area,93.67,low,,no verified win,bounded search or metadata only,
Classic fan,fan:lldb-185,SeverSet3.dat#5,Metal Workshop,93.67,low,,no verified win,bounded search or metadata only,
Classic fan,fan:lldb-185,SeverSet3.dat#6,The Firing Line,56.81,low,,no verified win,bounded search or metadata only,
Classic fan,fan:lldb-185,SeverSet3.dat#7,Platform to Platform,84.65,low,,no verified win,bounded search or metadata only,
Classic fan,fan:lldb-185,SeverSet3.dat#8,Starry Night,85.8,low,,no verified win,bounded search or metadata only,
Classic fan,fan:lldb-185,SeverSet3.dat#9,Two Opposite Sides,108.03,low,,no verified win,bounded search or metadata only,
Classic fan,fan:lldb-186,SeverSet4.dat#0,The Dreadful Abyss,110.08,low,,no verified win,bounded search or metadata only,
Classic fan,fan:lldb-186,SeverSet4.dat#1,More Than You Bargained For,96.7,low,,no verified win,bounded search or metadata only,
Classic fan,fan:lldb-186,SeverSet4.dat#2,A Tale Of Two Cities,102.85,low,,no verified win,bounded search or metadata only,
Classic fan,fan:lldb-186,SeverSet4.dat#3,Aim For the Top,94,low,,no verified win,bounded search or metadata only,
Classic fan,fan:lldb-186,SeverSet4.dat#4,Free the Exit,110.4,low,,no verified win,bounded search or metadata only,
Classic fan,fan:lldb-186,SeverSet4.dat#5,Panic Attack,102.63,low,,no verified win,bounded search or metadata only,
Classic fan,fan:lldb-186,SeverSet4.dat#6,Parallel Running,94,low,,no verified win,bounded search or metadata only,
Classic fan,fan:lldb-186,SeverSet4.dat#7,Three Way Escape,96.38,low,,no verified win,bounded search or metadata only,
Classic fan,fan:lldb-186,SeverSet4.dat#8,Crystal Visions,100.38,low,,no verified win,bounded search or metadata only,
Classic fan,fan:lldb-186,SeverSet4.dat#9,Justice From Liberation,111.23,low,,no verified win,bounded search or metadata only,
Classic fan,fan:lldb-187,Siergiej02.dat#0,Galley is drowning!,82.44,low,,no verified win,bounded search or metadata only,
Classic fan,fan:lldb-187,Siergiej02.dat#1,Another useless brick in TheWall,88.53,low,,no verified win,bounded search or metadata only,
Classic fan,fan:lldb-187,Siergiej02.dat#2,Troublesome reversing,94.96,low,,no verified win,bounded search or metadata only,
Classic fan,fan:lldb-187,Siergiej02.dat#3,The Reverser (part 1),99.97,low,,no verified win,bounded search or metadata only,
Classic fan,fan:lldb-187,Siergiej02.dat#4,The Reverser (part 2),100.38,low,,no verified win,bounded search or metadata only,
Classic fan,fan:lldb-187,Siergiej02.dat#5,The (almost) mirrorworld,90.09,low,,no verified win,bounded search or metadata only,
Classic fan,fan:lldb-187,Siergiej02.dat#6,Useless tools,95.34,low,,no verified win,bounded search or metadata only,
Classic fan,fan:lldb-187,Siergiej02.dat#7,Very low friction,74.44,low,,no verified win,bounded search or metadata only,
Classic fan,fan:lldb-187,Siergiej02.dat#8,Point reflection,103.4,low,,no verified win,bounded search or metadata only,
Classic fan,fan:lldb-187,Siergiej02.dat#9,Penetrating the Walls,102.99,low,,no verified win,bounded search or metadata only,
Classic fan,fan:lldb-188,Lemmings platinum Careful Part 1.dat#0,T.A. MA I,87.47,low,,no verified win,bounded search or metadata only,
Classic fan,fan:lldb-188,Lemmings platinum Careful Part 1.dat#1,T.A. MA I (part 2),73.25,low,,no verified win,bounded search or metadata only,
Classic fan,fan:lldb-188,Lemmings platinum Careful Part 1.dat#10,The Magic Box (Part IV),86.25,low,,no verified win,bounded search or metadata only,
Classic fan,fan:lldb-188,Lemmings platinum Careful Part 1.dat#11,How to spell my name,116.75,low,,no verified win,bounded search or metadata only,
Classic fan,fan:lldb-188,Lemmings platinum Careful Part 1.dat#12,A life with no intresst,81.38,low,,no verified win,bounded search or metadata only,
Classic fan,fan:lldb-188,Lemmings platinum Careful Part 1.dat#13,Flying factory,106.3,low,,no verified win,bounded search or metadata only,
Classic fan,fan:lldb-188,Lemmings platinum Careful Part 1.dat#14,When dominoes go Down,90.3,low,,no verified win,bounded search or metadata only,
Classic fan,fan:lldb-188,Lemmings platinum Careful Part 1.dat#2,Lemming road,93.72,low,,no verified win,bounded search or metadata only,
Classic fan,fan:lldb-188,Lemmings platinum Careful Part 1.dat#3,It's Lemming Science,94.71,low,,no verified win,bounded search or metadata only,
Classic fan,fan:lldb-188,Lemmings platinum Careful Part 1.dat#4,The tree of Lemmintry,93.97,low,,no verified win,bounded search or metadata only,
Classic fan,fan:lldb-188,Lemmings platinum Careful Part 1.dat#5,Sudenly lemming,543.92,medium,260618dbe23012ce01eb98f5c243296508281c8c196adffc000a53d9af582fb6,verified win,replay verified,
Classic fan,fan:lldb-188,Lemmings platinum Careful Part 1.dat#6,Take the high road,103.15,low,,no verified win,bounded search or metadata only,
Classic fan,fan:lldb-188,Lemmings platinum Careful Part 1.dat#7,The Prestegous Peabody award,116.85,low,,no verified win,bounded search or metadata only,
Classic fan,fan:lldb-188,Lemmings platinum Careful Part 1.dat#8,Thinking through & through,107.62,low,,no verified win,bounded search or metadata only,
Classic fan,fan:lldb-188,Lemmings platinum Careful Part 1.dat#9,The Magic Box (Part III),80,low,,no verified win,bounded search or metadata only,
Classic fan,fan:lldb-189,Lemmings platinum Careful Part 2.dat#0,The Lemconricdion,103.4,low,,no verified win,bounded search or metadata only,
Classic fan,fan:lldb-189,Lemmings platinum Careful Part 2.dat#1,Forced to take a drop of shame,71.55,low,,no verified win,bounded search or metadata only,
Classic fan,fan:lldb-189,Lemmings platinum Careful Part 2.dat#10,Think inside of the box,104.58,low,,no verified win,bounded search or metadata only,
Classic fan,fan:lldb-189,Lemmings platinum Careful Part 2.dat#11,Skeptical Method,90.25,low,,no verified win,bounded search or metadata only,
Classic fan,fan:lldb-189,Lemmings platinum Careful Part 2.dat#12,Welcome to Old Ba Sing Se,82.55,low,,no verified win,bounded search or metadata only,
Classic fan,fan:lldb-189,Lemmings platinum Careful Part 2.dat#13,The Peanut Gallery,95.12,low,,no verified win,bounded search or metadata only,
Classic fan,fan:lldb-189,Lemmings platinum Careful Part 2.dat#14,The SUPER bowl,85.48,low,,no verified win,bounded search or metadata only,
Classic fan,fan:lldb-189,Lemmings platinum Careful Part 2.dat#2,First stop at Japan,92.57,low,,no verified win,bounded search or metadata only,
Classic fan,fan:lldb-189,Lemmings platinum Careful Part 2.dat#3,To build stairs in the dirt,95.75,low,,no verified win,bounded search or metadata only,
Classic fan,fan:lldb-189,Lemmings platinum Careful Part 2.dat#4,Proof Positive,108,low,,no verified win,bounded search or metadata only,
Classic fan,fan:lldb-189,Lemmings platinum Careful Part 2.dat#5,Propersision ZERO,98.75,low,,no verified win,bounded search or metadata only,
Classic fan,fan:lldb-189,Lemmings platinum Careful Part 2.dat#6,Summer De Mexico,93.8,low,,no verified win,bounded search or metadata only,
Classic fan,fan:lldb-189,Lemmings platinum Careful Part 2.dat#7,"Relax,It's Friday",93.35,low,,no verified win,bounded search or metadata only,
Classic fan,fan:lldb-189,Lemmings platinum Careful Part 2.dat#8,Downwardly Mobile Lemmings V2,102,low,,no verified win,bounded search or metadata only,
Classic fan,fan:lldb-189,Lemmings platinum Careful Part 2.dat#9,Fl!pside,98.85,low,,no verified win,bounded search or metadata only,
Classic fan,fan:lldb-19,Mikepak14.dat#0,Oh no! Level 11 more difficult!,84.65,low,,no verified win,bounded search or metadata only,
Classic fan,fan:lldb-19,Mikepak14.dat#1,Oh no! Level 12 more difficult!,83.25,low,,no verified win,bounded search or metadata only,
Classic fan,fan:lldb-19,Mikepak14.dat#2,Oh no! Level 13 more difficult!,62.75,low,,no verified win,bounded search or metadata only,
Classic fan,fan:lldb-19,Mikepak14.dat#3,Oh no! Level 14 more difficult!,61,low,,no verified win,bounded search or metadata only,
Classic fan,fan:lldb-19,Mikepak14.dat#4,Oh no! Level 15 more difficult!,92.3,low,,no verified win,bounded search or metadata only,
Classic fan,fan:lldb-19,Mikepak14.dat#5,Oh no! Level 16 more difficult!,75.25,low,,no verified win,bounded search or metadata only,
Classic fan,fan:lldb-19,Mikepak14.dat#6,Oh no! Level 17 more difficult!,89.5,low,,no verified win,bounded search or metadata only,
Classic fan,fan:lldb-19,Mikepak14.dat#7,Oh no! Level 18 more difficult!,87.45,low,,no verified win,bounded search or metadata only,
Classic fan,fan:lldb-19,Mikepak14.dat#8,Oh no! Level 19 more difficult!,47.15,low,,no verified win,bounded search or metadata only,
Classic fan,fan:lldb-19,Mikepak14.dat#9,Oh no! Level 20 more difficult!,69,low,,no verified win,bounded search or metadata only,
Classic fan,fan:lldb-190,Lemmings platinum Dangerous Part 1.dat#0,Just 2 Minutes,117.3,low,,no verified win,bounded search or metadata only,
Classic fan,fan:lldb-190,Lemmings platinum Dangerous Part 1.dat#1,The boilling Rock,115.45,low,,no verified win,bounded search or metadata only,
Classic fan,fan:lldb-190,Lemmings platinum Dangerous Part 1.dat#10,Tribute to Green Hill Act 2,86,low,,no verified win,bounded search or metadata only,
Classic fan,fan:lldb-190,Lemmings platinum Dangerous Part 1.dat#11,The Cubic Lemmings,95.75,low,,no verified win,bounded search or metadata only,
Classic fan,fan:lldb-190,Lemmings platinum Dangerous Part 1.dat#12,GiVe Me SoMe LeMmInG PuNcH!,95.95,low,,no verified win,bounded search or metadata only,
Classic fan,fan:lldb-190,Lemmings platinum Dangerous Part 1.dat#13,The Great Wall Of China,109.43,low,,no verified win,bounded search or metadata only,
Classic fan,fan:lldb-190,Lemmings platinum Dangerous Part 1.dat#14,The Lemming with Two problems,95.25,low,,no verified win,bounded search or metadata only,
Classic fan,fan:lldb-190,Lemmings platinum Dangerous Part 1.dat#2,Umbrella Land (Part 2),112.88,low,,no verified win,bounded search or metadata only,
Classic fan,fan:lldb-190,Lemmings platinum Dangerous Part 1.dat#3,No time to go over,88.85,low,,no verified win,bounded search or metadata only,
Classic fan,fan:lldb-190,Lemmings platinum Dangerous Part 1.dat#4,Assault and Batteries (Part 1),81.5,low,,no verified win,bounded search or metadata only,
Classic fan,fan:lldb-190,Lemmings platinum Dangerous Part 1.dat#5,Witch way to ZanZiBar?,98.55,low,,no verified win,bounded search or metadata only,
Classic fan,fan:lldb-190,Lemmings platinum Dangerous Part 1.dat#6,Wallace and Gromit's Lem 'n Go,98.55,low,,no verified win,bounded search or metadata only,
Classic fan,fan:lldb-190,Lemmings platinum Dangerous Part 1.dat#7,Deformed Spam and Egg level,107.8,low,,no verified win,bounded search or metadata only,
Classic fan,fan:lldb-190,Lemmings platinum Dangerous Part 1.dat#8,Lemmings on a Mitochondrion,85.6,low,,no verified win,bounded search or metadata only,
Classic fan,fan:lldb-190,Lemmings platinum Dangerous Part 1.dat#9,Fall and no life (Part Three),109.75,low,,no verified win,bounded search or metadata only,
Classic fan,fan:lldb-191,Lemmings platinum Dangerous Part 2.dat#0,The 32-Bit NES Redux,98.75,low,,no verified win,bounded search or metadata only,
Classic fan,fan:lldb-191,Lemmings platinum Dangerous Part 2.dat#1,A minute of brotherly Love!,95.75,low,,no verified win,bounded search or metadata only,
Classic fan,fan:lldb-191,Lemmings platinum Dangerous Part 2.dat#10,Can you dig it?,94,low,,no verified win,bounded search or metadata only,
Classic fan,fan:lldb-191,Lemmings platinum Dangerous Part 2.dat#11,Lemming 2X4,93.9,low,,no verified win,bounded search or metadata only,
Classic fan,fan:lldb-191,Lemmings platinum Dangerous Part 2.dat#12,Not the brightest in the bunch,95.1,low,,no verified win,bounded search or metadata only,
Classic fan,fan:lldb-191,Lemmings platinum Dangerous Part 2.dat#13,The Great Pillar (Lemmix ver.),100.79,low,,no verified win,bounded search or metadata only,
Classic fan,fan:lldb-191,Lemmings platinum Dangerous Part 2.dat#14,Home sweet home,103.25,low,,no verified win,bounded search or metadata only,
Classic fan,fan:lldb-191,Lemmings platinum Dangerous Part 2.dat#2,Quartz Valcano,92.3,low,,no verified win,bounded search or metadata only,
Classic fan,fan:lldb-191,Lemmings platinum Dangerous Part 2.dat#3,Some lemmings swam the moat,100.15,low,,no verified win,bounded search or metadata only,
Classic fan,fan:lldb-191,Lemmings platinum Dangerous Part 2.dat#4,Texas Chainsaw Bomer,100.45,low,,no verified win,bounded search or metadata only,
Classic fan,fan:lldb-191,Lemmings platinum Dangerous Part 2.dat#5,Blast trough the ceilling,103.05,low,,no verified win,bounded search or metadata only,
Classic fan,fan:lldb-191,Lemmings platinum Dangerous Part 2.dat#6,Newton's cradle,84.92,low,,no verified win,bounded search or metadata only,
Classic fan,fan:lldb-191,Lemmings platinum Dangerous Part 2.dat#7,Locked in,83,low,,no verified win,bounded search or metadata only,
Classic fan,fan:lldb-191,Lemmings platinum Dangerous Part 2.dat#8,Higher fish to fry,57.25,low,,no verified win,bounded search or metadata only,
Classic fan,fan:lldb-191,Lemmings platinum Dangerous Part 2.dat#9,Botanical reserch,83,low,,no verified win,bounded search or metadata only,
Classic fan,fan:lldb-192,hubbart8.dat#0,The easy level,80.07,low,,no verified win,bounded search or metadata only,
Classic fan,fan:lldb-192,hubbart8.dat#1,Any idea for a title???,87.34,low,,no verified win,bounded search or metadata only,
Classic fan,fan:lldb-192,hubbart8.dat#2,Another lost civilisation...,67.25,low,,no verified win,bounded search or metadata only,
Classic fan,fan:lldb-192,hubbart8.dat#3,A blue level,77,low,,no verified win,bounded search or metadata only,
Classic fan,fan:lldb-192,hubbart8.dat#4,Level with a twist,80.07,low,,no verified win,bounded search or metadata only,
Classic fan,fan:lldb-192,hubbart8.dat#5,Steel works,74.84,low,,no verified win,bounded search or metadata only,
Classic fan,fan:lldb-192,hubbart8.dat#6,Lemsterdam,93.19,low,,no verified win,bounded search or metadata only,
Classic fan,fan:lldb-193,Gronklems #1.dat#0,Lemmy go,96.07,low,,no verified win,bounded search or metadata only,
Classic fan,fan:lldb-193,Gronklems #1.dat#1,"City lemming, Country lemming",98.55,low,,no verified win,bounded search or metadata only,
Classic fan,fan:lldb-193,Gronklems #1.dat#2,The single pillar incedent,67.25,low,,no verified win,bounded search or metadata only,
Classic fan,fan:lldb-193,Gronklems #1.dat#3,Multitasking  island,100.54,low,,no verified win,bounded search or metadata only,
Classic fan,fan:lldb-193,Gronklems #1.dat#4,The case of the floating dots,86.45,low,,no verified win,bounded search or metadata only,
Classic fan,fan:lldb-193,Gronklems #1.dat#5,Caving lemmings,102,low,,no verified win,bounded search or metadata only,
Classic fan,fan:lldb-193,Gronklems #1.dat#6,Scaffolding,79.88,low,,no verified win,bounded search or metadata only,
Classic fan,fan:lldb-193,Gronklems #1.dat#7,This level is not a joke,113.04,low,,no verified win,bounded search or metadata only,
Classic fan,fan:lldb-193,Gronklems #1.dat#8,Torture machine prototype #74,91.6,low,,no verified win,bounded search or metadata only,
Classic fan,fan:lldb-193,Gronklems #1.dat#9,In the lemming factory,105.55,low,,no verified win,bounded search or metadata only,
Classic fan,fan:lldb-194,ClamSpamXmas10.dat#0,Turnaround demo #Inf,77,low,,no verified win,bounded search or metadata only,
Classic fan,fan:lldb-194,ClamSpamXmas10.dat#1,Wall hacks,77,low,,no verified win,bounded search or metadata only,
Classic fan,fan:lldb-194,ClamSpamXmas10.dat#2,A.T. on a shoestring,75.25,low,,no verified win,bounded search or metadata only,
Classic fan,fan:lldb-194,ClamSpamXmas10.dat#3,Oh... Christmas tree.,72.15,low,,no verified win,bounded search or metadata only,
Classic fan,fan:lldb-195,finpak01.DAT#0,Magic Wishing Wells,87.06,low,,no verified win,bounded search or metadata only,
Classic fan,fan:lldb-195,finpak01.DAT#1,A little bit too short?,80.5,low,,no verified win,bounded search or metadata only,
Classic fan,fan:lldb-195,finpak01.DAT#2,Fiery Depths,104.8,low,,no verified win,bounded search or metadata only,
Classic fan,fan:lldb-195,finpak01.DAT#3,The Lazy Lemming,69,low,,no verified win,bounded search or metadata only,
Classic fan,fan:lldb-195,finpak01.DAT#4,Follow the big red arrow,110.83,low,,no verified win,bounded search or metadata only,
Classic fan,fan:lldb-195,finpak01.DAT#5,Chrysanthemum paradise,64.55,low,,no verified win,bounded search or metadata only,
Classic fan,fan:lldb-196,nortpack1.dat#0,The Crusher,117.3,low,,no verified win,bounded search or metadata only,
Classic fan,fan:lldb-196,nortpack1.dat#1,With All Deliberate Speed,81.38,low,,no verified win,bounded search or metadata only,
Classic fan,fan:lldb-196,nortpack1.dat#2,The Great Outdoors,71.94,low,,no verified win,bounded search or metadata only,
Classic fan,fan:lldb-196,nortpack1.dat#3,Prison Break,106.38,low,,no verified win,bounded search or metadata only,
Classic fan,fan:lldb-196,nortpack1.dat#4,City of Satan,81.38,low,,no verified win,bounded search or metadata only,
Classic fan,fan:lldb-196,nortpack1.dat#5,The Limit,84.96,low,,no verified win,bounded search or metadata only,
Classic fan,fan:lldb-196,nortpack1.dat#6,Ball Pit,90.4,low,,no verified win,bounded search or metadata only,
Classic fan,fan:lldb-196,nortpack1.dat#7,Lem Dunk,113.24,low,,no verified win,bounded search or metadata only,
Classic fan,fan:lldb-196,nortpack1.dat#8,Unidentified Lemming Object,78.56,low,,no verified win,bounded search or metadata only,
Classic fan,fan:lldb-196,nortpack1.dat#9,Crystal Village,103.71,low,,no verified win,bounded search or metadata only,
Classic fan,fan:lldb-197,Pack 2.DAT#0,The Icey Collision,88.87,low,,no verified win,bounded search or metadata only,
Classic fan,fan:lldb-197,Pack 2.DAT#1,THE ULTIMATE MINER,102,low,,no verified win,bounded search or metadata only,
Classic fan,fan:lldb-197,Pack 2.DAT#2,"It was April, 1954, when...",77.93,low,,no verified win,bounded search or metadata only,
Classic fan,fan:lldb-197,Pack 2.DAT#3,But it's down there!,38.53,low,,no verified win,bounded search or metadata only,
Classic fan,fan:lldb-197,Pack 2.DAT#4,Lemming Tool & Die Co.,96.68,low,,no verified win,bounded search or metadata only,
Classic fan,fan:lldb-197,Pack 2.DAT#5,Transmission Interuption Lemming,76.75,low,,no verified win,bounded search or metadata only,
Classic fan,fan:lldb-197,Pack 2.DAT#6,Lemmings vs. the steel industry,103.4,low,,no verified win,bounded search or metadata only,
Classic fan,fan:lldb-197,Pack 2.DAT#7,The Lon Lon,76.53,low,,no verified win,bounded search or metadata only,
Classic fan,fan:lldb-198,PACK3.DAT#0,The Secret of the Hidden Lake,75.12,low,,no verified win,bounded search or metadata only,
Classic fan,fan:lldb-198,PACK3.DAT#1,So who's on first?,77,low,,no verified win,bounded search or metadata only,
Classic fan,fan:lldb-198,PACK3.DAT#2,THE DOMINATIVE IS THE INEVITABLE,97.92,low,,no verified win,bounded search or metadata only,
Classic fan,fan:lldb-198,PACK3.DAT#3,Right left ace spades & side ace,73.25,low,,no verified win,bounded search or metadata only,
Classic fan,fan:lldb-198,PACK3.DAT#4,The Selhajek Arbenition.,83.59,low,,no verified win,bounded search or metadata only,
Classic fan,fan:lldb-198,PACK3.DAT#5,Box of Lemmings-Econo Size,70.75,low,,no verified win,bounded search or metadata only,
Classic fan,fan:lldb-198,PACK3.DAT#6,The Box of Tranquility...or not,58.19,low,,no verified win,bounded search or metadata only,
Classic fan,fan:lldb-198,PACK3.DAT#7,"Kauf, kauft, kaufen Sie...",114.5,low,,no verified win,bounded search or metadata only,
Classic fan,fan:lldb-199,TMChallenge.dat#0,Just as complicated as it looks,112.88,low,,no verified win,bounded search or metadata only,
Classic fan,fan:lldb-199,TMChallenge.dat#1,Smile if you love decoration,98.25,low,,no verified win,bounded search or metadata only,"replay saved mismatch: expected 20, got 0"
Classic fan,fan:lldb-199,TMChallenge.dat#2,Lemming Sherbet,104.75,low,,no verified win,bounded search or metadata only,
Classic fan,fan:lldb-199,TMChallenge.dat#3,Turn around and despair,83.41,low,,no verified win,bounded search or metadata only,
Classic fan,fan:lldb-199,TMChallenge.dat#4,Get a little extra help,98.08,low,,no verified win,bounded search or metadata only,"replay saved mismatch: expected 40, got 0"
Classic fan,fan:lldb-199,TMChallenge.dat#5,Hocus Pocus,102,low,,no verified win,bounded search or metadata only,"replay saved mismatch: expected 5, got 0"
Classic fan,fan:lldb-199,TMChallenge.dat#6,Who you gonna call?,70.25,low,,no verified win,bounded search or metadata only,"replay saved mismatch: expected 77, got 0"
Classic fan,fan:lldb-199,TMChallenge.dat#7,The Frantic Lemming Antic,115.9,low,,no verified win,bounded search or metadata only,"replay saved mismatch: expected 2, got 0"
Classic fan,fan:lldb-199,TMChallenge.dat#8,Enjoy the trip!,108.25,low,,no verified win,bounded search or metadata only,
Classic fan,fan:lldb-199,TMChallenge.dat#9,Forgive Me,83,low,,no verified win,bounded search or metadata only,
Classic fan,fan:lldb-2,geooPk1.dat#0,Upset Lemming,98.75,low,,no verified win,bounded search or metadata only,
Classic fan,fan:lldb-2,geooPk1.dat#1,Twice the same?,71.19,low,,no verified win,bounded search or metadata only,
Classic fan,fan:lldb-2,geooPk1.dat#2,Supaplex Tricks...,106.5,low,,no verified win,bounded search or metadata only,
Classic fan,fan:lldb-2,geooPk1.dat#3,The way up,106.5,low,,no verified win,bounded search or metadata only,
Classic fan,fan:lldb-2,geooPk1.dat#4,More 'No Builder Problems',103.4,low,,no verified win,bounded search or metadata only,
Classic fan,fan:lldb-2,geooPk1.dat#5,Follow Me,80.25,low,,no verified win,bounded search or metadata only,
Classic fan,fan:lldb-2,geooPk1.dat#6,Palace o/t once-hacked Lemmings,120.1,low,,no verified win,bounded search or metadata only,
Classic fan,fan:lldb-2,geooPk1.dat#7,Prepairing their ways,88.6,low,,no verified win,bounded search or metadata only,
Classic fan,fan:lldb-2,geooPk1.dat#8,Trading and Cooperating,115.9,low,,no verified win,bounded search or metadata only,
Classic fan,fan:lldb-2,geooPk1.dat#9,Don't Stop Me Now!,90.75,low,,no verified win,bounded search or metadata only,
Classic fan,fan:lldb-20,ISteve01.DAT#0,Rhapsody,114.28,low,,no verified win,bounded search or metadata only,
Classic fan,fan:lldb-20,ISteve01.DAT#1,The Thin Red Line (Colorblind),87.25,low,,no verified win,bounded search or metadata only,
Classic fan,fan:lldb-20,ISteve01.DAT#2,"It's not that easy, I'm afraid",98.62,low,,no verified win,bounded search or metadata only,
Classic fan,fan:lldb-20,ISteve01.DAT#3,Turning around demo #172,115.9,low,,no verified win,bounded search or metadata only,
Classic fan,fan:lldb-20,ISteve01.DAT#4,BLEEEEEEEEEGGGGGGH!!!,99.32,low,,no verified win,bounded search or metadata only,
Classic fan,fan:lldb-20,ISteve01.DAT#5,Catch-22,71.75,low,,no verified win,bounded search or metadata only,
Classic fan,fan:lldb-20,ISteve01.DAT#6,>>>>wAy Up YoNdEr<<<<,89.12,low,,no verified win,bounded search or metadata only,
Classic fan,fan:lldb-20,ISteve01.DAT#7,Watch Ye Step!,112.06,low,,no verified win,bounded search or metadata only,
Classic fan,fan:lldb-20,ISteve01.DAT#8,Having fun yet? Good.,87.5,low,,no verified win,bounded search or metadata only,
Classic fan,fan:lldb-20,ISteve01.DAT#9,Why can't they just run?,102,low,,no verified win,bounded search or metadata only,
Classic fan,fan:lldb-200,Gronklems #4 (v3)/1) Good Reception.ini#-1,1) Good Reception.ini,90.9,low,,no verified win,bounded search or metadata only,
Classic fan,fan:lldb-200,Gronklems #4 (v3)/10) Controlled Explosion.ini#-1,10) Controlled Explosion.ini,100.25,low,,no verified win,bounded search or metadata only,
Classic fan,fan:lldb-200,Gronklems #4 (v3)/2) Jumble Sale.ini#-1,2) Jumble Sale.ini,89.5,low,,no verified win,bounded search or metadata only,
Classic fan,fan:lldb-200,Gronklems #4 (v3)/3) Lemmite.ini#-1,3) Lemmite.ini,98.55,low,,no verified win,bounded search or metadata only,
Classic fan,fan:lldb-200,Gronklems #4 (v3)/4) The Bashers Temple.ini#-1,4) The Bashers Temple.ini,86.05,low,,no verified win,bounded search or metadata only,
Classic fan,fan:lldb-200,Gronklems #4 (v3)/5) Three Lemmings with One Brick.ini#-1,5) Three Lemmings with One Brick.ini,82.6,low,,no verified win,bounded search or metadata only,
Classic fan,fan:lldb-200,Gronklems #4 (v3)/6) Welcome to Lemmingopolis.ini#-1,6) Welcome to Lemmingopolis.ini,95.1,low,,no verified win,bounded search or metadata only,
Classic fan,fan:lldb-200,Gronklems #4 (v3)/7) The Pendulemming.ini#-1,7) The Pendulemming.ini,104.35,low,,no verified win,bounded search or metadata only,
Classic fan,fan:lldb-200,Gronklems #4 (v3)/8) Which Way to Where.ini#-1,8) Which Way to Where.ini,81.47,low,,no verified win,bounded search or metadata only,
Classic fan,fan:lldb-200,Gronklems #4 (v3)/9) One Gap from Freedom.ini#-1,9) One Gap from Freedom.ini,98.55,low,,no verified win,bounded search or metadata only,
Classic fan,fan:lldb-200,Gronklems #4 (v3)/Extras/E1) The Pendulemming CH.ini#-1,E1) The Pendulemming CH.ini,105.98,low,,no verified win,bounded search or metadata only,
Classic fan,fan:lldb-200,Gronklems #4 (v3)/Extras/E2) Controlled Explosion CH.ini#-1,E2) Controlled Explosion CH.ini,100.25,low,,no verified win,bounded search or metadata only,
Classic fan,fan:lldb-201,1) If Only That Pillar Wasn't There.ini#-1,1) If Only That Pillar Wasn't There.ini,83.69,low,,no verified win,bounded search or metadata only,
Classic fan,fan:lldb-201,10) Lemmington under construction.ini#-1,10) Lemmington under construction.ini,102.32,low,,no verified win,bounded search or metadata only,
Classic fan,fan:lldb-201,2) Wish you had them.ini#-1,2) Wish you had them.ini,101.54,low,,no verified win,bounded search or metadata only,
Classic fan,fan:lldb-201,3) Get on top of the problem.ini#-1,3) Get on top of the problem.ini,102.1,low,,no verified win,bounded search or metadata only,
Classic fan,fan:lldb-201,4) Not a Basher Tutorial.ini#-1,4) Not a Basher Tutorial.ini,93.58,low,,no verified win,bounded search or metadata only,
Classic fan,fan:lldb-201,5) Not as Simple as it Looks.ini#-1,5) Not as Simple as it Looks.ini,83.25,low,,no verified win,bounded search or metadata only,
Classic fan,fan:lldb-201,6) With a Twist!.ini#-1,6) With a Twist!.ini,98.1,low,,no verified win,bounded search or metadata only,
Classic fan,fan:lldb-201,7) Get Your Oven Gloves Out!.ini#-1,7) Get Your Oven Gloves Out!.ini,104.25,low,,no verified win,bounded search or metadata only,
Classic fan,fan:lldb-201,8) Lemming Island.ini#-1,8) Lemming Island.ini,92.3,low,,no verified win,bounded search or metadata only,
Classic fan,fan:lldb-201,9) Ruins of three.ini#-1,9) Ruins of three.ini,109.97,low,,no verified win,bounded search or metadata only,
Classic fan,fan:lldb-202,Askesis.lvl#-1,Askesis.lvl,94.12,low,,no verified win,bounded search or metadata only,
Classic fan,fan:lldb-202,Jacob's Ladder.lvl#-1,Jacob's Ladder.lvl,89.5,low,,no verified win,bounded search or metadata only,
Classic fan,fan:lldb-202,LemmingsInArms.lvl#-1,LemmingsInArms.lvl,107.8,low,,no verified win,bounded search or metadata only,
Classic fan,fan:lldb-202,LemmingsInMotion.lvl#-1,LemmingsInMotion.lvl,95.53,low,,no verified win,bounded search or metadata only,
Classic fan,fan:lldb-202,Ouch Me Head.lvl#-1,Ouch Me Head.lvl,77,low,,no verified win,bounded search or metadata only,
Classic fan,fan:lldb-202,PlanB.lvl#-1,PlanB.lvl,100.38,low,,no verified win,bounded search or metadata only,
Classic fan,fan:lldb-202,Roundabout.lvl#-1,Roundabout.lvl,103.4,low,,no verified win,bounded search or metadata only,
Classic fan,fan:lldb-202,fearfulSymmetry.lvl#-1,fearfulSymmetry.lvl,87.65,low,,no verified win,bounded search or metadata only,
Classic fan,fan:lldb-202,hard to port!.lvl#-1,hard to port!.lvl,100.7,low,,no verified win,bounded search or metadata only,
Classic fan,fan:lldb-202,mobius1.dat#0,Roundabout,103.4,low,,no verified win,bounded search or metadata only,
Classic fan,fan:lldb-202,mobius1.dat#1,Lemmings in Arms,107.8,low,,no verified win,bounded search or metadata only,
Classic fan,fan:lldb-202,mobius1.dat#2,Hard to Port!,100.7,low,,no verified win,bounded search or metadata only,
Classic fan,fan:lldb-202,mobius1.dat#3,Plan B,100.38,low,,no verified win,bounded search or metadata only,
Classic fan,fan:lldb-202,mobius1.dat#4,Lemmings in Motion,95.53,low,,no verified win,bounded search or metadata only,
Classic fan,fan:lldb-202,mobius1.dat#5,Jacob's Ladder,89.5,low,,no verified win,bounded search or metadata only,
Classic fan,fan:lldb-202,mobius1.dat#6,Askesis,94.12,low,,no verified win,bounded search or metadata only,
Classic fan,fan:lldb-202,mobius1.dat#7,A Fearful Symmetry,87.65,low,,no verified win,bounded search or metadata only,
Classic fan,fan:lldb-202,mobius1.dat#8,The Exit is Right There!!,100.7,low,,no verified win,bounded search or metadata only,
Classic fan,fan:lldb-202,mobius1.dat#9,Ouch Me Head,77,low,,no verified win,bounded search or metadata only,
Classic fan,fan:lldb-202,theExitIsRightThere!.lvl#-1,theExitIsRightThere!.lvl,100.7,low,,no verified win,bounded search or metadata only,
Classic fan,fan:lldb-203,Gronklems 6 v2/1) Unclimb that cliff!.ini#-1,1) Unclimb that cliff!.ini,79.88,low,,no verified win,bounded search or metadata only,
Classic fan,fan:lldb-203,Gronklems 6 v2/10) Bring it Together!.ini#-1,10) Bring it Together!.ini,118.7,low,,no verified win,bounded search or metadata only,
Classic fan,fan:lldb-203,Gronklems 6 v2/2) Lemming Storage Facility.ini#-1,2) Lemming Storage Facility.ini,102,low,,no verified win,bounded search or metadata only,
Classic fan,fan:lldb-203,Gronklems 6 v2/3) Mystery Machine.ini#-1,3) Mystery Machine.ini,93.7,low,,no verified win,bounded search or metadata only,
Classic fan,fan:lldb-203,Gronklems 6 v2/4) Balancing Act.ini#-1,4) Balancing Act.ini,95.75,low,,no verified win,bounded search or metadata only,
Classic fan,fan:lldb-203,Gronklems 6 v2/5) Ancient Clockwork.ini#-1,5) Ancient Clockwork.ini,72,low,,no verified win,bounded search or metadata only,
Classic fan,fan:lldb-203,Gronklems 6 v2/6) Radioactive Lemming!.ini#-1,6) Radioactive Lemming!.ini,112.33,low,,no verified win,bounded search or metadata only,
Classic fan,fan:lldb-203,Gronklems 6 v2/7) LemDotAvi.ini#-1,7) LemDotAvi.ini,102,low,,no verified win,bounded search or metadata only,
Classic fan,fan:lldb-203,Gronklems 6 v2/8) Just Over the Hill.ini#-1,8) Just Over the Hill.ini,89.5,low,,no verified win,bounded search or metadata only,
Classic fan,fan:lldb-203,Gronklems 6 v2/9) Emerald City.ini#-1,9) Emerald City.ini,73.5,low,,no verified win,bounded search or metadata only,
Classic fan,fan:lldb-203,Original Levels/1) Unclimb that cliff!.ini#-1,1) Unclimb that cliff!.ini,79.88,low,,no verified win,bounded search or metadata only,
Classic fan,fan:lldb-203,Original Levels/10) Bring it Together!.ini#-1,10) Bring it Together!.ini,117.3,low,,no verified win,bounded search or metadata only,
Classic fan,fan:lldb-203,Original Levels/2) Lemming Storage Facility.ini#-1,2) Lemming Storage Facility.ini,102,low,,no verified win,bounded search or metadata only,
Classic fan,fan:lldb-203,Original Levels/3) Mystery Machine.ini#-1,3) Mystery Machine.ini,93.7,low,,no verified win,bounded search or metadata only,
Classic fan,fan:lldb-203,Original Levels/4) Balancing Act.ini#-1,4) Balancing Act.ini,95.75,low,,no verified win,bounded search or metadata only,
Classic fan,fan:lldb-203,Original Levels/5) Ancient Clockwork.ini#-1,5) Ancient Clockwork.ini,72,low,,no verified win,bounded search or metadata only,
Classic fan,fan:lldb-203,Original Levels/6) Radioactive Lemming!.ini#-1,6) Radioactive Lemming!.ini,112.33,low,,no verified win,bounded search or metadata only,
Classic fan,fan:lldb-203,Original Levels/7) Attack From Four Directions.ini#-1,7) Attack From Four Directions.ini,104.8,low,,no verified win,bounded search or metadata only,
Classic fan,fan:lldb-203,Original Levels/8) Just Over the Hill.ini#-1,8) Just Over the Hill.ini,90.9,low,,no verified win,bounded search or metadata only,
Classic fan,fan:lldb-203,Original Levels/9) Emerald City.ini#-1,9) Emerald City.ini,73.5,low,,no verified win,bounded search or metadata only,
Classic fan,fan:lldb-204,Gronklems #5/1) Inside the Pyramid.ini#-1,1) Inside the Pyramid.ini,101.35,low,,no verified win,bounded search or metadata only,
Classic fan,fan:lldb-204,Gronklems #5/10) The Giants Leap.ini#-1,10) The Giants Leap.ini,113.42,low,,no verified win,bounded search or metadata only,
Classic fan,fan:lldb-204,Gronklems #5/2) Crossing the Chasm.ini#-1,2) Crossing the Chasm.ini,84.65,low,,no verified win,bounded search or metadata only,
Classic fan,fan:lldb-204,Gronklems #5/3) Drifting Away....ini#-1,3) Drifting Away....ini,67.25,low,,no verified win,bounded search or metadata only,
Classic fan,fan:lldb-204,Gronklems #5/4) Brick City.ini#-1,4) Brick City.ini,90.9,low,,no verified win,bounded search or metadata only,
Classic fan,fan:lldb-204,Gronklems #5/5) Bubble Bath.ini#-1,5) Bubble Bath.ini,69,low,,no verified win,bounded search or metadata only,
Classic fan,fan:lldb-204,Gronklems #5/6) Restoration in Progress.ini#-1,6) Restoration in Progress.ini,90.9,low,,no verified win,bounded search or metadata only,
Classic fan,fan:lldb-204,Gronklems #5/7) Where Clouds are Made.ini#-1,7) Where Clouds are Made.ini,101.75,low,,no verified win,bounded search or metadata only,
Classic fan,fan:lldb-204,Gronklems #5/8) Antarctic Secret Base.ini#-1,8) Antarctic Secret Base.ini,95.28,low,,no verified win,bounded search or metadata only,
Classic fan,fan:lldb-204,Gronklems #5/9) Optical Fibre Land.ini#-1,9) Optical Fibre Land.ini,95.75,low,,no verified win,bounded search or metadata only,
Classic fan,fan:lldb-204,Original levels/1) Inside the Pyramid.ini#-1,1) Inside the Pyramid.ini,101.35,low,,no verified win,bounded search or metadata only,
Classic fan,fan:lldb-204,Original levels/10) The Giants Leap.ini#-1,10) The Giants Leap.ini,113.42,low,,no verified win,bounded search or metadata only,
Classic fan,fan:lldb-204,Original levels/2) Crossing the Chasm.ini#-1,2) Crossing the Chasm.ini,84.65,low,,no verified win,bounded search or metadata only,
Classic fan,fan:lldb-204,Original levels/3) Drifting Away....ini#-1,3) Drifting Away....ini,67.25,low,,no verified win,bounded search or metadata only,
Classic fan,fan:lldb-204,Original levels/4) Brick City.ini#-1,4) Brick City.ini,90.9,low,,no verified win,bounded search or metadata only,
Classic fan,fan:lldb-204,Original levels/5) Bubble Bath.ini#-1,5) Bubble Bath.ini,69,low,,no verified win,bounded search or metadata only,
Classic fan,fan:lldb-204,Original levels/6) Restoration in Progress.ini#-1,6) Restoration in Progress.ini,81.5,low,,no verified win,bounded search or metadata only,
Classic fan,fan:lldb-204,Original levels/7) Where Clouds are Made.ini#-1,7) Where Clouds are Made.ini,101.75,low,,no verified win,bounded search or metadata only,
Classic fan,fan:lldb-204,Original levels/8) Antarctic Secret Base.ini#-1,8) Antarctic Secret Base.ini,93.88,low,,no verified win,bounded search or metadata only,
Classic fan,fan:lldb-204,Original levels/9) Optical Fibre Land.ini#-1,9) Optical Fibre Land.ini,87.75,low,,no verified win,bounded search or metadata only,
Classic fan,fan:lldb-205,mobius2.dat#0,Going Down?,97.15,low,,no verified win,bounded search or metadata only,
Classic fan,fan:lldb-205,mobius2.dat#1,The Picard Maneuver part 1,89.5,low,,no verified win,bounded search or metadata only,
Classic fan,fan:lldb-205,mobius2.dat#2,"Exit, Stage Right",99.93,low,,no verified win,bounded search or metadata only,
Classic fan,fan:lldb-205,mobius2.dat#3,The Italian Job,97.15,low,,no verified win,bounded search or metadata only,
Classic fan,fan:lldb-205,mobius2.dat#4,Sneaky Pete,104.8,low,,no verified win,bounded search or metadata only,
Classic fan,fan:lldb-205,mobius2.dat#5,Tinker Tailor Soldier Lemming,107.32,low,,no verified win,bounded search or metadata only,
Classic fan,fan:lldb-205,mobius2.dat#6,Eye of the Needle,92.25,low,,no verified win,bounded search or metadata only,
Classic fan,fan:lldb-205,mobius2.dat#7,Conundrum,89.5,low,,no verified win,bounded search or metadata only,
Classic fan,fan:lldb-205,mobius2.dat#8,The Picard Maneuver part 2,89.5,low,,no verified win,bounded search or metadata only,
Classic fan,fan:lldb-205,mobius2.dat#9,Love and Hard Times,90.9,low,,no verified win,bounded search or metadata only,
Classic fan,fan:lldb-206,1 Transit Timing Variations.ini#-1,1 Transit Timing Variations.ini,91,low,,no verified win,bounded search or metadata only,
Classic fan,fan:lldb-206,10 Just Another Random Brick Level.ini#-1,10 Just Another Random Brick Level.ini,104.33,low,,no verified win,bounded search or metadata only,
Classic fan,fan:lldb-206,2 Three'sCompany.ini#-1,2 Three'sCompany.ini,93.97,low,,no verified win,bounded search or metadata only,
Classic fan,fan:lldb-206,3 Baptism by Fire.ini#-1,3 Baptism by Fire.ini,99.73,low,,no verified win,bounded search or metadata only,
Classic fan,fan:lldb-206,4 Babylon Fading.ini#-1,4 Babylon Fading.ini,93.05,low,,no verified win,bounded search or metadata only,
Classic fan,fan:lldb-206,5 The Lemming With the Golden Gun.ini#-1,5 The Lemming With the Golden Gun.ini,95.3,low,,no verified win,bounded search or metadata only,
Classic fan,fan:lldb-206,6 The French Connection.ini#-1,6 The French Connection.ini,104.8,low,,no verified win,bounded search or metadata only,
Classic fan,fan:lldb-206,7 The Midas Touch.ini#-1,7 The Midas Touch.ini,100.81,low,,no verified win,bounded search or metadata only,
Classic fan,fan:lldb-206,8 Tres Hombres.ini#-1,8 Tres Hombres.ini,104.8,low,,no verified win,bounded search or metadata only,
Classic fan,fan:lldb-206,9 Rude Mood.ini#-1,9 Rude Mood.ini,101.55,low,,no verified win,bounded search or metadata only,
Classic fan,fan:lldb-207,contest1.dat#0,Tres Hombres,117.3,low,,no verified win,bounded search or metadata only,
Classic fan,fan:lldb-207,contest1.dat#1,Prize catch,116.89,low,,no verified win,bounded search or metadata only,
Classic fan,fan:lldb-207,contest1.dat#2,Brute Fours,114.05,low,,no verified win,bounded search or metadata only,
Classic fan,fan:lldb-207,contest1.dat#3,Feel the Pressure,113.95,low,,no verified win,bounded search or metadata only,
Classic fan,fan:lldb-207,contest1.dat#4,Evacuating a Retirement Home,111.84,low,,no verified win,bounded search or metadata only,
Classic fan,fan:lldb-207,contest1.dat#5,A sea of purest green,115.68,low,,no verified win,bounded search or metadata only,
Classic fan,fan:lldb-207,contest1.dat#6,The Isle of Skye,114.82,low,,no verified win,bounded search or metadata only,
Classic fan,fan:lldb-207,contest1.dat#7,"The ""Hole in the Head"" Gang",115.49,low,,no verified win,bounded search or metadata only,
Classic fan,fan:lldb-207,contest1.dat#8,Stroke at Retirement Age,114.28,low,,no verified win,bounded search or metadata only,
Classic fan,fan:lldb-208,Gronklems 7/1) Lemmings Are Not Big Trucks.ini#-1,1) Lemmings Are Not Big Trucks.ini,83.25,low,,no verified win,bounded search or metadata only,
Classic fan,fan:lldb-208,Gronklems 7/10) A DINOSAUR BLOCKS THE WAY.ini#-1,10) A DINOSAUR BLOCKS THE WAY.ini,75,low,,no verified win,bounded search or metadata only,
Classic fan,fan:lldb-208,Gronklems 7/2) Getting Stuck in a Cave.ini#-1,2) Getting Stuck in a Cave.ini,106.38,low,,no verified win,bounded search or metadata only,
Classic fan,fan:lldb-208,Gronklems 7/3) Crossover.ini#-1,3) Crossover.ini,103.4,low,,no verified win,bounded search or metadata only,
Classic fan,fan:lldb-208,Gronklems 7/4) Now use Miners and Builders!.ini#-1,4) Now use Miners and Builders!.ini,77,low,,no verified win,bounded search or metadata only,
Classic fan,fan:lldb-208,Gronklems 7/5) HELP.ini#-1,5) HELP.ini,100.74,low,,no verified win,bounded search or metadata only,
Classic fan,fan:lldb-208,Gronklems 7/6) GLITCHSPACE.ini#-1,6) GLITCHSPACE.ini,81.5,low,,no verified win,bounded search or metadata only,
Classic fan,fan:lldb-208,Gronklems 7/7) Blocked Bridge.ini#-1,7) Blocked Bridge.ini,90.9,low,,no verified win,bounded search or metadata only,
Classic fan,fan:lldb-208,Gronklems 7/8) Industrial Park.ini#-1,8) Industrial Park.ini,92.3,low,,no verified win,bounded search or metadata only,
Classic fan,fan:lldb-208,Gronklems 7/9) Four Quarters.ini#-1,9) Four Quarters.ini,87.75,low,,no verified win,bounded search or metadata only,
Classic fan,fan:lldb-209,grams88 Levels/1)Calder Glen.ini#-1,1)Calder Glen.ini,87.75,low,,no verified win,bounded search or metadata only,
Classic fan,fan:lldb-209,grams88 Levels/10)The Havoc of three.ini#-1,10)The Havoc of three.ini,81.5,low,,no verified win,bounded search or metadata only,
Classic fan,fan:lldb-209,grams88 Levels/2)Dying Lemmings.ini#-1,2)Dying Lemmings.ini,52.88,low,,no verified win,bounded search or metadata only,
Classic fan,fan:lldb-209,grams88 Levels/3)08 BC lost temple.ini#-1,3)08 BC lost temple.ini,77.75,low,,no verified win,bounded search or metadata only,
Classic fan,fan:lldb-209,grams88 Levels/4)Random Dream.ini#-1,4)Random Dream.ini,100.25,low,,no verified win,bounded search or metadata only,
Classic fan,fan:lldb-209,grams88 Levels/5)Lemmings at work.ini#-1,5)Lemmings at work.ini,92.38,low,,no verified win,bounded search or metadata only,
Classic fan,fan:lldb-209,grams88 Levels/6)Linear Level.ini#-1,6)Linear Level.ini,54.75,low,,no verified win,bounded search or metadata only,
Classic fan,fan:lldb-209,grams88 Levels/7)Burst Pipe.ini#-1,7)Burst Pipe.ini,87.75,low,,no verified win,bounded search or metadata only,
Classic fan,fan:lldb-209,grams88 Levels/8)snow endurance.ini#-1,8)snow endurance.ini,88.19,low,,no verified win,bounded search or metadata only,
Classic fan,fan:lldb-209,grams88 Levels/9)Stuck in the pipe.ini#-1,9)Stuck in the pipe.ini,85.88,low,,no verified win,bounded search or metadata only,
Classic fan,fan:lldb-21,ISteve03.dat#0,The Texas Lemming Massacre,112.88,low,,no verified win,bounded search or metadata only,
Classic fan,fan:lldb-21,ISteve03.dat#1,The Loser's Loop,62.5,low,,no verified win,bounded search or metadata only,
Classic fan,fan:lldb-21,ISteve03.dat#2,The Plight of Icarus,100.25,low,,no verified win,bounded search or metadata only,
Classic fan,fan:lldb-21,ISteve03.dat#3,A Towering Proposition,86.45,low,,no verified win,bounded search or metadata only,
Classic fan,fan:lldb-21,ISteve03.dat#4,Bitter-er Lemming,103.25,low,,no verified win,bounded search or metadata only,
Classic fan,fan:lldb-21,ISteve03.dat#5,The Unprofessional Looking Level,108.03,low,,no verified win,bounded search or metadata only,
Classic fan,fan:lldb-21,ISteve03.dat#6,The Narrows,98.62,low,,no verified win,bounded search or metadata only,
Classic fan,fan:lldb-21,ISteve03.dat#7,Split Complementaries,99.9,low,,no verified win,bounded search or metadata only,
Classic fan,fan:lldb-21,ISteve03.dat#8,The Shaft,112.88,low,,no verified win,bounded search or metadata only,
Classic fan,fan:lldb-21,ISteve03.dat#9,4 Pixels (or so) from Victory,49.41,low,,no verified win,bounded search or metadata only,
Classic fan,fan:lldb-210,timelimits.dat#0,The one way block,113.2,low,,no verified win,bounded search or metadata only,
Classic fan,fan:lldb-210,timelimits.dat#1,A simple building level,111.25,low,,no verified win,bounded search or metadata only,
Classic fan,fan:lldb-210,timelimits.dat#2,Enjoy the Ride,102,low,,no verified win,bounded search or metadata only,
Classic fan,fan:lldb-210,timelimits.dat#3,Around the steel,84.92,low,,no verified win,bounded search or metadata only,
Classic fan,fan:lldb-210,timelimits.dat#4,Not too hard...,87.5,low,,no verified win,bounded search or metadata only,
Classic fan,fan:lldb-210,timelimits.dat#5,Shippy Structure,114.6,low,,no verified win,bounded search or metadata only,
Classic fan,fan:lldb-210,timelimits.dat#6,Towards the pit,100.05,low,,no verified win,bounded search or metadata only,
Classic fan,fan:lldb-210,timelimits.dat#7,Digging the pillar away,100.05,low,,no verified win,bounded search or metadata only,
Classic fan,fan:lldb-210,timelimits.dat#8,Quickly through that tunnel!,101.75,low,,no verified win,bounded search or metadata only,
Classic fan,fan:lldb-210,timelimits.dat#9,Black Web,105,low,,no verified win,bounded search or metadata only,
Classic fan,fan:lldb-211,More Levels/1)Go for life.ini#-1,1)Go for life.ini,72.94,low,,no verified win,bounded search or metadata only,
Classic fan,fan:lldb-211,More Levels/10)Mr Havoc has returned.ini#-1,10)Mr Havoc has returned.ini,81.25,low,,no verified win,bounded search or metadata only,
Classic fan,fan:lldb-211,More Levels/2)A tiny problem.ini#-1,2)A tiny problem.ini,88.3,low,,no verified win,bounded search or metadata only,
Classic fan,fan:lldb-211,More Levels/3)House location change.ini#-1,3)House location change.ini,101.3,low,,no verified win,bounded search or metadata only,
Classic fan,fan:lldb-211,More Levels/4)Ice morning not.ini#-1,4)Ice morning not.ini,100.25,low,,no verified win,bounded search or metadata only,
Classic fan,fan:lldb-211,More Levels/5)Sacrifice.ini#-1,5)Sacrifice.ini,85.75,low,,no verified win,bounded search or metadata only,
Classic fan,fan:lldb-211,More Levels/6)Ten allowed to die.ini#-1,6)Ten allowed to die.ini,63.19,low,,no verified win,bounded search or metadata only,
Classic fan,fan:lldb-211,More Levels/7)Lemming Factory.ini#-1,7)Lemming Factory.ini,76.3,low,,no verified win,bounded search or metadata only,
Classic fan,fan:lldb-211,More Levels/8)Plan Carefully.ini#-1,8)Plan Carefully.ini,61,low,,no verified win,bounded search or metadata only,
Classic fan,fan:lldb-211,More Levels/9)High sand castle.ini#-1,9)High sand castle.ini,98.38,low,,no verified win,bounded search or metadata only,
Classic fan,fan:lldb-212,PACK4.DAT#0,QUICK EVACUATION PROCEDURE 57...,89.5,low,,no verified win,bounded search or metadata only,
Classic fan,fan:lldb-212,PACK4.DAT#1,I think we forgot something...,69,low,,no verified win,bounded search or metadata only,
Classic fan,fan:lldb-212,PACK4.DAT#2,"""I suppose that's an exception?""",103.18,low,,no verified win,bounded search or metadata only,
Classic fan,fan:lldb-212,PACK4.DAT#3,Another one o' them line levels?,108.25,low,,no verified win,bounded search or metadata only,
Classic fan,fan:lldb-212,PACK4.DAT#4,The old abandoned mine shafts...,61,low,,no verified win,bounded search or metadata only,
Classic fan,fan:lldb-212,PACK4.DAT#5,Who thought up THIS stupid wall?,99.95,low,,no verified win,bounded search or metadata only,
Classic fan,fan:lldb-212,PACK4.DAT#6,The Pipes,97.81,low,,no verified win,bounded search or metadata only,
Classic fan,fan:lldb-212,PACK4.DAT#7,There seems to be a problem dude,95.5,low,,no verified win,bounded search or metadata only,
Classic fan,fan:lldb-213,JamPack01prev.dat#0,Click Right In Tick,64.12,low,,no verified win,bounded search or metadata only,
Classic fan,fan:lldb-213,JamPack01prev.dat#1,Bomb Your Own Hole,67.05,low,,no verified win,bounded search or metadata only,
Classic fan,fan:lldb-213,JamPack01prev.dat#2,Crystal Clearance,88.85,low,,no verified win,bounded search or metadata only,
Classic fan,fan:lldb-213,JamPack01prev.dat#3,Moss And Iron,86.05,low,,no verified win,bounded search or metadata only,
Classic fan,fan:lldb-213,JamPack01prev.dat#4,Burn Bridges Behind,74.9,low,,no verified win,bounded search or metadata only,
Classic fan,fan:lldb-214,LF Level Jam #1.dat#0,Miracle Freezly,104.15,low,,no verified win,bounded search or metadata only,
Classic fan,fan:lldb-214,LF Level Jam #1.dat#1,Electric Factory,82.62,low,,no verified win,bounded search or metadata only,
Classic fan,fan:lldb-214,LF Level Jam #1.dat#2,The Pillars of Creation,90.9,low,,no verified win,bounded search or metadata only,
Classic fan,fan:lldb-214,LF Level Jam #1.dat#3,Mazeochism,103.15,low,,no verified win,bounded search or metadata only,
Classic fan,fan:lldb-214,LF Level Jam #1.dat#4,Switchback Symmetry,77.93,low,,no verified win,bounded search or metadata only,
Classic fan,fan:lldb-214,LF Level Jam #1.dat#5,Utopia,102,low,,no verified win,bounded search or metadata only,
Classic fan,fan:lldb-214,LF Level Jam #1.dat#6,Crysilis,95.75,low,,no verified win,bounded search or metadata only,
Classic fan,fan:lldb-214,LF Level Jam #1.dat#7,Lemming Sound System,61.52,low,,no verified win,bounded search or metadata only,
Classic fan,fan:lldb-215,1 Fracture.ini#-1,1 Fracture.ini,98.75,low,,no verified win,bounded search or metadata only,
Classic fan,fan:lldb-215,10 suspended animation.ini#-1,10 suspended animation.ini,100.45,low,,no verified win,bounded search or metadata only,
Classic fan,fan:lldb-215,2 Over My Head.ini#-1,2 Over My Head.ini,106.5,low,,no verified win,bounded search or metadata only,
Classic fan,fan:lldb-215,3 It Takes Time to Build.ini#-1,3 It Takes Time to Build.ini,94.49,low,,no verified win,bounded search or metadata only,
Classic fan,fan:lldb-215,4 Hook Line and Sinker.ini#-1,4 Hook Line and Sinker.ini,98.55,low,,no verified win,bounded search or metadata only,
Classic fan,fan:lldb-215,5 five for fighting.ini#-1,5 five for fighting.ini,97.15,low,,no verified win,bounded search or metadata only,
Classic fan,fan:lldb-215,6 Last Lemming Standing.ini#-1,6 Last Lemming Standing.ini,98.55,low,,no verified win,bounded search or metadata only,
Classic fan,fan:lldb-215,7 Fractured.ini#-1,7 Fractured.ini,105,low,,no verified win,bounded search or metadata only,
Classic fan,fan:lldb-215,8 Operation Barbarossa.ini#-1,8 Operation Barbarossa.ini,84.65,low,,no verified win,bounded search or metadata only,
Classic fan,fan:lldb-215,9 The Lemming Lies Down on Broadway.ini#-1,9 The Lemming Lies Down on Broadway.ini,101.23,low,,no verified win,bounded search or metadata only,
Classic fan,fan:lldb-216,LEVELPAK.DAT#0,Climb to victory,120.02,medium,206074a7700bea6b6717e379314fde3df5ffb1dd6583a05d75f87fb7f8048e58,verified win,replay verified,
Classic fan,fan:lldb-216,LEVELPAK.DAT#1,Save the Lemmings with Floaters,232.61,medium,20df2c8c89ee28a95addb1782761e564d1900b99400f33364eb27bc653ea8848,verified win,replay verified,
Classic fan,fan:lldb-216,LEVELPAK.DAT#2,"Dig Down, Bash Across",283.7,medium,31a5bd7eb0aee8c03c454359833ce3289c8a204354dd2550a15c1a242acd638d,verified win,replay verified,
Classic fan,fan:lldb-216,LEVELPAK.DAT#3,"Block first, Explode second",52.62,low,,no verified win,bounded search or metadata only,
Classic fan,fan:lldb-216,LEVELPAK.DAT#4,"Bridge Across, Mine Through",52.75,low,,no verified win,bounded search or metadata only,
Classic fan,fan:lldb-216,LEVELPAK.DAT#5,BashintheDirectionoftheArrows,60.75,low,,no verified win,bounded search or metadata only,
Classic fan,fan:lldb-216,LEVELPAK.DAT#6,Crystal point,98.75,low,,no verified win,bounded search or metadata only,
Classic fan,fan:lldb-216,LEVELPAK.DAT#7,"So near, so far",81.5,low,,no verified win,bounded search or metadata only,
Classic fan,fan:lldb-216,LEVELPAK.DAT#8,Pillar talking,81.25,low,,no verified win,bounded search or metadata only,
Classic fan,fan:lldb-216,LEVELPAK.DAT#9,Just 17,112.69,low,,no verified win,bounded search or metadata only,
Classic fan,fan:lldb-217,PSP Special.dat#0,Down the line,69,low,,no verified win,bounded search or metadata only,
Classic fan,fan:lldb-217,PSP Special.dat#1,A to B,94,low,,no verified win,bounded search or metadata only,
Classic fan,fan:lldb-217,PSP Special.dat#10,Seeing double!,84.92,low,,no verified win,bounded search or metadata only,
Classic fan,fan:lldb-217,PSP Special.dat#11,The Wormery,60.75,low,,no verified win,bounded search or metadata only,
Classic fan,fan:lldb-217,PSP Special.dat#12,The Flood,89.5,low,,no verified win,bounded search or metadata only,
Classic fan,fan:lldb-217,PSP Special.dat#13,with a little help from my Lem,83.25,low,,no verified win,bounded search or metadata only,
Classic fan,fan:lldb-217,PSP Special.dat#14,Not as easy as it looks,69.12,low,,no verified win,bounded search or metadata only,
Classic fan,fan:lldb-217,PSP Special.dat#15,Back of the net!,92.38,low,,no verified win,bounded search or metadata only,
Classic fan,fan:lldb-217,PSP Special.dat#2,Chain reaction,57.75,low,,no verified win,bounded search or metadata only,
Classic fan,fan:lldb-217,PSP Special.dat#3,Tunnel vision,90.9,low,,no verified win,bounded search or metadata only,
Classic fan,fan:lldb-217,PSP Special.dat#4,Two good friends,75.25,low,,no verified win,bounded search or metadata only,
Classic fan,fan:lldb-217,PSP Special.dat#5,One man does all the hard work,75.25,low,,no verified win,bounded search or metadata only,
Classic fan,fan:lldb-217,PSP Special.dat#6,Release is the word,81.38,low,,no verified win,bounded search or metadata only,
Classic fan,fan:lldb-217,PSP Special.dat#7,The run around,83.25,low,,no verified win,bounded search or metadata only,
Classic fan,fan:lldb-217,PSP Special.dat#8,Three steps to heaven,102,low,,no verified win,bounded search or metadata only,
Classic fan,fan:lldb-217,PSP Special.dat#9,Lemming toast,97.15,low,,no verified win,bounded search or metadata only,
Classic fan,fan:lldb-218,PSP Special2.dat#0,Wrong points of view,79.62,low,,no verified win,bounded search or metadata only,
Classic fan,fan:lldb-218,PSP Special2.dat#1,FloatinLightatLemmingHeadHeight,72.33,low,,no verified win,bounded search or metadata only,
Classic fan,fan:lldb-218,PSP Special2.dat#2,A Bridge Over Lemming Slaugter,98.75,low,,no verified win,bounded search or metadata only,
Classic fan,fan:lldb-218,PSP Special2.dat#3,The stairs are not floored,106.95,low,,no verified win,bounded search or metadata only,
Classic fan,fan:lldb-218,PSP Special2.dat#4,Quickly now,67,low,,no verified win,bounded search or metadata only,
Classic fan,fan:lldb-218,PSP Special2.dat#5,Gather round and break away,83,low,,no verified win,bounded search or metadata only,
Classic fan,fan:lldb-218,PSP Special2.dat#6,Cagey business,83.25,low,,no verified win,bounded search or metadata only,
Classic fan,fan:lldb-218,PSP Special2.dat#7,"Born a blocker, die a blocker",49.15,low,,no verified win,bounded search or metadata only,
Classic fan,fan:lldb-218,PSP Special2.dat#8,No justice for the hero,73.62,low,,no verified win,bounded search or metadata only,
Classic fan,fan:lldb-218,PSP Special2.dat#9,Notch what you think it is!,79.88,low,,no verified win,bounded search or metadata only,
Classic fan,fan:lldb-219,Nepster01_V6.DAT#0,Dunes,367.72,medium,70d7a2be0b8c4bcaf929c71ada13674d5333de27b6c4dc7080d56f7c13ddcff6,verified win,replay verified,
Classic fan,fan:lldb-219,Nepster01_V6.DAT#1,Dying Dream,228.62,medium,0f4de6674d858044531ae839e59c3f2cfdf8d89a7815fe37d125a644306c171b,verified win,replay verified,
Classic fan,fan:lldb-219,Nepster01_V6.DAT#2,Lemming Playground,406.42,medium,d2b4332817ec87d3b01205d5402286c0c04555ddc80e7d9014a9944a866fed38,verified win,replay verified,
Classic fan,fan:lldb-219,Nepster01_V6.DAT#3,Time Gate,429.32,medium,86367dd440b3d82b2d63f95c727513a24ca7d4d550546277c428ccbaaffefd12,verified win,replay verified,
Classic fan,fan:lldb-219,Nepster01_V6.DAT#4,Travelling Lemmings,575.09,medium,a13d8b4da51c9e84051ad5541e08d7062943bef06c0d3e7c0af5a84dc0952ad7,verified win,replay verified,
Classic fan,fan:lldb-219,Nepster01_V6.DAT#5,Dirt Runner,297.79,medium,3c082711d202851d57450c74f9684748ea80e6e5dba9d32887b642339fe659f7,verified win,replay verified,
Classic fan,fan:lldb-219,Nepster01_V6.DAT#6,Just a random heap of junk!,454.46,medium,7645036804e853d831e4a175172d9c53b82cdc4f95509dded80a945f3bcc6319,verified win,replay verified,
Classic fan,fan:lldb-219,Nepster01_V6.DAT#7,Broken Symmetry,371.03,medium,e0f9a46edd722e7110d82fe146b7bfb254d03bc60f1b5aacaebd160ca7d26049,verified win,replay verified,
Classic fan,fan:lldb-219,Nepster01_V6.DAT#8,Bashing & Building,375.11,medium,4a9880acd3a818f9ddb077591e203da062a831c60b89b919c65201069275cba0,verified win,replay verified,
Classic fan,fan:lldb-219,Nepster01_V6.DAT#9,Devil's Right Hand,533.39,medium,537003a730914cd558d97d9c8fdb7262bed6f305aabf1cf89a841008632d2ea6,verified win,replay verified,
Classic fan,fan:lldb-22,ISteve08.dat#0,They Just Won't Climb the Wall,112.65,low,,no verified win,bounded search or metadata only,
Classic fan,fan:lldb-22,ISteve08.dat#1,Agitator,86.05,low,,no verified win,bounded search or metadata only,
Classic fan,fan:lldb-22,ISteve08.dat#2,3\4,109.18,low,,no verified win,bounded search or metadata only,
Classic fan,fan:lldb-22,ISteve08.dat#3,STEEL BALL DA-DA-DA!,87.5,low,,no verified win,bounded search or metadata only,
Classic fan,fan:lldb-22,ISteve08.dat#4,A Tribute to Masonry,86.12,low,,no verified win,bounded search or metadata only,
Classic fan,fan:lldb-22,ISteve08.dat#5,A Tribute to Masonry (Part 2),84.5,low,,no verified win,bounded search or metadata only,
Classic fan,fan:lldb-22,ISteve08.dat#6,The Perch,114.5,low,,no verified win,bounded search or metadata only,
Classic fan,fan:lldb-22,ISteve08.dat#7,Separation Anxiety,75,low,,no verified win,bounded search or metadata only,
Classic fan,fan:lldb-22,ISteve08.dat#8,Betcha can't lose just one!,106.38,low,,no verified win,bounded search or metadata only,
Classic fan,fan:lldb-22,ISteve08.dat#9,I Traded Them for Climbers,101.53,low,,no verified win,bounded search or metadata only,
Classic fan,fan:lldb-220,AkseliPack01.dat#0,Sparkle & Glitter,83.03,low,,no verified win,bounded search or metadata only,
Classic fan,fan:lldb-220,AkseliPack01.dat#1,The Glade of Disbelief,74.95,low,,no verified win,bounded search or metadata only,
Classic fan,fan:lldb-220,AkseliPack01.dat#2,For Mr. Dodochacalo & Mr. Pieuw,87.45,low,,no verified win,bounded search or metadata only,
Classic fan,fan:lldb-220,AkseliPack01.dat#3,Winter Solstice,100.15,low,,no verified win,bounded search or metadata only,
Classic fan,fan:lldb-220,AkseliPack01.dat#4,Feel the Pressure,114.6,low,,no verified win,bounded search or metadata only,
Classic fan,fan:lldb-220,AkseliPack01.dat#5,Why do you all look the same?,90.9,low,,no verified win,bounded search or metadata only,
Classic fan,fan:lldb-220,AkseliPack01.dat#6,In the Core,78.76,low,,no verified win,bounded search or metadata only,
Classic fan,fan:lldb-220,AkseliPack01.dat#7,Pedantic Lemmings,114.6,low,,no verified win,bounded search or metadata only,
Classic fan,fan:lldb-220,AkseliPack01.dat#8,Crysilis,95.75,low,,no verified win,bounded search or metadata only,
Classic fan,fan:lldb-220,AkseliPack01.dat#9,Zygoptera,78.88,low,,no verified win,bounded search or metadata only,
Classic fan,fan:lldb-221,ANTHPCK1.DAT#0,Mount. Bashmore,75.25,low,,no verified win,bounded search or metadata only,
Classic fan,fan:lldb-221,ANTHPCK1.DAT#1,Climbing all the way,152.9,medium,4e70e180c089363971a6ad4d04fb8aa94a912c7f572fa8594cd94cca55182de9,verified win,replay verified,
Classic fan,fan:lldb-221,ANTHPCK1.DAT#2,The builders yard,97.94,low,,no verified win,bounded search or metadata only,
Classic fan,fan:lldb-221,ANTHPCK1.DAT#3,A Problemming for diggers,83.45,low,,no verified win,bounded search or metadata only,
Classic fan,fan:lldb-221,ANTHPCK1.DAT#4,The metal walkway,114.5,low,,no verified win,bounded search or metadata only,
Classic fan,fan:lldb-221,ANTHPCK1.DAT#5,Drop zone!,69.47,low,,no verified win,bounded search or metadata only,
Classic fan,fan:lldb-221,ANTHPCK1.DAT#6,Roman rendezvous,87.75,low,,no verified win,bounded search or metadata only,
Classic fan,fan:lldb-221,ANTHPCK1.DAT#7,A trap of tricks,104.33,low,,no verified win,bounded search or metadata only,
Classic fan,fan:lldb-221,ANTHPCK1.DAT#8,The searing heat!!!,89.61,low,,no verified win,bounded search or metadata only,
Classic fan,fan:lldb-221,ANTHPCK1.DAT#9,Unused blank generic level,2.86,high,56336e3748f1959f040da7f09808ff50102f68f1288f0d0aa09a4dc8dcd72e16,verified win,replay verified,
Classic fan,fan:lldb-222,ANTHPCK2.DAT#0,Worm your way now...,81.5,low,,no verified win,bounded search or metadata only,
Classic fan,fan:lldb-222,ANTHPCK2.DAT#1,A twisted Platform,93.09,low,,no verified win,bounded search or metadata only,
Classic fan,fan:lldb-222,ANTHPCK2.DAT#2,Bridge Doom,74.82,low,,no verified win,bounded search or metadata only,
Classic fan,fan:lldb-222,ANTHPCK2.DAT#3,Seems simple enough...but,102,low,,no verified win,bounded search or metadata only,
Classic fan,fan:lldb-222,ANTHPCK2.DAT#4,The Crystal Maze,87.62,low,,no verified win,bounded search or metadata only,
Classic fan,fan:lldb-222,ANTHPCK2.DAT#5,One plan is...,89.5,low,,no verified win,bounded search or metadata only,
Classic fan,fan:lldb-222,ANTHPCK2.DAT#6,The exit is blocked,97.15,low,,no verified win,bounded search or metadata only,
Classic fan,fan:lldb-222,ANTHPCK2.DAT#7,Only a minute now...,93.19,low,,no verified win,bounded search or metadata only,
Classic fan,fan:lldb-222,ANTHPCK2.DAT#8,Not the obvious route,69.12,low,,no verified win,bounded search or metadata only,
Classic fan,fan:lldb-222,ANTHPCK2.DAT#9,Speedy Gone-lemming,99.16,low,,no verified win,bounded search or metadata only,
Classic fan,fan:lldb-223,ANTHPCK3.DAT#0,Tailor-made for builders,69,low,,no verified win,bounded search or metadata only,
Classic fan,fan:lldb-223,ANTHPCK3.DAT#1,A pillar runs through it,99.56,low,,no verified win,bounded search or metadata only,
Classic fan,fan:lldb-223,ANTHPCK3.DAT#2,One walked over the lemming nest,87.75,low,,no verified win,bounded search or metadata only,
Classic fan,fan:lldb-223,ANTHPCK3.DAT#3,Turn baby Turn.,97,low,,no verified win,bounded search or metadata only,
Classic fan,fan:lldb-223,ANTHPCK3.DAT#4,The lemming bedroom,104.18,low,,no verified win,bounded search or metadata only,
Classic fan,fan:lldb-223,ANTHPCK3.DAT#5,Bomb Box!,64.47,low,,no verified win,bounded search or metadata only,
Classic fan,fan:lldb-223,ANTHPCK3.DAT#6,Down in the dumps,92.78,low,,no verified win,bounded search or metadata only,
Classic fan,fan:lldb-223,ANTHPCK3.DAT#7,A trapdoor above the rest.,103.4,low,,no verified win,bounded search or metadata only,
Classic fan,fan:lldb-223,ANTHPCK3.DAT#8,Loud and Clear,94.12,low,,no verified win,bounded search or metadata only,
Classic fan,fan:lldb-223,ANTHPCK3.DAT#9,Spiders from Stars,114.64,low,,no verified win,bounded search or metadata only,
Classic fan,fan:lldb-224,ANTHPCK4.DAT#0,Snow Lev 1,225.57,medium,1da5e6a364ff81703a6cd86ae6220566a3467f59577fa57e763e772caee1a743,verified win,replay verified,
Classic fan,fan:lldb-224,ANTHPCK4.DAT#1,Snow Lev 2,95.25,low,,no verified win,bounded search or metadata only,
Classic fan,fan:lldb-224,ANTHPCK4.DAT#2,Snow Lev 3,91.28,low,,no verified win,bounded search or metadata only,
Classic fan,fan:lldb-224,ANTHPCK4.DAT#3,Snow Lev 4,57,low,,no verified win,bounded search or metadata only,
Classic fan,fan:lldb-224,ANTHPCK4.DAT#4,Snow Lev 5,79.75,low,,no verified win,bounded search or metadata only,
Classic fan,fan:lldb-224,ANTHPCK4.DAT#6,Snow Lev 7,84,low,,no verified win,bounded search or metadata only,
Classic fan,fan:lldb-224,ANTHPCK4.DAT#7,Snow Lev 8,84.38,low,,no verified win,bounded search or metadata only,
Classic fan,fan:lldb-224,ANTHPCK4.DAT#8,Snow Lev 9,89.5,low,,no verified win,bounded search or metadata only,
Classic fan,fan:lldb-224,ANTHPCK4.DAT#9,Snow Lev 10,93.9,low,,no verified win,bounded search or metadata only,
Classic fan,fan:lldb-225,ANTHPCK5.DAT#0,The wall of death,101.59,low,,no verified win,bounded search or metadata only,
Classic fan,fan:lldb-225,ANTHPCK5.DAT#1,The delivery service,102,low,,no verified win,bounded search or metadata only,
Classic fan,fan:lldb-225,ANTHPCK5.DAT#2,The quick and the dead,94,low,,no verified win,bounded search or metadata only,
Classic fan,fan:lldb-225,ANTHPCK5.DAT#3,Scaffolding,113.57,low,,no verified win,bounded search or metadata only,
Classic fan,fan:lldb-225,ANTHPCK5.DAT#4,The holy path,109.65,low,,no verified win,bounded search or metadata only,
Classic fan,fan:lldb-225,ANTHPCK5.DAT#5,Alexander Lemming,105.81,low,,no verified win,bounded search or metadata only,
Classic fan,fan:lldb-225,ANTHPCK5.DAT#6,Tunneling under,94,low,,no verified win,bounded search or metadata only,
Classic fan,fan:lldb-225,ANTHPCK5.DAT#7,Waste High!,94.19,low,,no verified win,bounded search or metadata only,
Classic fan,fan:lldb-225,ANTHPCK5.DAT#8,Latitudal lemmings,95.75,low,,no verified win,bounded search or metadata only,
Classic fan,fan:lldb-225,ANTHPCK5.DAT#9,Lem- me- in.,93.59,low,,no verified win,bounded search or metadata only,
Classic fan,fan:lldb-226,ANTHPCK6.DAT#0,Now thats impossible!,72.41,low,,no verified win,bounded search or metadata only,
Classic fan,fan:lldb-226,ANTHPCK6.DAT#1,Boldly They Rode...,115.9,low,,no verified win,bounded search or metadata only,
Classic fan,fan:lldb-226,ANTHPCK6.DAT#2,FourPlay Part 1,75.56,low,,no verified win,bounded search or metadata only,
Classic fan,fan:lldb-226,ANTHPCK6.DAT#3,Conlemmed to hell.,83.69,low,,no verified win,bounded search or metadata only,
Classic fan,fan:lldb-226,ANTHPCK6.DAT#4,Solve this one,98.48,low,,no verified win,bounded search or metadata only,
Classic fan,fan:lldb-226,ANTHPCK6.DAT#5,Step lemmings,93.59,low,,no verified win,bounded search or metadata only,
Classic fan,fan:lldb-226,ANTHPCK6.DAT#6,Under and out,114.5,low,,no verified win,bounded search or metadata only,
Classic fan,fan:lldb-226,ANTHPCK6.DAT#7,Lemmings say Hello!,81.5,low,,no verified win,bounded search or metadata only,
Classic fan,fan:lldb-226,ANTHPCK6.DAT#8,FourPlay Part 2,87.75,low,,no verified win,bounded search or metadata only,
Classic fan,fan:lldb-226,ANTHPCK6.DAT#9,The world wide web,90.25,low,,no verified win,bounded search or metadata only,
Classic fan,fan:lldb-227,ANTHPCK7.DAT#0,The hot spot!,102,low,,no verified win,bounded search or metadata only,
Classic fan,fan:lldb-227,ANTHPCK7.DAT#1,Lemmings on 'lemmings',112.06,low,,no verified win,bounded search or metadata only,
Classic fan,fan:lldb-227,ANTHPCK7.DAT#2,Burning Zone,101.37,low,,no verified win,bounded search or metadata only,
Classic fan,fan:lldb-227,ANTHPCK7.DAT#3,The forgotten...,85.58,low,,no verified win,bounded search or metadata only,
Classic fan,fan:lldb-227,ANTHPCK7.DAT#4,The lemmings of Antioch,115.92,low,,no verified win,bounded search or metadata only,
Classic fan,fan:lldb-227,ANTHPCK7.DAT#5,Crystal Ball cavern,111.05,low,,no verified win,bounded search or metadata only,
Classic fan,fan:lldb-227,ANTHPCK7.DAT#6,Too hot to handle,115.57,low,,no verified win,bounded search or metadata only,
Classic fan,fan:lldb-227,ANTHPCK7.DAT#7,Mt Lemerest!,115.09,low,,no verified win,bounded search or metadata only,
Classic fan,fan:lldb-227,ANTHPCK7.DAT#8,Breaking through the Wall,97.94,low,,no verified win,bounded search or metadata only,
Classic fan,fan:lldb-227,ANTHPCK7.DAT#9,Unused blank generic level,2.86,high,56336e3748f1959f040da7f09808ff50102f68f1288f0d0aa09a4dc8dcd72e16,verified win,replay verified,
Classic fan,fan:lldb-228,CALEPCK2.DAT#0,Calling on the lemmaphone.,91.69,low,,no verified win,bounded search or metadata only,
Classic fan,fan:lldb-228,CALEPCK2.DAT#1,A nightmarish place to be,93.7,low,,no verified win,bounded search or metadata only,
Classic fan,fan:lldb-228,CALEPCK2.DAT#2,Double Diamond,91.49,low,,no verified win,bounded search or metadata only,
Classic fan,fan:lldb-228,CALEPCK2.DAT#3,50 below....,101.19,low,,no verified win,bounded search or metadata only,
Classic fan,fan:lldb-228,CALEPCK2.DAT#4,Some Lems need to Learn to Wait,101.19,low,,no verified win,bounded search or metadata only,
Classic fan,fan:lldb-228,CALEPCK2.DAT#5,Rugged Growth.....,89.5,low,,no verified win,bounded search or metadata only,
Classic fan,fan:lldb-228,CALEPCK2.DAT#6,Considerate Lemming...,75.25,low,,no verified win,bounded search or metadata only,
Classic fan,fan:lldb-228,CALEPCK2.DAT#7,Behind Bars....,108.25,low,,no verified win,bounded search or metadata only,
Classic fan,fan:lldb-228,CALEPCK2.DAT#8,Temple of Fear...,98.55,low,,no verified win,bounded search or metadata only,
Classic fan,fan:lldb-228,CALEPCK2.DAT#9,The Quad Squad....,76.75,low,,no verified win,bounded search or metadata only,
Classic fan,fan:lldb-229,CALEPCK3.DAT#0,The Tea-Room...,104.15,low,,no verified win,bounded search or metadata only,
Classic fan,fan:lldb-229,CALEPCK3.DAT#1,Squeezable Lemmings,100.25,low,,no verified win,bounded search or metadata only,
Classic fan,fan:lldb-229,CALEPCK3.DAT#2,2 climbers 1 parachute,93.19,low,,no verified win,bounded search or metadata only,
Classic fan,fan:lldb-229,CALEPCK3.DAT#3,Bombing thru the plumbing,84.5,low,,no verified win,bounded search or metadata only,
Classic fan,fan:lldb-229,CALEPCK3.DAT#4,Gentle Steps...,106.3,low,,no verified win,bounded search or metadata only,
Classic fan,fan:lldb-229,CALEPCK3.DAT#5,The shaken Tower...,109.24,low,,no verified win,bounded search or metadata only,
Classic fan,fan:lldb-229,CALEPCK3.DAT#6,Poy's Folly...,102,low,,no verified win,bounded search or metadata only,
Classic fan,fan:lldb-229,CALEPCK3.DAT#7,The Magnificant...,81.95,low,,no verified win,bounded search or metadata only,
Classic fan,fan:lldb-229,CALEPCK3.DAT#8,Life in the new world...,107.17,low,,no verified win,bounded search or metadata only,
Classic fan,fan:lldb-229,CALEPCK3.DAT#9,Unused blank generic level,2.86,high,56336e3748f1959f040da7f09808ff50102f68f1288f0d0aa09a4dc8dcd72e16,verified win,replay verified,
Classic fan,fan:lldb-23,ISteve02.dat#0,A Tribute to Flagpole Sitting,101.62,low,,no verified win,bounded search or metadata only,
Classic fan,fan:lldb-23,ISteve02.dat#1,Flugtag!,114.5,low,,no verified win,bounded search or metadata only,
Classic fan,fan:lldb-23,ISteve02.dat#2,The Razor's Edge,93.46,low,,no verified win,bounded search or metadata only,
Classic fan,fan:lldb-23,ISteve02.dat#3,Back With Ye!,62.75,low,,no verified win,bounded search or metadata only,
Classic fan,fan:lldb-23,ISteve02.dat#4,-->  Wrong Way!  -->,111.25,low,,no verified win,bounded search or metadata only,
Classic fan,fan:lldb-23,ISteve02.dat#5,Is So Easy!,103.25,low,,no verified win,bounded search or metadata only,
Classic fan,fan:lldb-23,ISteve02.dat#6,Rip your hair out Mr. Lemming,114.5,low,,no verified win,bounded search or metadata only,
Classic fan,fan:lldb-23,ISteve02.dat#7,Multi-Task Lemmings,102,low,,no verified win,bounded search or metadata only,
Classic fan,fan:lldb-23,ISteve02.dat#8,Betcha can't save just one!,90.12,low,,no verified win,bounded search or metadata only,
Classic fan,fan:lldb-23,ISteve02.dat#9,The Magician's Secret,94,low,,no verified win,bounded search or metadata only,
Classic fan,fan:lldb-230,EMPACK.DAT#0,100% Pure Woven Lemming,106.38,low,,no verified win,bounded search or metadata only,
Classic fan,fan:lldb-230,EMPACK.DAT#1,Ready....Aim....DIG!!!!,98.38,low,,no verified win,bounded search or metadata only,
Classic fan,fan:lldb-230,EMPACK.DAT#2,Starry Level,99.65,low,,no verified win,bounded search or metadata only,
Classic fan,fan:lldb-230,EMPACK.DAT#3,Symmetry,99.65,low,,no verified win,bounded search or metadata only,
Classic fan,fan:lldb-230,EMPACK.DAT#4,Unused blank generic level,2.86,high,56336e3748f1959f040da7f09808ff50102f68f1288f0d0aa09a4dc8dcd72e16,verified win,replay verified,
Classic fan,fan:lldb-230,EMPACK.DAT#5,Unused blank generic level,2.86,high,56336e3748f1959f040da7f09808ff50102f68f1288f0d0aa09a4dc8dcd72e16,verified win,replay verified,
Classic fan,fan:lldb-230,EMPACK.DAT#6,Unused blank generic level,2.86,high,56336e3748f1959f040da7f09808ff50102f68f1288f0d0aa09a4dc8dcd72e16,verified win,replay verified,
Classic fan,fan:lldb-230,EMPACK.DAT#7,Unused blank generic level,2.86,high,56336e3748f1959f040da7f09808ff50102f68f1288f0d0aa09a4dc8dcd72e16,verified win,replay verified,
Classic fan,fan:lldb-230,EMPACK.DAT#8,Unused blank generic level,2.86,high,56336e3748f1959f040da7f09808ff50102f68f1288f0d0aa09a4dc8dcd72e16,verified win,replay verified,
Classic fan,fan:lldb-230,EMPACK.DAT#9,Unused blank generic level,2.86,high,56336e3748f1959f040da7f09808ff50102f68f1288f0d0aa09a4dc8dcd72e16,verified win,replay verified,
Classic fan,fan:lldb-231,JANNPCK1.DAT#0,All 2 easy,102,low,,no verified win,bounded search or metadata only,
Classic fan,fan:lldb-231,JANNPCK1.DAT#1,Pass The Obstacles,100.7,low,,no verified win,bounded search or metadata only,
Classic fan,fan:lldb-231,JANNPCK1.DAT#2,Just about right,90.36,low,,no verified win,bounded search or metadata only,
Classic fan,fan:lldb-231,JANNPCK1.DAT#3,Floating-Point Error,69,low,,no verified win,bounded search or metadata only,
Classic fan,fan:lldb-231,JANNPCK1.DAT#4,Save Thy Lemmings,102,low,,no verified win,bounded search or metadata only,
Classic fan,fan:lldb-231,JANNPCK1.DAT#5,Pole Jumping,81.5,low,,no verified win,bounded search or metadata only,
Classic fan,fan:lldb-231,JANNPCK1.DAT#6,Bridge over the iced water,79.88,low,,no verified win,bounded search or metadata only,
Classic fan,fan:lldb-231,JANNPCK1.DAT#7,Warmth of the Ice,97.74,low,,no verified win,bounded search or metadata only,
Classic fan,fan:lldb-231,JANNPCK1.DAT#8,The Lake of Fire,97.15,low,,no verified win,bounded search or metadata only,
Classic fan,fan:lldb-231,JANNPCK1.DAT#9,Desert by Night,95.34,low,,no verified win,bounded search or metadata only,
Classic fan,fan:lldb-232,JANNPCK2.DAT#0,Tutankhamon,102.59,low,,no verified win,bounded search or metadata only,
Classic fan,fan:lldb-232,JANNPCK2.DAT#1,Could be easier...,88.69,low,,no verified win,bounded search or metadata only,
Classic fan,fan:lldb-232,JANNPCK2.DAT#2,The Chasm,86.67,low,,no verified win,bounded search or metadata only,
Classic fan,fan:lldb-232,JANNPCK2.DAT#3,And the rock cried out...,84.45,low,,no verified win,bounded search or metadata only,
Classic fan,fan:lldb-232,JANNPCK2.DAT#4,Frozen Soil,100.92,low,,no verified win,bounded search or metadata only,
Classic fan,fan:lldb-232,JANNPCK2.DAT#5,Lemmings of Bodom,105.79,low,,no verified win,bounded search or metadata only,
Classic fan,fan:lldb-232,JANNPCK2.DAT#6,Geros Segros!,102.59,low,,no verified win,bounded search or metadata only,
Classic fan,fan:lldb-232,JANNPCK2.DAT#7,Crystal Tears,102.18,low,,no verified win,bounded search or metadata only,
Classic fan,fan:lldb-232,JANNPCK2.DAT#8,Where Lemming lies bleeding,83.25,low,,no verified win,bounded search or metadata only,
Classic fan,fan:lldb-232,JANNPCK2.DAT#9,Lemmings fall first,76.05,low,,no verified win,bounded search or metadata only,
Classic fan,fan:lldb-233,jannpck3.dat#0,Awaiting the Winter Frost,92.3,low,,no verified win,bounded search or metadata only,
Classic fan,fan:lldb-233,jannpck3.dat#1,Lemming of Sorrows,106.08,low,,no verified win,bounded search or metadata only,
Classic fan,fan:lldb-233,jannpck3.dat#2,Doomed,89.5,low,,no verified win,bounded search or metadata only,
Classic fan,fan:lldb-233,jannpck3.dat#3,Forests of Witchery,84.65,low,,no verified win,bounded search or metadata only,
Classic fan,fan:lldb-233,jannpck3.dat#4,Awaiting Your Victory,94.94,low,,no verified win,bounded search or metadata only,
Classic fan,fan:lldb-233,jannpck3.dat#5,Do it the hard way!,102.99,low,,no verified win,bounded search or metadata only,
Classic fan,fan:lldb-233,jannpck3.dat#6,Warrior of Ice,103.5,low,,no verified win,bounded search or metadata only,
Classic fan,fan:lldb-233,jannpck3.dat#7,Not so fast!,90.9,low,,no verified win,bounded search or metadata only,
Classic fan,fan:lldb-233,jannpck3.dat#8,Powerslave,100.96,low,,no verified win,bounded search or metadata only,
Classic fan,fan:lldb-233,jannpck3.dat#9,Z'Ha'Dum,117.89,low,,no verified win,bounded search or metadata only,
Classic fan,fan:lldb-234,JANNPCK4.DAT#0,Which Way Do You Prefer?,88.96,low,,no verified win,bounded search or metadata only,
Classic fan,fan:lldb-234,JANNPCK4.DAT#1,Lower Threshold,88.85,low,,no verified win,bounded search or metadata only,
Classic fan,fan:lldb-234,JANNPCK4.DAT#2,"Next Floor, please!",82.71,low,,no verified win,bounded search or metadata only,
Classic fan,fan:lldb-234,JANNPCK4.DAT#3,Going There,81.5,low,,no verified win,bounded search or metadata only,
Classic fan,fan:lldb-234,JANNPCK4.DAT#4,Descending Pillar Scenario,107.71,low,,no verified win,bounded search or metadata only,
Classic fan,fan:lldb-234,JANNPCK4.DAT#5,Unused blank generic level,2.86,high,56336e3748f1959f040da7f09808ff50102f68f1288f0d0aa09a4dc8dcd72e16,verified win,replay verified,
Classic fan,fan:lldb-234,JANNPCK4.DAT#6,Unused blank generic level,2.86,high,56336e3748f1959f040da7f09808ff50102f68f1288f0d0aa09a4dc8dcd72e16,verified win,replay verified,
Classic fan,fan:lldb-234,JANNPCK4.DAT#7,Unused blank generic level,2.86,high,56336e3748f1959f040da7f09808ff50102f68f1288f0d0aa09a4dc8dcd72e16,verified win,replay verified,
Classic fan,fan:lldb-234,JANNPCK4.DAT#8,Unused blank generic level,2.86,high,56336e3748f1959f040da7f09808ff50102f68f1288f0d0aa09a4dc8dcd72e16,verified win,replay verified,
Classic fan,fan:lldb-234,JANNPCK4.DAT#9,Unused blank generic level,2.86,high,56336e3748f1959f040da7f09808ff50102f68f1288f0d0aa09a4dc8dcd72e16,verified win,replay verified,
Classic fan,fan:lldb-235,JEFFPCK1.DAT#0,Icy Poles,87.88,low,,no verified win,bounded search or metadata only,
Classic fan,fan:lldb-235,JEFFPCK1.DAT#1,Deadly Roulette,92.3,low,,no verified win,bounded search or metadata only,
Classic fan,fan:lldb-235,JEFFPCK1.DAT#2,Tailor-made for Athletes,479.06,medium,c2dc041cf78347eb80fc4cfa50aba2fc96695e9e7e48ddb772d0f3be8121b984,verified win,replay verified,
Classic fan,fan:lldb-235,JEFFPCK1.DAT#3,Blind Diggin',62.75,low,,no verified win,bounded search or metadata only,
Classic fan,fan:lldb-235,JEFFPCK1.DAT#4,Templem Ruins,85.44,low,,no verified win,bounded search or metadata only,
Classic fan,fan:lldb-235,JEFFPCK1.DAT#5,Lem Go Along Now,96.88,low,,no verified win,bounded search or metadata only,
Classic fan,fan:lldb-235,JEFFPCK1.DAT#6,Mt. Hurt-Lem-A-Lot,106.2,low,,no verified win,bounded search or metadata only,
Classic fan,fan:lldb-235,JEFFPCK1.DAT#7,Unused blank generic level,2.86,high,56336e3748f1959f040da7f09808ff50102f68f1288f0d0aa09a4dc8dcd72e16,verified win,replay verified,
Classic fan,fan:lldb-235,JEFFPCK1.DAT#8,Unused blank generic level,2.86,high,56336e3748f1959f040da7f09808ff50102f68f1288f0d0aa09a4dc8dcd72e16,verified win,replay verified,
Classic fan,fan:lldb-235,JEFFPCK1.DAT#9,Unused blank generic level,2.86,high,56336e3748f1959f040da7f09808ff50102f68f1288f0d0aa09a4dc8dcd72e16,verified win,replay verified,
Classic fan,fan:lldb-236,JEFFPCK2.DAT#0,Bash a No-No,104.55,low,,no verified win,bounded search or metadata only,
Classic fan,fan:lldb-236,JEFFPCK2.DAT#1,Dangers Left 'n' Right,89.66,low,,no verified win,bounded search or metadata only,
Classic fan,fan:lldb-236,JEFFPCK2.DAT#2,Hurry Up!!!,105.69,low,,no verified win,bounded search or metadata only,
Classic fan,fan:lldb-236,JEFFPCK2.DAT#3,Lemming Hill,106.5,low,,no verified win,bounded search or metadata only,
Classic fan,fan:lldb-236,JEFFPCK2.DAT#4,Sinking Lemple,86.25,low,,no verified win,bounded search or metadata only,
Classic fan,fan:lldb-236,JEFFPCK2.DAT#5,Lem Me Give You A Hand,112.47,low,,no verified win,bounded search or metadata only,
Classic fan,fan:lldb-236,JEFFPCK2.DAT#6,First Things First,78.88,low,,no verified win,bounded search or metadata only,
Classic fan,fan:lldb-236,JEFFPCK2.DAT#7,Factory Chaos,115.99,low,,no verified win,bounded search or metadata only,
Classic fan,fan:lldb-236,JEFFPCK2.DAT#8,Short and Dangerous,104.88,low,,no verified win,bounded search or metadata only,
Classic fan,fan:lldb-236,JEFFPCK2.DAT#9,Lem-Water World,73.95,low,,no verified win,bounded search or metadata only,
Classic fan,fan:lldb-237,JEFFPCK3.DAT#0,Green Stars,61.31,low,,no verified win,bounded search or metadata only,
Classic fan,fan:lldb-237,JEFFPCK3.DAT#1,Bomb Your Way To Freedom,41.5,low,,no verified win,bounded search or metadata only,
Classic fan,fan:lldb-237,JEFFPCK3.DAT#2,Lemming Symphony,102.44,low,,no verified win,bounded search or metadata only,
Classic fan,fan:lldb-237,JEFFPCK3.DAT#3,The Golden Chain,113.85,low,,no verified win,bounded search or metadata only,
Classic fan,fan:lldb-237,JEFFPCK3.DAT#4,Beware the Exit,115.9,low,,no verified win,bounded search or metadata only,
Classic fan,fan:lldb-237,JEFFPCK3.DAT#5,Timing's the Lem,71.8,low,,no verified win,bounded search or metadata only,
Classic fan,fan:lldb-237,JEFFPCK3.DAT#6,Volcano!!!,96.34,low,,no verified win,bounded search or metadata only,
Classic fan,fan:lldb-237,JEFFPCK3.DAT#7,Upside-down Exit??,106.5,low,,no verified win,bounded search or metadata only,
Classic fan,fan:lldb-237,JEFFPCK3.DAT#8,I Love Lemmings,94.94,low,,no verified win,bounded search or metadata only,
Classic fan,fan:lldb-237,JEFFPCK3.DAT#9,The Crystal Net,96.5,low,,no verified win,bounded search or metadata only,
Classic fan,fan:lldb-238,JEFFPCK4.DAT#0,Amo Te Tredain,116.49,low,,no verified win,bounded search or metadata only,
Classic fan,fan:lldb-238,JEFFPCK4.DAT#1,The Frozen River,90.9,low,,no verified win,bounded search or metadata only,
Classic fan,fan:lldb-238,JEFFPCK4.DAT#2,"Up, Across & Down",68.88,low,,no verified win,bounded search or metadata only,
Classic fan,fan:lldb-238,JEFFPCK4.DAT#3,We All Mine Down,70.75,low,,no verified win,bounded search or metadata only,
Classic fan,fan:lldb-238,JEFFPCK4.DAT#4,It's Hero Time Again!,114.5,low,,no verified win,bounded search or metadata only,
Classic fan,fan:lldb-238,JEFFPCK4.DAT#5,Arches of Heaven,75.25,low,,no verified win,bounded search or metadata only,
Classic fan,fan:lldb-238,JEFFPCK4.DAT#6,Crystal Star,87.62,low,,no verified win,bounded search or metadata only,
Classic fan,fan:lldb-238,JEFFPCK4.DAT#7,Rescue thy Lemmings,63.06,low,,no verified win,bounded search or metadata only,
Classic fan,fan:lldb-238,JEFFPCK4.DAT#8,Swiggly Wiggly Lemmly,87.47,low,,no verified win,bounded search or metadata only,
Classic fan,fan:lldb-238,JEFFPCK4.DAT#9,One Must Die...,62.62,low,,no verified win,bounded search or metadata only,
Classic fan,fan:lldb-239,JEFFPCK5.DAT#0,An 'Easy' Trek,72.15,low,,no verified win,bounded search or metadata only,
Classic fan,fan:lldb-239,JEFFPCK5.DAT#1,Bomb Combo Colony,42.44,low,,no verified win,bounded search or metadata only,
Classic fan,fan:lldb-239,JEFFPCK5.DAT#2,Ring-Round-the-Lemming,96.07,low,,no verified win,bounded search or metadata only,
Classic fan,fan:lldb-239,JEFFPCK5.DAT#3,Let's Get Wet,100.38,low,,no verified win,bounded search or metadata only,
Classic fan,fan:lldb-239,JEFFPCK5.DAT#4,No Time to Toy Around,115.09,low,,no verified win,bounded search or metadata only,
Classic fan,fan:lldb-239,JEFFPCK5.DAT#5,"Go Undercover, Agent Lemming",89.5,low,,no verified win,bounded search or metadata only,
Classic fan,fan:lldb-239,JEFFPCK5.DAT#6,No Chance of Survival...,64.9,low,,no verified win,bounded search or metadata only,
Classic fan,fan:lldb-239,JEFFPCK5.DAT#7,The Mystic Tree,75.25,low,,no verified win,bounded search or metadata only,
Classic fan,fan:lldb-239,JEFFPCK5.DAT#8,Unused blank generic level,2.86,high,56336e3748f1959f040da7f09808ff50102f68f1288f0d0aa09a4dc8dcd72e16,verified win,replay verified,
Classic fan,fan:lldb-239,JEFFPCK5.DAT#9,Unused blank generic level,2.86,high,56336e3748f1959f040da7f09808ff50102f68f1288f0d0aa09a4dc8dcd72e16,verified win,replay verified,
Classic fan,fan:lldb-24,ISteve04.dat#0,The Shaft (Part 2),109.4,low,,no verified win,bounded search or metadata only,
Classic fan,fan:lldb-24,ISteve04.dat#1,The Placement is the Key,69,low,,no verified win,bounded search or metadata only,
Classic fan,fan:lldb-24,ISteve04.dat#2,The Nifty Fifty,106.5,low,,no verified win,bounded search or metadata only,
Classic fan,fan:lldb-24,ISteve04.dat#3,The Joke's on You!,101.5,low,,no verified win,bounded search or metadata only,
Classic fan,fan:lldb-24,ISteve04.dat#4,Mass Pandemonium,93.65,low,,no verified win,bounded search or metadata only,
Classic fan,fan:lldb-24,ISteve04.dat#5,Herzeleid,89.28,low,,no verified win,bounded search or metadata only,
Classic fan,fan:lldb-24,ISteve04.dat#6,Go Yaffa!,81,low,,no verified win,bounded search or metadata only,
Classic fan,fan:lldb-24,ISteve04.dat#7,Vertically Challenged Lemmings,99.44,low,,no verified win,bounded search or metadata only,
Classic fan,fan:lldb-24,ISteve04.dat#8,Athena's Revenge,109.65,low,,no verified win,bounded search or metadata only,
Classic fan,fan:lldb-24,ISteve04.dat#9,I Challenge You to a Dual!,114.5,low,,no verified win,bounded search or metadata only,
Classic fan,fan:lldb-240,JEFFPCK6.DAT#0,Training 01 - Let's Climb!,70.75,low,,no verified win,bounded search or metadata only,
Classic fan,fan:lldb-240,JEFFPCK6.DAT#1,Training 02 - Let's Float!,150.0,medium,1e30133f5e636f5b30fbf4e4104af709a8b04c0d4c547230aab93fe036b6a39f,verified win,replay verified,
Classic fan,fan:lldb-240,JEFFPCK6.DAT#2,Training 03 - Let's Bomb!,33.5,low,,no verified win,bounded search or metadata only,
Classic fan,fan:lldb-240,JEFFPCK6.DAT#3,Training 04 - Let's Block!,57.75,low,,no verified win,bounded search or metadata only,
Classic fan,fan:lldb-240,JEFFPCK6.DAT#4,Training 05 - Let's Build!,54.5,low,,no verified win,bounded search or metadata only,
Classic fan,fan:lldb-240,JEFFPCK6.DAT#5,Training 06 - Let's Dig!,70.75,low,,no verified win,bounded search or metadata only,
Classic fan,fan:lldb-240,JEFFPCK6.DAT#6,Training 07 - Let's Mine!,145.52,medium,e4ab594d039f2763a7b8aa08b22289bf48c1610c1595fa06f111661602b84271,verified win,replay verified,
Classic fan,fan:lldb-240,JEFFPCK6.DAT#7,Training 08 - Let's Bash!,62.75,low,,no verified win,bounded search or metadata only,
Classic fan,fan:lldb-240,JEFFPCK6.DAT#8,Training 09 - Let's Go!,98.25,low,,no verified win,bounded search or metadata only,
Classic fan,fan:lldb-240,JEFFPCK6.DAT#9,Finale - You Are Ready!,33.93,high,270bf6786c9f7711d4dda02f38d471a7f3fb363f8a2f68ada33b91a45a588f43,verified win,replay verified,
Classic fan,fan:lldb-241,JEFFPCK7.DAT#0,"Lemmings, Freeze!",102.97,low,,no verified win,bounded search or metadata only,
Classic fan,fan:lldb-241,JEFFPCK7.DAT#1,Bouncy Lemmings,95.75,low,,no verified win,bounded search or metadata only,
Classic fan,fan:lldb-241,JEFFPCK7.DAT#2,Save 'em First...,392.18,medium,a858aec8613a3b33c4e2f1c7a81ab668ebace03432e564ee603b02bc25f17ffb,verified win,replay verified,
Classic fan,fan:lldb-241,JEFFPCK7.DAT#3,Go the Long Way!,90.9,low,,no verified win,bounded search or metadata only,
Classic fan,fan:lldb-241,JEFFPCK7.DAT#4,A Looooong Gap,84.65,low,,no verified win,bounded search or metadata only,
Classic fan,fan:lldb-241,JEFFPCK7.DAT#5,If Only They Could Fly...,69,low,,no verified win,bounded search or metadata only,
Classic fan,fan:lldb-241,JEFFPCK7.DAT#6,What A Pain...,90.9,low,,no verified win,bounded search or metadata only,
Classic fan,fan:lldb-241,JEFFPCK7.DAT#7,Blind Diggin' II,70.75,low,,no verified win,bounded search or metadata only,
Classic fan,fan:lldb-241,JEFFPCK7.DAT#8,Web Crawlers,79.5,low,,no verified win,bounded search or metadata only,
Classic fan,fan:lldb-241,JEFFPCK7.DAT#9,Bewildered Lemmings,106.5,low,,no verified win,bounded search or metadata only,
Classic fan,fan:lldb-242,JOHNPACK.DAT#0,Underwater Operation,93.7,low,,no verified win,bounded search or metadata only,
Classic fan,fan:lldb-242,JOHNPACK.DAT#1,LmSO4 - Lemmingic Acid,101.96,low,,no verified win,bounded search or metadata only,
Classic fan,fan:lldb-242,JOHNPACK.DAT#2,Unused blank generic level,2.86,high,56336e3748f1959f040da7f09808ff50102f68f1288f0d0aa09a4dc8dcd72e16,verified win,replay verified,
Classic fan,fan:lldb-242,JOHNPACK.DAT#3,Unused blank generic level,2.86,high,56336e3748f1959f040da7f09808ff50102f68f1288f0d0aa09a4dc8dcd72e16,verified win,replay verified,
Classic fan,fan:lldb-242,JOHNPACK.DAT#4,Unused blank generic level,2.86,high,56336e3748f1959f040da7f09808ff50102f68f1288f0d0aa09a4dc8dcd72e16,verified win,replay verified,
Classic fan,fan:lldb-242,JOHNPACK.DAT#5,Unused blank generic level,2.86,high,56336e3748f1959f040da7f09808ff50102f68f1288f0d0aa09a4dc8dcd72e16,verified win,replay verified,
Classic fan,fan:lldb-242,JOHNPACK.DAT#6,Unused blank generic level,2.86,high,56336e3748f1959f040da7f09808ff50102f68f1288f0d0aa09a4dc8dcd72e16,verified win,replay verified,
Classic fan,fan:lldb-242,JOHNPACK.DAT#7,Unused blank generic level,2.86,high,56336e3748f1959f040da7f09808ff50102f68f1288f0d0aa09a4dc8dcd72e16,verified win,replay verified,
Classic fan,fan:lldb-242,JOHNPACK.DAT#8,Unused blank generic level,2.86,high,56336e3748f1959f040da7f09808ff50102f68f1288f0d0aa09a4dc8dcd72e16,verified win,replay verified,
Classic fan,fan:lldb-242,JOHNPACK.DAT#9,Unused blank generic level,2.86,high,56336e3748f1959f040da7f09808ff50102f68f1288f0d0aa09a4dc8dcd72e16,verified win,replay verified,
Classic fan,fan:lldb-243,LARSPACK.DAT#0,Thanx level ...,90.25,low,,no verified win,bounded search or metadata only,
Classic fan,fan:lldb-243,LARSPACK.DAT#1,Warm-up exercise,75.25,low,,no verified win,bounded search or metadata only,
Classic fan,fan:lldb-243,LARSPACK.DAT#2,Lets go to hell,89.5,low,,no verified win,bounded search or metadata only,
Classic fan,fan:lldb-243,LARSPACK.DAT#3,The rock,90.9,low,,no verified win,bounded search or metadata only,
Classic fan,fan:lldb-243,LARSPACK.DAT#4,Untitled - Rocky teeth cave ?,106.5,low,,no verified win,bounded search or metadata only,
Classic fan,fan:lldb-243,LARSPACK.DAT#5,Crystal cave,86.94,low,,no verified win,bounded search or metadata only,
Classic fan,fan:lldb-243,LARSPACK.DAT#6,Unused blank generic level,2.86,high,56336e3748f1959f040da7f09808ff50102f68f1288f0d0aa09a4dc8dcd72e16,verified win,replay verified,
Classic fan,fan:lldb-243,LARSPACK.DAT#7,Unused blank generic level,2.86,high,56336e3748f1959f040da7f09808ff50102f68f1288f0d0aa09a4dc8dcd72e16,verified win,replay verified,
Classic fan,fan:lldb-243,LARSPACK.DAT#8,Unused blank generic level,2.86,high,56336e3748f1959f040da7f09808ff50102f68f1288f0d0aa09a4dc8dcd72e16,verified win,replay verified,
Classic fan,fan:lldb-243,LARSPACK.DAT#9,Unused blank generic level,2.86,high,56336e3748f1959f040da7f09808ff50102f68f1288f0d0aa09a4dc8dcd72e16,verified win,replay verified,
Classic fan,fan:lldb-244,Martin Zurlinden 01.dat#0,A Giant Leap for Lemmingkind,95.85,low,,no verified win,bounded search or metadata only,
Classic fan,fan:lldb-244,Martin Zurlinden 01.dat#1,Stairway to Heaven,100.25,low,,no verified win,bounded search or metadata only,
Classic fan,fan:lldb-244,Martin Zurlinden 01.dat#2,The Pool,95.1,low,,no verified win,bounded search or metadata only,
Classic fan,fan:lldb-244,Martin Zurlinden 01.dat#3,Can You Dig It?,108.25,low,,no verified win,bounded search or metadata only,
Classic fan,fan:lldb-244,Martin Zurlinden 01.dat#4,Two Minute Warning,106.5,low,,no verified win,bounded search or metadata only,
Classic fan,fan:lldb-244,Martin Zurlinden 01.dat#5,The China Syndrome,68.75,low,,no verified win,bounded search or metadata only,
Classic fan,fan:lldb-244,Martin Zurlinden 01.dat#6,Crystal Clear Lemmings,98.08,low,,no verified win,bounded search or metadata only,
Classic fan,fan:lldb-244,Martin Zurlinden 01.dat#7,Achtung Lemming,83.03,low,,no verified win,bounded search or metadata only,
Classic fan,fan:lldb-244,Martin Zurlinden 01.dat#8,Holy Cow!,96.9,low,,no verified win,bounded search or metadata only,
Classic fan,fan:lldb-244,Martin Zurlinden 01.dat#9,Episode X - The Phantom Exit,90.38,low,,no verified win,bounded search or metadata only,
Classic fan,fan:lldb-245,Martin Zurlinden 02.dat#0,The Lemmyrinth,81.5,low,,no verified win,bounded search or metadata only,
Classic fan,fan:lldb-245,Martin Zurlinden 02.dat#1,The Brick,94.83,low,,no verified win,bounded search or metadata only,
Classic fan,fan:lldb-245,Martin Zurlinden 02.dat#2,Lemming in a Cone,105,low,,no verified win,bounded search or metadata only,
Classic fan,fan:lldb-245,Martin Zurlinden 02.dat#3,Mastermined,102.1,low,,no verified win,bounded search or metadata only,
Classic fan,fan:lldb-245,Martin Zurlinden 02.dat#4,The Leap from the Lion's Head,106.5,low,,no verified win,bounded search or metadata only,
Classic fan,fan:lldb-245,Martin Zurlinden 02.dat#5,It's a Magical World,102,low,,no verified win,bounded search or metadata only,
Classic fan,fan:lldb-245,Martin Zurlinden 02.dat#6,It's Raining Lemmings,106.5,low,,no verified win,bounded search or metadata only,
Classic fan,fan:lldb-245,Martin Zurlinden 02.dat#7,Back in a minute...,104.75,low,,no verified win,bounded search or metadata only,
Classic fan,fan:lldb-245,Martin Zurlinden 02.dat#8,Cliffhanger,109.65,low,,no verified win,bounded search or metadata only,
Classic fan,fan:lldb-245,Martin Zurlinden 02.dat#9,The Only Way is Up,108.26,low,,no verified win,bounded search or metadata only,
Classic fan,fan:lldb-246,Martin Zurlinden 03.dat#0,In the Countree,92.25,low,,no verified win,bounded search or metadata only,
Classic fan,fan:lldb-246,Martin Zurlinden 03.dat#1,Level Under Construction,94,low,,no verified win,bounded search or metadata only,
Classic fan,fan:lldb-246,Martin Zurlinden 03.dat#2,Stalkers,103.25,low,,no verified win,bounded search or metadata only,
Classic fan,fan:lldb-246,Martin Zurlinden 03.dat#3,Guess What...,87.62,low,,no verified win,bounded search or metadata only,
Classic fan,fan:lldb-246,Martin Zurlinden 03.dat#4,Slave to the Rhythm,115.9,low,,no verified win,bounded search or metadata only,
Classic fan,fan:lldb-246,Martin Zurlinden 03.dat#5,Deep Deep Down,90.75,low,,no verified win,bounded search or metadata only,
Classic fan,fan:lldb-246,Martin Zurlinden 03.dat#6,Four Lemmings and a Funeral,87.62,low,,no verified win,bounded search or metadata only,
Classic fan,fan:lldb-246,Martin Zurlinden 03.dat#7,Six Ways to Success (I Guess),75.25,low,,no verified win,bounded search or metadata only,
Classic fan,fan:lldb-246,Martin Zurlinden 03.dat#8,Meet & Greet,115.9,low,,no verified win,bounded search or metadata only,
Classic fan,fan:lldb-246,Martin Zurlinden 03.dat#9,Fallout Boys,25.22,low,,no verified win,bounded search or metadata only,
Classic fan,fan:lldb-248,MATTPCK1.DAT#0,"Lemmings, go home!",112.45,low,,no verified win,bounded search or metadata only,
Classic fan,fan:lldb-248,MATTPCK1.DAT#1,Beethoven's Revenge,97.15,low,,no verified win,bounded search or metadata only,
Classic fan,fan:lldb-248,MATTPCK1.DAT#2,Forever Friends,92.3,low,,no verified win,bounded search or metadata only,
Classic fan,fan:lldb-248,MATTPCK1.DAT#3,Exodus,93.48,low,,no verified win,bounded search or metadata only,
Classic fan,fan:lldb-248,MATTPCK1.DAT#4,Per aspera ad astra,81.2,low,,no verified win,bounded search or metadata only,
Classic fan,fan:lldb-248,MATTPCK1.DAT#5,Oh No! Fewer Lemmings,84.4,low,,no verified win,bounded search or metadata only,
Classic fan,fan:lldb-248,MATTPCK1.DAT#6,Lemming sanctuary inside,83.25,low,,no verified win,bounded search or metadata only,
Classic fan,fan:lldb-248,MATTPCK1.DAT#7,Someone must help us!,95.1,low,,no verified win,bounded search or metadata only,
Classic fan,fan:lldb-248,MATTPCK1.DAT#8,Toy Lemmings,95.75,low,,no verified win,bounded search or metadata only,
Classic fan,fan:lldb-248,MATTPCK1.DAT#9,Award,13.37,high,e3d900bad5e5d42ebc013115df88d3e1449888445d5595478e617c72cc70349e,verified win,replay verified,
Classic fan,fan:lldb-249,MATTPCK2.DAT#0,The Funeral,269.1,high,cc8f7d2de8834cb50e035d6b0b485f7a7ab20e0068174762fcedc8492a7231fb,verified win,replay verified,
Classic fan,fan:lldb-249,MATTPCK2.DAT#1,This is no place for me,84.18,low,,no verified win,bounded search or metadata only,
Classic fan,fan:lldb-249,MATTPCK2.DAT#2,Something must be wrong here,108.75,low,,no verified win,bounded search or metadata only,
Classic fan,fan:lldb-249,MATTPCK2.DAT#3,Seems to be normal now...,112.88,low,,no verified win,bounded search or metadata only,
Classic fan,fan:lldb-249,MATTPCK2.DAT#4,The Starry Staircase,80.42,low,,no verified win,bounded search or metadata only,
Classic fan,fan:lldb-249,MATTPCK2.DAT#5,Oh Yes! Enough Lemmings,102.59,low,,no verified win,bounded search or metadata only,
Classic fan,fan:lldb-249,MATTPCK2.DAT#6,I will lead them up and down,97.81,low,,no verified win,bounded search or metadata only,
Classic fan,fan:lldb-249,MATTPCK2.DAT#7,The Lemming Avalanche,61,low,,no verified win,bounded search or metadata only,
Classic fan,fan:lldb-249,MATTPCK2.DAT#8,It's just a game...,65.1,low,,no verified win,bounded search or metadata only,
Classic fan,fan:lldb-249,MATTPCK2.DAT#9,Bonus,0,high,368f6002595cced041882460b6cd92e374f2b4f1c5ea246d7042d77fe323518d,verified win,replay verified,
Classic fan,fan:lldb-25,ISteve05.dat#0,Preventative Maintenance,114.5,low,,no verified win,bounded search or metadata only,
Classic fan,fan:lldb-25,ISteve05.dat#1,The decending pillar scenario,94,low,,no verified win,bounded search or metadata only,
Classic fan,fan:lldb-25,ISteve05.dat#2,... Now what?,107.6,low,,no verified win,bounded search or metadata only,
Classic fan,fan:lldb-25,ISteve05.dat#3,Annoyance,94,low,,no verified win,bounded search or metadata only,
Classic fan,fan:lldb-25,ISteve05.dat#4,The Lemming Mental Institution,84.5,low,,no verified win,bounded search or metadata only,
Classic fan,fan:lldb-25,ISteve05.dat#5,Bolero,87.08,low,,no verified win,bounded search or metadata only,
Classic fan,fan:lldb-25,ISteve05.dat#6,Irregularly Placed Pole Level,104.88,low,,no verified win,bounded search or metadata only,
Classic fan,fan:lldb-25,ISteve05.dat#7,Split Complementaries (Part 2),111.05,low,,no verified win,bounded search or metadata only,
Classic fan,fan:lldb-25,ISteve05.dat#8,I am I.S.,87.24,low,,no verified win,bounded search or metadata only,
Classic fan,fan:lldb-25,ISteve05.dat#9,Let's see what you've learned,94,low,,no verified win,bounded search or metadata only,
Classic fan,fan:lldb-250,Conway01.DAT#0,Up and away,83.25,low,,no verified win,bounded search or metadata only,
Classic fan,fan:lldb-250,Conway01.DAT#1,Don't want to give too much away,106.5,low,,no verified win,bounded search or metadata only,
Classic fan,fan:lldb-250,Conway01.DAT#2,Head start,84.65,low,,no verified win,bounded search or metadata only,
Classic fan,fan:lldb-250,Conway01.DAT#3,Round the bend,107.74,low,,no verified win,bounded search or metadata only,
Classic fan,fan:lldb-250,Conway01.DAT#4,As soon as yr back is turned....,68.9,low,,no verified win,bounded search or metadata only,
Classic fan,fan:lldb-250,Conway01.DAT#5,Don't just dig,94,low,,no verified win,bounded search or metadata only,
Classic fan,fan:lldb-250,Conway01.DAT#6,Change of plan,55.6,low,,no verified win,bounded search or metadata only,
Classic fan,fan:lldb-250,Conway01.DAT#7,A real breakthough,91.11,low,,no verified win,bounded search or metadata only,
Classic fan,fan:lldb-250,Conway01.DAT#8,I am not AT - but close enough,81.81,low,,no verified win,bounded search or metadata only,
Classic fan,fan:lldb-250,Conway01.DAT#9,"Care a little, help a lot",106.38,low,,no verified win,bounded search or metadata only,
Classic fan,fan:lldb-251,Conway02.DAT#0,It must be around here somewhere,112.47,low,,no verified win,bounded search or metadata only,
Classic fan,fan:lldb-251,Conway02.DAT#1,"Don't just save them, CELEBRATE!",114.5,low,,no verified win,bounded search or metadata only,
Classic fan,fan:lldb-251,Conway02.DAT#2,Life Sucks!,100.38,low,,no verified win,bounded search or metadata only,
Classic fan,fan:lldb-251,Conway02.DAT#3,Mining upwards?,89.5,low,,no verified win,bounded search or metadata only,
Classic fan,fan:lldb-251,Conway02.DAT#4,Odds and Ends,116.1,low,,no verified win,bounded search or metadata only,
Classic fan,fan:lldb-251,Conway02.DAT#5,Oh to be an architect!,103.4,low,,no verified win,bounded search or metadata only,
Classic fan,fan:lldb-251,Conway02.DAT#6,5...4...3...2...1...Uh-Oh!(BOP!),73.1,low,,no verified win,bounded search or metadata only,
Classic fan,fan:lldb-251,Conway02.DAT#7,Lemmings on the ceiling,81.5,low,,no verified win,bounded search or metadata only,
Classic fan,fan:lldb-251,Conway02.DAT#8,Lemming's house,114.78,low,,no verified win,bounded search or metadata only,
Classic fan,fan:lldb-251,Conway02.DAT#9,Star Trek,85.88,low,,no verified win,bounded search or metadata only,
Classic fan,fan:lldb-252,Conway03.DAT#0,South pole,82.25,low,,no verified win,bounded search or metadata only,
Classic fan,fan:lldb-252,Conway03.DAT#1,The desert planes of Lemmingland,70.75,low,,no verified win,bounded search or metadata only,
Classic fan,fan:lldb-252,Conway03.DAT#2,What's the idea behind this?,113.99,low,,no verified win,bounded search or metadata only,
Classic fan,fan:lldb-252,Conway03.DAT#3,Journey to centre of the earth,106.5,low,,no verified win,bounded search or metadata only,
Classic fan,fan:lldb-252,Conway03.DAT#4,Not much to it realy,92.3,low,,no verified win,bounded search or metadata only,
Classic fan,fan:lldb-252,Conway03.DAT#5,See what I've done?,83.25,low,,no verified win,bounded search or metadata only,
Classic fan,fan:lldb-252,Conway03.DAT#6,Smoking kills!!!,112.66,low,,no verified win,bounded search or metadata only,
Classic fan,fan:lldb-252,Conway03.DAT#7,Mabey next time,62.85,low,,no verified win,bounded search or metadata only,
Classic fan,fan:lldb-252,Conway03.DAT#8,Slightly distasteful,90.9,low,,no verified win,bounded search or metadata only,
Classic fan,fan:lldb-252,Conway03.DAT#9,Terminal depression,86.84,low,,no verified win,bounded search or metadata only,
Classic fan,fan:lldb-253,Conway04.DAT#0,Lemming's chocolate orange,73.55,low,,no verified win,bounded search or metadata only,
Classic fan,fan:lldb-253,Conway04.DAT#1,Built up area,109.4,low,,no verified win,bounded search or metadata only,
Classic fan,fan:lldb-253,Conway04.DAT#2,The long way round,86.85,low,,no verified win,bounded search or metadata only,
Classic fan,fan:lldb-253,Conway04.DAT#3,Smarter than yr average lemming,106.2,low,,no verified win,bounded search or metadata only,
Classic fan,fan:lldb-253,Conway04.DAT#4,Mind the gap,100.15,low,,no verified win,bounded search or metadata only,
Classic fan,fan:lldb-253,Conway04.DAT#5,Just a minute (part three),114.5,low,,no verified win,bounded search or metadata only,
Classic fan,fan:lldb-253,Conway04.DAT#6,More ways than one,94,low,,no verified win,bounded search or metadata only,
Classic fan,fan:lldb-253,Conway04.DAT#7,Spot the difference,94,low,,no verified win,bounded search or metadata only,
Classic fan,fan:lldb-253,Conway04.DAT#8,The invisible barrier,108.41,low,,no verified win,bounded search or metadata only,
Classic fan,fan:lldb-253,Conway04.DAT#9,Kentucky fried lemming,115.45,low,,no verified win,bounded search or metadata only,
Classic fan,fan:lldb-254,Conway05.DAT#0,To the death!,72.42,low,,no verified win,bounded search or metadata only,
Classic fan,fan:lldb-254,Conway05.DAT#1,Snow'din,87.79,low,,no verified win,bounded search or metadata only,
Classic fan,fan:lldb-254,Conway05.DAT#2,Comming out of the woodwork,79.55,low,,no verified win,bounded search or metadata only,
Classic fan,fan:lldb-254,Conway05.DAT#3,Lemmings on the loose,102.98,low,,no verified win,bounded search or metadata only,
Classic fan,fan:lldb-254,Conway05.DAT#4,Up and away (part two),95.5,low,,no verified win,bounded search or metadata only,
Classic fan,fan:lldb-254,Conway05.DAT#5,Two's company,102,low,,no verified win,bounded search or metadata only,
Classic fan,fan:lldb-254,Conway05.DAT#6,Lemmings of the Niagra Falls,78.4,low,,no verified win,bounded search or metadata only,
Classic fan,fan:lldb-254,Conway05.DAT#7,The collum of fire,111.25,low,,no verified win,bounded search or metadata only,
Classic fan,fan:lldb-254,Conway05.DAT#8,The tank,92.28,low,,no verified win,bounded search or metadata only,
Classic fan,fan:lldb-254,Conway05.DAT#9,Alone with your lemming,99.95,low,,no verified win,bounded search or metadata only,
Classic fan,fan:lldb-256,Conway07.DAT#0,Through the liquidizer part two,67.46,low,,no verified win,bounded search or metadata only,
Classic fan,fan:lldb-256,Conway07.DAT#1,I have a very cunning plan,108.25,low,,no verified win,bounded search or metadata only,
Classic fan,fan:lldb-256,Conway07.DAT#2,In the waiting room,106.15,low,,no verified win,bounded search or metadata only,
Classic fan,fan:lldb-256,Conway07.DAT#3,Tunneling under,90.88,low,,no verified win,bounded search or metadata only,
Classic fan,fan:lldb-256,Conway07.DAT#4,South pole (part two),106.38,low,,no verified win,bounded search or metadata only,
Classic fan,fan:lldb-256,Conway07.DAT#5,Stop fooling around,117.3,low,,no verified win,bounded search or metadata only,
Classic fan,fan:lldb-256,Conway07.DAT#6,Lemming hill,74.9,low,,no verified win,bounded search or metadata only,
Classic fan,fan:lldb-256,Conway07.DAT#7,Cave of doom,117.3,low,,no verified win,bounded search or metadata only,
Classic fan,fan:lldb-256,Conway07.DAT#8,The great escape,81.25,low,,no verified win,bounded search or metadata only,
Classic fan,fan:lldb-256,Conway07.DAT#9,Dyslexia (part two),73.25,low,,no verified win,bounded search or metadata only,
Classic fan,fan:lldb-257,Conway08.DAT#0,Good morning Lemmings!,107.55,low,,no verified win,bounded search or metadata only,
Classic fan,fan:lldb-257,Conway08.DAT#1,Hot rock,104.58,low,,no verified win,bounded search or metadata only,
Classic fan,fan:lldb-257,Conway08.DAT#2,Kamikaze lemmings,113.46,low,,no verified win,bounded search or metadata only,
Classic fan,fan:lldb-257,Conway08.DAT#3,Oh to be a gardener,105.12,low,,no verified win,bounded search or metadata only,
Classic fan,fan:lldb-257,Conway08.DAT#4,Tunneling under (part two),82.5,low,,no verified win,bounded search or metadata only,
Classic fan,fan:lldb-257,Conway08.DAT#5,"Three tribes, one destination",110.48,low,,no verified win,bounded search or metadata only,
Classic fan,fan:lldb-257,Conway08.DAT#6,We all fall down (again),62.75,low,,no verified win,bounded search or metadata only,
Classic fan,fan:lldb-257,Conway08.DAT#7,Soon as back turned (part two),72.15,low,,no verified win,bounded search or metadata only,
Classic fan,fan:lldb-257,Conway08.DAT#8,Miles apart,118.7,low,,no verified win,bounded search or metadata only,
Classic fan,fan:lldb-257,Conway08.DAT#9,Builders WOULD help you here!,102,low,,no verified win,bounded search or metadata only,
Classic fan,fan:lldb-258,Conway09.DAT#0,A very short level,109,low,,no verified win,bounded search or metadata only,
Classic fan,fan:lldb-258,Conway09.DAT#1,Another very short level,96.5,low,,no verified win,bounded search or metadata only,
Classic fan,fan:lldb-258,Conway09.DAT#2,The Elegant Eight,115.9,low,,no verified win,bounded search or metadata only,
Classic fan,fan:lldb-258,Conway09.DAT#3,Just a Minute (Part Four),106.95,low,,no verified win,bounded search or metadata only,
Classic fan,fan:lldb-258,Conway09.DAT#4,Centre of attention,69,low,,no verified win,bounded search or metadata only,
Classic fan,fan:lldb-258,Conway09.DAT#5,Completely reversed!,89.5,low,,no verified win,bounded search or metadata only,
Classic fan,fan:lldb-258,Conway09.DAT#6,The collumn of fire (part two),110.6,low,,no verified win,bounded search or metadata only,
Classic fan,fan:lldb-258,Conway09.DAT#7,Rise and Fall,68.47,low,,no verified win,bounded search or metadata only,
Classic fan,fan:lldb-258,Conway09.DAT#8,JerusaLem,93.7,low,,no verified win,bounded search or metadata only,
Classic fan,fan:lldb-258,Conway09.DAT#9,Use your tools wisely,95.3,low,,no verified win,bounded search or metadata only,
Classic fan,fan:lldb-259,Conway10.DAT#0,Introduction to the skills,108,low,,no verified win,bounded search or metadata only,
Classic fan,fan:lldb-259,Conway10.DAT#1,All bashed up!,79.8,low,,no verified win,bounded search or metadata only,
Classic fan,fan:lldb-259,Conway10.DAT#2,Stairway to Heaven,109.65,low,,no verified win,bounded search or metadata only,
Classic fan,fan:lldb-259,Conway10.DAT#3,The house of Lem,106.62,low,,no verified win,bounded search or metadata only,
Classic fan,fan:lldb-259,Conway10.DAT#4,Another great escape,111.25,low,,no verified win,bounded search or metadata only,
Classic fan,fan:lldb-259,Conway10.DAT#5,A little practice,103.18,low,,no verified win,bounded search or metadata only,
Classic fan,fan:lldb-259,Conway10.DAT#6,Stairway to Heaven (part two),103.4,low,,no verified win,bounded search or metadata only,
Classic fan,fan:lldb-259,Conway10.DAT#7,Icy cave of doom,115.49,low,,no verified win,bounded search or metadata only,
Classic fan,fan:lldb-259,Conway10.DAT#8,The world's steepest hill,113.2,low,,no verified win,bounded search or metadata only,
Classic fan,fan:lldb-259,Conway10.DAT#9,Final Impediment,111.05,low,,no verified win,bounded search or metadata only,
Classic fan,fan:lldb-26,ISteve06.dat#0,It's Hammer Time!,106.62,low,,no verified win,bounded search or metadata only,
Classic fan,fan:lldb-26,ISteve06.dat#1,Hanukkah Lemmings,95.25,low,,no verified win,bounded search or metadata only,
Classic fan,fan:lldb-26,ISteve06.dat#2,Time is of the Essence,103.25,low,,no verified win,bounded search or metadata only,
Classic fan,fan:lldb-26,ISteve06.dat#3,A BeastIII of a level,104.88,low,,no verified win,bounded search or metadata only,
Classic fan,fan:lldb-26,ISteve06.dat#4,Out of Luck,79.28,low,,no verified win,bounded search or metadata only,
Classic fan,fan:lldb-26,ISteve06.dat#5,Out of Luck Again,80.9,low,,no verified win,bounded search or metadata only,
Classic fan,fan:lldb-26,ISteve06.dat#6,Out of Luck Yet Again,93.9,low,,no verified win,bounded search or metadata only,
Classic fan,fan:lldb-26,ISteve06.dat#7,3 Separate Paths,102,low,,no verified win,bounded search or metadata only,
Classic fan,fan:lldb-26,ISteve06.dat#8,Leave your sanity at the door!,109.4,low,,no verified win,bounded search or metadata only,
Classic fan,fan:lldb-26,ISteve06.dat#9,The Razor's Edge (Part 2),75.25,low,,no verified win,bounded search or metadata only,
Classic fan,fan:lldb-260,Conway11.DAT#0,Two ways to go,115.9,low,,no verified win,bounded search or metadata only,
Classic fan,fan:lldb-260,Conway11.DAT#1,Good neighbours,114.5,low,,no verified win,bounded search or metadata only,
Classic fan,fan:lldb-260,Conway11.DAT#2,Five minutes of fun!,108.03,low,,no verified win,bounded search or metadata only,
Classic fan,fan:lldb-260,Conway11.DAT#3,Let's go hiking!,112.65,low,,no verified win,bounded search or metadata only,
Classic fan,fan:lldb-260,Conway11.DAT#4,Let's split!,95.1,low,,no verified win,bounded search or metadata only,
Classic fan,fan:lldb-260,Conway11.DAT#5,The Pink Place,106.2,low,,no verified win,bounded search or metadata only,
Classic fan,fan:lldb-260,Conway11.DAT#6,"Three groups, two exits.",117.3,low,,no verified win,bounded search or metadata only,
Classic fan,fan:lldb-260,Conway11.DAT#7,Do not disturb my bones,115.9,low,,no verified win,bounded search or metadata only,
Classic fan,fan:lldb-260,Conway11.DAT#8,One-minute wonder,118.48,low,,no verified win,bounded search or metadata only,
Classic fan,fan:lldb-260,Conway11.DAT#9,Thanks to LemEdit!,109.65,low,,no verified win,bounded search or metadata only,
Classic fan,fan:lldb-261,Conway12.DAT#0,Let's play Lemmings!!!,121.5,low,,no verified win,bounded search or metadata only,
Classic fan,fan:lldb-261,Conway12.DAT#1,Catsle of symmetry,109.2,low,,no verified win,bounded search or metadata only,
Classic fan,fan:lldb-261,Conway12.DAT#2,Lems of New York,112.45,low,,no verified win,bounded search or metadata only,
Classic fan,fan:lldb-261,Conway12.DAT#3,The great wall of Lemmingland,77,low,,no verified win,bounded search or metadata only,
Classic fan,fan:lldb-261,Conway12.DAT#4,The Honeycomb,100.25,low,,no verified win,bounded search or metadata only,
Classic fan,fan:lldb-261,Conway12.DAT#5,Deeper Underground,82.47,low,,no verified win,bounded search or metadata only,
Classic fan,fan:lldb-261,Conway12.DAT#6,Which one will you find?,111.25,low,,no verified win,bounded search or metadata only,
Classic fan,fan:lldb-261,Conway12.DAT#7,Jungle Lems,114.5,low,,no verified win,bounded search or metadata only,
Classic fan,fan:lldb-261,Conway12.DAT#8,Pillars of success,84.65,low,,no verified win,bounded search or metadata only,
Classic fan,fan:lldb-261,Conway12.DAT#9,A-MAZE-ING!!!,77,low,,no verified win,bounded search or metadata only,
Classic fan,fan:lldb-262,Conway13.DAT#0,A litle adventure,76.75,low,,no verified win,bounded search or metadata only,
Classic fan,fan:lldb-262,Conway13.DAT#1,Don't let them die!,67.9,low,,no verified win,bounded search or metadata only,
Classic fan,fan:lldb-262,Conway13.DAT#2,Frosty Heaven,111.05,low,,no verified win,bounded search or metadata only,
Classic fan,fan:lldb-262,Conway13.DAT#3,"Find, try, give up In that order",112.88,low,,no verified win,bounded search or metadata only,
Classic fan,fan:lldb-262,Conway13.DAT#4,Can't Save These? Blah!,101.53,low,,no verified win,bounded search or metadata only,
Classic fan,fan:lldb-262,Conway13.DAT#5,Out of the fryingpan . . .,105.55,low,,no verified win,bounded search or metadata only,
Classic fan,fan:lldb-262,Conway13.DAT#6,"Let's refer to them as A,B,C & D",103.4,low,,no verified win,bounded search or metadata only,
Classic fan,fan:lldb-262,Conway13.DAT#7,Can't Find Any Gaps,115.9,low,,no verified win,bounded search or metadata only,
Classic fan,fan:lldb-262,Conway13.DAT#8,Four-door Hatchback,110.24,low,,no verified win,bounded search or metadata only,
Classic fan,fan:lldb-262,Conway13.DAT#9,Final Impediment 2,99.95,low,,no verified win,bounded search or metadata only,
Classic fan,fan:lldb-263,ConwayChallenges 1.DAT#0,Just dig! (part two),70.75,low,,no verified win,bounded search or metadata only,
Classic fan,fan:lldb-263,ConwayChallenges 1.DAT#1,King of the castle (part two),171.5,medium,07dd758c7a401ad84628765b4fbbb90105d11a3181d520e205e10f82cd941565,verified win,replay verified,
Classic fan,fan:lldb-263,ConwayChallenges 1.DAT#2,Where r all the stepping stones?,100.25,low,,no verified win,bounded search or metadata only,
Classic fan,fan:lldb-263,ConwayChallenges 1.DAT#3,Steel Works (part two),335.49,medium,620f8193f79ddd62e9229b9dac0a24564117e4104420957b07b5b56a3dae4547,verified win,replay verified,
Classic fan,fan:lldb-263,ConwayChallenges 1.DAT#4,Postcard from Lemmingland part 2,108.25,low,,no verified win,bounded search or metadata only,
Classic fan,fan:lldb-263,ConwayChallenges 1.DAT#5,From The Boundary Line part two,444.11,medium,631353392b2f4fdd7d5545edac44b569351bb9d526522e373a94c4522845966e,verified win,replay verified,
Classic fan,fan:lldb-263,ConwayChallenges 1.DAT#6,Walk the web rope (part two),352.96,medium,809c3a96ba17b183b58972640b20415f54c6dc6ee43079296d15da375fa357a9,verified win,replay verified,
Classic fan,fan:lldb-263,ConwayChallenges 1.DAT#7,Bitter lemming (part two),106.5,low,,no verified win,bounded search or metadata only,
Classic fan,fan:lldb-263,ConwayChallenges 1.DAT#8,Can you save them all this time?,95.75,low,,no verified win,bounded search or metadata only,
Classic fan,fan:lldb-263,ConwayChallenges 1.DAT#9,Don't settle for anything less,425.93,medium,cd551f5ba1da387fd099acec77f44f948b26cdefb6206eb4702632443fd82d1b,verified win,replay verified,
Classic fan,fan:lldb-264,ConwayChallenges 2.DAT#0,Even more of the 6`s ...,106.5,low,,no verified win,bounded search or metadata only,
Classic fan,fan:lldb-264,ConwayChallenges 2.DAT#1,Got anything else....Lemmingy???,95.75,low,,no verified win,bounded search or metadata only,
Classic fan,fan:lldb-264,ConwayChallenges 2.DAT#2,DIGGING FOR VICTORY (part two),95.75,low,,no verified win,bounded search or metadata only,
Classic fan,fan:lldb-264,ConwayChallenges 2.DAT#3,Find it quick!,114.5,low,,no verified win,bounded search or metadata only,
Classic fan,fan:lldb-264,ConwayChallenges 2.DAT#4,The Boiler Room (part two),232.7,medium,c527a0c82bbacea15f2595f944d01d3d4028e0628c5364d8849125ac72eefeb6,verified win,replay verified,
Classic fan,fan:lldb-264,ConwayChallenges 2.DAT#5,Lemming Rhythms 2,94,low,,no verified win,bounded search or metadata only,
Classic fan,fan:lldb-264,ConwayChallenges 2.DAT#6,No time to waste,109.65,low,,no verified win,bounded search or metadata only,
Classic fan,fan:lldb-264,ConwayChallenges 2.DAT#7,No 'PoP TiL YoU DrOp!'ing,89.5,low,,no verified win,bounded search or metadata only,
Classic fan,fan:lldb-264,ConwayChallenges 2.DAT#8,And then there were another four,108.25,low,,no verified win,bounded search or metadata only,
Classic fan,fan:lldb-264,ConwayChallenges 2.DAT#9,ICE SPY 2,104.8,low,,no verified win,bounded search or metadata only,
Classic fan,fan:lldb-265,CRISFN01.dat#0,Jungle!!,79.57,low,,no verified win,bounded search or metadata only,
Classic fan,fan:lldb-265,CRISFN01.dat#1,Lava reef,85.8,low,,no verified win,bounded search or metadata only,
Classic fan,fan:lldb-265,CRISFN01.dat#2,Be careful!,68.4,low,,no verified win,bounded search or metadata only,
Classic fan,fan:lldb-265,CRISFN01.dat#3,The moon cave,89.8,low,,no verified win,bounded search or metadata only,
Classic fan,fan:lldb-265,CRISFN01.dat#4,Treasonal winter,75.22,low,,no verified win,bounded search or metadata only,
Classic fan,fan:lldb-265,CRISFN01.dat#5,The sanctuary,71.67,low,,no verified win,bounded search or metadata only,
Classic fan,fan:lldb-265,CRISFN01.dat#6,Going down to...,62.75,low,,no verified win,bounded search or metadata only,
Classic fan,fan:lldb-265,CRISFN01.dat#7,Acid exit,79.8,low,,no verified win,bounded search or metadata only,
Classic fan,fan:lldb-265,CRISFN01.dat#8,Brick plot,100.74,low,,no verified win,bounded search or metadata only,
Classic fan,fan:lldb-265,CRISFN01.dat#9,The waterfall,84.65,low,,no verified win,bounded search or metadata only,
Classic fan,fan:lldb-266,CRISFN02.dat#0,Lemmings to the aid,79.8,low,,no verified win,bounded search or metadata only,
Classic fan,fan:lldb-266,CRISFN02.dat#1,Lemming hell,92.44,low,,no verified win,bounded search or metadata only,
Classic fan,fan:lldb-266,CRISFN02.dat#2,Poles to exit,62.75,low,,no verified win,bounded search or metadata only,
Classic fan,fan:lldb-266,CRISFN02.dat#3,"Industry ""Hanger""",92.5,low,,no verified win,bounded search or metadata only,
Classic fan,fan:lldb-266,CRISFN02.dat#4,Everyone turn right!,72.15,low,,no verified win,bounded search or metadata only,
Classic fan,fan:lldb-266,CRISFN02.dat#5,Gloomy bridgers,93.24,low,,no verified win,bounded search or metadata only,
Classic fan,fan:lldb-266,CRISFN02.dat#6,Groups in danger,73.82,low,,no verified win,bounded search or metadata only,
Classic fan,fan:lldb-266,CRISFN02.dat#7,"Volcano ""Villarrica""",86.36,low,,no verified win,bounded search or metadata only,
Classic fan,fan:lldb-266,CRISFN02.dat#8,In need for help,81.2,low,,no verified win,bounded search or metadata only,
Classic fan,fan:lldb-266,CRISFN02.dat#9,We all turn left? No!,107.67,low,,no verified win,bounded search or metadata only,
Classic fan,fan:lldb-267,CRISFN03.dat#0,"It's upwards, but where?",98.64,low,,no verified win,bounded search or metadata only,
Classic fan,fan:lldb-267,CRISFN03.dat#1,The lemsnow caper,86.05,low,,no verified win,bounded search or metadata only,
Classic fan,fan:lldb-267,CRISFN03.dat#2,Rock crystal!!,106.95,low,,no verified win,bounded search or metadata only,
Classic fan,fan:lldb-267,CRISFN03.dat#3,The bubble ploters,95.1,low,,no verified win,bounded search or metadata only,
Classic fan,fan:lldb-267,CRISFN03.dat#4,Out of BASHERS???,83.25,low,,no verified win,bounded search or metadata only,
Classic fan,fan:lldb-267,CRISFN03.dat#5,The abyss,67,low,,no verified win,bounded search or metadata only,
Classic fan,fan:lldb-267,CRISFN03.dat#6,The beast is waiting,79.8,low,,no verified win,bounded search or metadata only,
Classic fan,fan:lldb-267,CRISFN03.dat#7,Chameleon fall,77,low,,no verified win,bounded search or metadata only,
Classic fan,fan:lldb-267,CRISFN03.dat#8,"Get the otherside, boy!",117.3,low,,no verified win,bounded search or metadata only,
Classic fan,fan:lldb-267,CRISFN03.dat#9,"Whoa, man!",73.5,low,,no verified win,bounded search or metadata only,
Classic fan,fan:lldb-268,CRISFN04.dat#0,Walking on chains,69,low,,no verified win,bounded search or metadata only,
Classic fan,fan:lldb-268,CRISFN04.dat#1,Two different groups,83.03,low,,no verified win,bounded search or metadata only,
Classic fan,fan:lldb-268,CRISFN04.dat#2,Blow two lemmings,46.5,low,,no verified win,bounded search or metadata only,
Classic fan,fan:lldb-268,CRISFN04.dat#3,The abyss 2,83.25,low,,no verified win,bounded search or metadata only,
Classic fan,fan:lldb-268,CRISFN04.dat#4,Not as easy as it looks,104.55,low,,no verified win,bounded search or metadata only,
Classic fan,fan:lldb-268,CRISFN04.dat#5,Sink beneath the line,77.95,low,,no verified win,bounded search or metadata only,
Classic fan,fan:lldb-268,CRISFN04.dat#6,It is impossible to do?,62.15,low,,no verified win,bounded search or metadata only,
Classic fan,fan:lldb-268,CRISFN04.dat#7,"The ""U"" fort",76.75,low,,no verified win,bounded search or metadata only,
Classic fan,fan:lldb-268,CRISFN04.dat#8,Rare medium grass,83.25,low,,no verified win,bounded search or metadata only,
Classic fan,fan:lldb-268,CRISFN04.dat#9,Sandy beach,77,low,,no verified win,bounded search or metadata only,
Classic fan,fan:lldb-269,CRISFN05.dat#0,Flood zone,80,low,,no verified win,bounded search or metadata only,
Classic fan,fan:lldb-269,CRISFN05.dat#1,At your risk complot!,92.3,low,,no verified win,bounded search or metadata only,
Classic fan,fan:lldb-269,CRISFN05.dat#2,Easy?,74.95,low,,no verified win,bounded search or metadata only,
Classic fan,fan:lldb-269,CRISFN05.dat#3,Bombers in work,39.88,low,,no verified win,bounded search or metadata only,
Classic fan,fan:lldb-269,CRISFN05.dat#4,Solid bricks,93.13,low,,no verified win,bounded search or metadata only,
Classic fan,fan:lldb-269,CRISFN05.dat#5,Let's come to the party,87.45,low,,no verified win,bounded search or metadata only,
Classic fan,fan:lldb-269,CRISFN05.dat#6,Lake Antofagasta,89.35,low,,no verified win,bounded search or metadata only,
Classic fan,fan:lldb-269,CRISFN05.dat#7,Rules to fall,78.4,low,,no verified win,bounded search or metadata only,
Classic fan,fan:lldb-269,CRISFN05.dat#8,Someone must make an effort!,84.65,low,,no verified win,bounded search or metadata only,
Classic fan,fan:lldb-269,CRISFN05.dat#9,"Short way, or not?",86.05,low,,no verified win,bounded search or metadata only,
Classic fan,fan:lldb-27,ISteve07.dat#0,Give a Little Bit of Help,81.25,low,,no verified win,bounded search or metadata only,
Classic fan,fan:lldb-27,ISteve07.dat#1,_-=~Up In The Stars~=-_,78.25,low,,no verified win,bounded search or metadata only,
Classic fan,fan:lldb-27,ISteve07.dat#2,4 Pillars and a Trap,112.88,low,,no verified win,bounded search or metadata only,
Classic fan,fan:lldb-27,ISteve07.dat#3,The Annoying 1-pixel Gap,97,low,,no verified win,bounded search or metadata only,
Classic fan,fan:lldb-27,ISteve07.dat#4,A JUGAR!,91.35,low,,no verified win,bounded search or metadata only,
Classic fan,fan:lldb-27,ISteve07.dat#5,Surrealism,97,low,,no verified win,bounded search or metadata only,
Classic fan,fan:lldb-27,ISteve07.dat#6,Annoyance (Part 2),87.75,low,,no verified win,bounded search or metadata only,
Classic fan,fan:lldb-27,ISteve07.dat#7,Mental Process,106.4,low,,no verified win,bounded search or metadata only,
Classic fan,fan:lldb-27,ISteve07.dat#8,Bash and no time,46.38,low,,no verified win,bounded search or metadata only,
Classic fan,fan:lldb-27,ISteve07.dat#9,If only they could swim,114.28,low,,no verified win,bounded search or metadata only,
Classic fan,fan:lldb-270,CRISFN06.dat#0,Crystalization,87.64,low,,no verified win,bounded search or metadata only,
Classic fan,fan:lldb-270,CRISFN06.dat#1,The creepy crates,96.07,low,,no verified win,bounded search or metadata only,
Classic fan,fan:lldb-270,CRISFN06.dat#2,Chilean coliseum I,115.27,low,,no verified win,bounded search or metadata only,
Classic fan,fan:lldb-270,CRISFN06.dat#3,Ingeniery work,83.0,low,,no verified win,bounded search or metadata only,
Classic fan,fan:lldb-270,CRISFN06.dat#4,Bubble underground,76.97,low,,no verified win,bounded search or metadata only,
Classic fan,fan:lldb-270,CRISFN06.dat#5,Tunnel in progress,92.26,low,,no verified win,bounded search or metadata only,
Classic fan,fan:lldb-270,CRISFN06.dat#6,Indoor doom,78.99,low,,no verified win,bounded search or metadata only,
Classic fan,fan:lldb-270,CRISFN06.dat#7,Only a minute bash,62.75,low,,no verified win,bounded search or metadata only,
Classic fan,fan:lldb-270,CRISFN06.dat#8,All the small things,95.89,low,,no verified win,bounded search or metadata only,
Classic fan,fan:lldb-270,CRISFN06.dat#9,5 lemmings under freezing,84.65,low,,no verified win,bounded search or metadata only,
Classic fan,fan:lldb-271,CRISFN07.dat#0,Pillars in the way,70.75,low,,no verified win,bounded search or metadata only,
Classic fan,fan:lldb-271,CRISFN07.dat#1,Armageddon!,89.46,low,,no verified win,bounded search or metadata only,
Classic fan,fan:lldb-271,CRISFN07.dat#2,Chemical dissease,109.24,low,,no verified win,bounded search or metadata only,
Classic fan,fan:lldb-271,CRISFN07.dat#3,Not here and neither there,84.65,low,,no verified win,bounded search or metadata only,
Classic fan,fan:lldb-271,CRISFN07.dat#4,Crossing one gap,75.25,low,,no verified win,bounded search or metadata only,
Classic fan,fan:lldb-271,CRISFN07.dat#5,Really in need for help!!,92.09,low,,no verified win,bounded search or metadata only,
Classic fan,fan:lldb-271,CRISFN07.dat#6,Lemmings to next floor,82.09,low,,no verified win,bounded search or metadata only,
Classic fan,fan:lldb-271,CRISFN07.dat#7,Against the time,81.5,low,,no verified win,bounded search or metadata only,
Classic fan,fan:lldb-271,CRISFN07.dat#8,It's a work for bombers,61.46,low,,no verified win,bounded search or metadata only,
Classic fan,fan:lldb-271,CRISFN07.dat#9,Scales on way,77,low,,no verified win,bounded search or metadata only,
Classic fan,fan:lldb-272,CRISFN08.dat#0,Bash the cavern,84.65,low,,no verified win,bounded search or metadata only,
Classic fan,fan:lldb-272,CRISFN08.dat#1,Squished in a moment!,35.42,medium,8299b4a74ecf2618caf5b9ab82fa635e0bc63da349b283c8ae79d1f3ea9f7a94,verified win,replay verified,
Classic fan,fan:lldb-272,CRISFN08.dat#2,Mount Highpick,102.14,low,,no verified win,bounded search or metadata only,
Classic fan,fan:lldb-272,CRISFN08.dat#3,The bricks of death,99.95,low,,no verified win,bounded search or metadata only,
Classic fan,fan:lldb-272,CRISFN08.dat#4,Forest of ilussion,93.13,low,,no verified win,bounded search or metadata only,
Classic fan,fan:lldb-272,CRISFN08.dat#5,Lava lemmings,81.7,low,,no verified win,bounded search or metadata only,
Classic fan,fan:lldb-272,CRISFN08.dat#6,The blocked exit,78.5,low,,no verified win,bounded search or metadata only,
Classic fan,fan:lldb-272,CRISFN08.dat#7,It's a snowinable world,83.25,low,,no verified win,bounded search or metadata only,
Classic fan,fan:lldb-272,CRISFN08.dat#8,Get up there!!,80.15,low,,no verified win,bounded search or metadata only,
Classic fan,fan:lldb-272,CRISFN08.dat#9,Lemmings traps,83.25,low,,no verified win,bounded search or metadata only,
Classic fan,fan:lldb-273,CRISFN09.dat#0,Learning the ABC,93.7,low,,no verified win,bounded search or metadata only,
Classic fan,fan:lldb-273,CRISFN09.dat#1,Elevator antics,86.12,low,,no verified win,bounded search or metadata only,
Classic fan,fan:lldb-273,CRISFN09.dat#2,Sci-Fi Stereo,72.81,low,,no verified win,bounded search or metadata only,
Classic fan,fan:lldb-273,CRISFN09.dat#3,Pipe dreams,86.79,low,,no verified win,bounded search or metadata only,
Classic fan,fan:lldb-273,CRISFN09.dat#4,A sunny day,92.3,low,,no verified win,bounded search or metadata only,
Classic fan,fan:lldb-273,CRISFN09.dat#5,Wall in permanent edification,75,low,,no verified win,bounded search or metadata only,
Classic fan,fan:lldb-273,CRISFN09.dat#6,Broken bridge!!,67.25,low,,no verified win,bounded search or metadata only,
Classic fan,fan:lldb-273,CRISFN09.dat#7,Expansion & compression,62.5,low,,no verified win,bounded search or metadata only,
Classic fan,fan:lldb-273,CRISFN09.dat#8,All the 7`s ........,99.32,low,,no verified win,bounded search or metadata only,
Classic fan,fan:lldb-273,CRISFN09.dat#9,Just four in each room,66.53,low,,no verified win,bounded search or metadata only,
Classic fan,fan:lldb-274,CRISFN10.dat#0,Gemland,93.24,low,,no verified win,bounded search or metadata only,
Classic fan,fan:lldb-274,CRISFN10.dat#1,Old roman room,98.09,low,,no verified win,bounded search or metadata only,
Classic fan,fan:lldb-274,CRISFN10.dat#2,Regards on way,79.8,low,,no verified win,bounded search or metadata only,
Classic fan,fan:lldb-274,CRISFN10.dat#3,Lemmings' death,79.95,low,,no verified win,bounded search or metadata only,
Classic fan,fan:lldb-274,CRISFN10.dat#4,"Say your prayers, Lemmings!",95.75,low,,no verified win,bounded search or metadata only,
Classic fan,fan:lldb-274,CRISFN10.dat#5,Flo 'n' Eddy,83.63,low,,no verified win,bounded search or metadata only,
Classic fan,fan:lldb-274,CRISFN10.dat#6,The snow is bad,89.5,low,,no verified win,bounded search or metadata only,
Classic fan,fan:lldb-274,CRISFN10.dat#7,Lemmings must go to the right!,66.8,low,,no verified win,bounded search or metadata only,
Classic fan,fan:lldb-274,CRISFN10.dat#8,Spider's web,81.5,low,,no verified win,bounded search or metadata only,
Classic fan,fan:lldb-274,CRISFN10.dat#9,Pillars apart,70.75,low,,no verified win,bounded search or metadata only,
Classic fan,fan:lldb-275,CRISFN11.dat#0,Lemstart by one side,83.93,low,,no verified win,bounded search or metadata only,
Classic fan,fan:lldb-275,CRISFN11.dat#1,"Little, but difficult!",97.63,low,,no verified win,bounded search or metadata only,
Classic fan,fan:lldb-275,CRISFN11.dat#2,Part-time friends,99.95,low,,no verified win,bounded search or metadata only,
Classic fan,fan:lldb-275,CRISFN11.dat#3,Maybe would be a doddle!,228.88,medium,037af58167a50f0ab36138a98cddc3dba53eb9168ff7f315f881707ced7c7c8d,verified win,replay verified,
Classic fan,fan:lldb-275,CRISFN11.dat#4,The exit is beneath us!,88.96,low,,no verified win,bounded search or metadata only,
Classic fan,fan:lldb-275,CRISFN11.dat#5,Suburbia,88.4,low,,no verified win,bounded search or metadata only,
Classic fan,fan:lldb-275,CRISFN11.dat#6,Snow mining,77.83,low,,no verified win,bounded search or metadata only,
Classic fan,fan:lldb-275,CRISFN11.dat#7,Another call of the bomb squad!,78.56,low,,no verified win,bounded search or metadata only,
Classic fan,fan:lldb-275,CRISFN11.dat#8,The crystal caverns,79.8,low,,no verified win,bounded search or metadata only,
Classic fan,fan:lldb-275,CRISFN11.dat#9,Palm ground,83.34,low,,no verified win,bounded search or metadata only,
Classic fan,fan:lldb-276,CRISFN12.dat#0,Only a way can be!,84.42,low,,no verified win,bounded search or metadata only,
Classic fan,fan:lldb-276,CRISFN12.dat#1,A hot road!,87.76,low,,no verified win,bounded search or metadata only,
Classic fan,fan:lldb-276,CRISFN12.dat#2,Some bubble ways get hard!,86.05,low,,no verified win,bounded search or metadata only,
Classic fan,fan:lldb-276,CRISFN12.dat#3,The roman souvenirs,97.36,low,,no verified win,bounded search or metadata only,
Classic fan,fan:lldb-276,CRISFN12.dat#4,The race of the obstacles,76.78,low,,no verified win,bounded search or metadata only,
Classic fan,fan:lldb-276,CRISFN12.dat#5,Affect of gravity,77,low,,no verified win,bounded search or metadata only,
Classic fan,fan:lldb-276,CRISFN12.dat#6,Flow control,77,low,,no verified win,bounded search or metadata only,
Classic fan,fan:lldb-276,CRISFN12.dat#7,Inside volcano Villarrica,96.52,low,,no verified win,bounded search or metadata only,
Classic fan,fan:lldb-276,CRISFN12.dat#8,The big brick wall,79.68,low,,no verified win,bounded search or metadata only,
Classic fan,fan:lldb-276,CRISFN12.dat#9,Buried under the blizzard,73.86,low,,no verified win,bounded search or metadata only,
Classic fan,fan:lldb-277,CRISFN13.dat#0,Two ways to difficult,104.8,low,,no verified win,bounded search or metadata only,
Classic fan,fan:lldb-277,CRISFN13.dat#1,IT IS ONE WAY!!,100.17,low,,no verified win,bounded search or metadata only,
Classic fan,fan:lldb-277,CRISFN13.dat#2,Stelled roads,93.68,low,,no verified win,bounded search or metadata only,
Classic fan,fan:lldb-277,CRISFN13.dat#3,The ancient pile of Lemmings,83.25,low,,no verified win,bounded search or metadata only,
Classic fan,fan:lldb-277,CRISFN13.dat#4,Crystal diggers,54.5,low,,no verified win,bounded search or metadata only,
Classic fan,fan:lldb-277,CRISFN13.dat#5,The pit of doom,78.17,low,,no verified win,bounded search or metadata only,
Classic fan,fan:lldb-277,CRISFN13.dat#6,The Blocking chain,67.84,low,,no verified win,bounded search or metadata only,
Classic fan,fan:lldb-277,CRISFN13.dat#7,Home below...,75.25,low,,no verified win,bounded search or metadata only,
Classic fan,fan:lldb-277,CRISFN13.dat#8,Tropical sunshine,107.62,low,,no verified win,bounded search or metadata only,
Classic fan,fan:lldb-277,CRISFN13.dat#9,"Bash, mine & dig",83.26,low,,no verified win,bounded search or metadata only,
Classic fan,fan:lldb-278,CRISFN14.dat#0,Bubbling lagoon,97.15,low,,no verified win,bounded search or metadata only,
Classic fan,fan:lldb-278,CRISFN14.dat#1,Be careful when you build!,100.16,low,,no verified win,bounded search or metadata only,
Classic fan,fan:lldb-278,CRISFN14.dat#2,Between angels and falls,83.25,low,,no verified win,bounded search or metadata only,
Classic fan,fan:lldb-278,CRISFN14.dat#3,The Grass-moving pool for you!,52.75,low,,no verified win,bounded search or metadata only,
Classic fan,fan:lldb-278,CRISFN14.dat#4,Chilean coliseum II,101.35,low,,no verified win,bounded search or metadata only,
Classic fan,fan:lldb-278,CRISFN14.dat#5,Helled cavern!,54.25,low,,no verified win,bounded search or metadata only,
Classic fan,fan:lldb-278,CRISFN14.dat#6,Doom snow border,95.75,low,,no verified win,bounded search or metadata only,
Classic fan,fan:lldb-278,CRISFN14.dat#7,Pink pyramid,85.17,low,,no verified win,bounded search or metadata only,
Classic fan,fan:lldb-278,CRISFN14.dat#8,Forest of steel,98.51,low,,no verified win,bounded search or metadata only,
Classic fan,fan:lldb-278,CRISFN14.dat#9,The Lemming net,63.96,low,,no verified win,bounded search or metadata only,
Classic fan,fan:lldb-279,CRISFN15.dat#0,Snowy cross,100.74,low,,no verified win,bounded search or metadata only,
Classic fan,fan:lldb-279,CRISFN15.dat#1,Roman pillars,72,low,,no verified win,bounded search or metadata only,
Classic fan,fan:lldb-279,CRISFN15.dat#2,Chameleon garden,88.85,low,,no verified win,bounded search or metadata only,
Classic fan,fan:lldb-279,CRISFN15.dat#3,Careful with traps,100.74,low,,no verified win,bounded search or metadata only,
Classic fan,fan:lldb-279,CRISFN15.dat#4,Bubble cavern,101.56,low,,no verified win,bounded search or metadata only,
Classic fan,fan:lldb-279,CRISFN15.dat#5,Twin lava towers,87.45,low,,no verified win,bounded search or metadata only,
Classic fan,fan:lldb-279,CRISFN15.dat#6,Ice cavern,99.95,low,,no verified win,bounded search or metadata only,
Classic fan,fan:lldb-279,CRISFN15.dat#7,Antigravity hall,100.51,low,,no verified win,bounded search or metadata only,
Classic fan,fan:lldb-279,CRISFN15.dat#8,Dinosaur bones,105.12,low,,no verified win,bounded search or metadata only,
Classic fan,fan:lldb-279,CRISFN15.dat#9,Acid rendezvous,86.05,low,,no verified win,bounded search or metadata only,
Classic fan,fan:lldb-28,ISteve09.dat#0,Wood Puzzle,92.5,low,,no verified win,bounded search or metadata only,
Classic fan,fan:lldb-28,ISteve09.dat#1,Level F. Random Terrain Pieces,110.8,low,,no verified win,bounded search or metadata only,
Classic fan,fan:lldb-28,ISteve09.dat#2,A BeastIV of a level,98.62,low,,no verified win,bounded search or metadata only,
Classic fan,fan:lldb-28,ISteve09.dat#3,Undermined,68.75,low,,no verified win,bounded search or metadata only,
Classic fan,fan:lldb-28,ISteve09.dat#4,The Razor's Edge (Part 3),71.75,low,,no verified win,bounded search or metadata only,
Classic fan,fan:lldb-28,ISteve09.dat#5,NO MAS!,102,low,,no verified win,bounded search or metadata only,
Classic fan,fan:lldb-28,ISteve09.dat#6,Requiem in A Minor,98.5,low,,no verified win,bounded search or metadata only,
Classic fan,fan:lldb-28,ISteve09.dat#7,?,103.72,low,,no verified win,bounded search or metadata only,
Classic fan,fan:lldb-28,ISteve09.dat#8,"Honey, I shrunk the Levels...",105.59,low,,no verified win,bounded search or metadata only,
Classic fan,fan:lldb-28,ISteve09.dat#9,Not My Hardest 10th Level,103.25,low,,no verified win,bounded search or metadata only,
Classic fan,fan:lldb-280,GARJEN00.dat#0,Look out below!,89.5,low,,no verified win,bounded search or metadata only,
Classic fan,fan:lldb-280,GARJEN00.dat#1,Look familiar? LOOK AGAIN!,59.5,low,,no verified win,bounded search or metadata only,
Classic fan,fan:lldb-280,GARJEN00.dat#2,Lemming Cathodes,73.55,low,,no verified win,bounded search or metadata only,
Classic fan,fan:lldb-280,GARJEN00.dat#3,Mountain Rescue,114.5,low,,no verified win,bounded search or metadata only,
Classic fan,fan:lldb-280,GARJEN00.dat#4,Breakout!,90.09,low,,no verified win,bounded search or metadata only,
Classic fan,fan:lldb-280,GARJEN00.dat#5,Terrible Twos,83.84,low,,no verified win,bounded search or metadata only,
Classic fan,fan:lldb-280,GARJEN00.dat#6,Sharing a Climber?,109.65,low,,no verified win,bounded search or metadata only,
Classic fan,fan:lldb-280,GARJEN00.dat#7,Death Trap,90.45,low,,no verified win,bounded search or metadata only,
Classic fan,fan:lldb-280,GARJEN00.dat#8,Floater's Round,103.4,low,,no verified win,bounded search or metadata only,
Classic fan,fan:lldb-280,GARJEN00.dat#9,Printing Press,116.89,low,,no verified win,bounded search or metadata only,
Classic fan,fan:lldb-281,GARJEN01.dat#0,Three-way Call,75.25,low,,no verified win,bounded search or metadata only,
Classic fan,fan:lldb-281,GARJEN01.dat#1,Compression Method 2,98.55,low,,no verified win,bounded search or metadata only,
Classic fan,fan:lldb-281,GARJEN01.dat#2,Island Hopping,104.39,low,,no verified win,bounded search or metadata only,
Classic fan,fan:lldb-281,GARJEN01.dat#3,Stargazing!,106.5,low,,no verified win,bounded search or metadata only,
Classic fan,fan:lldb-281,GARJEN01.dat#4,Get Deeper and Down,84.65,low,,no verified win,bounded search or metadata only,
Classic fan,fan:lldb-281,GARJEN01.dat#5,Playing with Fire,84.65,low,,no verified win,bounded search or metadata only,
Classic fan,fan:lldb-281,GARJEN01.dat#6,Stunt Double,73.62,low,,no verified win,bounded search or metadata only,
Classic fan,fan:lldb-281,GARJEN01.dat#7,The long way round,69,low,,no verified win,bounded search or metadata only,
Classic fan,fan:lldb-281,GARJEN01.dat#8,We need a blow torch NOW!,102,low,,no verified win,bounded search or metadata only,
Classic fan,fan:lldb-281,GARJEN01.dat#9,Not as simple as it looks,102,low,,no verified win,bounded search or metadata only,
Classic fan,fan:lldb-282,GARJEN02.dat#0,Don't Look Down!,112.88,low,,no verified win,bounded search or metadata only,
Classic fan,fan:lldb-282,GARJEN02.dat#1,Little house on the prairie,79.8,low,,no verified win,bounded search or metadata only,
Classic fan,fan:lldb-282,GARJEN02.dat#2,"Two exits, one route",77,low,,no verified win,bounded search or metadata only,
Classic fan,fan:lldb-282,GARJEN02.dat#3,Crazy Paving,69,low,,no verified win,bounded search or metadata only,
Classic fan,fan:lldb-282,GARJEN02.dat#4,I'm Flipped!,111.25,low,,no verified win,bounded search or metadata only,
Classic fan,fan:lldb-282,GARJEN02.dat#5,I'll take the high road!,113.85,low,,no verified win,bounded search or metadata only,
Classic fan,fan:lldb-282,GARJEN02.dat#6,Fall and no life          *,92.3,low,,no verified win,bounded search or metadata only,
Classic fan,fan:lldb-282,GARJEN02.dat#7,Torashuko,90.68,low,,no verified win,bounded search or metadata only,
Classic fan,fan:lldb-282,GARJEN02.dat#8,I am A.T.                *,75.12,low,,no verified win,bounded search or metadata only,
Classic fan,fan:lldb-282,GARJEN02.dat#9,Fall and no life (Part Two)  *,92.3,low,,no verified win,bounded search or metadata only,
Classic fan,fan:lldb-283,GARJEN03.dat#0,"Out, away from the tune!     *",80.85,low,,no verified win,bounded search or metadata only,
Classic fan,fan:lldb-283,GARJEN03.dat#1,Castles in the sky,115.09,low,,no verified win,bounded search or metadata only,
Classic fan,fan:lldb-283,GARJEN03.dat#2,Ball Bearing,87.75,low,,no verified win,bounded search or metadata only,
Classic fan,fan:lldb-283,GARJEN03.dat#3,That's it????!!!!,78.4,low,,no verified win,bounded search or metadata only,
Classic fan,fan:lldb-283,GARJEN03.dat#4,Cold Burn,87.45,low,,no verified win,bounded search or metadata only,
Classic fan,fan:lldb-283,GARJEN03.dat#5,The Incinerator,83.25,low,,no verified win,bounded search or metadata only,
Classic fan,fan:lldb-283,GARJEN03.dat#6,Lemmings' Ark           *,95.75,low,,no verified win,bounded search or metadata only,
Classic fan,fan:lldb-283,GARJEN03.dat#7,Arch-Nemesis,111.25,low,,no verified win,bounded search or metadata only,
Classic fan,fan:lldb-283,GARJEN03.dat#8,Nuclear Bomb,46.81,low,,no verified win,bounded search or metadata only,
Classic fan,fan:lldb-283,GARJEN03.dat#9,Poste Haste,114.5,low,,no verified win,bounded search or metadata only,
Classic fan,fan:lldb-284,GARJEN04.dat#0,Twister,93.5,low,,no verified win,bounded search or metadata only,
Classic fan,fan:lldb-284,GARJEN04.dat#1,Ice Station II,102.45,low,,no verified win,bounded search or metadata only,
Classic fan,fan:lldb-284,GARJEN04.dat#2,Element,90.25,low,,no verified win,bounded search or metadata only,
Classic fan,fan:lldb-284,GARJEN04.dat#3,Suspension Bridge,101.05,low,,no verified win,bounded search or metadata only,
Classic fan,fan:lldb-284,GARJEN04.dat#4,Knee Deep,98.25,low,,no verified win,bounded search or metadata only,
Classic fan,fan:lldb-284,GARJEN04.dat#5,Firestorm,431.34,medium,f0a21743f92211c55db393462d3c4788049d2889b655bbca80c7ac02c3211d09,verified win,replay verified,
Classic fan,fan:lldb-284,GARJEN04.dat#6,Reverse Engineer,98.38,low,,no verified win,bounded search or metadata only,
Classic fan,fan:lldb-284,GARJEN04.dat#7,Rattlesnake (Cloud 9),109.4,low,,no verified win,bounded search or metadata only,
Classic fan,fan:lldb-284,GARJEN04.dat#8,3W,56,low,,no verified win,bounded search or metadata only,
Classic fan,fan:lldb-284,GARJEN04.dat#9,Who put that there??!!,95.75,low,,no verified win,bounded search or metadata only,
Classic fan,fan:lldb-285,GARJEN05.dat#0,Blast Furnace,105.95,low,,no verified win,bounded search or metadata only,
Classic fan,fan:lldb-285,GARJEN05.dat#1,Reverse Engineer (Part Two),104.88,low,,no verified win,bounded search or metadata only,
Classic fan,fan:lldb-285,GARJEN05.dat#2,Nelson's Column,84.65,low,,no verified win,bounded search or metadata only,
Classic fan,fan:lldb-285,GARJEN05.dat#3,Triad,116.08,low,,no verified win,bounded search or metadata only,
Classic fan,fan:lldb-285,GARJEN05.dat#4,Keystone,114.5,low,,no verified win,bounded search or metadata only,
Classic fan,fan:lldb-285,GARJEN05.dat#5,Poldark,77,low,,no verified win,bounded search or metadata only,
Classic fan,fan:lldb-285,GARJEN05.dat#6,Hedge Maze,62.62,low,,no verified win,bounded search or metadata only,
Classic fan,fan:lldb-285,GARJEN05.dat#7,Deep Freeze,106.38,low,,no verified win,bounded search or metadata only,
Classic fan,fan:lldb-285,GARJEN05.dat#8,Hard Sum?,68.59,low,,no verified win,bounded search or metadata only,
Classic fan,fan:lldb-285,GARJEN05.dat#9,"Eeny, meeny, miny... OH!",73.55,low,,no verified win,bounded search or metadata only,
Classic fan,fan:lldb-286,GARJEN06.dat#0,Downfall,111.25,low,,no verified win,bounded search or metadata only,
Classic fan,fan:lldb-286,GARJEN06.dat#1,Pit of Oblivion,81.08,low,,no verified win,bounded search or metadata only,
Classic fan,fan:lldb-286,GARJEN06.dat#2,Controlled Explosions,76.78,low,,no verified win,bounded search or metadata only,
Classic fan,fan:lldb-286,GARJEN06.dat#3,Someone just had to spoil it all,74.7,low,,no verified win,bounded search or metadata only,
Classic fan,fan:lldb-286,GARJEN06.dat#4,Overhang,107.6,low,,no verified win,bounded search or metadata only,
Classic fan,fan:lldb-286,GARJEN06.dat#5,The Monument,94,low,,no verified win,bounded search or metadata only,
Classic fan,fan:lldb-286,GARJEN06.dat#6,In need of safety regulations,60.33,low,,no verified win,bounded search or metadata only,
Classic fan,fan:lldb-286,GARJEN06.dat#7,Build it up with iron and steel.,95.75,low,,no verified win,bounded search or metadata only,
Classic fan,fan:lldb-286,GARJEN06.dat#8,Death Adder,90.9,low,,no verified win,bounded search or metadata only,
Classic fan,fan:lldb-286,GARJEN06.dat#9,The Final Countdown,114.5,low,,no verified win,bounded search or metadata only,
Classic fan,fan:lldb-287,GARJEN07.dat#0,Blast Furnace (part two),105.95,low,,no verified win,bounded search or metadata only,
Classic fan,fan:lldb-287,GARJEN07.dat#1,The Fjord,105.7,low,,no verified win,bounded search or metadata only,
Classic fan,fan:lldb-287,GARJEN07.dat#2,Chernobyl,79.8,low,,no verified win,bounded search or metadata only,
Classic fan,fan:lldb-287,GARJEN07.dat#3,Laser Beam,96.5,low,,no verified win,bounded search or metadata only,
Classic fan,fan:lldb-287,GARJEN07.dat#4,Come on up,84.65,low,,no verified win,bounded search or metadata only,
Classic fan,fan:lldb-287,GARJEN07.dat#5,Gateway to Atlantis,79.8,low,,no verified win,bounded search or metadata only,
Classic fan,fan:lldb-287,GARJEN07.dat#6,Everyone turn left (Part Two),72.15,low,,no verified win,bounded search or metadata only,
Classic fan,fan:lldb-287,GARJEN07.dat#7,Bailey Bridge,79.8,low,,no verified win,bounded search or metadata only,
Classic fan,fan:lldb-287,GARJEN07.dat#8,Crystal Caves,102,low,,no verified win,bounded search or metadata only,
Classic fan,fan:lldb-287,GARJEN07.dat#9,Meltdown,79.8,low,,no verified win,bounded search or metadata only,
Classic fan,fan:lldb-288,GARJEN08.dat#0,Diamond Mine,98.25,low,,no verified win,bounded search or metadata only,
Classic fan,fan:lldb-288,GARJEN08.dat#1,Motorways Merge,98.25,low,,no verified win,bounded search or metadata only,
Classic fan,fan:lldb-288,GARJEN08.dat#2,Come out to play,99.65,low,,no verified win,bounded search or metadata only,
Classic fan,fan:lldb-288,GARJEN08.dat#3,Temple of Delphi,101.27,low,,no verified win,bounded search or metadata only,
Classic fan,fan:lldb-288,GARJEN08.dat#4,Abseiling Lesson,98.25,low,,no verified win,bounded search or metadata only,
Classic fan,fan:lldb-288,GARJEN08.dat#5,Killer Pillar,99.65,low,,no verified win,bounded search or metadata only,
Classic fan,fan:lldb-288,GARJEN08.dat#6,The Great Escape,76.75,low,,no verified win,bounded search or metadata only,
Classic fan,fan:lldb-288,GARJEN08.dat#7,BEWARE! The Ninja!,102.45,low,,no verified win,bounded search or metadata only,
Classic fan,fan:lldb-288,GARJEN08.dat#8,Everyone turn left,72.15,low,,no verified win,bounded search or metadata only,
Classic fan,fan:lldb-288,GARJEN08.dat#9,A lonely walk,93.7,low,,no verified win,bounded search or metadata only,
Classic fan,fan:lldb-289,GARJEN09.dat#0,Pest Control,118.29,low,,no verified win,bounded search or metadata only,
Classic fan,fan:lldb-289,GARJEN09.dat#1,"...try, try again!",114.5,low,,no verified win,bounded search or metadata only,
Classic fan,fan:lldb-289,GARJEN09.dat#2,"Stop, look and listen",84.65,low,,no verified win,bounded search or metadata only,
Classic fan,fan:lldb-289,GARJEN09.dat#3,Iron Curtain,86.88,low,,no verified win,bounded search or metadata only,
Classic fan,fan:lldb-289,GARJEN09.dat#4,Faithful Friends,97.15,low,,no verified win,bounded search or metadata only,
Classic fan,fan:lldb-289,GARJEN09.dat#5,Can it get any harder than this?,119.29,low,,no verified win,bounded search or metadata only,
Classic fan,fan:lldb-289,GARJEN09.dat#6,Going Down . . . . .,89.5,low,,no verified win,bounded search or metadata only,
Classic fan,fan:lldb-289,GARJEN09.dat#7,Nemesis,97.15,low,,no verified win,bounded search or metadata only,
Classic fan,fan:lldb-289,GARJEN09.dat#8,Oil Refinery,108.03,low,,no verified win,bounded search or metadata only,
Classic fan,fan:lldb-289,GARJEN09.dat#9,Event Horizon,98.5,low,,no verified win,bounded search or metadata only,
Classic fan,fan:lldb-29,QBeez01.dat#0,Sitting Ducks,90.58,low,,no verified win,bounded search or metadata only,
Classic fan,fan:lldb-29,QBeez01.dat#1,Preactor of the Plains,89.18,low,,no verified win,bounded search or metadata only,
Classic fan,fan:lldb-29,QBeez01.dat#2,Pharaoh's Tomb,75.25,low,,no verified win,bounded search or metadata only,
Classic fan,fan:lldb-29,QBeez01.dat#3,Downtown Lemmingopolis,93.03,low,,no verified win,bounded search or metadata only,
Classic fan,fan:lldb-29,QBeez01.dat#4,D'OH!,83.25,low,,no verified win,bounded search or metadata only,
Classic fan,fan:lldb-29,QBeez01.dat#5,The Main Pillars of Daedalem,80.85,low,,no verified win,bounded search or metadata only,
Classic fan,fan:lldb-29,QBeez01.dat#6,Lemmings Rescue Squad,75.25,low,,no verified win,bounded search or metadata only,
Classic fan,fan:lldb-29,QBeez01.dat#7,The Core of Lemmingland,93.67,low,,no verified win,bounded search or metadata only,
Classic fan,fan:lldb-29,QBeez01.dat#8,Argos Khaos,87.1,low,,no verified win,bounded search or metadata only,
Classic fan,fan:lldb-29,QBeez01.dat#9,Do ju it on?,94.45,low,,no verified win,bounded search or metadata only,
Classic fan,fan:lldb-290,JUANJO1N.DAT#0,Vamos parriba!,77,low,,no verified win,bounded search or metadata only,
Classic fan,fan:lldb-290,JUANJO1N.DAT#1,No es tan dificil!,83.25,low,,no verified win,bounded search or metadata only,
Classic fan,fan:lldb-290,JUANJO1N.DAT#2,Date prisa o muere!,80.69,low,,no verified win,bounded search or metadata only,
Classic fan,fan:lldb-290,JUANJO1N.DAT#3,2 posibilidades.,89.5,low,,no verified win,bounded search or metadata only,
Classic fan,fan:lldb-290,JUANJO1N.DAT#4,En Grecia,108.25,low,,no verified win,bounded search or metadata only,
Classic fan,fan:lldb-290,JUANJO1N.DAT#5,En un minuto...,66.16,low,,no verified win,bounded search or metadata only,
Classic fan,fan:lldb-290,JUANJO1N.DAT#6,Los lemmings fantasmas,75.25,low,,no verified win,bounded search or metadata only,
Classic fan,fan:lldb-290,JUANJO1N.DAT#7,Las 3 montanas,92.51,low,,no verified win,bounded search or metadata only,
Classic fan,fan:lldb-290,JUANJO1N.DAT#8,Veeeeeeenga!,75.78,low,,no verified win,bounded search or metadata only,
Classic fan,fan:lldb-290,JUANJO1N.DAT#9,Puzzle atractivo,102,low,,no verified win,bounded search or metadata only,
Classic fan,fan:lldb-291,JUANJO2N.DAT#0,"Patricio, me apruebas Micro II?",81.09,low,,no verified win,bounded search or metadata only,
Classic fan,fan:lldb-291,JUANJO2N.DAT#1,El nivel SAFARI,109.65,low,,no verified win,bounded search or metadata only,
Classic fan,fan:lldb-291,JUANJO2N.DAT#2,Hacia el centro?,95.1,low,,no verified win,bounded search or metadata only,
Classic fan,fan:lldb-291,JUANJO2N.DAT#3,Informacion asimetrica,87.75,low,,no verified win,bounded search or metadata only,
Classic fan,fan:lldb-291,JUANJO2N.DAT#4,Ap an daun,93.04,low,,no verified win,bounded search or metadata only,
Classic fan,fan:lldb-291,JUANJO2N.DAT#5,El nivel de mi amigo Pareto,86.53,low,,no verified win,bounded search or metadata only,
Classic fan,fan:lldb-291,JUANJO2N.DAT#6,El juego chino,94.94,low,,no verified win,bounded search or metadata only,
Classic fan,fan:lldb-291,JUANJO2N.DAT#7,La Binominal... que es?,64.81,low,,no verified win,bounded search or metadata only,
Classic fan,fan:lldb-291,JUANJO2N.DAT#8,Habre aprobado? Ya te lo dire!,95.53,low,,no verified win,bounded search or metadata only,
Classic fan,fan:lldb-291,JUANJO2N.DAT#9,Nivel atipico,101.19,low,,no verified win,bounded search or metadata only,
Classic fan,fan:lldb-292,JUANJO3N.DAT#0,"El ajedrez, otro obstaculo.",86.94,low,,no verified win,bounded search or metadata only,
Classic fan,fan:lldb-292,JUANJO3N.DAT#1,Bolas Y palos,108.25,low,,no verified win,bounded search or metadata only,
Classic fan,fan:lldb-292,JUANJO3N.DAT#2,Quien salva a quien?,97.15,low,,no verified win,bounded search or metadata only,
Classic fan,fan:lldb-292,JUANJO3N.DAT#3,Curvas de Escalada-Parada,92.38,low,,no verified win,bounded search or metadata only,
Classic fan,fan:lldb-292,JUANJO3N.DAT#4,"Patricio, he aprobado MicroII",102,low,,no verified win,bounded search or metadata only,
Classic fan,fan:lldb-292,JUANJO3N.DAT#5,La prision helada,86.94,low,,no verified win,bounded search or metadata only,
Classic fan,fan:lldb-292,JUANJO3N.DAT#6,La carrera,69,low,,no verified win,bounded search or metadata only,
Classic fan,fan:lldb-292,JUANJO3N.DAT#7,3 enigmas a resolver,101.07,low,,no verified win,bounded search or metadata only,
Classic fan,fan:lldb-292,JUANJO3N.DAT#8,Como lo haremos?,92.92,low,,no verified win,bounded search or metadata only,
Classic fan,fan:lldb-292,JUANJO3N.DAT#9,A R K I T R A B O S !,102.59,low,,no verified win,bounded search or metadata only,
Classic fan,fan:lldb-293,JUANJO4N.DAT#0,"""L - F - G""",112.77,low,,no verified win,bounded search or metadata only,
Classic fan,fan:lldb-293,JUANJO4N.DAT#1,3 MiNiLeVeLs,94.12,low,,no verified win,bounded search or metadata only,
Classic fan,fan:lldb-293,JUANJO4N.DAT#2,The great red block,94.53,low,,no verified win,bounded search or metadata only,
Classic fan,fan:lldb-293,JUANJO4N.DAT#3,8--7--0--T,89.5,low,,no verified win,bounded search or metadata only,
Classic fan,fan:lldb-293,JUANJO4N.DAT#4,EL ESCAPE DE GAS!!!!,93.19,low,,no verified win,bounded search or metadata only,
Classic fan,fan:lldb-293,JUANJO4N.DAT#5,CADA UNO A SU CASA!!!,94,low,,no verified win,bounded search or metadata only,
Classic fan,fan:lldb-293,JUANJO4N.DAT#6,Ave Maria!,94.12,low,,no verified win,bounded search or metadata only,
Classic fan,fan:lldb-293,JUANJO4N.DAT#7,Tan normal y tan extranyo,111.05,low,,no verified win,bounded search or metadata only,
Classic fan,fan:lldb-293,JUANJO4N.DAT#8,"1, 1, 1, 1, 1, 1, 1, 20!!",106.5,low,,no verified win,bounded search or metadata only,
Classic fan,fan:lldb-293,JUANJO4N.DAT#9,Los Blockes // Level 68!,98.62,low,,no verified win,bounded search or metadata only,
Classic fan,fan:lldb-294,JUANJO5N.DAT#0,"Todo lo que sube, baja!",113.69,low,,no verified win,bounded search or metadata only,
Classic fan,fan:lldb-294,JUANJO5N.DAT#1,El nivel imposible de verdad,90.9,low,,no verified win,bounded search or metadata only,
Classic fan,fan:lldb-294,JUANJO5N.DAT#2,Jau du ai dick ap de guei?,84.78,low,,no verified win,bounded search or metadata only,
Classic fan,fan:lldb-294,JUANJO5N.DAT#3,NAAN!,107.21,low,,no verified win,bounded search or metadata only,
Classic fan,fan:lldb-294,JUANJO5N.DAT#4,The Arena,91.06,low,,no verified win,bounded search or metadata only,
Classic fan,fan:lldb-294,JUANJO5N.DAT#5,EL PARTENON!,74.03,low,,no verified win,bounded search or metadata only,
Classic fan,fan:lldb-294,JUANJO5N.DAT#6,Think.......................,95.93,low,,no verified win,bounded search or metadata only,
Classic fan,fan:lldb-294,JUANJO5N.DAT#7,Caminando por los astros,115.09,low,,no verified win,bounded search or metadata only,
Classic fan,fan:lldb-294,JUANJO5N.DAT#8,El mar de los lamentos,75.25,low,,no verified win,bounded search or metadata only,
Classic fan,fan:lldb-294,JUANJO5N.DAT#9,Juntos es mas agradable,105.69,low,,no verified win,bounded search or metadata only,
Classic fan,fan:lldb-295,JUANJO6.DAT#0,51. Think level1,108.25,low,,no verified win,bounded search or metadata only,
Classic fan,fan:lldb-295,JUANJO6.DAT#1,52. Think level2,95.75,low,,no verified win,bounded search or metadata only,
Classic fan,fan:lldb-295,JUANJO6.DAT#2,53. Think level3,102,low,,no verified win,bounded search or metadata only,
Classic fan,fan:lldb-295,JUANJO6.DAT#3,54. Think level4,90.9,low,,no verified win,bounded search or metadata only,
Classic fan,fan:lldb-295,JUANJO6.DAT#4,55. Think level5,100.38,low,,no verified win,bounded search or metadata only,
Classic fan,fan:lldb-295,JUANJO6.DAT#5,56. Think level6,103.4,low,,no verified win,bounded search or metadata only,
Classic fan,fan:lldb-295,JUANJO6.DAT#6,57. Think level7,89.1,low,,no verified win,bounded search or metadata only,
Classic fan,fan:lldb-295,JUANJO6.DAT#7,58. Think level8,102.1,low,,no verified win,bounded search or metadata only,
Classic fan,fan:lldb-295,JUANJO6.DAT#8,59. Think level9,99.97,low,,no verified win,bounded search or metadata only,
Classic fan,fan:lldb-295,JUANJO6.DAT#9,60. Dont Think...,31.76,high,9d91ebb2f4bb8fce225fbb783a05017df6181de7d4b5e399f1ef5caf7ce86615,verified win,replay verified,
Classic fan,fan:lldb-296,JUANJO7.DAT#0,61. Logical Level1,103.58,low,,no verified win,bounded search or metadata only,
Classic fan,fan:lldb-296,JUANJO7.DAT#1,62. Logical Level2,109.65,low,,no verified win,bounded search or metadata only,
Classic fan,fan:lldb-296,JUANJO7.DAT#2,63. Logical level3,95.75,low,,no verified win,bounded search or metadata only,
Classic fan,fan:lldb-296,JUANJO7.DAT#3,64. Logical level4,115.09,low,,no verified win,bounded search or metadata only,
Classic fan,fan:lldb-296,JUANJO7.DAT#4,65. Logical level5,114.28,low,,no verified win,bounded search or metadata only,
Classic fan,fan:lldb-297,JUANJO7B.DAT#0,61. Logical Level1 (updated),103.58,low,,no verified win,bounded search or metadata only,
Classic fan,fan:lldb-297,JUANJO7B.DAT#1,63. Logical level3 (updated),95.75,low,,no verified win,bounded search or metadata only,
Classic fan,fan:lldb-298,LEMERINewlvls.dat#0,LemEdit generated Level,58.09,low,,no verified win,bounded search or metadata only,
Classic fan,fan:lldb-298,LEMERINewlvls.dat#1,test01,73.25,low,,no verified win,bounded search or metadata only,
Classic fan,fan:lldb-298,LEMERINewlvls.dat#2,LemEdit generated Level,46,low,,no verified win,bounded search or metadata only,
Classic fan,fan:lldb-298,LEMERINewlvls.dat#3,LemEdit generated Level,82.44,low,,no verified win,bounded search or metadata only,
Classic fan,fan:lldb-298,LEMERINewlvls.dat#4,LemEdit generated Level,71.5,low,,no verified win,bounded search or metadata only,
Classic fan,fan:lldb-298,LEMERINewlvls.dat#5,LemEdit generated Level,73.25,low,,no verified win,bounded search or metadata only,
Classic fan,fan:lldb-298,LEMERINewlvls.dat#6,LemEdit generated Level,81.62,low,,no verified win,bounded search or metadata only,
Classic fan,fan:lldb-298,LEMERINewlvls.dat#7,LemEdit generated Level,71.5,low,,no verified win,bounded search or metadata only,
Classic fan,fan:lldb-298,LEMERINewlvls.dat#8,LemEdit generated Level,71.5,low,,no verified win,bounded search or metadata only,
Classic fan,fan:lldb-299,LEMERITraplvls.dat#0,trapsville,54.18,low,,no verified win,bounded search or metadata only,
Classic fan,fan:lldb-299,LEMERITraplvls.dat#1,Lemmings 2: The traps,66.86,low,,no verified win,bounded search or metadata only,
Classic fan,fan:lldb-299,LEMERITraplvls.dat#2,Twisty Traps,80.59,low,,no verified win,bounded search or metadata only,
Classic fan,fan:lldb-299,LEMERITraplvls.dat#3,The fiery shaft,90.43,low,,no verified win,bounded search or metadata only,
Classic fan,fan:lldb-299,LEMERITraplvls.dat#4,Trapworks,88.24,low,,no verified win,bounded search or metadata only,
Classic fan,fan:lldb-299,LEMERITraplvls.dat#5,Mines of DOOM,68.88,low,,no verified win,bounded search or metadata only,
Classic fan,fan:lldb-299,LEMERITraplvls.dat#6,The Lemmpress,59.03,low,,no verified win,bounded search or metadata only,
Classic fan,fan:lldb-299,LEMERITraplvls.dat#7,This should be a doddle: Part 2,69.94,low,,no verified win,bounded search or metadata only,
Classic fan,fan:lldb-299,LEMERITraplvls.dat#8,Harder then it looks.....,74.34,low,,no verified win,bounded search or metadata only,
Classic fan,fan:lldb-299,LEMERITraplvls.dat#9,Palace of steel and death,68.4,low,,no verified win,bounded search or metadata only,
Classic fan,fan:lldb-3,Anatol00.dat#0,The Arctic,106.62,low,,no verified win,bounded search or metadata only,
Classic fan,fan:lldb-3,Anatol00.dat#1,Egypt Fall,125.77,high,c9707c95b1812036f9a6ef6b17b88173cfc8e0ea4e0e5d4cb09ddd69917f40ef,verified win,replay verified,
Classic fan,fan:lldb-3,Anatol00.dat#3,Let's get out of here!,67.92,low,,no verified win,bounded search or metadata only,
Classic fan,fan:lldb-3,Anatol00.dat#4,Lemming Roast,98.87,low,,no verified win,bounded search or metadata only,
Classic fan,fan:lldb-3,Anatol00.dat#5,Bubble Bath,95.53,low,,no verified win,bounded search or metadata only,
Classic fan,fan:lldb-3,Anatol00.dat#6,The Chain Gang,94,low,,no verified win,bounded search or metadata only,
Classic fan,fan:lldb-3,Anatol00.dat#7,Bricks Away,87.75,low,,no verified win,bounded search or metadata only,
Classic fan,fan:lldb-3,Anatol00.dat#8,Crystmas,104.58,low,,no verified win,bounded search or metadata only,
Classic fan,fan:lldb-3,Anatol00.dat#9,Amazonian,93.7,low,,no verified win,bounded search or metadata only,
Classic fan,fan:lldb-30,QBeez02.dat#0,Don't judge me!,84.65,low,,no verified win,bounded search or metadata only,
Classic fan,fan:lldb-30,QBeez02.dat#1,Snakebitten!,77,low,,no verified win,bounded search or metadata only,
Classic fan,fan:lldb-30,QBeez02.dat#2,It only looks easy...,89.5,low,,no verified win,bounded search or metadata only,
Classic fan,fan:lldb-30,QBeez02.dat#3,None shall pass!,79.55,low,,no verified win,bounded search or metadata only,
Classic fan,fan:lldb-30,QBeez02.dat#4,Spygate,77,low,,no verified win,bounded search or metadata only,
Classic fan,fan:lldb-30,QBeez02.dat#5,Heheheheheh...,87.75,low,,no verified win,bounded search or metadata only,
Classic fan,fan:lldb-30,QBeez02.dat#6,Save as many as you can,59,low,,no verified win,bounded search or metadata only,
Classic fan,fan:lldb-30,QBeez02.dat#7,YOWCH! Level,76.68,low,,no verified win,bounded search or metadata only,
Classic fan,fan:lldb-30,QBeez02.dat#8,Gulp the Lemmings,86.05,low,,no verified win,bounded search or metadata only,
Classic fan,fan:lldb-30,QBeez02.dat#9,Three Lines? Hmmmmmm...,70.38,low,,no verified win,bounded search or metadata only,
Classic fan,fan:lldb-300,Pacpack1.dat#0,Just a bomb away !!,67.92,low,,no verified win,bounded search or metadata only,
Classic fan,fan:lldb-300,Pacpack1.dat#1,Weight Lifting,90.25,low,,no verified win,bounded search or metadata only,
Classic fan,fan:lldb-300,Pacpack1.dat#2,The Lemmites I,66.56,low,,no verified win,bounded search or metadata only,
Classic fan,fan:lldb-300,Pacpack1.dat#3,Crazy Climber I,69,low,,no verified win,bounded search or metadata only,
Classic fan,fan:lldb-300,Pacpack1.dat#4,Bomb the Base,86.12,low,,no verified win,bounded search or metadata only,
Classic fan,fan:lldb-300,Pacpack1.dat#5,Snow Initials,67.25,low,,no verified win,bounded search or metadata only,
Classic fan,fan:lldb-300,Pacpack1.dat#6,The Lemmites II,61.12,low,,no verified win,bounded search or metadata only,
Classic fan,fan:lldb-300,Pacpack1.dat#7,Crazy Climber II,83,low,,no verified win,bounded search or metadata only,
Classic fan,fan:lldb-300,Pacpack1.dat#8,Abracadabra...,81.5,low,,no verified win,bounded search or metadata only,
Classic fan,fan:lldb-300,Pacpack1.dat#9,THE AUTHOR'S SIGNATURE...,84.4,low,,no verified win,bounded search or metadata only,
Classic fan,fan:lldb-301,Pacpack2.dat#0,Oh no! Not again...,62.75,low,,no verified win,bounded search or metadata only,
Classic fan,fan:lldb-301,Pacpack2.dat#1,The race against cliches II,75.25,low,,no verified win,bounded search or metadata only,
Classic fan,fan:lldb-301,Pacpack2.dat#2,Careful diggers...,70.75,low,,no verified win,bounded search or metadata only,
Classic fan,fan:lldb-301,Pacpack2.dat#3,The compass,92.25,low,,no verified win,bounded search or metadata only,
Classic fan,fan:lldb-301,Pacpack2.dat#4,Timing's the Lem (Part Two),70.75,low,,no verified win,bounded search or metadata only,
Classic fan,fan:lldb-301,Pacpack2.dat#5,Ultimate Compression,88.46,low,,no verified win,bounded search or metadata only,
Classic fan,fan:lldb-301,Pacpack2.dat#6,The Base of Main,95.75,low,,no verified win,bounded search or metadata only,
Classic fan,fan:lldb-301,Pacpack2.dat#7,The Jail,92.3,low,,no verified win,bounded search or metadata only,
Classic fan,fan:lldb-301,Pacpack2.dat#8,Not a hard one...,77.99,low,,no verified win,bounded search or metadata only,
Classic fan,fan:lldb-301,Pacpack2.dat#9,How the Hell...,77.99,low,,no verified win,bounded search or metadata only,
Classic fan,fan:lldb-302,TWPAK00.dat#0,Its A Time Thing,38.85,medium,7bea3f7992a11646072adecdcdd9bb83302ed0af27f2c0dd941ef46c0d8ec734,verified win,replay verified,
Classic fan,fan:lldb-302,TWPAK00.dat#1,Climin' Death Mountain,50.79,medium,ea539e9f79d32e7815cd9d3005cc77b73d42426b988c8b8c24b83debba1f3f12,verified win,replay verified,
Classic fan,fan:lldb-302,TWPAK00.dat#2,Float Or Die,46.53,medium,365f8e6470ef01f34da9e8becdb4a1d5ef9e73f20223e507260e42a467eaf8ba,verified win,replay verified,
Classic fan,fan:lldb-302,TWPAK00.dat#3,Up And Down,73.7,low,,no verified win,bounded search or metadata only,
Classic fan,fan:lldb-302,TWPAK00.dat#4,Bomb The Bubbles,44.75,low,,no verified win,bounded search or metadata only,
Classic fan,fan:lldb-302,TWPAK00.dat#5,Stop Block,46.15,low,,no verified win,bounded search or metadata only,
Classic fan,fan:lldb-302,TWPAK00.dat#6,Mine Your Own Bussiness,62.75,low,,no verified win,bounded search or metadata only,
Classic fan,fan:lldb-302,TWPAK00.dat#7,Excavation Station,265.2,medium,5e4b14bbf1e233b899fa7c53505fec4559bd330d4dfbef58f245271f966075f7,verified win,replay verified,
Classic fan,fan:lldb-302,TWPAK00.dat#8,Bridge In A Fridge,146.28,medium,a874edaedec6e8b4841cf33050cb3c993a27f72fdf687c5dab5de5c1d8e309a3,verified win,replay verified,
Classic fan,fan:lldb-302,TWPAK00.dat#9,Skill Your Lemmings,103.25,low,,no verified win,bounded search or metadata only,
Classic fan,fan:lldb-303,TWPAK01.dat#0,Chain Reaction,51.25,low,,no verified win,bounded search or metadata only,
Classic fan,fan:lldb-303,TWPAK01.dat#1,The One-Lemming-Army,117.3,low,,no verified win,bounded search or metadata only,
Classic fan,fan:lldb-303,TWPAK01.dat#2,Down The Drain,67.38,low,,no verified win,bounded search or metadata only,
Classic fan,fan:lldb-303,TWPAK01.dat#3,Asy-Lemm Seekers,107.62,low,,no verified win,bounded search or metadata only,
Classic fan,fan:lldb-303,TWPAK01.dat#4,============Pipeline============,69,low,,no verified win,bounded search or metadata only,
Classic fan,fan:lldb-303,TWPAK01.dat#5,Satan Loves You,101.37,low,,no verified win,bounded search or metadata only,
Classic fan,fan:lldb-303,TWPAK01.dat#6,Both The 7's...................!,99.32,low,,no verified win,bounded search or metadata only,
Classic fan,fan:lldb-303,TWPAK01.dat#7,Lemmings Of Mass Destruction,19.25,low,,no verified win,bounded search or metadata only,
Classic fan,fan:lldb-303,TWPAK01.dat#8,Celestial Lemmings,54.62,low,,no verified win,bounded search or metadata only,
Classic fan,fan:lldb-303,TWPAK01.dat#9,No One Here But Us Three,117.3,low,,no verified win,bounded search or metadata only,
Classic fan,fan:lldb-304,TWPAK02.dat#0,New And Exciting: Lemmingaide!,89.5,low,,no verified win,bounded search or metadata only,
Classic fan,fan:lldb-304,TWPAK02.dat#1,Lemm The Builder,70.75,low,,no verified win,bounded search or metadata only,
Classic fan,fan:lldb-304,TWPAK02.dat#2,Further Down The Drain,81.09,low,,no verified win,bounded search or metadata only,
Classic fan,fan:lldb-304,TWPAK02.dat#3,As Cold As A Frozen Lemming,68.88,low,,no verified win,bounded search or metadata only,
Classic fan,fan:lldb-304,TWPAK02.dat#4,Lets Bash That Guy!,90.36,low,,no verified win,bounded search or metadata only,
Classic fan,fan:lldb-304,TWPAK02.dat#5,Hide And Seek,110.44,low,,no verified win,bounded search or metadata only,
Classic fan,fan:lldb-304,TWPAK02.dat#6,Escape From Lemmtraz,81.72,low,,no verified win,bounded search or metadata only,
Classic fan,fan:lldb-304,TWPAK02.dat#7,"Reduce, Reuse, Relemming",75.25,low,,no verified win,bounded search or metadata only,
Classic fan,fan:lldb-304,TWPAK02.dat#8,When In Rome Do As The Lemmings,84.65,low,,no verified win,bounded search or metadata only,
Classic fan,fan:lldb-304,TWPAK02.dat#9,A Hell Of A Lot Of Bashing,81.2,low,,no verified win,bounded search or metadata only,
Classic fan,fan:lldb-305,TWPAK03.dat#0,Revenge Of The Evil Gardener,51,low,,no verified win,bounded search or metadata only,
Classic fan,fan:lldb-305,TWPAK03.dat#1,Supermega Happy Fun Lemming Land,100,low,,no verified win,bounded search or metadata only,
Classic fan,fan:lldb-305,TWPAK03.dat#2,Down The Bottom Of The Drain,79.88,low,,no verified win,bounded search or metadata only,
Classic fan,fan:lldb-305,TWPAK03.dat#3,Compression Method 2,65.12,low,,no verified win,bounded search or metadata only,
Classic fan,fan:lldb-305,TWPAK03.dat#4,Kidz On The Swing,112.88,low,,no verified win,bounded search or metadata only,
Classic fan,fan:lldb-305,TWPAK03.dat#5,The Wall Trilogy Part 1,68.31,medium,9ee22f3e52a26f061adf84dd9ce936a451074f5f42a4ac2ff04497842b5482ac,verified win,replay verified,
Classic fan,fan:lldb-305,TWPAK03.dat#6,The Lemming Factory,78.4,low,,no verified win,bounded search or metadata only,
Classic fan,fan:lldb-305,TWPAK03.dat#7,Cloudy With A Chance Of Lemmings,102,low,,no verified win,bounded search or metadata only,
Classic fan,fan:lldb-305,TWPAK03.dat#8,Like A Lemming In A Haystack,62.34,low,,no verified win,bounded search or metadata only,
Classic fan,fan:lldb-305,TWPAK03.dat#9,Dot to dot (the 2D version),74.84,low,,no verified win,bounded search or metadata only,
Classic fan,fan:lldb-306,TWPAK04.dat#0,Expendable Lemmings,38.38,low,,no verified win,bounded search or metadata only,
Classic fan,fan:lldb-306,TWPAK04.dat#1,How To Burn A CD Lemming Style,70.38,low,,no verified win,bounded search or metadata only,
Classic fan,fan:lldb-306,TWPAK04.dat#2,Snow Way!,86,low,,no verified win,bounded search or metadata only,
Classic fan,fan:lldb-306,TWPAK04.dat#3,Compression Method 3,61.95,low,,no verified win,bounded search or metadata only,
Classic fan,fan:lldb-306,TWPAK04.dat#4,"""Look What I Found!""",104.88,low,,no verified win,bounded search or metadata only,
Classic fan,fan:lldb-306,TWPAK04.dat#5,The Wall Trilogy Part 2,71.19,low,,no verified win,bounded search or metadata only,
Classic fan,fan:lldb-306,TWPAK04.dat#6,Suicide Bombers In Lemmland,38.5,low,,no verified win,bounded search or metadata only,
Classic fan,fan:lldb-306,TWPAK04.dat#7,Poles Together,87.88,low,,no verified win,bounded search or metadata only,
Classic fan,fan:lldb-306,TWPAK04.dat#8,The Not-So-Amazing Maze,62.5,low,,no verified win,bounded search or metadata only,
Classic fan,fan:lldb-306,TWPAK04.dat#9,One-Way Lemmings,81.2,low,,no verified win,bounded search or metadata only,
Classic fan,fan:lldb-307,TWPAK05.dat#0,Three Times The Fun!,75.25,low,,no verified win,bounded search or metadata only,
Classic fan,fan:lldb-307,TWPAK05.dat#1,Athletes Foot,80.69,low,,no verified win,bounded search or metadata only,
Classic fan,fan:lldb-307,TWPAK05.dat#2,We All Fall Up,62.75,low,,no verified win,bounded search or metadata only,
Classic fan,fan:lldb-307,TWPAK05.dat#3,How To Cook Forty Lemmings,91.53,low,,no verified win,bounded search or metadata only,
Classic fan,fan:lldb-307,TWPAK05.dat#4,Lizard Lubbing Lemmings,102,low,,no verified win,bounded search or metadata only,
Classic fan,fan:lldb-307,TWPAK05.dat#5,The Wall Trilogy Part 3,62.75,low,,no verified win,bounded search or metadata only,
Classic fan,fan:lldb-307,TWPAK05.dat#6,Over The Gap,87.75,low,,no verified win,bounded search or metadata only,
Classic fan,fan:lldb-307,TWPAK05.dat#7,Art Thou Bubbly Feeleth?,87.69,low,,no verified win,bounded search or metadata only,
Classic fan,fan:lldb-307,TWPAK05.dat#8,A Treehouse On A Goldmine,94.44,low,,no verified win,bounded search or metadata only,
Classic fan,fan:lldb-307,TWPAK05.dat#9,Super Communism,106.15,low,,no verified win,bounded search or metadata only,
Classic fan,fan:lldb-308,TWPAK06.dat#0,We're Innocent!,81.15,low,,no verified win,bounded search or metadata only,
Classic fan,fan:lldb-308,TWPAK06.dat#1,NEW: Pyramid In A Box!,75.25,low,,no verified win,bounded search or metadata only,
Classic fan,fan:lldb-308,TWPAK06.dat#2,...And Out Come The Bashers,71.74,low,,no verified win,bounded search or metadata only,
Classic fan,fan:lldb-308,TWPAK06.dat#3,Funeral For A Lemming,75.25,low,,no verified win,bounded search or metadata only,
Classic fan,fan:lldb-308,TWPAK06.dat#4,The Lemming Genome Project,90.25,low,,no verified win,bounded search or metadata only,
Classic fan,fan:lldb-308,TWPAK06.dat#5,Lemmings: Fireworks Simulator,46.5,low,,no verified win,bounded search or metadata only,
Classic fan,fan:lldb-308,TWPAK06.dat#6,Lemmings: Smoothie Maker,80.81,low,,no verified win,bounded search or metadata only,
Classic fan,fan:lldb-308,TWPAK06.dat#7,Hellp!!,68.19,low,,no verified win,bounded search or metadata only,
Classic fan,fan:lldb-308,TWPAK06.dat#8,Lemmy Out Of 'Ere,112.88,low,,no verified win,bounded search or metadata only,
Classic fan,fan:lldb-308,TWPAK06.dat#9,"Me, Myself And Ice",106.2,low,,no verified win,bounded search or metadata only,
Classic fan,fan:lldb-309,TWPAK07.dat#0,Lemming Proof Fence,114.5,low,,no verified win,bounded search or metadata only,
Classic fan,fan:lldb-309,TWPAK07.dat#1,Montizuma's Revenge,95.93,low,,no verified win,bounded search or metadata only,
Classic fan,fan:lldb-309,TWPAK07.dat#2,Three Lemmings Sitting On A Wall,66.08,low,,no verified win,bounded search or metadata only,
Classic fan,fan:lldb-309,TWPAK07.dat#3,Danger: Venus Lemming Traps,106.5,low,,no verified win,bounded search or metadata only,
Classic fan,fan:lldb-309,TWPAK07.dat#4,The Lemmings Vacation To Egypt,89.94,low,,no verified win,bounded search or metadata only,
Classic fan,fan:lldb-309,TWPAK07.dat#5,"""Not Happy Lem!""",80.85,low,,no verified win,bounded search or metadata only,
Classic fan,fan:lldb-309,TWPAK07.dat#6,Tribute To MC Hammer,81.5,low,,no verified win,bounded search or metadata only,
Classic fan,fan:lldb-309,TWPAK07.dat#7,Revenge Of The Red Puffy Stuff,54.62,low,,no verified win,bounded search or metadata only,
Classic fan,fan:lldb-309,TWPAK07.dat#8,Abstract Lemmspressionism,80,low,,no verified win,bounded search or metadata only,
Classic fan,fan:lldb-309,TWPAK07.dat#9,Enter The Dragon,60.61,low,,no verified win,bounded search or metadata only,
Classic fan,fan:lldb-31,Siergiej01.dat#0,Turn loose the lemmings,90.36,low,,no verified win,bounded search or metadata only,
Classic fan,fan:lldb-31,Siergiej01.dat#1,Stairway to nothingness,97.15,low,,no verified win,bounded search or metadata only,
Classic fan,fan:lldb-31,Siergiej01.dat#2,Tower of insomnia,108.77,low,,no verified win,bounded search or metadata only,
Classic fan,fan:lldb-31,Siergiej01.dat#3,Discipline is essential,104.39,low,,no verified win,bounded search or metadata only,
Classic fan,fan:lldb-31,Siergiej01.dat#4,The sacrifice of the hero,91.89,low,,no verified win,bounded search or metadata only,
Classic fan,fan:lldb-31,Siergiej01.dat#5,The ephemeral labyrinth,82.44,low,,no verified win,bounded search or metadata only,
Classic fan,fan:lldb-31,Siergiej01.dat#6,The scaffold,90.9,low,,no verified win,bounded search or metadata only,
Classic fan,fan:lldb-31,Siergiej01.dat#7,And how to get through that...??,87.34,low,,no verified win,bounded search or metadata only,
Classic fan,fan:lldb-31,Siergiej01.dat#8,No frame to waste,81.5,low,,no verified win,bounded search or metadata only,
Classic fan,fan:lldb-31,Siergiej01.dat#9,A long way up,95.97,low,,no verified win,bounded search or metadata only,
Classic fan,fan:lldb-310,TWPAK08.dat#0,Almost A Wall!,81.09,low,,no verified win,bounded search or metadata only,
Classic fan,fan:lldb-310,TWPAK08.dat#1,All a wall!,60.88,low,,no verified win,bounded search or metadata only,
Classic fan,fan:lldb-310,TWPAK08.dat#2,Blocked Bridge,65.25,low,,no verified win,bounded search or metadata only,
Classic fan,fan:lldb-310,TWPAK08.dat#3,Todays special:Barbequed Lemming,79.33,low,,no verified win,bounded search or metadata only,
Classic fan,fan:lldb-310,TWPAK08.dat#4,It's A Sign,103.4,low,,no verified win,bounded search or metadata only,
Classic fan,fan:lldb-310,TWPAK08.dat#5,Have Your Lemming And Eat It Too,74.72,low,,no verified win,bounded search or metadata only,
Classic fan,fan:lldb-310,TWPAK08.dat#6,Fun For The Whole Family!,68.4,low,,no verified win,bounded search or metadata only,
Classic fan,fan:lldb-310,TWPAK08.dat#7,Lemming Rampage,91.08,low,,no verified win,bounded search or metadata only,
Classic fan,fan:lldb-310,TWPAK08.dat#8,Non-Satanic Mary Poppins Land,69,low,,no verified win,bounded search or metadata only,
Classic fan,fan:lldb-310,TWPAK08.dat#9,15 Things To Do With A Lemming,80.59,low,,no verified win,bounded search or metadata only,
Classic fan,fan:lldb-311,TWPAK09.dat#0,Yes?,69,low,,no verified win,bounded search or metadata only,
Classic fan,fan:lldb-311,TWPAK09.dat#1,From L To G,84.65,low,,no verified win,bounded search or metadata only,
Classic fan,fan:lldb-311,TWPAK09.dat#2,Someone Spiked The Lemmings,64.94,low,,no verified win,bounded search or metadata only,
Classic fan,fan:lldb-311,TWPAK09.dat#3,No Use For A Terrain,112.47,low,,no verified win,bounded search or metadata only,
Classic fan,fan:lldb-311,TWPAK09.dat#4,The Traffic Light Of Lemmland,64.94,low,,no verified win,bounded search or metadata only,
Classic fan,fan:lldb-311,TWPAK09.dat#5,Lizard Land,91.53,low,,no verified win,bounded search or metadata only,
Classic fan,fan:lldb-311,TWPAK09.dat#6,Weave Your Lemmings,180.38,medium,722c6af88e8e1f9d8966c309cd8672a3a803ac7dd4d9ec46ef1fb9010674959f,verified win,replay verified,
Classic fan,fan:lldb-311,TWPAK09.dat#7,Lemmings Present:Icecube Madness,60.88,low,,no verified win,bounded search or metadata only,
Classic fan,fan:lldb-311,TWPAK09.dat#8,Time Bomb,61.12,low,,no verified win,bounded search or metadata only,
Classic fan,fan:lldb-311,TWPAK09.dat#9,Keep Your Scarf On Mr. Lemming,86.32,low,,no verified win,bounded search or metadata only,
Classic fan,fan:lldb-312,TWPAK10.dat#0,Objects? What Objects?,87.65,low,,no verified win,bounded search or metadata only,
Classic fan,fan:lldb-312,TWPAK10.dat#1,Googly-Pops Has Lost One Eye,97.15,low,,no verified win,bounded search or metadata only,
Classic fan,fan:lldb-312,TWPAK10.dat#2,An Exit Isn't Just For Christmas,97.94,low,,no verified win,bounded search or metadata only,
Classic fan,fan:lldb-312,TWPAK10.dat#3,Looking Out For Number One,72.15,low,,no verified win,bounded search or metadata only,
Classic fan,fan:lldb-312,TWPAK10.dat#4,Guess The Game,106.5,low,,no verified win,bounded search or metadata only,
Classic fan,fan:lldb-312,TWPAK10.dat#5,Trapped,89.64,low,,no verified win,bounded search or metadata only,
Classic fan,fan:lldb-312,TWPAK10.dat#6,"Hello, I Can't Think Of A Title!",64.95,low,,no verified win,bounded search or metadata only,
Classic fan,fan:lldb-312,TWPAK10.dat#7,Just Drown!,83.25,low,,no verified win,bounded search or metadata only,
Classic fan,fan:lldb-312,TWPAK10.dat#8,Sculpture Maze,106.5,low,,no verified win,bounded search or metadata only,
Classic fan,fan:lldb-312,TWPAK10.dat#9,Competition!,45.92,low,,no verified win,bounded search or metadata only,
Classic fan,fan:lldb-313,TWPAK11.dat#0,Stalker!,109.65,low,,no verified win,bounded search or metadata only,
Classic fan,fan:lldb-313,TWPAK11.dat#1,Lemming Productions Resent...,99.6,low,,no verified win,bounded search or metadata only,
Classic fan,fan:lldb-313,TWPAK11.dat#2,Manual Adventures,108.73,low,,no verified win,bounded search or metadata only,
Classic fan,fan:lldb-313,TWPAK11.dat#3,Insane In The Lembrain,81.62,low,,no verified win,bounded search or metadata only,
Classic fan,fan:lldb-313,TWPAK11.dat#4,Who'll Help Build This Splatform,57.62,low,,no verified win,bounded search or metadata only,
Classic fan,fan:lldb-313,TWPAK11.dat#5,What Goes Down Must Come Up,84,low,,no verified win,bounded search or metadata only,
Classic fan,fan:lldb-313,TWPAK11.dat#6,A Rip-off of a level,96.93,low,,no verified win,bounded search or metadata only,
Classic fan,fan:lldb-313,TWPAK11.dat#7,Miner Threat,75.25,low,,no verified win,bounded search or metadata only,
Classic fan,fan:lldb-313,TWPAK11.dat#8,Let's Go...Out,95.34,low,,no verified win,bounded search or metadata only,
Classic fan,fan:lldb-313,TWPAK11.dat#9,Lemmings Universe,93.59,low,,no verified win,bounded search or metadata only,
Classic fan,fan:lldb-314,TWPAK12.dat#0,A Plight And A Splash,92.5,low,,no verified win,bounded search or metadata only,
Classic fan,fan:lldb-314,TWPAK12.dat#1,Into The Acid...,111.79,low,,no verified win,bounded search or metadata only,
Classic fan,fan:lldb-314,TWPAK12.dat#2,Over The Hills And Far Away,94.12,low,,no verified win,bounded search or metadata only,
Classic fan,fan:lldb-314,TWPAK12.dat#3,Frontal Lemmbotomy,54.5,low,,no verified win,bounded search or metadata only,
Classic fan,fan:lldb-314,TWPAK12.dat#4,It's Zig-Zag Time!,90.25,low,,no verified win,bounded search or metadata only,
Classic fan,fan:lldb-314,TWPAK12.dat#5,The Case Of The Exiting Exit,98.5,low,,no verified win,bounded search or metadata only,
Classic fan,fan:lldb-314,TWPAK12.dat#6,Mr Lemming Your Soup's Gone Cold,89.09,low,,no verified win,bounded search or metadata only,
Classic fan,fan:lldb-314,TWPAK12.dat#7,Splatform Disorder,81.5,low,,no verified win,bounded search or metadata only,
Classic fan,fan:lldb-314,TWPAK12.dat#8,Lock Up Everyone's Lemmings,62.75,low,,no verified win,bounded search or metadata only,
Classic fan,fan:lldb-314,TWPAK12.dat#9,Lemm Of All Trades,195.52,medium,538b25872b1a7544ce33761edc24d7e88043070c10bb450bacc12216cf792671,verified win,replay verified,
Classic fan,fan:lldb-315,TWPAK13.dat#0,We All Fall Left,78.4,low,,no verified win,bounded search or metadata only,
Classic fan,fan:lldb-315,TWPAK13.dat#1,Columns See 'Em,73.62,low,,no verified win,bounded search or metadata only,
Classic fan,fan:lldb-315,TWPAK13.dat#2,"Well, Well, Well",70.75,low,,no verified win,bounded search or metadata only,
Classic fan,fan:lldb-315,TWPAK13.dat#3,Wrong Way Go Back,95.75,low,,no verified win,bounded search or metadata only,
Classic fan,fan:lldb-315,TWPAK13.dat#4,Dad's Ugly Green Chair Level,61,low,,no verified win,bounded search or metadata only,
Classic fan,fan:lldb-315,TWPAK13.dat#5,The National Float Test,98.5,low,,no verified win,bounded search or metadata only,
Classic fan,fan:lldb-315,TWPAK13.dat#6,Multiple Choice,105.16,low,,no verified win,bounded search or metadata only,
Classic fan,fan:lldb-315,TWPAK13.dat#7,Everyone But The Bomber,104.19,low,,no verified win,bounded search or metadata only,
Classic fan,fan:lldb-315,TWPAK13.dat#8,ToP Of ThE PoPs!!!!!,70.5,low,,no verified win,bounded search or metadata only,
Classic fan,fan:lldb-315,TWPAK13.dat#9,"Quote: ""That's a mediocre level""",96.45,low,,no verified win,bounded search or metadata only,
Classic fan,fan:lldb-316,twbestof.dat#0,Sculpture Maze,106.5,low,,no verified win,bounded search or metadata only,
Classic fan,fan:lldb-316,twbestof.dat#1,The Lemming Factory,90.9,low,,no verified win,bounded search or metadata only,
Classic fan,fan:lldb-316,twbestof.dat#2,Miner Threat,75.25,low,,no verified win,bounded search or metadata only,
Classic fan,fan:lldb-316,twbestof.dat#3,Stairway,81.5,low,,no verified win,bounded search or metadata only,
Classic fan,fan:lldb-316,twbestof.dat#4,Everyone But The Bomber,104.19,low,,no verified win,bounded search or metadata only,
Classic fan,fan:lldb-316,twbestof.dat#5,Stalker!,109.65,low,,no verified win,bounded search or metadata only,
Classic fan,fan:lldb-316,twbestof.dat#6,Three Times The Fun!,83.25,low,,no verified win,bounded search or metadata only,
Classic fan,fan:lldb-316,twbestof.dat#7,Multiple Choice,105.16,low,,no verified win,bounded search or metadata only,
Classic fan,fan:lldb-316,twbestof.dat#8,Are You Burning?,64.95,low,,no verified win,bounded search or metadata only,
Classic fan,fan:lldb-316,twbestof.dat#9,...And Out Come The Bashers,69.12,low,,no verified win,bounded search or metadata only,
Classic fan,fan:lldb-317,joem1.dat#0,The Armoury,84,low,,no verified win,bounded search or metadata only,
Classic fan,fan:lldb-317,joem1.dat#1,Unholy Cathedral,95.28,low,,no verified win,bounded search or metadata only,
Classic fan,fan:lldb-317,joem1.dat#2,Bloodfalls,102.31,low,,no verified win,bounded search or metadata only,
Classic fan,fan:lldb-317,joem1.dat#3,Land of Destruction,70.52,low,,no verified win,bounded search or metadata only,
Classic fan,fan:lldb-317,joem1.dat#4,Think Fast!,69,low,,no verified win,bounded search or metadata only,
Classic fan,fan:lldb-317,joem1.dat#5,Disaster Area,111.03,low,,no verified win,bounded search or metadata only,
Classic fan,fan:lldb-317,joem1.dat#6,Mind your step,58.69,low,,no verified win,bounded search or metadata only,
Classic fan,fan:lldb-317,joem1.dat#7,Open Season,90.25,low,,no verified win,bounded search or metadata only,
Classic fan,fan:lldb-317,joem1.dat#8,Tricks and Traps,109.18,low,,no verified win,bounded search or metadata only,
Classic fan,fan:lldb-317,joem1.dat#9,Dead Zone,94,low,,no verified win,bounded search or metadata only,
Classic fan,fan:lldb-318,joem2.dat#0,Think Fast! (Part Two),56.25,low,,no verified win,bounded search or metadata only,
Classic fan,fan:lldb-318,joem2.dat#1,Time flies,100.25,low,,no verified win,bounded search or metadata only,
Classic fan,fan:lldb-318,joem2.dat#2,"SPLAT,SPLAT,SPLAT,EGG AND LEMM",73.22,low,,no verified win,bounded search or metadata only,
Classic fan,fan:lldb-318,joem2.dat#3,Build to it,69,low,,no verified win,bounded search or metadata only,
Classic fan,fan:lldb-318,joem2.dat#4,What's this doing here?,83.25,low,,no verified win,bounded search or metadata only,
Classic fan,fan:lldb-318,joem2.dat#5,Looks pretty difficult!,90.75,low,,no verified win,bounded search or metadata only,
Classic fan,fan:lldb-318,joem2.dat#6,Know your enemy...,62.5,low,,no verified win,bounded search or metadata only,
Classic fan,fan:lldb-318,joem2.dat#7,Impossible mission,60.75,low,,no verified win,bounded search or metadata only,
Classic fan,fan:lldb-318,joem2.dat#8,Huck it,54.78,low,,no verified win,bounded search or metadata only,
Classic fan,fan:lldb-318,joem2.dat#9,Break through the stakes,61,low,,no verified win,bounded search or metadata only,
Classic fan,fan:lldb-319,joem3.dat#0,Fistful of Steel,69.31,low,,no verified win,bounded search or metadata only,
Classic fan,fan:lldb-319,joem3.dat#1,Where's that exit?,114.5,low,,no verified win,bounded search or metadata only,
Classic fan,fan:lldb-319,joem3.dat#2,Killing in the name of....,83.17,low,,no verified win,bounded search or metadata only,
Classic fan,fan:lldb-319,joem3.dat#3,Electric Lemmings in love,77.75,low,,no verified win,bounded search or metadata only,
Classic fan,fan:lldb-319,joem3.dat#4,Battle against the clitches,61.31,low,,no verified win,bounded search or metadata only,
Classic fan,fan:lldb-319,joem3.dat#5,Blocked by one way system,93.9,low,,no verified win,bounded search or metadata only,
Classic fan,fan:lldb-319,joem3.dat#6,Think fast! (Part Three),64.25,low,,no verified win,bounded search or metadata only,
Classic fan,fan:lldb-319,joem3.dat#7,ShOp oR PoP!,91.03,low,,no verified win,bounded search or metadata only,
Classic fan,fan:lldb-319,joem3.dat#8,Several lemmings do level work,89.81,low,,no verified win,bounded search or metadata only,
Classic fan,fan:lldb-319,joem3.dat#9,A difficult mission,68.88,low,,no verified win,bounded search or metadata only,
Classic fan,fan:lldb-32,ClamSpam01.dat#0,"Hello, Goodbye",105.79,low,,no verified win,bounded search or metadata only,
Classic fan,fan:lldb-32,ClamSpam01.dat#1,Lemming Recycling Plant,103.36,low,,no verified win,bounded search or metadata only,
Classic fan,fan:lldb-32,ClamSpam01.dat#2,FALL AND DIE,95.75,low,,no verified win,bounded search or metadata only,
Classic fan,fan:lldb-32,ClamSpam01.dat#3,The Square Route of Lemmings,108.41,low,,no verified win,bounded search or metadata only,
Classic fan,fan:lldb-32,ClamSpam01.dat#4,Dig This!,90.9,low,,no verified win,bounded search or metadata only,
Classic fan,fan:lldb-32,ClamSpam01.dat#5,Catch Your Death,87.65,low,,no verified win,bounded search or metadata only,
Classic fan,fan:lldb-32,ClamSpam01.dat#6,Leaky Building Syndrome,94.12,low,,no verified win,bounded search or metadata only,
Classic fan,fan:lldb-32,ClamSpam01.dat#7,Rounds and Swingabouts,94.85,low,,no verified win,bounded search or metadata only,
Classic fan,fan:lldb-32,ClamSpam01.dat#8,Singular Squish,73.75,low,,no verified win,bounded search or metadata only,
Classic fan,fan:lldb-32,ClamSpam01.dat#9,Escape From Alcatraz!,97.15,low,,no verified win,bounded search or metadata only,
Classic fan,fan:lldb-320,joem5.dat#0,Beyond The Razor's Edge,80.42,low,,no verified win,bounded search or metadata only,
Classic fan,fan:lldb-320,joem5.dat#1,Times running out hurry,70.75,low,,no verified win,bounded search or metadata only,
Classic fan,fan:lldb-320,joem5.dat#2,Bomb Boxes,67.12,low,,no verified win,bounded search or metadata only,
Classic fan,fan:lldb-320,joem5.dat#3,Difficult Task,79.55,low,,no verified win,bounded search or metadata only,
Classic fan,fan:lldb-320,joem5.dat#4,Feel the pain,411.24,medium,9ccbd2f6407f715355fc235c85dcf5b34c8ab03590ad5e9db295a3b70c05a069,verified win,replay verified,
Classic fan,fan:lldb-320,joem5.dat#5,All or nothing (Part 2),77,low,,no verified win,bounded search or metadata only,
Classic fan,fan:lldb-320,joem5.dat#6,Breaking the heart,69,low,,no verified win,bounded search or metadata only,
Classic fan,fan:lldb-320,joem5.dat#7,Taken from the inside,77.86,low,,no verified win,bounded search or metadata only,
Classic fan,fan:lldb-320,joem5.dat#9,MAD DAM DMA,68.72,low,,no verified win,bounded search or metadata only,
Classic fan,fan:lldb-321,joem6.dat#0,Cure for the Itch,79.75,low,,no verified win,bounded search or metadata only,
Classic fan,fan:lldb-321,joem6.dat#1,Deepest Reaches,63.77,low,,no verified win,bounded search or metadata only,
Classic fan,fan:lldb-321,joem6.dat#2,Slippery Surface,115.9,low,,no verified win,bounded search or metadata only,
Classic fan,fan:lldb-321,joem6.dat#3,Disposable Lemmings,92.12,low,,no verified win,bounded search or metadata only,
Classic fan,fan:lldb-321,joem6.dat#4,People of Three Sectors,77,low,,no verified win,bounded search or metadata only,
Classic fan,fan:lldb-321,joem6.dat#5,Lemming Star,89.91,low,,no verified win,bounded search or metadata only,
Classic fan,fan:lldb-321,joem6.dat#6,Flooding Factory,96.2,low,,no verified win,bounded search or metadata only,
Classic fan,fan:lldb-321,joem6.dat#7,Lemming Teeth,91.88,low,,no verified win,bounded search or metadata only,
Classic fan,fan:lldb-321,joem6.dat#8,From the top to the bottom,90.25,low,,no verified win,bounded search or metadata only,
Classic fan,fan:lldb-321,joem6.dat#9,Numb,64.9,low,,no verified win,bounded search or metadata only,
Classic fan,fan:lldb-322,joem7.dat#0,Easily done,106.5,low,,no verified win,bounded search or metadata only,
Classic fan,fan:lldb-322,joem7.dat#1,The thing that cannot be,98.38,low,,no verified win,bounded search or metadata only,
Classic fan,fan:lldb-322,joem7.dat#2,Digging Only,62.54,medium,76dfc06a52d04a5b1bed987fe6b0065b95b6d03fb77375f71b81cb2e19873f8d,verified win,replay verified,
Classic fan,fan:lldb-322,joem7.dat#3,Confusion,102.68,low,,no verified win,bounded search or metadata only,
Classic fan,fan:lldb-322,joem7.dat#4,At the peaks,91.69,low,,no verified win,bounded search or metadata only,
Classic fan,fan:lldb-322,joem7.dat#5,Bred to kill not to care,101.75,low,,no verified win,bounded search or metadata only,
Classic fan,fan:lldb-322,joem7.dat#6,Beyond Crystal Diggers,51.92,low,,no verified win,bounded search or metadata only,
Classic fan,fan:lldb-322,joem7.dat#7,Feel the pain 2,96.06,low,,no verified win,bounded search or metadata only,
Classic fan,fan:lldb-322,joem7.dat#8,Garage Incorporated,76.35,low,,no verified win,bounded search or metadata only,
Classic fan,fan:lldb-322,joem7.dat#9,Nuclear War on the dance floor,74.9,low,,no verified win,bounded search or metadata only,
Classic fan,fan:lldb-323,joem8.dat#0,Going up or Going down...,101.93,low,,no verified win,bounded search or metadata only,
Classic fan,fan:lldb-323,joem8.dat#1,Take the power back,86.9,low,,no verified win,bounded search or metadata only,
Classic fan,fan:lldb-323,joem8.dat#2,Do it the easy way!,100.74,low,,no verified win,bounded search or metadata only,
Classic fan,fan:lldb-323,joem8.dat#3,If they could fly...,90.38,low,,no verified win,bounded search or metadata only,
Classic fan,fan:lldb-323,joem8.dat#4,The abandoned mines,90.25,low,,no verified win,bounded search or metadata only,
Classic fan,fan:lldb-323,joem8.dat#5,Kristallnaacht,52.75,low,,no verified win,bounded search or metadata only,
Classic fan,fan:lldb-323,joem8.dat#6,Uncontrolled explosions,56.66,low,,no verified win,bounded search or metadata only,
Classic fan,fan:lldb-323,joem8.dat#7,"Stay Undercover, Agent lemming",89.5,low,,no verified win,bounded search or metadata only,
Classic fan,fan:lldb-323,joem8.dat#8,The gun is good,75.25,low,,no verified win,bounded search or metadata only,
Classic fan,fan:lldb-323,joem8.dat#9,Going seperate ways,83.25,low,,no verified win,bounded search or metadata only,
Classic fan,fan:lldb-324,joem9.dat#0,Thin line,60.04,low,,no verified win,bounded search or metadata only,
Classic fan,fan:lldb-324,joem9.dat#1,Lemming Messiah,89.05,low,,no verified win,bounded search or metadata only,
Classic fan,fan:lldb-324,joem9.dat#2,I woke up in a bath of ice,75.7,low,,no verified win,bounded search or metadata only,
Classic fan,fan:lldb-324,joem9.dat#4,Your sweet Mr Six Sixty Six,376.48,medium,113252336b6facd4dbff7520dea59dd324dae59e18d5d00e7c5a1086991532ba,verified win,replay verified,
Classic fan,fan:lldb-324,joem9.dat#5,Spiritblade Incorporated,84.92,low,,no verified win,bounded search or metadata only,
Classic fan,fan:lldb-324,joem9.dat#7,Muted Lemmings,87.75,low,,no verified win,bounded search or metadata only,
Classic fan,fan:lldb-324,joem9.dat#8,A poor attempt at a level,103.4,low,,no verified win,bounded search or metadata only,
Classic fan,fan:lldb-324,joem9.dat#9,High Voltage!,112.61,low,,no verified win,bounded search or metadata only,
Classic fan,fan:lldb-325,t3tesla.dat#0,The Lemming Funhouse,73.62,low,,no verified win,bounded search or metadata only,
Classic fan,fan:lldb-325,t3tesla.dat#1,Dangerzone,96.6,low,,no verified win,bounded search or metadata only,
Classic fan,fan:lldb-325,t3tesla.dat#2,Suicidal Tendencies,100.38,low,,no verified win,bounded search or metadata only,
Classic fan,fan:lldb-325,t3tesla.dat#3,ROCKY ROAD,87.55,low,,no verified win,bounded search or metadata only,
Classic fan,fan:lldb-325,t3tesla.dat#4,Lemmings in a situation,101.19,low,,no verified win,bounded search or metadata only,
Classic fan,fan:lldb-325,t3tesla.dat#5,There's madness in the method,89.5,low,,no verified win,bounded search or metadata only,
Classic fan,fan:lldb-325,t3tesla.dat#6,Dr Lemminggood,75.05,low,,no verified win,bounded search or metadata only,
Classic fan,fan:lldb-325,t3tesla.dat#7,This Corrosion,73,low,,no verified win,bounded search or metadata only,
Classic fan,fan:lldb-325,t3tesla.dat#8,A TOWERING PROBLEM,48.01,low,,no verified win,bounded search or metadata only,
Classic fan,fan:lldb-325,t3tesla.dat#9,Ice Ice Lemming,106.4,low,,no verified win,bounded search or metadata only,
Classic fan,fan:lldb-326,CALEPCK1.DAT#0,Who Will Explode?,62.62,low,,no verified win,bounded search or metadata only,
Classic fan,fan:lldb-326,CALEPCK1.DAT#1,The Legend Of....,89.5,low,,no verified win,bounded search or metadata only,
Classic fan,fan:lldb-326,CALEPCK1.DAT#2,Gap of ages....,84.65,low,,no verified win,bounded search or metadata only,
Classic fan,fan:lldb-326,CALEPCK1.DAT#3,Illusions in the Attic...,104.88,low,,no verified win,bounded search or metadata only,
Classic fan,fan:lldb-326,CALEPCK1.DAT#4,through the tunnel of fun.,54.75,low,,no verified win,bounded search or metadata only,
Classic fan,fan:lldb-326,CALEPCK1.DAT#5,The Engine Room...,94.94,low,,no verified win,bounded search or metadata only,
Classic fan,fan:lldb-326,CALEPCK1.DAT#6,How to Chain your Lemming...,87.06,low,,no verified win,bounded search or metadata only,
Classic fan,fan:lldb-326,CALEPCK1.DAT#7,Unused blank generic level,2.86,high,56336e3748f1959f040da7f09808ff50102f68f1288f0d0aa09a4dc8dcd72e16,verified win,replay verified,
Classic fan,fan:lldb-326,CALEPCK1.DAT#8,Unused blank generic level,2.86,high,56336e3748f1959f040da7f09808ff50102f68f1288f0d0aa09a4dc8dcd72e16,verified win,replay verified,
Classic fan,fan:lldb-326,CALEPCK1.DAT#9,Unused blank generic level,2.86,high,56336e3748f1959f040da7f09808ff50102f68f1288f0d0aa09a4dc8dcd72e16,verified win,replay verified,
Classic fan,fan:lldb-327,JM01.DAT#0,Pollution,80.99,medium,bf477b6a6ca7ee002fc52850720756fcc29c8b62950725631561c321b45b20d0,verified win,replay verified,
Classic fan,fan:lldb-327,JM01.DAT#1,Climb over it,77,low,,no verified win,bounded search or metadata only,
Classic fan,fan:lldb-327,JM01.DAT#2,Don't activate the traps,80.81,low,,no verified win,bounded search or metadata only,
Classic fan,fan:lldb-327,JM01.DAT#3,Figure it out,106.38,low,,no verified win,bounded search or metadata only,
Classic fan,fan:lldb-327,JM01.DAT#4,Tightrope,56.25,low,,no verified win,bounded search or metadata only,
Classic fan,fan:lldb-327,JM01.DAT#5,Day by Day,234.15,medium,508090d8d33f20199e350346fc770565f1fb7331a40a69debae4189b87265bf7,verified win,replay verified,
Classic fan,fan:lldb-327,JM01.DAT#6,Float to safety,146.19,medium,ce70910397a59cb309a442a932b34944e292314fbc28ad9ff350aaf237f16706,verified win,replay verified,
Classic fan,fan:lldb-327,JM01.DAT#7,Come back!,63.58,low,,no verified win,bounded search or metadata only,
Classic fan,fan:lldb-327,JM01.DAT#8,A ladder would be handy (Part2),403.5,medium,d321da3e42c77bda46d9b63612676d1e2fc063c79c1a31d7a36ef9abe39c9c8d,verified win,replay verified,
Classic fan,fan:lldb-327,JM01.DAT#9,Lemmingology (Part 2),83.25,low,,no verified win,bounded search or metadata only,
Classic fan,fan:lldb-328,JM02.DAT#0,Just like this,95,low,,no verified win,bounded search or metadata only,
Classic fan,fan:lldb-328,JM02.DAT#1,Break Stuff,77.9,low,,no verified win,bounded search or metadata only,
Classic fan,fan:lldb-328,JM02.DAT#2,Trust?,89.94,low,,no verified win,bounded search or metadata only,
Classic fan,fan:lldb-328,JM02.DAT#3,If only we could fly,62.62,low,,no verified win,bounded search or metadata only,
Classic fan,fan:lldb-328,JM02.DAT#4,Boiler,107.78,low,,no verified win,bounded search or metadata only,
Classic fan,fan:lldb-328,JM02.DAT#5,Hold On,75.12,low,,no verified win,bounded search or metadata only,
Classic fan,fan:lldb-328,JM02.DAT#6,Mirror's Reflection,107.55,low,,no verified win,bounded search or metadata only,
Classic fan,fan:lldb-328,JM02.DAT#7,Scapegoat,93.06,low,,no verified win,bounded search or metadata only,
Classic fan,fan:lldb-328,JM02.DAT#8,Get into my car,94.69,low,,no verified win,bounded search or metadata only,
Classic fan,fan:lldb-328,JM02.DAT#9,Sound Control,56.98,low,,no verified win,bounded search or metadata only,
Classic fan,fan:lldb-329,JM03.DAT#0,How to handle a one way block,112.88,low,,no verified win,bounded search or metadata only,
Classic fan,fan:lldb-329,JM03.DAT#1,Again & Again,321.01,medium,be7e5bc5207d2f5f5859de9b96d74bbb1b574f3cc0fc5325a61a5a6593a69110,verified win,replay verified,
Classic fan,fan:lldb-329,JM03.DAT#2,Xplosive,58.69,low,,no verified win,bounded search or metadata only,
Classic fan,fan:lldb-329,JM03.DAT#3,Caught in a trap,112.66,low,,no verified win,bounded search or metadata only,
Classic fan,fan:lldb-329,JM03.DAT#4,Catch the 1st one,46.5,low,,no verified win,bounded search or metadata only,
Classic fan,fan:lldb-329,JM03.DAT#5,Crawl,89.81,low,,no verified win,bounded search or metadata only,
Classic fan,fan:lldb-329,JM03.DAT#6,Bring your own bombs,45.69,low,,no verified win,bounded search or metadata only,
Classic fan,fan:lldb-329,JM03.DAT#7,Lemmings to be,57.39,low,,no verified win,bounded search or metadata only,
Classic fan,fan:lldb-329,JM03.DAT#8,Temper,84.15,low,,no verified win,bounded search or metadata only,
Classic fan,fan:lldb-329,JM03.DAT#9,4 Walls,106.4,low,,no verified win,bounded search or metadata only,
Classic fan,fan:lldb-33,QBeez03.dat#0,Cannondrum,97.12,low,,no verified win,bounded search or metadata only,
Classic fan,fan:lldb-33,QBeez03.dat#1,Pizza Machine,95.75,low,,no verified win,bounded search or metadata only,
Classic fan,fan:lldb-33,QBeez03.dat#2,The hunt is on!,453.53,medium,8f13fc776184a6cfe648bfb100e596572daf14995ca26e4c7935782732ef3f4e,verified win,replay verified,
Classic fan,fan:lldb-33,QBeez03.dat#3,DO NOT ENTER,422.09,medium,da95dcf82a6141e83232ee4bcda04a95d7c1ea21b799e7ed615f5366a302fd72,verified win,replay verified,
Classic fan,fan:lldb-33,QBeez03.dat#4,I ain't got a clue!,87.75,low,,no verified win,bounded search or metadata only,
Classic fan,fan:lldb-33,QBeez03.dat#5,Attack of the Mutant Sombreros!,99.6,low,,no verified win,bounded search or metadata only,
Classic fan,fan:lldb-33,QBeez03.dat#6,ThE oNe WaY lEvEl,88.53,low,,no verified win,bounded search or metadata only,
Classic fan,fan:lldb-33,QBeez03.dat#7,Sockhead,92.3,low,,no verified win,bounded search or metadata only,
Classic fan,fan:lldb-33,QBeez03.dat#8,Construction Site,81.5,low,,no verified win,bounded search or metadata only,
Classic fan,fan:lldb-33,QBeez03.dat#9,Blank Reality,101.68,low,,no verified win,bounded search or metadata only,
Classic fan,fan:lldb-330,JM04.DAT#0,Deadfall,96.58,low,,no verified win,bounded search or metadata only,
Classic fan,fan:lldb-330,JM04.DAT#1,Spiders,90.25,low,,no verified win,bounded search or metadata only,
Classic fan,fan:lldb-330,JM04.DAT#2,Traps in the ground,87.62,low,,no verified win,bounded search or metadata only,
Classic fan,fan:lldb-330,JM04.DAT#3,The Blue Line,71.21,low,,no verified win,bounded search or metadata only,
Classic fan,fan:lldb-330,JM04.DAT#4,A Beast of a level strikes back,108.59,low,,no verified win,bounded search or metadata only,
Classic fan,fan:lldb-330,JM04.DAT#5,Luvly Jubly (part 2),70.5,low,,no verified win,bounded search or metadata only,
Classic fan,fan:lldb-330,JM04.DAT#6,311,101.68,low,,no verified win,bounded search or metadata only,
Classic fan,fan:lldb-330,JM04.DAT#7,Revenge of the Rainbows,106.38,low,,no verified win,bounded search or metadata only,
Classic fan,fan:lldb-330,JM04.DAT#8,Almost Over,77,low,,no verified win,bounded search or metadata only,
Classic fan,fan:lldb-330,JM04.DAT#9,Build a Bridge,62.5,low,,no verified win,bounded search or metadata only,
Classic fan,fan:lldb-331,JM05.DAT#0,Red Light,75.25,low,,no verified win,bounded search or metadata only,
Classic fan,fan:lldb-331,JM05.DAT#1,The Only Time,96.59,low,,no verified win,bounded search or metadata only,
Classic fan,fan:lldb-331,JM05.DAT#2,Let you down,69,low,,no verified win,bounded search or metadata only,
Classic fan,fan:lldb-331,JM05.DAT#3,Lonely World,84.18,low,,no verified win,bounded search or metadata only,
Classic fan,fan:lldb-331,JM05.DAT#4,Phenomenon,107.19,low,,no verified win,bounded search or metadata only,
Classic fan,fan:lldb-331,JM05.DAT#5,Radio is dead,69,low,,no verified win,bounded search or metadata only,
Classic fan,fan:lldb-331,JM05.DAT#6,Head for the Barricade,96.06,low,,no verified win,bounded search or metadata only,
Classic fan,fan:lldb-331,JM05.DAT#7,Behind your eyes,90.25,low,,no verified win,bounded search or metadata only,
Classic fan,fan:lldb-331,JM05.DAT#8,Drown,102.31,low,,no verified win,bounded search or metadata only,
Classic fan,fan:lldb-331,JM05.DAT#9,Let us go,107.78,low,,no verified win,bounded search or metadata only,
Classic fan,fan:lldb-332,JM06.DAT#0,Just two minutes,160.02,medium,1fd576578dc1cdcb7f6827d57418dcc4cb1a7e82d098f76972e0c27edd696d6c,verified win,replay verified,
Classic fan,fan:lldb-332,JM06.DAT#1,Complicated but possible,105.69,low,,no verified win,bounded search or metadata only,
Classic fan,fan:lldb-332,JM06.DAT#2,On the Outside,82.3,low,,no verified win,bounded search or metadata only,
Classic fan,fan:lldb-332,JM06.DAT#3,A young couple,102,low,,no verified win,bounded search or metadata only,
Classic fan,fan:lldb-332,JM06.DAT#4,It's Simple,114.5,low,,no verified win,bounded search or metadata only,
Classic fan,fan:lldb-332,JM06.DAT#5,Prison,100.22,low,,no verified win,bounded search or metadata only,
Classic fan,fan:lldb-332,JM06.DAT#6,Land of Pharaohs,112.06,low,,no verified win,bounded search or metadata only,
Classic fan,fan:lldb-332,JM06.DAT#7,No Man's Kind,106.08,low,,no verified win,bounded search or metadata only,
Classic fan,fan:lldb-332,JM06.DAT#8,There's a way to get to it,71.9,low,,no verified win,bounded search or metadata only,
Classic fan,fan:lldb-332,JM06.DAT#9,Task Force,100.8,low,,no verified win,bounded search or metadata only,
Classic fan,fan:lldb-333,JM07.DAT#0,Deep Inside,89,low,,no verified win,bounded search or metadata only,
Classic fan,fan:lldb-333,JM07.DAT#1,Careless clicking causes death,90.75,low,,no verified win,bounded search or metadata only,
Classic fan,fan:lldb-333,JM07.DAT#2,Flatline,73.62,low,,no verified win,bounded search or metadata only,
Classic fan,fan:lldb-333,JM07.DAT#4,Just Four,106.5,low,,no verified win,bounded search or metadata only,
Classic fan,fan:lldb-333,JM07.DAT#5,"2 entrances, 2 exits",108.25,low,,no verified win,bounded search or metadata only,
Classic fan,fan:lldb-333,JM07.DAT#6,Simply Planned,81,low,,no verified win,bounded search or metadata only,
Classic fan,fan:lldb-333,JM07.DAT#7,Can you feel the heat?,117.3,low,,no verified win,bounded search or metadata only,
Classic fan,fan:lldb-333,JM07.DAT#8,Upon Mr Lemming,113.85,low,,no verified win,bounded search or metadata only,
Classic fan,fan:lldb-333,JM07.DAT#9,And then there was 1,108.25,low,,no verified win,bounded search or metadata only,
Classic fan,fan:lldb-334,JM08.DAT#0,Save me (part 2),70.05,low,,no verified win,bounded search or metadata only,
Classic fan,fan:lldb-334,JM08.DAT#1,I'm so cold,113.24,low,,no verified win,bounded search or metadata only,
Classic fan,fan:lldb-334,JM08.DAT#2,A silent walk,104.93,low,,no verified win,bounded search or metadata only,
Classic fan,fan:lldb-334,JM08.DAT#3,Advertisers get you on the run,90.96,low,,no verified win,bounded search or metadata only,
Classic fan,fan:lldb-334,JM08.DAT#4,Which exit is it?,102,low,,no verified win,bounded search or metadata only,
Classic fan,fan:lldb-334,JM08.DAT#5,Got Climbers?,69,low,,no verified win,bounded search or metadata only,
Classic fan,fan:lldb-334,JM08.DAT#6,Goodbye Blue Sky,92.3,low,,no verified win,bounded search or metadata only,
Classic fan,fan:lldb-334,JM08.DAT#7,The Life you waste,98.5,low,,no verified win,bounded search or metadata only,
Classic fan,fan:lldb-334,JM08.DAT#8,Figure it out (remake),95.5,low,,no verified win,bounded search or metadata only,
Classic fan,fan:lldb-334,JM08.DAT#9,We are now at LEMCON TWO,108,low,,no verified win,bounded search or metadata only,
Classic fan,fan:lldb-335,JM09.DAT#0,This is a doddle,543.2,medium,2cc29b9e72f24024fc81675853db0d321b5f464108138bbc6547efd7a4954043,verified win,replay verified,
Classic fan,fan:lldb-335,JM09.DAT#1,Another easy task,82.75,low,,no verified win,bounded search or metadata only,
Classic fan,fan:lldb-335,JM09.DAT#2,Walk Right,67.25,low,,no verified win,bounded search or metadata only,
Classic fan,fan:lldb-335,JM09.DAT#3,It's Up there,105,low,,no verified win,bounded search or metadata only,
Classic fan,fan:lldb-335,JM09.DAT#4,Do it your way,62.25,low,,no verified win,bounded search or metadata only,
Classic fan,fan:lldb-335,JM09.DAT#5,I ate all the Pea Soup,81.5,low,,no verified win,bounded search or metadata only,
Classic fan,fan:lldb-335,JM09.DAT#6,The ground above has a gap,100.25,low,,no verified win,bounded search or metadata only,
Classic fan,fan:lldb-335,JM09.DAT#7,When you're in prison,101.08,low,,no verified win,bounded search or metadata only,
Classic fan,fan:lldb-335,JM09.DAT#8,A handful of help,97.81,low,,no verified win,bounded search or metadata only,
Classic fan,fan:lldb-335,JM09.DAT#9,Dead Land,84.95,low,,no verified win,bounded search or metadata only,
Classic fan,fan:lldb-336,JM10.DAT#0,Don't bash the wall,444.42,medium,17c0ea6be0b87667466799f1e8e1d09a595b51021f799027b584402212c4ef54,verified win,replay verified,
Classic fan,fan:lldb-336,JM10.DAT#1,Get up there,73.22,low,,no verified win,bounded search or metadata only,
Classic fan,fan:lldb-336,JM10.DAT#2,Regular Joe,102.83,low,,no verified win,bounded search or metadata only,
Classic fan,fan:lldb-336,JM10.DAT#3,Return of the Rainbows,89.5,low,,no verified win,bounded search or metadata only,
Classic fan,fan:lldb-336,JM10.DAT#4,How do you get up there?,320.08,medium,eccc5f56f8660633ee52f161a0311c9a60cdc5695bcd52fd6b3a8f644adc8b00,verified win,replay verified,
Classic fan,fan:lldb-336,JM10.DAT#5,No bridge available,85.44,low,,no verified win,bounded search or metadata only,
Classic fan,fan:lldb-336,JM10.DAT#6,Walk along the line,94,low,,no verified win,bounded search or metadata only,
Classic fan,fan:lldb-336,JM10.DAT#7,Time is getting on,95.1,low,,no verified win,bounded search or metadata only,
Classic fan,fan:lldb-336,JM10.DAT#8,Anomaly,79.75,low,,no verified win,bounded search or metadata only,
Classic fan,fan:lldb-336,JM10.DAT#9,Outro,114.5,low,,no verified win,bounded search or metadata only,
Classic fan,fan:lldb-337,JM11.DAT#0,Lets move,71.1,low,,no verified win,bounded search or metadata only,
Classic fan,fan:lldb-337,JM11.DAT#1,We dont need any help,94,low,,no verified win,bounded search or metadata only,
Classic fan,fan:lldb-337,JM11.DAT#2,Two minutes to make it,61,low,,no verified win,bounded search or metadata only,
Classic fan,fan:lldb-337,JM11.DAT#3,It all comes to good,95.94,low,,no verified win,bounded search or metadata only,
Classic fan,fan:lldb-337,JM11.DAT#4,Which way do you want to go?,82.25,low,,no verified win,bounded search or metadata only,
Classic fan,fan:lldb-337,JM11.DAT#5,What exit?,300.59,high,e0432ea1d99bad42b0b17f975853c19d85b96157f95e5da06bee79e8612c1f2f,verified win,replay verified,
Classic fan,fan:lldb-337,JM11.DAT#6,Rock n Roll,107.55,low,,no verified win,bounded search or metadata only,
Classic fan,fan:lldb-337,JM11.DAT#7,Time keeps on slipping,69,low,,no verified win,bounded search or metadata only,
Classic fan,fan:lldb-337,JM11.DAT#8,Blow their minds,103.4,low,,no verified win,bounded search or metadata only,
Classic fan,fan:lldb-337,JM11.DAT#9,Done like this,68.36,low,,no verified win,bounded search or metadata only,
Classic fan,fan:lldb-338,JM12.DAT#0,Gemland Vacation,87.75,low,,no verified win,bounded search or metadata only,
Classic fan,fan:lldb-338,JM12.DAT#1,Sticks to exit,75.25,low,,no verified win,bounded search or metadata only,
Classic fan,fan:lldb-338,JM12.DAT#2,It's not impossible,83,low,,no verified win,bounded search or metadata only,
Classic fan,fan:lldb-338,JM12.DAT#3,Do not disturb my lemmings,87.72,low,,no verified win,bounded search or metadata only,
Classic fan,fan:lldb-338,JM12.DAT#4,The two worms,90.25,low,,no verified win,bounded search or metadata only,
Classic fan,fan:lldb-338,JM12.DAT#5,Live it up,109.08,low,,no verified win,bounded search or metadata only,
Classic fan,fan:lldb-338,JM12.DAT#6,The Invisible Bridge,101.5,low,,no verified win,bounded search or metadata only,
Classic fan,fan:lldb-338,JM12.DAT#7,Morning View,75,low,,no verified win,bounded search or metadata only,
Classic fan,fan:lldb-338,JM12.DAT#8,Love Temple,114.6,low,,no verified win,bounded search or metadata only,
Classic fan,fan:lldb-338,JM12.DAT#9,Impassable,103.67,low,,no verified win,bounded search or metadata only,
Classic fan,fan:lldb-339,JM13.DAT#0,Not simple,38.26,high,1f1ac21fbd836f23ae268d2d3c260b135020be6169f072fe5a66585a3abfd81a,verified win,replay verified,
Classic fan,fan:lldb-339,JM13.DAT#1,I feel like im on this level,79.55,low,,no verified win,bounded search or metadata only,
Classic fan,fan:lldb-339,JM13.DAT#2,Get back up,76.08,low,,no verified win,bounded search or metadata only,
Classic fan,fan:lldb-339,JM13.DAT#3,Too much pressure,106.38,low,,no verified win,bounded search or metadata only,
Classic fan,fan:lldb-339,JM13.DAT#4,Some steel crates,86.2,low,,no verified win,bounded search or metadata only,
Classic fan,fan:lldb-339,JM13.DAT#5,Lonely Day,68.88,low,,no verified win,bounded search or metadata only,
Classic fan,fan:lldb-339,JM13.DAT#6,Get Lost,81.5,low,,no verified win,bounded search or metadata only,
Classic fan,fan:lldb-339,JM13.DAT#7,Take care of my lemmings,87,low,,no verified win,bounded search or metadata only,
Classic fan,fan:lldb-339,JM13.DAT#8,Going up,108.25,low,,no verified win,bounded search or metadata only,
Classic fan,fan:lldb-339,JM13.DAT#9,Five must survive,69.83,low,,no verified win,bounded search or metadata only,
Classic fan,fan:lldb-34,levelpack1.dat#0,blokers are for sissies,63.55,low,,no verified win,bounded search or metadata only,
Classic fan,fan:lldb-34,levelpack1.dat#1,blow up the ground you dumbbroad,76.53,low,,no verified win,bounded search or metadata only,
Classic fan,fan:lldb-34,levelpack1.dat#2,the accending water scenario,110.21,low,,no verified win,bounded search or metadata only,
Classic fan,fan:lldb-34,levelpack1.dat#3,garden of fire,112.45,low,,no verified win,bounded search or metadata only,
Classic fan,fan:lldb-34,levelpack1.dat#4,what everybody loves most,58.81,low,,no verified win,bounded search or metadata only,
Classic fan,fan:lldb-34,levelpack1.dat#5,are you kidding me?,96.2,low,,no verified win,bounded search or metadata only,
Classic fan,fan:lldb-34,levelpack1.dat#6,horray for lemmings,104.8,low,,no verified win,bounded search or metadata only,
Classic fan,fan:lldb-34,levelpack1.dat#7,the tree tops=D,67.92,low,,no verified win,bounded search or metadata only,
Classic fan,fan:lldb-340,JM14.DAT#0,Price to play the game,75.26,low,,no verified win,bounded search or metadata only,
Classic fan,fan:lldb-340,JM14.DAT#1,How about this,111.88,low,,no verified win,bounded search or metadata only,
Classic fan,fan:lldb-340,JM14.DAT#2,It happened yesterday,97.12,low,,no verified win,bounded search or metadata only,
Classic fan,fan:lldb-340,JM14.DAT#3,Turn around,68.75,low,,no verified win,bounded search or metadata only,
Classic fan,fan:lldb-340,JM14.DAT#4,Party Time!,73.5,low,,no verified win,bounded search or metadata only,
Classic fan,fan:lldb-340,JM14.DAT#5,Sweet Helen,66.17,low,,no verified win,bounded search or metadata only,
Classic fan,fan:lldb-340,JM14.DAT#6,Dont mess with me,89.91,low,,no verified win,bounded search or metadata only,
Classic fan,fan:lldb-340,JM14.DAT#7,Keep your hair on,101.35,low,,no verified win,bounded search or metadata only,
Classic fan,fan:lldb-340,JM14.DAT#8,Warning: One Minute,61,low,,no verified win,bounded search or metadata only,
Classic fan,fan:lldb-340,JM14.DAT#9,Pathetic,107.78,low,,no verified win,bounded search or metadata only,
Classic fan,fan:lldb-341,JM15.DAT#0,Exit below...,64,low,,no verified win,bounded search or metadata only,
Classic fan,fan:lldb-341,JM15.DAT#1,A Sunsoft level,79.19,low,,no verified win,bounded search or metadata only,
Classic fan,fan:lldb-341,JM15.DAT#2,Another gap in the ground,89.36,low,,no verified win,bounded search or metadata only,
Classic fan,fan:lldb-341,JM15.DAT#3,SNOW PROBLEM!,77.84,low,,no verified win,bounded search or metadata only,
Classic fan,fan:lldb-341,JM15.DAT#4,A certain shade of grey,94.31,low,,no verified win,bounded search or metadata only,
Classic fan,fan:lldb-341,JM15.DAT#5,Execution Style,52.38,low,,no verified win,bounded search or metadata only,
Classic fan,fan:lldb-341,JM15.DAT#6,Hot Soup,104.19,low,,no verified win,bounded search or metadata only,
Classic fan,fan:lldb-341,JM15.DAT#7,Don't leave my lemmings,76.75,low,,no verified win,bounded search or metadata only,
Classic fan,fan:lldb-341,JM15.DAT#8,We dont need any help (revisted),75.25,low,,no verified win,bounded search or metadata only,
Classic fan,fan:lldb-341,JM15.DAT#9,The Times I didn't say,88.31,low,,no verified win,bounded search or metadata only,
Classic fan,fan:lldb-342,JM16.DAT#0,Tell 'em how to do it,68.35,low,,no verified win,bounded search or metadata only,
Classic fan,fan:lldb-342,JM16.DAT#1,The most Awful looking level,88.06,low,,no verified win,bounded search or metadata only,
Classic fan,fan:lldb-342,JM16.DAT#2,A BeastII of a level strikes bak,111.25,low,,no verified win,bounded search or metadata only,
Classic fan,fan:lldb-342,JM16.DAT#3,How many traps will I find?,113.6,low,,no verified win,bounded search or metadata only,
Classic fan,fan:lldb-342,JM16.DAT#4,A nice set of columns,90.33,low,,no verified win,bounded search or metadata only,
Classic fan,fan:lldb-342,JM16.DAT#5,Old School Lemmings,104.78,low,,no verified win,bounded search or metadata only,
Classic fan,fan:lldb-342,JM16.DAT#6,Someone's in my garden,79.88,low,,no verified win,bounded search or metadata only,
Classic fan,fan:lldb-342,JM16.DAT#7,Impossbile... NOT!!,87.5,low,,no verified win,bounded search or metadata only,
Classic fan,fan:lldb-342,JM16.DAT#8,Like a game of bowling,86.25,low,,no verified win,bounded search or metadata only,
Classic fan,fan:lldb-342,JM16.DAT#9,I think I lost my stomach ache,70.67,low,,no verified win,bounded search or metadata only,
Classic fan,fan:lldb-343,JM17.DAT#0,I'm sure this isn't hard,104.3,low,,no verified win,bounded search or metadata only,
Classic fan,fan:lldb-343,JM17.DAT#1,Find a way to get up there,102.44,low,,no verified win,bounded search or metadata only,
Classic fan,fan:lldb-343,JM17.DAT#2,<--- Two ways to go --->,58.17,low,,no verified win,bounded search or metadata only,
Classic fan,fan:lldb-343,JM17.DAT#3,Schizophrenic Conversations,97.15,low,,no verified win,bounded search or metadata only,
Classic fan,fan:lldb-343,JM17.DAT#4,Failing is easy,73.38,low,,no verified win,bounded search or metadata only,
Classic fan,fan:lldb-343,JM17.DAT#5,Heat to Bear,106.2,low,,no verified win,bounded search or metadata only,
Classic fan,fan:lldb-343,JM17.DAT#6,A nightful of stars,104.19,low,,no verified win,bounded search or metadata only,
Classic fan,fan:lldb-343,JM17.DAT#8,No choice but to air-bash,46.38,low,,no verified win,bounded search or metadata only,
Classic fan,fan:lldb-343,JM17.DAT#9,Everyone's a hard knock,86.05,low,,no verified win,bounded search or metadata only,
Classic fan,fan:lldb-344,JM18.DAT#0,Another annoying 1-pixel gap,100.25,low,,no verified win,bounded search or metadata only,
Classic fan,fan:lldb-344,JM18.DAT#1,Exits left and right,114.28,low,,no verified win,bounded search or metadata only,
Classic fan,fan:lldb-344,JM18.DAT#2,No rush!,83.93,low,,no verified win,bounded search or metadata only,
Classic fan,fan:lldb-344,JM18.DAT#3,Three different missions,84.65,low,,no verified win,bounded search or metadata only,
Classic fan,fan:lldb-344,JM18.DAT#4,Drown and no life,100.12,low,,no verified win,bounded search or metadata only,
Classic fan,fan:lldb-344,JM18.DAT#5,I am J.M,93.72,low,,no verified win,bounded search or metadata only,
Classic fan,fan:lldb-344,JM18.DAT#6,No peeking in Lemedit!,72,low,,no verified win,bounded search or metadata only,
Classic fan,fan:lldb-344,JM18.DAT#7,A block in the way,68.35,low,,no verified win,bounded search or metadata only,
Classic fan,fan:lldb-344,JM18.DAT#8,You can't do anything about it,70.75,low,,no verified win,bounded search or metadata only,
Classic fan,fan:lldb-344,JM18.DAT#9,You probably can't solve this,54.62,low,,no verified win,bounded search or metadata only,
Classic fan,fan:lldb-345,MARSHY01.DAT#0,Intro to MCMarshy01.dat,140.79,high,253631a49fa7b4ae02bba64ff6c2216ad0f43b19f0350a04f49933b845423e9b,verified win,replay verified,
Classic fan,fan:lldb-345,MARSHY01.DAT#1,Only climbers can do this,149.82,medium,73c58874689318a33a10ed4d23589f9fa02db06e6a9665ee7046255fabe6fa0c,verified win,replay verified,
Classic fan,fan:lldb-345,MARSHY01.DAT#2,No problem for builders,90.25,low,,no verified win,bounded search or metadata only,
Classic fan,fan:lldb-345,MARSHY01.DAT#3,I'm out to get you,71.06,low,,no verified win,bounded search or metadata only,
Classic fan,fan:lldb-345,MARSHY01.DAT#4,The Reflection,48.82,low,,no verified win,bounded search or metadata only,
Classic fan,fan:lldb-345,MARSHY01.DAT#5,S.C.I.E.N.C.E,81.25,low,,no verified win,bounded search or metadata only,
Classic fan,fan:lldb-345,MARSHY01.DAT#6,Tailor-made for floaters,154.99,medium,c65a4ca76ad22f4e17a5996e0ff25ca6baddb3e8cd80ac4c05bfd29b66fe14df,verified win,replay verified,
Classic fan,fan:lldb-345,MARSHY01.DAT#7,Dangerous Ramp,74.75,low,,no verified win,bounded search or metadata only,
Classic fan,fan:lldb-345,MARSHY01.DAT#8,Several pixes away from the exit,74.25,low,,no verified win,bounded search or metadata only,
Classic fan,fan:lldb-345,MARSHY01.DAT#9,There's no solution,30.58,medium,d00d3092ae7dce96758c562b619398bf0ab87495a99894f81391b0423cda61e6,verified win,replay verified,
Classic fan,fan:lldb-346,MARSHY02.DAT#0,Catch more floaters,103.25,low,,no verified win,bounded search or metadata only,
Classic fan,fan:lldb-346,MARSHY02.DAT#1,The Unfinished level,90.25,low,,no verified win,bounded search or metadata only,
Classic fan,fan:lldb-346,MARSHY02.DAT#2,Keep Step,98.25,low,,no verified win,bounded search or metadata only,
Classic fan,fan:lldb-346,MARSHY02.DAT#3,Hard when you don't know how,317.22,medium,a92bbdd8c9be173cd4e227ef5d6fcb5334920293355a0a1a645d016118768c4b,verified win,replay verified,
Classic fan,fan:lldb-346,MARSHY02.DAT#4,Up and away!,94,low,,no verified win,bounded search or metadata only,
Classic fan,fan:lldb-346,MARSHY02.DAT#5,The bridges have been cut off,95.34,low,,no verified win,bounded search or metadata only,
Classic fan,fan:lldb-346,MARSHY02.DAT#6,This is a builder-less level,94,low,,no verified win,bounded search or metadata only,
Classic fan,fan:lldb-346,MARSHY02.DAT#7,Above us is a tower,74.75,low,,no verified win,bounded search or metadata only,
Classic fan,fan:lldb-346,MARSHY02.DAT#8,Where can you spot an exit?,74.81,low,,no verified win,bounded search or metadata only,
Classic fan,fan:lldb-346,MARSHY02.DAT#9,Disused Land,87.75,low,,no verified win,bounded search or metadata only,
Classic fan,fan:lldb-347,MARSHY03.DAT#0,Let's go to the moon,92,low,,no verified win,bounded search or metadata only,
Classic fan,fan:lldb-347,MARSHY03.DAT#1,Go out for a walk?,79.5,low,,no verified win,bounded search or metadata only,
Classic fan,fan:lldb-347,MARSHY03.DAT#2,Salvage Boat,83.25,low,,no verified win,bounded search or metadata only,
Classic fan,fan:lldb-347,MARSHY03.DAT#3,Don't leave any lemmings,67,low,,no verified win,bounded search or metadata only,
Classic fan,fan:lldb-347,MARSHY03.DAT#4,Room with no exit,70.75,low,,no verified win,bounded search or metadata only,
Classic fan,fan:lldb-347,MARSHY03.DAT#5,Only two minutes,62.75,low,,no verified win,bounded search or metadata only,
Classic fan,fan:lldb-347,MARSHY03.DAT#6,Marshall's Lemmings,105.4,low,,no verified win,bounded search or metadata only,
Classic fan,fan:lldb-347,MARSHY03.DAT#7,Compression Period,72.67,low,,no verified win,bounded search or metadata only,
Classic fan,fan:lldb-347,MARSHY03.DAT#8,You got a murder scene there,75.25,low,,no verified win,bounded search or metadata only,
Classic fan,fan:lldb-347,MARSHY03.DAT#9,No way out,105.49,low,,no verified win,bounded search or metadata only,
Classic fan,fan:lldb-348,MARSHY04.DAT#0,Ancient Realms,103.67,low,,no verified win,bounded search or metadata only,
Classic fan,fan:lldb-348,MARSHY04.DAT#1,A.T is no more,86.25,low,,no verified win,bounded search or metadata only,
Classic fan,fan:lldb-348,MARSHY04.DAT#2,Watch it diggers,52.75,low,,no verified win,bounded search or metadata only,
Classic fan,fan:lldb-348,MARSHY04.DAT#3,Take your lemmings for a walk,108,low,,no verified win,bounded search or metadata only,
Classic fan,fan:lldb-348,MARSHY04.DAT#4,Pitch Black,93.5,low,,no verified win,bounded search or metadata only,
Classic fan,fan:lldb-348,MARSHY04.DAT#5,Hammer your lemmings,72.12,low,,no verified win,bounded search or metadata only,
Classic fan,fan:lldb-348,MARSHY04.DAT#6,How to hang your lemming,110.44,low,,no verified win,bounded search or metadata only,
Classic fan,fan:lldb-348,MARSHY04.DAT#7,Stuck,69,low,,no verified win,bounded search or metadata only,
Classic fan,fan:lldb-348,MARSHY04.DAT#8,I'm not ok,100.15,low,,no verified win,bounded search or metadata only,
Classic fan,fan:lldb-348,MARSHY04.DAT#9,The not-so impasssable wall,97.42,low,,no verified win,bounded search or metadata only,
Classic fan,fan:lldb-349,MARSHY05.DAT#0,The Furnace,104.8,low,,no verified win,bounded search or metadata only,
Classic fan,fan:lldb-349,MARSHY05.DAT#1,Natural Planet,83.25,low,,no verified win,bounded search or metadata only,
Classic fan,fan:lldb-349,MARSHY05.DAT#2,No time to argue,75.25,low,,no verified win,bounded search or metadata only,
Classic fan,fan:lldb-349,MARSHY05.DAT#3,Float and no life,100.15,low,,no verified win,bounded search or metadata only,
Classic fan,fan:lldb-349,MARSHY05.DAT#4,No turning back!,84.4,low,,no verified win,bounded search or metadata only,
Classic fan,fan:lldb-349,MARSHY05.DAT#5,Waste Disposal Unit,86.13,low,,no verified win,bounded search or metadata only,
Classic fan,fan:lldb-349,MARSHY05.DAT#6,Stupid Shredders,81.3,low,,no verified win,bounded search or metadata only,
Classic fan,fan:lldb-349,MARSHY05.DAT#7,Balance Beam,84.65,low,,no verified win,bounded search or metadata only,
Classic fan,fan:lldb-349,MARSHY05.DAT#8,Keep the crowd together,69,low,,no verified win,bounded search or metadata only,
Classic fan,fan:lldb-349,MARSHY05.DAT#9,Time Bandits,71.58,low,,no verified win,bounded search or metadata only,
Classic fan,fan:lldb-35,1tseug.dat#0,Slipping,102,low,,no verified win,bounded search or metadata only,
Classic fan,fan:lldb-35,1tseug.dat#1,In Need Of Scenery,75.25,low,,no verified win,bounded search or metadata only,
Classic fan,fan:lldb-35,1tseug.dat#2,Ups and Downs,87.88,low,,no verified win,bounded search or metadata only,
Classic fan,fan:lldb-35,1tseug.dat#3,Not Quite...,108.25,low,,no verified win,bounded search or metadata only,
Classic fan,fan:lldb-35,1tseug.dat#4,The Gr8 Escape,77,low,,no verified win,bounded search or metadata only,
Classic fan,fan:lldb-35,1tseug.dat#5,"Oh No, Not Again!",100.25,low,,no verified win,bounded search or metadata only,
Classic fan,fan:lldb-35,1tseug.dat#6,Stuff In The Way,100.25,low,,no verified win,bounded search or metadata only,
Classic fan,fan:lldb-35,1tseug.dat#7,NULL,99.44,low,,no verified win,bounded search or metadata only,
Classic fan,fan:lldb-35,1tseug.dat#8,Rush Hour,89.5,low,,no verified win,bounded search or metadata only,
Classic fan,fan:lldb-35,1tseug.dat#9,More Steel Works,81.5,low,,no verified win,bounded search or metadata only,
Classic fan,fan:lldb-350,MARSHY06.DAT#0,Darkness of the royal family,114.5,low,,no verified win,bounded search or metadata only,
Classic fan,fan:lldb-350,MARSHY06.DAT#1,Evil Whisper,89.5,low,,no verified win,bounded search or metadata only,
Classic fan,fan:lldb-350,MARSHY06.DAT#2,A Trap is a trap,76.53,low,,no verified win,bounded search or metadata only,
Classic fan,fan:lldb-350,MARSHY06.DAT#3,Electric Circuit,83.25,low,,no verified win,bounded search or metadata only,
Classic fan,fan:lldb-350,MARSHY06.DAT#4,The Oasis,110.48,low,,no verified win,bounded search or metadata only,
Classic fan,fan:lldb-350,MARSHY06.DAT#5,Use your brain skillfully,87.75,low,,no verified win,bounded search or metadata only,
Classic fan,fan:lldb-350,MARSHY06.DAT#6,Old temple,101.75,low,,no verified win,bounded search or metadata only,
Classic fan,fan:lldb-350,MARSHY06.DAT#7,Running down,84.65,low,,no verified win,bounded search or metadata only,
Classic fan,fan:lldb-350,MARSHY06.DAT#8,Lack of builders,108.25,low,,no verified win,bounded search or metadata only,
Classic fan,fan:lldb-350,MARSHY06.DAT#9,Symmetrical Fury,88.85,low,,no verified win,bounded search or metadata only,
Classic fan,fan:lldb-351,MARSHY07.DAT#0,Handy Platforms,82.44,low,,no verified win,bounded search or metadata only,
Classic fan,fan:lldb-351,MARSHY07.DAT#1,Over the Lune,72.15,low,,no verified win,bounded search or metadata only,
Classic fan,fan:lldb-351,MARSHY07.DAT#2,Polluted river,86.25,low,,no verified win,bounded search or metadata only,
Classic fan,fan:lldb-351,MARSHY07.DAT#3,Dangerous Balcony,84.65,low,,no verified win,bounded search or metadata only,
Classic fan,fan:lldb-351,MARSHY07.DAT#4,Not a job for builders,93.09,low,,no verified win,bounded search or metadata only,
Classic fan,fan:lldb-351,MARSHY07.DAT#5,Day of the 10 tons,72.98,low,,no verified win,bounded search or metadata only,
Classic fan,fan:lldb-351,MARSHY07.DAT#6,The Impossible Gap,150.28,high,7389d0870c2f80326df56687c76d05365a0b8f37f724d6bd5cbfce5ec1f2ed59,verified win,replay verified,
Classic fan,fan:lldb-351,MARSHY07.DAT#7,The deep ocean,81.62,low,,no verified win,bounded search or metadata only,
Classic fan,fan:lldb-351,MARSHY07.DAT#8,Pool of Oblivion,82.82,low,,no verified win,bounded search or metadata only,
Classic fan,fan:lldb-351,MARSHY07.DAT#9,Tower of Wrath,78.05,low,,no verified win,bounded search or metadata only,
Classic fan,fan:lldb-352,MARSHY08.DAT#0,Not a lot of pea soup,102,low,,no verified win,bounded search or metadata only,
Classic fan,fan:lldb-352,MARSHY08.DAT#1,Rope trap detected ahead...,37.55,high,ae61139318ab76c10a084765ef664f66af3a08e08493bd88673908d4ba4a9bd7,verified win,replay verified,
Classic fan,fan:lldb-352,MARSHY08.DAT#2,The frame,46.5,low,,no verified win,bounded search or metadata only,
Classic fan,fan:lldb-352,MARSHY08.DAT#3,Mining out a path,60.88,low,,no verified win,bounded search or metadata only,
Classic fan,fan:lldb-352,MARSHY08.DAT#4,Where are we heading?,77,low,,no verified win,bounded search or metadata only,
Classic fan,fan:lldb-352,MARSHY08.DAT#5,A re-animation of a level,87.75,low,,no verified win,bounded search or metadata only,
Classic fan,fan:lldb-352,MARSHY08.DAT#6,A pair of exits,73.5,low,,no verified win,bounded search or metadata only,
Classic fan,fan:lldb-352,MARSHY08.DAT#7,Across the river,77,low,,no verified win,bounded search or metadata only,
Classic fan,fan:lldb-352,MARSHY08.DAT#8,Lake of acid,73.75,low,,no verified win,bounded search or metadata only,
Classic fan,fan:lldb-352,MARSHY08.DAT#9,Just chilling for now,104.19,low,,no verified win,bounded search or metadata only,
Classic fan,fan:lldb-353,Isupck02.dat#0,Catastrophical phoenomena.,101.55,low,,no verified win,bounded search or metadata only,
Classic fan,fan:lldb-353,Isupck02.dat#1,The Box.,182.04,medium,8d000d10b0c04f82766274db732729fe77eaa1d717a6fd06d3d73645b4281559,verified win,replay verified,
Classic fan,fan:lldb-353,Isupck02.dat#2,Everybody Turn Left!,73.55,low,,no verified win,bounded search or metadata only,
Classic fan,fan:lldb-353,Isupck02.dat#3,Mass Homicide,63.5,low,,no verified win,bounded search or metadata only,
Classic fan,fan:lldb-353,Isupck02.dat#4,No need for the bomb squad,94.45,low,,no verified win,bounded search or metadata only,
Classic fan,fan:lldb-353,Isupck02.dat#5,Fellow Heroes,112.47,low,,no verified win,bounded search or metadata only,
Classic fan,fan:lldb-353,Isupck02.dat#6,Pipeworks of the Metric System,116.65,low,,no verified win,bounded search or metadata only,
Classic fan,fan:lldb-353,Isupck02.dat#7,Constructive criticism.,101.35,low,,no verified win,bounded search or metadata only,
Classic fan,fan:lldb-353,Isupck02.dat#8,I am A.L (A Lemming),91.84,low,,no verified win,bounded search or metadata only,
Classic fan,fan:lldb-353,Isupck02.dat#9,The Angle Angel,115.36,low,,no verified win,bounded search or metadata only,
Classic fan,fan:lldb-354,Jeffpck1.dat#0,The Iron Puzzle,297.58,medium,b62751d68792f8142446412ba324fd9cd6b63afd1e3920dca892ce856a13dbff,verified win,replay verified,
Classic fan,fan:lldb-354,Jeffpck1.dat#1,Lemmings On The Roof!,102.77,low,,no verified win,bounded search or metadata only,
Classic fan,fan:lldb-354,Jeffpck1.dat#2,Lost mines - Through the furnace,81.99,low,,no verified win,bounded search or metadata only,
Classic fan,fan:lldb-354,Jeffpck1.dat#3,Lost mines - Going underground!,99.65,low,,no verified win,bounded search or metadata only,
Classic fan,fan:lldb-354,Jeffpck1.dat#4,Lost Mines - Lemming cooperation,106.47,low,,no verified win,bounded search or metadata only,
Classic fan,fan:lldb-354,Jeffpck1.dat#5,Lost mines - The ruins of lem,65.25,low,,no verified win,bounded search or metadata only,
Classic fan,fan:lldb-354,Jeffpck1.dat#6,"Lost Mines - down,around,through",71.65,low,,no verified win,bounded search or metadata only,
Classic fan,fan:lldb-354,Jeffpck1.dat#7,Into the underground ruins!,103.99,low,,no verified win,bounded search or metadata only,
Classic fan,fan:lldb-355,S370PAK1.DAT#0,Goodbye My Lemmings,113.2,low,,no verified win,bounded search or metadata only,
Classic fan,fan:lldb-355,S370PAK1.DAT#1,I Have A Trick Up My Sleeve,51.78,low,,no verified win,bounded search or metadata only,
Classic fan,fan:lldb-355,S370PAK1.DAT#2,What An Evil Level!,100.25,low,,no verified win,bounded search or metadata only,
Classic fan,fan:lldb-355,S370PAK1.DAT#3,Mt. Lemming,108.25,low,,no verified win,bounded search or metadata only,
Classic fan,fan:lldb-355,S370PAK1.DAT#4,Climber's Explosion,93.11,low,,no verified win,bounded search or metadata only,
Classic fan,fan:lldb-355,S370PAK1.DAT#5,347 MY 5H0R75,67.27,low,,no verified win,bounded search or metadata only,
Classic fan,fan:lldb-355,S370PAK1.DAT#6,"E Tuh'd Keja Y Cred, Eteud",75.25,low,,no verified win,bounded search or metadata only,
Classic fan,fan:lldb-355,S370PAK1.DAT#7,The Warp Room,79.75,low,,no verified win,bounded search or metadata only,
Classic fan,fan:lldb-355,S370PAK1.DAT#8,This Time We Brought 30 More,94,low,,no verified win,bounded search or metadata only,
Classic fan,fan:lldb-355,S370PAK1.DAT#9,Unused Level,5.38,high,c918a064b6ad69b6c08f3494d996848670bbe5cbc1c98299aaca339881aa0f9f,verified win,replay verified,
Classic fan,fan:lldb-356,Lemming Crazy Contest 1.dat#0,This Time We Brought 30 More,94,low,,no verified win,bounded search or metadata only,
Classic fan,fan:lldb-356,Lemming Crazy Contest 1.dat#1,A JUGAR!,89.95,low,,no verified win,bounded search or metadata only,
Classic fan,fan:lldb-356,Lemming Crazy Contest 1.dat#2,Spider-Bytes,76.08,low,,no verified win,bounded search or metadata only,
Classic fan,fan:lldb-356,Lemming Crazy Contest 1.dat#3,Out of the fryingpan . . .,105.55,low,,no verified win,bounded search or metadata only,
Classic fan,fan:lldb-356,Lemming Crazy Contest 1.dat#4,The union of two mates,102.75,low,,no verified win,bounded search or metadata only,
Classic fan,fan:lldb-357,Modlvls.dat#0,"Just Dig, Bash, and Bridge",84.65,low,,no verified win,bounded search or metadata only,
Classic fan,fan:lldb-357,Modlvls.dat#1,Have a rotten day,93.88,low,,no verified win,bounded search or metadata only,
Classic fan,fan:lldb-357,Modlvls.dat#2,Steel Failures,90.06,low,,no verified win,bounded search or metadata only,
Classic fan,fan:lldb-357,Modlvls.dat#3,Tightrope Murder,44.75,low,,no verified win,bounded search or metadata only,
Classic fan,fan:lldb-357,Modlvls.dat#4,The roles reversed,83.25,low,,no verified win,bounded search or metadata only,
Classic fan,fan:lldb-357,Modlvls.dat#5,Just three minutes,69,low,,no verified win,bounded search or metadata only,
Classic fan,fan:lldb-357,Modlvls.dat#6,And then there were four(Lems),89.5,low,,no verified win,bounded search or metadata only,
Classic fan,fan:lldb-357,Modlvls.dat#7,No Rendezvous at the Mountain,94.62,low,,no verified win,bounded search or metadata only,
Classic fan,fan:lldb-357,Modlvls.dat#8,The Cascade: Part II,422.21,medium,bf4fe310580391e44aabaf6d56ae3f205e46db733567dcdda5bcce311644ec93,verified win,replay verified,
Classic fan,fan:lldb-357,Modlvls.dat#9,Spilled Pea Soup,87.47,low,,no verified win,bounded search or metadata only,
Classic fan,fan:lldb-358,oldbutgo.dat#0,Peers of Steel,116.49,low,,no verified win,bounded search or metadata only,
Classic fan,fan:lldb-358,oldbutgo.dat#1,Twined serpants think alike,106.38,low,,no verified win,bounded search or metadata only,
Classic fan,fan:lldb-358,oldbutgo.dat#2,steterint max,113.87,low,,no verified win,bounded search or metadata only,
Classic fan,fan:lldb-358,oldbutgo.dat#3,FOR THE D'NI!,90.25,low,,no verified win,bounded search or metadata only,
Classic fan,fan:lldb-358,oldbutgo.dat#4,Who hired that lousy builder?,110.44,low,,no verified win,bounded search or metadata only,
Classic fan,fan:lldb-358,oldbutgo.dat#5,Agh! More 1 pixel gaps!,82.93,low,,no verified win,bounded search or metadata only,
Classic fan,fan:lldb-358,oldbutgo.dat#6,Halfway to Lemzoberranzan,82.78,low,,no verified win,bounded search or metadata only,
Classic fan,fan:lldb-358,oldbutgo.dat#7,Lemzoberranzan,86.84,low,,no verified win,bounded search or metadata only,
Classic fan,fan:lldb-358,oldbutgo.dat#8,Solo 1: It's full of stars!,106.5,low,,no verified win,bounded search or metadata only,
Classic fan,fan:lldb-358,oldbutgo.dat#9,Solo 2: Is that... The pyrimid?,70.75,low,,no verified win,bounded search or metadata only,
Classic fan,fan:lldb-359,wade.DAT#0,The Serpent's Lair,116.81,low,,no verified win,bounded search or metadata only,
Classic fan,fan:lldb-359,wade.DAT#1,Please Save Us!,102,low,,no verified win,bounded search or metadata only,
Classic fan,fan:lldb-359,wade.DAT#2,Temple Excavation,108,low,,no verified win,bounded search or metadata only,
Classic fan,fan:lldb-359,wade.DAT#3,Schindler's Lemming,62.42,low,,no verified win,bounded search or metadata only,
Classic fan,fan:lldb-359,wade.DAT#4,Tailor-made for... wait,86.94,low,,no verified win,bounded search or metadata only,
Classic fan,fan:lldb-359,wade.DAT#5,Unused blank generic level,2.86,high,56336e3748f1959f040da7f09808ff50102f68f1288f0d0aa09a4dc8dcd72e16,verified win,replay verified,
Classic fan,fan:lldb-359,wade.DAT#6,Unused blank generic level,2.86,high,56336e3748f1959f040da7f09808ff50102f68f1288f0d0aa09a4dc8dcd72e16,verified win,replay verified,
Classic fan,fan:lldb-359,wade.DAT#7,Unused blank generic level,2.86,high,56336e3748f1959f040da7f09808ff50102f68f1288f0d0aa09a4dc8dcd72e16,verified win,replay verified,
Classic fan,fan:lldb-359,wade.DAT#8,Unused blank generic level,2.86,high,56336e3748f1959f040da7f09808ff50102f68f1288f0d0aa09a4dc8dcd72e16,verified win,replay verified,
Classic fan,fan:lldb-359,wade.DAT#9,Unused blank generic level,2.86,high,56336e3748f1959f040da7f09808ff50102f68f1288f0d0aa09a4dc8dcd72e16,verified win,replay verified,
Classic fan,fan:lldb-36,BulletRide1.dat#0,The Underground Secret,95.75,low,,no verified win,bounded search or metadata only,
Classic fan,fan:lldb-36,BulletRide1.dat#1,A Once Great Place,97.15,low,,no verified win,bounded search or metadata only,
Classic fan,fan:lldb-36,BulletRide1.dat#2,Ignition,75.47,low,,no verified win,bounded search or metadata only,
Classic fan,fan:lldb-36,BulletRide1.dat#3,Bridges and Shading,83.84,low,,no verified win,bounded search or metadata only,
Classic fan,fan:lldb-36,BulletRide1.dat#4,Dead Eternity,103.18,low,,no verified win,bounded search or metadata only,
Classic fan,fan:lldb-36,BulletRide1.dat#5,Lets Get To The Bottom Of This!,92.7,low,,no verified win,bounded search or metadata only,
Classic fan,fan:lldb-36,BulletRide1.dat#6,Food For The Gods,103.4,low,,no verified win,bounded search or metadata only,
Classic fan,fan:lldb-36,BulletRide1.dat#7,Subterranean,80.2,low,,no verified win,bounded search or metadata only,
Classic fan,fan:lldb-36,BulletRide1.dat#8,A Bid Farewell,93.8,low,,no verified win,bounded search or metadata only,
Classic fan,fan:lldb-36,BulletRide1.dat#9,Lemmings in a Cage,81.5,low,,no verified win,bounded search or metadata only,
Classic fan,fan:lldb-360,MARSHY09.DAT#0,Out of blockers...,57.75,low,,no verified win,bounded search or metadata only,
Classic fan,fan:lldb-360,MARSHY09.DAT#1,One minute warning,83.25,low,,no verified win,bounded search or metadata only,
Classic fan,fan:lldb-360,MARSHY09.DAT#2,Trapped inside,115.99,low,,no verified win,bounded search or metadata only,
Classic fan,fan:lldb-360,MARSHY09.DAT#3,Builders to the rescue,83.84,low,,no verified win,bounded search or metadata only,
Classic fan,fan:lldb-360,MARSHY09.DAT#4,Bomber's mission,64.81,low,,no verified win,bounded search or metadata only,
Classic fan,fan:lldb-360,MARSHY09.DAT#5,Marshy in the middle,68.19,low,,no verified win,bounded search or metadata only,
Classic fan,fan:lldb-360,MARSHY09.DAT#6,Evacuating a crystal cave,62.75,low,,no verified win,bounded search or metadata only,
Classic fan,fan:lldb-360,MARSHY09.DAT#7,Lemming march,67.5,low,,no verified win,bounded search or metadata only,
Classic fan,fan:lldb-360,MARSHY09.DAT#8,A short break,92.51,low,,no verified win,bounded search or metadata only,
Classic fan,fan:lldb-360,MARSHY09.DAT#9,Edge of Zeus,93.88,low,,no verified win,bounded search or metadata only,
Classic fan,fan:lldb-361,togpak.dat#0,Up and around,81.15,low,,no verified win,bounded search or metadata only,
Classic fan,fan:lldb-361,togpak.dat#1,Life's a roller coaster,86.12,low,,no verified win,bounded search or metadata only,
Classic fan,fan:lldb-361,togpak.dat#2,Mind the gap,75.12,low,,no verified win,bounded search or metadata only,
Classic fan,fan:lldb-361,togpak.dat#3,"If you build it, they will come",93.9,low,,no verified win,bounded search or metadata only,
Classic fan,fan:lldb-361,togpak.dat#4,Lemmings over the mountain,79.55,low,,no verified win,bounded search or metadata only,
Classic fan,fan:lldb-361,togpak.dat#5,Survival of the fittest?,106.08,low,,no verified win,bounded search or metadata only,
Classic fan,fan:lldb-361,togpak.dat#6,Martyrdom,91.97,low,,no verified win,bounded search or metadata only,
Classic fan,fan:lldb-361,togpak.dat#7,Either way will work,85.31,low,,no verified win,bounded search or metadata only,
Classic fan,fan:lldb-361,togpak.dat#8,Short on supplies,71.67,low,,no verified win,bounded search or metadata only,
Classic fan,fan:lldb-361,togpak.dat#9,Through snow and ice,102.44,low,,no verified win,bounded search or metadata only,
Classic fan,fan:lldb-362,m91-1.dat#0,Journey through Acheron,89.98,low,,no verified win,bounded search or metadata only,
Classic fan,fan:lldb-362,m91-1.dat#1,Flame Broiled Lemming,84.75,low,,no verified win,bounded search or metadata only,
Classic fan,fan:lldb-362,m91-1.dat#2,Watch Your Step....,102.81,low,,no verified win,bounded search or metadata only,
Classic fan,fan:lldb-362,m91-1.dat#3,Funeral for a Friend.. or..,85.8,low,,no verified win,bounded search or metadata only,
Classic fan,fan:lldb-362,m91-1.dat#4,Under Construction,114.5,low,,no verified win,bounded search or metadata only,
Classic fan,fan:lldb-362,m91-1.dat#5,Lem Aid,71.19,low,,no verified win,bounded search or metadata only,
Classic fan,fan:lldb-362,m91-1.dat#6,Criss Cross Crisis,87.65,low,,no verified win,bounded search or metadata only,
Classic fan,fan:lldb-362,m91-1.dat#7,Blowtorches are fun!,114.59,low,,no verified win,bounded search or metadata only,
Classic fan,fan:lldb-362,m91-1.dat#8,Stairways to Heaven,91.06,low,,no verified win,bounded search or metadata only,
Classic fan,fan:lldb-362,m91-1.dat#9,The All Seeing Eye Is The Key,92.5,low,,no verified win,bounded search or metadata only,
Classic fan,fan:lldb-363,m91-2.dat#0,Beginners Labyrinth,101.5,low,,no verified win,bounded search or metadata only,
Classic fan,fan:lldb-363,m91-2.dat#1,Easy Does It,100.12,low,,no verified win,bounded search or metadata only,
Classic fan,fan:lldb-363,m91-2.dat#2,Intermediate Labyrinth,113.2,low,,no verified win,bounded search or metadata only,
Classic fan,fan:lldb-363,m91-2.dat#3,Monkey Island,96.07,low,,no verified win,bounded search or metadata only,
Classic fan,fan:lldb-363,m91-2.dat#4,Does Steel Really Work?,82.6,low,,no verified win,bounded search or metadata only,
Classic fan,fan:lldb-363,m91-2.dat#5,Always Raising the Bar,113.69,low,,no verified win,bounded search or metadata only,
Classic fan,fan:lldb-363,m91-2.dat#6,Bend Your Mind,73.55,low,,no verified win,bounded search or metadata only,
Classic fan,fan:lldb-363,m91-2.dat#7,Lemming House,118.7,low,,no verified win,bounded search or metadata only,
Classic fan,fan:lldb-363,m91-2.dat#8,Split Decision,87.45,low,,no verified win,bounded search or metadata only,
Classic fan,fan:lldb-363,m91-2.dat#9,Really Really Bad Labyrinth,118.29,low,,no verified win,bounded search or metadata only,
Classic fan,fan:lldb-364,twigpak2.dat#0,Double Rift,98.25,low,,no verified win,bounded search or metadata only,
Classic fan,fan:lldb-364,twigpak2.dat#1,Chinese Swap,84.65,low,,no verified win,bounded search or metadata only,
Classic fan,fan:lldb-364,twigpak2.dat#2,Demolition or Construction?!,67.12,low,,no verified win,bounded search or metadata only,
Classic fan,fan:lldb-364,twigpak2.dat#3,Remage Wall,100.57,low,,no verified win,bounded search or metadata only,
Classic fan,fan:lldb-364,twigpak2.dat#4,Burnout,115.25,low,,no verified win,bounded search or metadata only,
Classic fan,fan:lldb-364,twigpak2.dat#5,The Don't Trip Slip Split Splat,107.03,low,,no verified win,bounded search or metadata only,
Classic fan,fan:lldb-364,twigpak2.dat#6,Bubble Bath... of Death! Ha Ha!,106.62,low,,no verified win,bounded search or metadata only,
Classic fan,fan:lldb-364,twigpak2.dat#7,Percision,86.94,low,,no verified win,bounded search or metadata only,
Classic fan,fan:lldb-364,twigpak2.dat#8,And Now For Something Impossible,81.5,low,,no verified win,bounded search or metadata only,
Classic fan,fan:lldb-364,twigpak2.dat#9,Unused Generic Blank Leve;,11.65,high,882ea54a63f077b7c51998b13fc7cc9694d228e39b72452a3a54716cc93a628c,verified win,replay verified,
Classic fan,fan:lldb-365,LEVPAK1.DAT#0,Fall before the building,69,low,,no verified win,bounded search or metadata only,
Classic fan,fan:lldb-365,LEVPAK1.DAT#1,Need any help from above ?,114.5,low,,no verified win,bounded search or metadata only,
Classic fan,fan:lldb-365,LEVPAK1.DAT#2,Bad Arrow !,114.5,low,,no verified win,bounded search or metadata only,
Classic fan,fan:lldb-365,LEVPAK1.DAT#3,VERY MENACING !!,90.9,low,,no verified win,bounded search or metadata only,
Classic fan,fan:lldb-365,LEVPAK1.DAT#4,"Dolly Dimple,not that simple",75.25,low,,no verified win,bounded search or metadata only,
Classic fan,fan:lldb-365,LEVPAK1.DAT#5,We may not fall down,69,low,,no verified win,bounded search or metadata only,
Classic fan,fan:lldb-365,LEVPAK1.DAT#6,Judgment day,64.84,low,,no verified win,bounded search or metadata only,
Classic fan,fan:lldb-365,LEVPAK1.DAT#7,Greenpiece,57.61,low,,no verified win,bounded search or metadata only,
Classic fan,fan:lldb-365,LEVPAK1.DAT#8,Hurry up! Go down!!,97.74,low,,no verified win,bounded search or metadata only,
Classic fan,fan:lldb-365,LEVPAK1.DAT#9,Escape the wolfs claw!,84.65,low,,no verified win,bounded search or metadata only,
Classic fan,fan:lldb-366,LEVIPAK2.DAT#0,Umbrellas sold out!,83.25,low,,no verified win,bounded search or metadata only,
Classic fan,fan:lldb-366,LEVIPAK2.DAT#1,Splatter bonus,99.95,low,,no verified win,bounded search or metadata only,
Classic fan,fan:lldb-366,LEVIPAK2.DAT#2,Bridge over the mississippi,97.15,low,,no verified win,bounded search or metadata only,
Classic fan,fan:lldb-366,LEVIPAK2.DAT#3,"Tension sheet,good idea",107.84,low,,no verified win,bounded search or metadata only,
Classic fan,fan:lldb-366,LEVIPAK2.DAT#4,Yeah right...you wish!,99.14,low,,no verified win,bounded search or metadata only,
Classic fan,fan:lldb-366,LEVIPAK2.DAT#5,The Golden Lem Bridge,95.75,low,,no verified win,bounded search or metadata only,
Classic fan,fan:lldb-366,LEVIPAK2.DAT#6,Need more help from above ?,114.5,low,,no verified win,bounded search or metadata only,
Classic fan,fan:lldb-366,LEVIPAK2.DAT#7,Water Cascade,92.3,low,,no verified win,bounded search or metadata only,
Classic fan,fan:lldb-366,LEVIPAK2.DAT#8,No world without you,92.3,low,,no verified win,bounded search or metadata only,
Classic fan,fan:lldb-366,LEVIPAK2.DAT#9,Ventral maintenance,89.64,low,,no verified win,bounded search or metadata only,
Classic fan,fan:lldb-367,LEVIPAK3.DAT#0,Trough the breach,108.25,low,,no verified win,bounded search or metadata only,
Classic fan,fan:lldb-367,LEVIPAK3.DAT#1,The lemming paradox,88.01,low,,no verified win,bounded search or metadata only,
Classic fan,fan:lldb-367,LEVIPAK3.DAT#2,The Golden Lem Bridge (part 2),89.5,low,,no verified win,bounded search or metadata only,
Classic fan,fan:lldb-367,LEVIPAK3.DAT#3,Gas distribution facility,91.83,low,,no verified win,bounded search or metadata only,
Classic fan,fan:lldb-367,LEVIPAK3.DAT#4,Encounter at farpoint,89.5,low,,no verified win,bounded search or metadata only,
Classic fan,fan:lldb-367,LEVIPAK3.DAT#5,Hurry up! Go down!! (part 2),90.25,low,,no verified win,bounded search or metadata only,
Classic fan,fan:lldb-367,LEVIPAK3.DAT#6,"Houston,we got a problem !",86.05,low,,no verified win,bounded search or metadata only,
Classic fan,fan:lldb-367,LEVIPAK3.DAT#7,Imperfection,93.7,low,,no verified win,bounded search or metadata only,
Classic fan,fan:lldb-367,LEVIPAK3.DAT#8,The abyss,103.87,low,,no verified win,bounded search or metadata only,
Classic fan,fan:lldb-367,LEVIPAK3.DAT#9,Hang And No Life,118.7,low,,no verified win,bounded search or metadata only,
Classic fan,fan:lldb-368,levipak4.dat#0,"Beam me up,Scotty",117.3,low,,no verified win,bounded search or metadata only,
Classic fan,fan:lldb-368,levipak4.dat#1,Lookout tower,105.79,low,,no verified win,bounded search or metadata only,
Classic fan,fan:lldb-368,levipak4.dat#2,Climb and no life,113.85,low,,no verified win,bounded search or metadata only,
Classic fan,fan:lldb-368,levipak4.dat#3,Magic: the bombering,88.69,low,,no verified win,bounded search or metadata only,
Classic fan,fan:lldb-368,levipak4.dat#4,Imperfection (part 613),87.45,low,,no verified win,bounded search or metadata only,
Classic fan,fan:lldb-368,levipak4.dat#5,A platform would be handy,92.3,low,,no verified win,bounded search or metadata only,
Classic fan,fan:lldb-368,levipak4.dat#6,se7en,93.7,low,,no verified win,bounded search or metadata only,
Classic fan,fan:lldb-368,levipak4.dat#7,Going up ?,84.65,low,,no verified win,bounded search or metadata only,
Classic fan,fan:lldb-368,levipak4.dat#8,Unimatrix zero,104.8,low,,no verified win,bounded search or metadata only,
Classic fan,fan:lldb-368,levipak4.dat#9,Containment breach !,108.25,low,,no verified win,bounded search or metadata only,
Classic fan,fan:lldb-369,01 - Tolosa.ini#-1,01 - Tolosa.ini,101.3,low,,no verified win,bounded search or metadata only,
Classic fan,fan:lldb-369,02 - Utopia.ini#-1,02 - Utopia.ini,102,low,,no verified win,bounded search or metadata only,
Classic fan,fan:lldb-369,03 - Reciprocity.ini#-1,03 - Reciprocity.ini,97.6,low,,no verified win,bounded search or metadata only,
Classic fan,fan:lldb-369,04 - Karjalanpiirakat.ini#-1,04 - Karjalanpiirakat.ini,92.5,low,,no verified win,bounded search or metadata only,
Classic fan,fan:lldb-369,05 - Vertigo.ini#-1,05 - Vertigo.ini,104.19,low,,no verified win,bounded search or metadata only,
Classic fan,fan:lldb-369,06 - Totem.ini#-1,06 - Totem.ini,94.94,low,,no verified win,bounded search or metadata only,
Classic fan,fan:lldb-369,07 - Coalescing.ini#-1,07 - Coalescing.ini,98.55,low,,no verified win,bounded search or metadata only,
Classic fan,fan:lldb-369,08 - Parsimony.ini#-1,08 - Parsimony.ini,111.84,low,,no verified win,bounded search or metadata only,
Classic fan,fan:lldb-369,09 - Ecotone.ini#-1,09 - Ecotone.ini,102.32,low,,no verified win,bounded search or metadata only,
Classic fan,fan:lldb-369,10 - Cozenage.ini#-1,10 - Cozenage.ini,86.45,low,,no verified win,bounded search or metadata only,
Classic fan,fan:lldb-37,BulletRide2.dat#0,Final Call,83.57,low,,no verified win,bounded search or metadata only,
Classic fan,fan:lldb-37,BulletRide2.dat#1,Wing It,97.74,low,,no verified win,bounded search or metadata only,
Classic fan,fan:lldb-37,BulletRide2.dat#2,Jotun,94.45,low,,no verified win,bounded search or metadata only,
Classic fan,fan:lldb-37,BulletRide2.dat#3,The Ruins of Old,103.5,low,,no verified win,bounded search or metadata only,
Classic fan,fan:lldb-37,BulletRide2.dat#4,Dead Eternity (part 2),104.8,low,,no verified win,bounded search or metadata only,
Classic fan,fan:lldb-37,BulletRide2.dat#5,Deep Six,89.5,low,,no verified win,bounded search or metadata only,
Classic fan,fan:lldb-37,BulletRide2.dat#6,The Factory (part 2),107.7,low,,no verified win,bounded search or metadata only,
Classic fan,fan:lldb-37,BulletRide2.dat#7,A Long Way Down (Part 2),80.2,low,,no verified win,bounded search or metadata only,
Classic fan,fan:lldb-37,BulletRide2.dat#8,Wayfaerer,97.15,low,,no verified win,bounded search or metadata only,
Classic fan,fan:lldb-37,BulletRide2.dat#9,Deep Six (part 2),95.75,low,,no verified win,bounded search or metadata only,
Classic fan,fan:lldb-370,andi.DAT#0,Frosty Lemmings,82.12,low,,no verified win,bounded search or metadata only,
Classic fan,fan:lldb-370,andi.DAT#1,Under Construction,115.49,low,,no verified win,bounded search or metadata only,
Classic fan,fan:lldb-370,andi.DAT#2,New Lemmings Technology,95.89,low,,no verified win,bounded search or metadata only,
Classic fan,fan:lldb-370,andi.DAT#3,LEMMINGS FOR EVER ! ! !,121.5,low,,no verified win,bounded search or metadata only,
Classic fan,fan:lldb-370,andi.DAT#4,Underground Lemmings,115.49,low,,no verified win,bounded search or metadata only,
Classic fan,fan:lldb-370,andi.DAT#5,The City,101.05,low,,no verified win,bounded search or metadata only,
Classic fan,fan:lldb-370,andi.DAT#6,A Lemming Nightmare,117.3,low,,no verified win,bounded search or metadata only,
Classic fan,fan:lldb-370,andi.DAT#7,Two Sides in Lemmingland,113.24,low,,no verified win,bounded search or metadata only,
Classic fan,fan:lldb-370,andi.DAT#8,Ruins,112.65,low,,no verified win,bounded search or metadata only,
Classic fan,fan:lldb-370,andi.DAT#9,Heaven can't wait we hope again!,117.3,low,,no verified win,bounded search or metadata only,
Classic fan,fan:lldb-371,beta.dat#0,"Down, Down, down in the ground",60.88,low,,no verified win,bounded search or metadata only,
Classic fan,fan:lldb-371,beta.dat#1,The level-wide web,69,low,,no verified win,bounded search or metadata only,
Classic fan,fan:lldb-371,beta.dat#2,How do I bomb the way up?,59,low,,no verified win,bounded search or metadata only,
Classic fan,fan:lldb-371,beta.dat#3,Which Exit?,141.96,medium,509f05e97d77dc5e12a5593beb1b8e98e16f6019980cc7ebbaf7f8f529eae75a,verified win,replay verified,
Classic fan,fan:lldb-372,E3Levelpack_F.dat#0,Primal Technology,89.5,low,,no verified win,bounded search or metadata only,
Classic fan,fan:lldb-372,E3Levelpack_F.dat#1,Jump the Queue,83.35,low,,no verified win,bounded search or metadata only,
Classic fan,fan:lldb-372,E3Levelpack_F.dat#2,Lemmings United,73,low,,no verified win,bounded search or metadata only,
Classic fan,fan:lldb-372,E3Levelpack_F.dat#3,Kung-Fu Bashing,97.15,low,,no verified win,bounded search or metadata only,
Classic fan,fan:lldb-372,E3Levelpack_F.dat#4,That Freezing Feeling,102,low,,no verified win,bounded search or metadata only,
Classic fan,fan:lldb-372,E3Levelpack_F.dat#5,The Daedalus,95.1,low,,no verified win,bounded search or metadata only,
Classic fan,fan:lldb-372,E3Levelpack_F.dat#6,Minimal Trouble,72,low,,no verified win,bounded search or metadata only,
Classic fan,fan:lldb-372,E3Levelpack_F.dat#7,Prismatic Cave,69.17,low,,no verified win,bounded search or metadata only,
Classic fan,fan:lldb-372,E3Levelpack_F.dat#8,Mining Frenzy,77,low,,no verified win,bounded search or metadata only,
Classic fan,fan:lldb-372,E3Levelpack_F.dat#9,I Am T.A.,95.12,low,,no verified win,bounded search or metadata only,
Classic fan,fan:lldb-373,Insulfrog+LVL+PK+1.DAT#0,Steps,116.98,low,,no verified win,bounded search or metadata only,
Classic fan,fan:lldb-373,Insulfrog+LVL+PK+1.DAT#1,Pipework,94,low,,no verified win,bounded search or metadata only,
Classic fan,fan:lldb-373,Insulfrog+LVL+PK+1.DAT#2,4 times the fun,116.85,low,,no verified win,bounded search or metadata only,
Classic fan,fan:lldb-373,Insulfrog+LVL+PK+1.DAT#3,It is very complicated,106.17,low,,no verified win,bounded search or metadata only,
Classic fan,fan:lldb-373,Insulfrog+LVL+PK+1.DAT#4,This might be a doddle!,89.5,low,,no verified win,bounded search or metadata only,
Classic fan,fan:lldb-373,Insulfrog+LVL+PK+1.DAT#5,The  Long Crystal Trip,108,low,,no verified win,bounded search or metadata only,
Classic fan,fan:lldb-373,Insulfrog+LVL+PK+1.DAT#6,The road of hell,118.7,low,,no verified win,bounded search or metadata only,
Classic fan,fan:lldb-373,Insulfrog+LVL+PK+1.DAT#7,Island Hopping,109,low,,no verified win,bounded search or metadata only,
Classic fan,fan:lldb-373,Insulfrog+LVL+PK+1.DAT#8,Tiberium Field,84.5,low,,no verified win,bounded search or metadata only,
Classic fan,fan:lldb-373,Insulfrog+LVL+PK+1.DAT#9,Cavern Of Dreams,83.25,low,,no verified win,bounded search or metadata only,
Classic fan,fan:lldb-374,justdigcomp.dat#0,Return of the BombSquad (Conway),82.55,low,,no verified win,bounded search or metadata only,
Classic fan,fan:lldb-374,justdigcomp.dat#1,Juanjos Just dig!,75.41,low,,no verified win,bounded search or metadata only,
Classic fan,fan:lldb-374,justdigcomp.dat#2,INCONCEIVABLE! (Steve),94,low,,no verified win,bounded search or metadata only,
Classic fan,fan:lldb-374,justdigcomp.dat#3,Just drown! (Tumble),83.25,low,,no verified win,bounded search or metadata only,
Classic fan,fan:lldb-374,justdigcomp.dat#4,Roundabout Route (Lem'ka),94.57,low,,no verified win,bounded search or metadata only,
Classic fan,fan:lldb-375,twigpak1.dat#0,Blast Around,52.75,low,,no verified win,bounded search or metadata only,
Classic fan,fan:lldb-375,twigpak1.dat#1,Networking,114.5,low,,no verified win,bounded search or metadata only,
Classic fan,fan:lldb-375,twigpak1.dat#2,The Snowy Caves,102.45,low,,no verified win,bounded search or metadata only,
Classic fan,fan:lldb-375,twigpak1.dat#3,Lemmvile Woods,98.38,low,,no verified win,bounded search or metadata only,
Classic fan,fan:lldb-375,twigpak1.dat#4,Follow The Golden Pipe,67.12,low,,no verified win,bounded search or metadata only,
Classic fan,fan:lldb-375,twigpak1.dat#5,The Pyramid of Lezma,97.15,low,,no verified win,bounded search or metadata only,
Classic fan,fan:lldb-375,twigpak1.dat#6,Do What You Want!,95.73,low,,no verified win,bounded search or metadata only,
Classic fan,fan:lldb-375,twigpak1.dat#7,The Caves Under The Mountain,73.25,low,,no verified win,bounded search or metadata only,
Classic fan,fan:lldb-375,twigpak1.dat#8,I Have Another Cunning Plan,118.7,low,,no verified win,bounded search or metadata only,
Classic fan,fan:lldb-375,twigpak1.dat#9,0100101100 ~ mIasMA ~ 0100010010,107.78,low,,no verified win,bounded search or metadata only,
Classic fan,fan:lldb-376,twigpak3.dat#0,The Clanger,89.5,low,,no verified win,bounded search or metadata only,
Classic fan,fan:lldb-376,twigpak3.dat#1,The Rat Race,81.5,low,,no verified win,bounded search or metadata only,
Classic fan,fan:lldb-376,twigpak3.dat#2,Control The Flow,82.8,low,,no verified win,bounded search or metadata only,
Classic fan,fan:lldb-376,twigpak3.dat#3,Think Fast!,99.54,low,,no verified win,bounded search or metadata only,
Classic fan,fan:lldb-376,twigpak3.dat#4,Blockafloater,115.9,low,,no verified win,bounded search or metadata only,
Classic fan,fan:lldb-376,twigpak3.dat#5,Undermining,81.38,low,,no verified win,bounded search or metadata only,
Classic fan,fan:lldb-376,twigpak3.dat#6,Passing Loop,115.9,low,,no verified win,bounded search or metadata only,
Classic fan,fan:lldb-376,twigpak3.dat#7,Corrosion,95.76,low,,no verified win,bounded search or metadata only,
Classic fan,fan:lldb-376,twigpak3.dat#8,Think Fast! - Part 2,104.39,low,,no verified win,bounded search or metadata only,
Classic fan,fan:lldb-377,shveg01.dat#0,Just Dig?,95.75,low,,no verified win,bounded search or metadata only,
Classic fan,fan:lldb-377,shveg01.dat#1,The Big Drop,94,low,,no verified win,bounded search or metadata only,
Classic fan,fan:lldb-377,shveg01.dat#2,Impasse,83.25,low,,no verified win,bounded search or metadata only,
Classic fan,fan:lldb-377,shveg01.dat#3,Secret Hideout,86.25,low,,no verified win,bounded search or metadata only,
Classic fan,fan:lldb-377,shveg01.dat#4,Diffusion,89.25,low,,no verified win,bounded search or metadata only,
Classic fan,fan:lldb-377,shveg01.dat#5,Evacuation,92.28,low,,no verified win,bounded search or metadata only,
Classic fan,fan:lldb-377,shveg01.dat#6,Tempus Fugit,95.75,low,,no verified win,bounded search or metadata only,
Classic fan,fan:lldb-377,shveg01.dat#7,Comic Book Heroes,75.74,low,,no verified win,bounded search or metadata only,
Classic fan,fan:lldb-377,shveg01.dat#8,A stitch in time saves nine...,87.42,low,,no verified win,bounded search or metadata only,
Classic fan,fan:lldb-377,shveg01.dat#9,Hit the Slopes!,86.25,low,,no verified win,bounded search or metadata only,
Classic fan,fan:lldb-378,shveg02.dat#0,Wall to Wall,81.5,low,,no verified win,bounded search or metadata only,
Classic fan,fan:lldb-378,shveg02.dat#1,Primitive Bridges,95.75,low,,no verified win,bounded search or metadata only,
Classic fan,fan:lldb-378,shveg02.dat#2,Necker Cube,87.75,low,,no verified win,bounded search or metadata only,
Classic fan,fan:lldb-378,shveg02.dat#3,Necker Cube (part two),95.75,low,,no verified win,bounded search or metadata only,
Classic fan,fan:lldb-378,shveg02.dat#4,There's one small problem...,113.85,low,,no verified win,bounded search or metadata only,
Classic fan,fan:lldb-378,shveg02.dat#5,Destined for Death,83,low,,no verified win,bounded search or metadata only,
Classic fan,fan:lldb-378,shveg02.dat#6,In need of guidance...,106.4,low,,no verified win,bounded search or metadata only,
Classic fan,fan:lldb-378,shveg02.dat#7,Mining (co)operation,92.08,low,,no verified win,bounded search or metadata only,
Classic fan,fan:lldb-378,shveg02.dat#8,Floating to safety,44.75,low,,no verified win,bounded search or metadata only,
Classic fan,fan:lldb-378,shveg02.dat#9,Try climbing that!,84.65,low,,no verified win,bounded search or metadata only,
Classic fan,fan:lldb-379,shveg03.dat#0,Gotta keep 'em separated,112.45,low,,no verified win,bounded search or metadata only,
Classic fan,fan:lldb-379,shveg03.dat#1,To each his own,104.8,low,,no verified win,bounded search or metadata only,
Classic fan,fan:lldb-379,shveg03.dat#2,Another Impasse,92.3,low,,no verified win,bounded search or metadata only,
Classic fan,fan:lldb-379,shveg03.dat#3,"Hurry up please, it's time",95.75,low,,no verified win,bounded search or metadata only,
Classic fan,fan:lldb-379,shveg03.dat#4,100% Recycled Lemming,70.28,low,,no verified win,bounded search or metadata only,
Classic fan,fan:lldb-379,shveg03.dat#5,Now try saving them all...,102,low,,no verified win,bounded search or metadata only,
Classic fan,fan:lldb-379,shveg03.dat#6,Crossing paths,89.5,low,,no verified win,bounded search or metadata only,
Classic fan,fan:lldb-379,shveg03.dat#7,Take the stairs!,94,low,,no verified win,bounded search or metadata only,
Classic fan,fan:lldb-379,shveg03.dat#8,Pipe Dream,87.65,low,,no verified win,bounded search or metadata only,
Classic fan,fan:lldb-379,shveg03.dat#9,"Oh, the possibilities...",91.53,low,,no verified win,bounded search or metadata only,
Classic fan,fan:lldb-38,BulletRide3.dat#0,Clay Man,89.5,low,,no verified win,bounded search or metadata only,
Classic fan,fan:lldb-38,BulletRide3.dat#1,Almost Easy,109.65,low,,no verified win,bounded search or metadata only,
Classic fan,fan:lldb-38,BulletRide3.dat#2,The Silent Circus,90.9,low,,no verified win,bounded search or metadata only,
Classic fan,fan:lldb-38,BulletRide3.dat#3,Sun of Nothing,102.75,low,,no verified win,bounded search or metadata only,
Classic fan,fan:lldb-38,BulletRide3.dat#4,Complex,82.7,low,,no verified win,bounded search or metadata only,
Classic fan,fan:lldb-38,BulletRide3.dat#5,Alaska,111.8,low,,no verified win,bounded search or metadata only,
Classic fan,fan:lldb-38,BulletRide3.dat#6,Lemmings in a Cage (part 2),79.55,low,,no verified win,bounded search or metadata only,
Classic fan,fan:lldb-38,BulletRide3.dat#7,Just a Reverse Minute,95.75,low,,no verified win,bounded search or metadata only,
Classic fan,fan:lldb-38,BulletRide3.dat#8,Bullet Ride,113.2,low,,no verified win,bounded search or metadata only,
Classic fan,fan:lldb-38,BulletRide3.dat#9,Bullet Ride (part 2),100.7,low,,no verified win,bounded search or metadata only,
Classic fan,fan:lldb-382,ClamSpam06_4lvls.dat#0,Singular Squish,75.15,low,,no verified win,bounded search or metadata only,
Classic fan,fan:lldb-382,ClamSpam06_4lvls.dat#1,Bumpy Ride,86.05,low,,no verified win,bounded search or metadata only,
Classic fan,fan:lldb-382,ClamSpam06_4lvls.dat#2,RABBIX,85.31,low,,no verified win,bounded search or metadata only,
Classic fan,fan:lldb-382,ClamSpam06_4lvls.dat#3,Digger convergence,78.67,low,,no verified win,bounded search or metadata only,
Classic fan,fan:lldb-384,Gronklems 2.dat#0,The basin,95.39,low,,no verified win,bounded search or metadata only,
Classic fan,fan:lldb-384,Gronklems 2.dat#1,The iron duck,83.25,low,,no verified win,bounded search or metadata only,
Classic fan,fan:lldb-384,Gronklems 2.dat#2,Big grey island,81.25,low,,no verified win,bounded search or metadata only,
Classic fan,fan:lldb-384,Gronklems 2.dat#3,LASER_TEST_0001,87.75,low,,no verified win,bounded search or metadata only,
Classic fan,fan:lldb-384,Gronklems 2.dat#4,The lemming missile,69.62,low,,no verified win,bounded search or metadata only,
Classic fan,fan:lldb-384,Gronklems 2.dat#5,All hail Q,92.92,low,,no verified win,bounded search or metadata only,
Classic fan,fan:lldb-384,Gronklems 2.dat#6,Stack of bricks,89.97,low,,no verified win,bounded search or metadata only,
Classic fan,fan:lldb-384,Gronklems 2.dat#7,Stripey blocks!,89.5,low,,no verified win,bounded search or metadata only,
Classic fan,fan:lldb-384,Gronklems 2.dat#8,Suckers...,77,low,,no verified win,bounded search or metadata only,
Classic fan,fan:lldb-384,Gronklems 2.dat#9,Just across the wall,81.5,low,,no verified win,bounded search or metadata only,
Classic fan,fan:lldb-385,Gronklems 3.dat#0,Column construction,99.95,low,,no verified win,bounded search or metadata only,
Classic fan,fan:lldb-385,Gronklems 3.dat#1,I must exclaim!,95.53,low,,no verified win,bounded search or metadata only,
Classic fan,fan:lldb-385,Gronklems 3.dat#2,pEA prOcEssIng plAnt,104.15,low,,no verified win,bounded search or metadata only,
Classic fan,fan:lldb-385,Gronklems 3.dat#3,I Ron.E,100.25,low,,no verified win,bounded search or metadata only,
Classic fan,fan:lldb-385,Gronklems 3.dat#4,A simple task can be so hard...,101.45,low,,no verified win,bounded search or metadata only,
Classic fan,fan:lldb-385,Gronklems 3.dat#5,Lemming go up. Lemming go down,77,low,,no verified win,bounded search or metadata only,
Classic fan,fan:lldb-385,Gronklems 3.dat#6,UP THERE!?,78.9,low,,no verified win,bounded search or metadata only,
Classic fan,fan:lldb-385,Gronklems 3.dat#7,The very cruel level,22.65,high,1b6cb924aabceff08ddbf6618829ba964c4e5cfdf6011607a190f19a0b6eb29f,verified win,replay verified,
Classic fan,fan:lldb-385,Gronklems 3.dat#8,Water pool,110.17,low,,no verified win,bounded search or metadata only,
Classic fan,fan:lldb-385,Gronklems 3.dat#9,The wide gap,113.56,low,,no verified win,bounded search or metadata only,
Classic fan,fan:lldb-386,Gronklems -1.dat#0,gronklems -1.dat 1,276.82,medium,5f34fba921ccbedf01f7c670ffe98f4844ebf68d2ef6b4494d7092fd346503fa,verified win,replay verified,
Classic fan,fan:lldb-386,Gronklems -1.dat#1,gronklems -1.dat 2,131.03,low,,no verified win,bounded search or metadata only,
Classic fan,fan:lldb-386,Gronklems -1.dat#2,Poles apart,114.5,low,,no verified win,bounded search or metadata only,
Classic fan,fan:lldb-386,Gronklems -1.dat#3,gronklems -1.dat 4,100.14,low,,no verified win,bounded search or metadata only,
Classic fan,fan:lldb-387,Eymerich_01.dat#0,Suburban Workflow,77,low,,no verified win,bounded search or metadata only,
Classic fan,fan:lldb-387,Eymerich_01.dat#1,No Lem's Land,87.75,low,,no verified win,bounded search or metadata only,
Classic fan,fan:lldb-387,Eymerich_01.dat#2,Discovery Channel,77,low,,no verified win,bounded search or metadata only,
Classic fan,fan:lldb-387,Eymerich_01.dat#3,Life as a Worm,89.5,low,,no verified win,bounded search or metadata only,
Classic fan,fan:lldb-387,Eymerich_01.dat#4,Pit and Pendulum,94.44,low,,no verified win,bounded search or metadata only,
Classic fan,fan:lldb-387,Eymerich_01.dat#5,Conveyor Bolt,90.65,low,,no verified win,bounded search or metadata only,
Classic fan,fan:lldb-387,Eymerich_01.dat#6,"The Great Wall, part one",93.58,low,,no verified win,bounded search or metadata only,
Classic fan,fan:lldb-387,Eymerich_01.dat#7,Sacrifical Tendencies,91.56,low,,no verified win,bounded search or metadata only,
Classic fan,fan:lldb-387,Eymerich_01.dat#8,One Hot Minute,93.9,low,,no verified win,bounded search or metadata only,
Classic fan,fan:lldb-387,Eymerich_01.dat#9,Clockwork Pink,101.35,low,,no verified win,bounded search or metadata only,
Classic fan,fan:lldb-388,geooPk2_preview2.dat#0,About to Break,101.35,low,,no verified win,bounded search or metadata only,
Classic fan,fan:lldb-388,geooPk2_preview2.dat#1,Recurrent Sacrifice,73.3,low,,no verified win,bounded search or metadata only,
Classic fan,fan:lldb-388,geooPk2_preview2.dat#2,Just as You'd Expect,80.69,low,,no verified win,bounded search or metadata only,
Classic fan,fan:lldb-388,geooPk2_preview2.dat#3,One Step Off,90.9,low,,no verified win,bounded search or metadata only,
Classic fan,fan:lldb-389,LEVELPAK.DAT#0,Welcome to Hell,86.25,low,,no verified win,bounded search or metadata only,
Classic fan,fan:lldb-389,LEVELPAK.DAT#1,Seeing red,108,low,,no verified win,bounded search or metadata only,
Classic fan,fan:lldb-389,LEVELPAK.DAT#2,Going up?,88.85,low,,no verified win,bounded search or metadata only,
Classic fan,fan:lldb-389,LEVELPAK.DAT#3,Go outside and play,84.5,low,,no verified win,bounded search or metadata only,
Classic fan,fan:lldb-389,LEVELPAK.DAT#4,Lost Something?,88.55,low,,no verified win,bounded search or metadata only,
Classic fan,fan:lldb-389,LEVELPAK.DAT#5,Crazy Cave,54,low,,no verified win,bounded search or metadata only,
Classic fan,fan:lldb-389,LEVELPAK.DAT#6,Hitting the ice,81.38,low,,no verified win,bounded search or metadata only,
Classic fan,fan:lldb-389,LEVELPAK.DAT#7,Ugly Pink Thing,115.9,low,,no verified win,bounded search or metadata only,
Classic fan,fan:lldb-389,LEVELPAK.DAT#8,High Tech,82.75,low,,no verified win,bounded search or metadata only,
Classic fan,fan:lldb-389,LEVELPAK.DAT#9,The Final Test,95.12,low,,no verified win,bounded search or metadata only,
Classic fan,fan:lldb-39,BulletRide4.dat#0,Clay Man (part 2),102,low,,no verified win,bounded search or metadata only,
Classic fan,fan:lldb-39,BulletRide4.dat#1,Raiders of the Lem Ark,93.9,low,,no verified win,bounded search or metadata only,
Classic fan,fan:lldb-39,BulletRide4.dat#2,Bad Lemmings,79.35,low,,no verified win,bounded search or metadata only,
Classic fan,fan:lldb-39,BulletRide4.dat#3,"Stop, Drop and Blow",92.5,low,,no verified win,bounded search or metadata only,
Classic fan,fan:lldb-39,BulletRide4.dat#4,Lem and Die,110.4,low,,no verified win,bounded search or metadata only,
Classic fan,fan:lldb-39,BulletRide4.dat#5,Dont Leave Me Hanging!,95.75,low,,no verified win,bounded search or metadata only,
Classic fan,fan:lldb-39,BulletRide4.dat#6,Badder Lemmings,93.8,low,,no verified win,bounded search or metadata only,
Classic fan,fan:lldb-39,BulletRide4.dat#7,When Life Gives You Lemmings V2,95.95,low,,no verified win,bounded search or metadata only,
Classic fan,fan:lldb-39,BulletRide4.dat#8,Pyramid Puzzle,99.6,low,,no verified win,bounded search or metadata only,
Classic fan,fan:lldb-39,BulletRide4.dat#9,Arsonist,99.95,low,,no verified win,bounded search or metadata only,
Classic fan,fan:lldb-390,elfpak02.dat#0,Flashback,102,low,,no verified win,bounded search or metadata only,
Classic fan,fan:lldb-390,elfpak02.dat#1,A new Miniature,109.62,low,,no verified win,bounded search or metadata only,
Classic fan,fan:lldb-390,elfpak02.dat#2,Tailor-made for clickers,80.85,low,,no verified win,bounded search or metadata only,
Classic fan,fan:lldb-390,elfpak02.dat#3,The Miniature strikes back,106.38,low,,no verified win,bounded search or metadata only,
Classic fan,fan:lldb-390,elfpak02.dat#4,Snowhere,89.25,low,,no verified win,bounded search or metadata only,
Classic fan,fan:lldb-390,elfpak02.dat#5,The Miniature returns,111.25,low,,no verified win,bounded search or metadata only,
Classic fan,fan:lldb-390,elfpak02.dat#6,I hope You found this backroute,82.88,low,,no verified win,bounded search or metadata only,
Classic fan,fan:lldb-390,elfpak02.dat#7,Magno Boots Testing Room,60,low,,no verified win,bounded search or metadata only,
Classic fan,fan:lldb-390,elfpak02.dat#8,A nearly-boxed-in level,89.25,low,,no verified win,bounded search or metadata only,
Classic fan,fan:lldb-390,elfpak02.dat#9,Morning Coffee,70.38,low,,no verified win,bounded search or metadata only,
Classic fan,fan:lldb-391,elfpak03.dat#0,My kingdom for an umbrella!,75.25,low,,no verified win,bounded search or metadata only,
Classic fan,fan:lldb-391,elfpak03.dat#1,Through the elevator shaft,72,low,,no verified win,bounded search or metadata only,
Classic fan,fan:lldb-391,elfpak03.dat#2,A dozen of builders,72,low,,no verified win,bounded search or metadata only,
Classic fan,fan:lldb-391,elfpak03.dat#3,Sightseeing tour,87.75,low,,no verified win,bounded search or metadata only,
Classic fan,fan:lldb-391,elfpak03.dat#4,Pillar symphony,87.5,low,,no verified win,bounded search or metadata only,
Classic fan,fan:lldb-391,elfpak03.dat#5,Don't hang around for long,86.25,low,,no verified win,bounded search or metadata only,
Classic fan,fan:lldb-391,elfpak03.dat#6,Feel the difference I,83,low,,no verified win,bounded search or metadata only,
Classic fan,fan:lldb-391,elfpak03.dat#7,Oh no! We left the food at home,81,low,,no verified win,bounded search or metadata only,
Classic fan,fan:lldb-391,elfpak03.dat#8,On the top of the world,81.25,low,,no verified win,bounded search or metadata only,
Classic fan,fan:lldb-391,elfpak03.dat#9,Feel the difference II,74.75,low,,no verified win,bounded search or metadata only,
Classic fan,fan:lldb-393,pieuw01.dat#0,Iron Industry,94,low,,no verified win,bounded search or metadata only,
Classic fan,fan:lldb-393,pieuw01.dat#1,The Hiking Tour,98.55,low,,no verified win,bounded search or metadata only,
Classic fan,fan:lldb-393,pieuw01.dat#2,Return to the Fold,95.75,low,,no verified win,bounded search or metadata only,
Classic fan,fan:lldb-393,pieuw01.dat#3,Backward Train,95.75,low,,no verified win,bounded search or metadata only,
Classic fan,fan:lldb-393,pieuw01.dat#4,Through the Block,87.75,low,,no verified win,bounded search or metadata only,
Classic fan,fan:lldb-393,pieuw01.dat#5,The big U-Turn,93.05,low,,no verified win,bounded search or metadata only,
Classic fan,fan:lldb-393,pieuw01.dat#6,Unwilling Funambulist,81.5,low,,no verified win,bounded search or metadata only,
Classic fan,fan:lldb-393,pieuw01.dat#7,The Landing Trail,88.73,low,,no verified win,bounded search or metadata only,
Classic fan,fan:lldb-393,pieuw01.dat#8,Two Stragglers,81.5,low,,no verified win,bounded search or metadata only,
Classic fan,fan:lldb-393,pieuw01.dat#9,Diving Area,104.8,low,,no verified win,bounded search or metadata only,
Classic fan,fan:lldb-394,pieuw02.dat#0,The Ghost Cross,79.55,low,,no verified win,bounded search or metadata only,
Classic fan,fan:lldb-394,pieuw02.dat#1,Grassy Path,67,low,,no verified win,bounded search or metadata only,
Classic fan,fan:lldb-394,pieuw02.dat#2,So Logical,90.5,low,,no verified win,bounded search or metadata only,
Classic fan,fan:lldb-394,pieuw02.dat#3,Diggin' the Air,94,low,,no verified win,bounded search or metadata only,
Classic fan,fan:lldb-394,pieuw02.dat#4,Lemmings on a Thread,100.8,low,,no verified win,bounded search or metadata only,
Classic fan,fan:lldb-394,pieuw02.dat#5,Fearsome Rain,92.25,low,,no verified win,bounded search or metadata only,
Classic fan,fan:lldb-394,pieuw02.dat#6,The Lemming Gallery,109.65,low,,no verified win,bounded search or metadata only,
Classic fan,fan:lldb-394,pieuw02.dat#7,Underground Exit,83.25,low,,no verified win,bounded search or metadata only,
Classic fan,fan:lldb-394,pieuw02.dat#8,Evil Sandglass,89.5,low,,no verified win,bounded search or metadata only,
Classic fan,fan:lldb-394,pieuw02.dat#9,X Marks Nothing,94,low,,no verified win,bounded search or metadata only,
Classic fan,fan:lldb-395,apple.dat#0,The Apple Computer Level,32.69,high,4d1228a701946166e47d46eba83a381ca7afe99bdd65727bd1655dbebd533080,verified win,replay verified,
Classic fan,fan:lldb-396,levelpack/contest10_patienceisavirtue.ini#-1,contest10_patienceisavirtue.ini,87.88,low,,no verified win,bounded search or metadata only,
Classic fan,fan:lldb-396,levelpack/contest1_Rock house.ini#-1,contest1_Rock house.ini,81.5,low,,no verified win,bounded search or metadata only,
Classic fan,fan:lldb-396,levelpack/contest1_RockHouse.ini#-1,contest1_RockHouse.ini,81.5,low,,no verified win,bounded search or metadata only,
Classic fan,fan:lldb-396,levelpack/contest2_So close.ini#-1,contest2_So close.ini,81.95,low,,no verified win,bounded search or metadata only,
Classic fan,fan:lldb-396,levelpack/contest2_SoClose.ini#-1,contest2_SoClose.ini,81.95,low,,no verified win,bounded search or metadata only,
Classic fan,fan:lldb-396,levelpack/contest3_theoilrig.ini#-1,contest3_theoilrig.ini,90.9,low,,no verified win,bounded search or metadata only,
Classic fan,fan:lldb-396,levelpack/contest4_handlewithcare.ini#-1,contest4_handlewithcare.ini,102.85,low,,no verified win,bounded search or metadata only,
Classic fan,fan:lldb-396,levelpack/contest5_statueoflemetry.ini#-1,contest5_statueoflemetry.ini,114.18,low,,no verified win,bounded search or metadata only,
Classic fan,fan:lldb-396,levelpack/contest6_The Rambaldi Eye.ini#-1,contest6_The Rambaldi Eye.ini,77.17,low,,no verified win,bounded search or metadata only,
Classic fan,fan:lldb-396,levelpack/contest6_TheRambaldiEye.ini#-1,contest6_TheRambaldiEye.ini,77.17,low,,no verified win,bounded search or metadata only,
Classic fan,fan:lldb-396,levelpack/contest7_Fall Guy.ini#-1,contest7_Fall Guy.ini,107.8,low,,no verified win,bounded search or metadata only,
Classic fan,fan:lldb-396,levelpack/contest7_FallGuy.ini#-1,contest7_FallGuy.ini,107.8,low,,no verified win,bounded search or metadata only,
Classic fan,fan:lldb-396,levelpack/contest8_Out in Sixty Seconds.ini#-1,contest8_Out in Sixty Seconds.ini,95.1,low,,no verified win,bounded search or metadata only,
Classic fan,fan:lldb-396,levelpack/contest8_OutInSixtySeconds.ini#-1,contest8_OutInSixtySeconds.ini,95.1,low,,no verified win,bounded search or metadata only,
Classic fan,fan:lldb-396,levelpack/contest9_DerangementofScience.ini#-1,contest9_DerangementofScience.ini,97.15,low,,no verified win,bounded search or metadata only,
Classic fan,fan:lldb-397,2010 CONTEST/01loftyD.ini#-1,01loftyD.ini,81.17,low,,no verified win,bounded search or metadata only,
Classic fan,fan:lldb-397,2010 CONTEST/02loftyD.ini#-1,02loftyD.ini,93.9,low,,no verified win,bounded search or metadata only,
Classic fan,fan:lldb-397,2010 CONTEST/03Ellischant.lvl#-1,03Ellischant.lvl,97.9,low,,no verified win,bounded search or metadata only,
Classic fan,fan:lldb-397,2010 CONTEST/04Dodochacalo.ini#-1,04Dodochacalo.ini,86.64,low,,no verified win,bounded search or metadata only,
Classic fan,fan:lldb-397,2010 CONTEST/05pieuw.ini#-1,05pieuw.ini,81.5,low,,no verified win,bounded search or metadata only,
Classic fan,fan:lldb-397,2010 CONTEST/06ftk99.lvl#-1,06ftk99.lvl,84.65,low,,no verified win,bounded search or metadata only,
Classic fan,fan:lldb-397,2010 CONTEST/07Dodochacalo.ini#-1,07Dodochacalo.ini,92.62,low,,no verified win,bounded search or metadata only,
Classic fan,fan:lldb-397,2010 CONTEST/08pieuw.ini#-1,08pieuw.ini,81.08,low,,no verified win,bounded search or metadata only,
Classic fan,fan:lldb-397,2010 CONTEST/09ftk99.lvl#-1,09ftk99.lvl,83.25,low,,no verified win,bounded search or metadata only,
Classic fan,fan:lldb-397,2010 CONTEST/10karmew32.lvl#-1,10karmew32.lvl,93.9,low,,no verified win,bounded search or metadata only,
Classic fan,fan:lldb-397,2010 CONTEST/11Ellischant.lvl#-1,11Ellischant.lvl,82.8,low,,no verified win,bounded search or metadata only,
Classic fan,fan:lldb-397,2010 CONTEST/12loftyD.ini#-1,12loftyD.ini,90.9,low,,no verified win,bounded search or metadata only,
Classic fan,fan:lldb-397,2010 CONTEST/13gronkling.ini#-1,13gronkling.ini,88.85,low,,no verified win,bounded search or metadata only,
Classic fan,fan:lldb-397,2010 CONTEST/14lacktardo.ini.ini#-1,14lacktardo.ini.ini,89.82,low,,no verified win,bounded search or metadata only,
Classic fan,fan:lldb-397,2010 CONTEST/15loftyD.ini#-1,15loftyD.ini,83.25,low,,no verified win,bounded search or metadata only,
Classic fan,fan:lldb-397,2010 CONTEST/16karmew32.lvl#-1,16karmew32.lvl,88.85,low,,no verified win,bounded search or metadata only,
Classic fan,fan:lldb-397,2010 CONTEST/17Ellischant.lvl#-1,17Ellischant.lvl,104.26,low,,no verified win,bounded search or metadata only,
Classic fan,fan:lldb-397,2010 CONTEST/18pieuw.ini#-1,18pieuw.ini,85.44,low,,no verified win,bounded search or metadata only,
Classic fan,fan:lldb-397,2010 CONTEST/19lacktardo.ini.ini#-1,19lacktardo.ini.ini,84.65,low,,no verified win,bounded search or metadata only,
Classic fan,fan:lldb-397,2010 CONTEST/20lacktardo.lvl.ini#-1,20lacktardo.lvl.ini,89.5,low,,no verified win,bounded search or metadata only,
Classic fan,fan:lldb-398,MYSPEC.DAT#0,Every Single One Counts!,114.5,low,,no verified win,bounded search or metadata only,
Classic fan,fan:lldb-399,TheMon0lith.dat#0,The Mon0lith,99.9,low,,no verified win,bounded search or metadata only,
Classic fan,fan:lldb-4,Eymerich02.dat#0,"The Great Wall, part two",81.08,low,,no verified win,bounded search or metadata only,
Classic fan,fan:lldb-4,Eymerich02.dat#1,Tomorrow Ends Today,86.25,low,,no verified win,bounded search or metadata only,
Classic fan,fan:lldb-4,Eymerich02.dat#2,Wait. I have a plan.,90.9,low,,no verified win,bounded search or metadata only,
Classic fan,fan:lldb-4,Eymerich02.dat#3,Lemming Clichè,81.5,low,,no verified win,bounded search or metadata only,
Classic fan,fan:lldb-4,Eymerich02.dat#4,We still all fall down,92.5,low,,no verified win,bounded search or metadata only,
Classic fan,fan:lldb-4,Eymerich02.dat#5,Lem for Vendetta,104.03,low,,no verified win,bounded search or metadata only,
Classic fan,fan:lldb-4,Eymerich02.dat#6,Brokeback Mountain,108.21,low,,no verified win,bounded search or metadata only,
Classic fan,fan:lldb-4,Eymerich02.dat#7,Clockwork Pink Revisited,88.53,low,,no verified win,bounded search or metadata only,
Classic fan,fan:lldb-4,Eymerich02.dat#8,There's thrill in the Method,99.95,low,,no verified win,bounded search or metadata only,
Classic fan,fan:lldb-4,Eymerich02.dat#9,Dungeons & Lemmings,112.65,low,,no verified win,bounded search or metadata only,
Classic fan,fan:lldb-40,lemmings .dat#0,your fired,112.65,low,,no verified win,bounded search or metadata only,
Classic fan,fan:lldb-40,lemmings .dat#1,horray for lemmings,104.8,low,,no verified win,bounded search or metadata only,
Classic fan,fan:lldb-40,lemmings .dat#10,just under the fire COME ON,98.55,low,,no verified win,bounded search or metadata only,
Classic fan,fan:lldb-40,lemmings .dat#11,easy when you dont know how,115.9,low,,no verified win,bounded search or metadata only,
Classic fan,fan:lldb-40,lemmings .dat#2,the desending pillar scenario,115.25,low,,no verified win,bounded search or metadata only,
Classic fan,fan:lldb-40,lemmings .dat#3,the accending water scenario,110.21,low,,no verified win,bounded search or metadata only,
Classic fan,fan:lldb-40,lemmings .dat#4,lol,114.5,low,,no verified win,bounded search or metadata only,
Classic fan,fan:lldb-40,lemmings .dat#5,no what thats what,118.7,low,,no verified win,bounded search or metadata only,
Classic fan,fan:lldb-40,lemmings .dat#6,garden of fire,112.45,low,,no verified win,bounded search or metadata only,
Classic fan,fan:lldb-40,lemmings .dat#7,sorry not enough floaters,92.05,low,,no verified win,bounded search or metadata only,
Classic fan,fan:lldb-40,lemmings .dat#8,blokers are for sissies,63.55,low,,no verified win,bounded search or metadata only,
Classic fan,fan:lldb-40,lemmings .dat#9,are you kidding me?,96.2,low,,no verified win,bounded search or metadata only,
Classic fan,fan:lldb-400,TUT.DAT#0,The Unidentified Territory,102.59,low,,no verified win,bounded search or metadata only,
Classic fan,fan:lldb-401,christmas/2013.ini#-1,2013.ini,117.3,low,,no verified win,bounded search or metadata only,
Classic fan,fan:lldb-402,Grent01/1. Lemming Sold Seperately.ini#-1,1. Lemming Sold Seperately.ini,99.95,low,,no verified win,bounded search or metadata only,
Classic fan,fan:lldb-402,Grent01/10. Elegance.ini#-1,10. Elegance.ini,108.03,low,,no verified win,bounded search or metadata only,
Classic fan,fan:lldb-402,Grent01/2. Who doesn't love triangles.ini#-1,2. Who doesn't love triangles.ini,96.93,low,,no verified win,bounded search or metadata only,
Classic fan,fan:lldb-402,Grent01/3. Flaming Death.ini#-1,3. Flaming Death.ini,99.5,low,,no verified win,bounded search or metadata only,
Classic fan,fan:lldb-402,Grent01/4. Lemming Designer.ini#-1,4. Lemming Designer.ini,90.68,low,,no verified win,bounded search or metadata only,
Classic fan,fan:lldb-402,Grent01/5. Almost Equilibrium.ini#-1,5. Almost Equilibrium.ini,109.18,low,,no verified win,bounded search or metadata only,
Classic fan,fan:lldb-402,Grent01/6. Backpedal Lemmings.ini#-1,6. Backpedal Lemmings.ini,96.7,low,,no verified win,bounded search or metadata only,
Classic fan,fan:lldb-402,Grent01/7. It's Raining Lem.ini#-1,7. It's Raining Lem.ini,104.78,low,,no verified win,bounded search or metadata only,
Classic fan,fan:lldb-402,Grent01/8. Break It Down.ini#-1,8. Break It Down.ini,106.2,low,,no verified win,bounded search or metadata only,
Classic fan,fan:lldb-402,Grent01/9. All At Once.ini#-1,9. All At Once.ini,108.03,low,,no verified win,bounded search or metadata only,
Classic fan,fan:lldb-403,LevelJam3.dat#0,Lake Guardian,108.25,low,,no verified win,bounded search or metadata only,
Classic fan,fan:lldb-403,LevelJam3.dat#1,Gate To Hades,81.5,low,,no verified win,bounded search or metadata only,
Classic fan,fan:lldb-403,LevelJam3.dat#2,Ethereality,110.4,low,,no verified win,bounded search or metadata only,
Classic fan,fan:lldb-403,LevelJam3.dat#3,Tree House,81.2,low,,no verified win,bounded search or metadata only,
Classic fan,fan:lldb-403,LevelJam3.dat#4,Thanatos Gambit,98.3,low,,no verified win,bounded search or metadata only,
Classic fan,fan:lldb-403,LevelJam3.dat#5,factory,117.3,low,,no verified win,bounded search or metadata only,
Classic fan,fan:lldb-404,Genesis 2P 1.dat#0,There can be only one,439.94,medium,c1621ff99f249300a5f5fa38eb0409ba2ce1911ba709eab7bcd3937b4aa0ebad,verified win,replay verified,
Classic fan,fan:lldb-404,Genesis 2P 1.dat#1,Still everything to play for,109.4,low,,no verified win,bounded search or metadata only,
Classic fan,fan:lldb-404,Genesis 2P 1.dat#2,In the thick of the fray,104.63,low,,no verified win,bounded search or metadata only,
Classic fan,fan:lldb-404,Genesis 2P 1.dat#3,Game on!  Choose your tactics.,109.4,low,,no verified win,bounded search or metadata only,
Classic fan,fan:lldb-404,Genesis 2P 1.dat#4,Good game! Good game!,104.53,low,,no verified win,bounded search or metadata only,
Classic fan,fan:lldb-404,Genesis 2P 1.dat#5,The Rubbish Dump,112.65,low,,no verified win,bounded search or metadata only,
Classic fan,fan:lldb-404,Genesis 2P 1.dat#6,and the winner is.....,109.4,low,,no verified win,bounded search or metadata only,
Classic fan,fan:lldb-404,Genesis 2P 1.dat#7,Any chance of a truce?,421.78,medium,d273be4c0fd532f99096bddcb6bce7cf37803e9e224a881219fe4fcac60b84fd,verified win,replay verified,
Classic fan,fan:lldb-404,Genesis 2P 1.dat#8,Now use miners and climbers,86.65,low,,no verified win,bounded search or metadata only,
Classic fan,fan:lldb-404,Genesis 2P 1.dat#9,Joy joy joy,21.88,high,a3b926cc558fc7492cfbfb648e4d25f613eb09be8d98333627db9da7da8295fb,verified win,replay verified,
Classic fan,fan:lldb-405,Genesis 2P 2.dat#0,Just for fun or to the death?,93.4,low,,no verified win,bounded search or metadata only,
Classic fan,fan:lldb-405,Genesis 2P 2.dat#1,A task for blockers and bomber,61.65,low,,no verified win,bounded search or metadata only,
Classic fan,fan:lldb-405,Genesis 2P 2.dat#2,Cross-over Point,77.4,low,,no verified win,bounded search or metadata only,
Classic fan,fan:lldb-405,Genesis 2P 2.dat#3,The Passing Place,95.6,low,,no verified win,bounded search or metadata only,
Classic fan,fan:lldb-405,Genesis 2P 2.dat#4,"Take what you can, when you can",96.9,low,,no verified win,bounded search or metadata only,
Classic fan,fan:lldb-405,Genesis 2P 2.dat#5,The Hammock...,106.4,low,,no verified win,bounded search or metadata only,
Classic fan,fan:lldb-405,Genesis 2P 2.dat#6,A task for blockers and bomber,326.25,medium,e01c3dea60cd821502861049859fffb6beacc6872e6b4faf3a43aa88619a4fdc,verified win,replay verified,
Classic fan,fan:lldb-405,Genesis 2P 2.dat#7,Islands in the Sky,25.88,high,833e56d790da64400950eacebf475603f2835f7aea38e59b41126009e2ba3b6b,verified win,replay verified,
Classic fan,fan:lldb-405,Genesis 2P 2.dat#8,May the craftiest player win,109.4,low,,no verified win,bounded search or metadata only,
Classic fan,fan:lldb-405,Genesis 2P 2.dat#9,We're in this one together,104.53,low,,no verified win,bounded search or metadata only,
Classic fan,fan:lldb-406,4_lem/lvl034.ini#-1,lvl034.ini,93.58,low,,no verified win,bounded search or metadata only,
Classic fan,fan:lldb-406,4_lem/lvl035.ini#-1,lvl035.ini,115.09,low,,no verified win,bounded search or metadata only,
Classic fan,fan:lldb-406,4_lem/lvl036.ini#-1,lvl036.ini,112.65,low,,no verified win,bounded search or metadata only,
Classic fan,fan:lldb-406,4_lem/lvl040.ini#-1,lvl040.ini,81.5,low,,no verified win,bounded search or metadata only,
Classic fan,fan:lldb-406,4_lem/lvl044.ini#-1,lvl044.ini,87.78,low,,no verified win,bounded search or metadata only,
Classic fan,fan:lldb-406,4_lem/lvl046.ini#-1,lvl046.ini,97.51,low,,no verified win,bounded search or metadata only,
Classic fan,fan:lldb-406,4_lem/lvl049.ini#-1,lvl049.ini,102.18,low,,no verified win,bounded search or metadata only,
Classic fan,fan:lldb-406,4_lem/lvl051.ini#-1,lvl051.ini,84.4,low,,no verified win,bounded search or metadata only,
Classic fan,fan:lldb-406,4_lem/lvl053.ini#-1,lvl053.ini,100.74,low,,no verified win,bounded search or metadata only,
Classic fan,fan:lldb-406,4_lem/lvl054.ini#-1,lvl054.ini,79.75,low,,no verified win,bounded search or metadata only,
Classic fan,fan:lldb-407,Orig Extra Levels.dat#0,Test map,74.33,low,,no verified win,bounded search or metadata only,
Classic fan,fan:lldb-407,Orig Extra Levels.dat#1,flag test map,516.37,medium,ee55787ea37181b8d8259d5bbd6d73257e1e1865692085a775dc2e9d5f405ccd,verified win,replay verified,
Classic fan,fan:lldb-407,Orig Extra Levels.dat#2,One Way to Freedom,87.11,low,,no verified win,bounded search or metadata only,
Classic fan,fan:lldb-407,Orig Extra Levels.dat#3,Ohayo Lemming-san!,106.38,low,,no verified win,bounded search or metadata only,
Classic fan,fan:lldb-408,mslevels2/delayrelay.ini#-1,delayrelay.ini,95.3,low,,no verified win,bounded search or metadata only,
Classic fan,fan:lldb-408,mslevels2/frenzy.ini#-1,frenzy.ini,90.9,low,,no verified win,bounded search or metadata only,
Classic fan,fan:lldb-408,mslevels2/littletitle.ini#-1,littletitle.ini,106.08,low,,no verified win,bounded search or metadata only,
Classic fan,fan:lldb-408,mslevels2/mimic.ini#-1,mimic.ini,101.35,low,,no verified win,bounded search or metadata only,
Classic fan,fan:lldb-408,mslevels2/multitask.ini#-1,multitask.ini,93.97,low,,no verified win,bounded search or metadata only,
Classic fan,fan:lldb-408,mslevels2/planking.ini#-1,planking.ini,85.44,low,,no verified win,bounded search or metadata only,
Classic fan,fan:lldb-408,mslevels2/strifecircle.ini#-1,strifecircle.ini,99.95,low,,no verified win,bounded search or metadata only,
Classic fan,fan:lldb-408,mslevels2/substitution.ini#-1,substitution.ini,91,low,,no verified win,bounded search or metadata only,
Classic fan,fan:lldb-408,mslevels2/trust.ini#-1,trust.ini,76.05,low,,no verified win,bounded search or metadata only,
Classic fan,fan:lldb-408,mslevels2/twolemmings.ini#-1,twolemmings.ini,104.8,low,,no verified win,bounded search or metadata only,
Classic fan,fan:lldb-409,BUILDING.DAT#0,Building Practice,77,low,,no verified win,bounded search or metadata only,
Classic fan,fan:lldb-41,lm_set01.dat#0,Bash to Victory,86.31,low,,no verified win,bounded search or metadata only,
Classic fan,fan:lldb-41,lm_set01.dat#1,Square World,94.06,low,,no verified win,bounded search or metadata only,
Classic fan,fan:lldb-41,lm_set01.dat#2,The Marked Wall,71.19,low,,no verified win,bounded search or metadata only,
Classic fan,fan:lldb-41,lm_set01.dat#3,Six Helpful Lemmings,76.92,low,,no verified win,bounded search or metadata only,
Classic fan,fan:lldb-41,lm_set01.dat#4,Builderless work,97.33,low,,no verified win,bounded search or metadata only,
Classic fan,fan:lldb-41,lm_set01.dat#5,The Assistance,101.5,low,,no verified win,bounded search or metadata only,
Classic fan,fan:lldb-41,lm_set01.dat#6,More Builderless work,81.17,low,,no verified win,bounded search or metadata only,
Classic fan,fan:lldb-41,lm_set01.dat#7,LEMTRIS,100,low,,no verified win,bounded search or metadata only,
Classic fan,fan:lldb-41,lm_set01.dat#8,Fired up my lonely friend?,104.8,low,,no verified win,bounded search or metadata only,
Classic fan,fan:lldb-41,lm_set01.dat#9,Where do I dig next?,97.15,low,,no verified win,bounded search or metadata only,
Classic fan,fan:lldb-410,ClamSpam06_4lvls.dat#0,Singular Squish II,75.15,low,,no verified win,bounded search or metadata only,
Classic fan,fan:lldb-410,ClamSpam06_4lvls.dat#1,Bumpy Ride II,86.05,low,,no verified win,bounded search or metadata only,
Classic fan,fan:lldb-410,ClamSpam06_4lvls.dat#2,RABBIX II,85.31,low,,no verified win,bounded search or metadata only,
Classic fan,fan:lldb-410,ClamSpam06_4lvls.dat#3,Digger convergence,78.67,low,,no verified win,bounded search or metadata only,
Classic fan,fan:lldb-411,mobius05.dat#0,Lemming no climb hill,85.24,low,,no verified win,bounded search or metadata only,
Classic fan,fan:lldb-411,mobius05.dat#1,"Oh Lemming, Where Art Thou?",112.45,low,,no verified win,bounded search or metadata only,
Classic fan,fan:lldb-411,mobius05.dat#2,Way Down in the Hole,104.8,low,,no verified win,bounded search or metadata only,
Classic fan,fan:lldb-411,mobius05.dat#3,Take a Giant Nose Dive,109.43,low,,no verified win,bounded search or metadata only,
Classic fan,fan:lldb-411,mobius05.dat#4,Operation Barbarossa,86.05,low,,no verified win,bounded search or metadata only,
Classic fan,fan:lldb-411,mobius05.dat#5,The Bricks of Wrath,98.3,low,,no verified win,bounded search or metadata only,
Classic fan,fan:lldb-411,mobius05.dat#6,Inventions and Dimensions,88.85,low,,no verified win,bounded search or metadata only,
Classic fan,fan:lldb-411,mobius05.dat#7,The Lemming Who Japed,103.4,low,,no verified win,bounded search or metadata only,
Classic fan,fan:lldb-411,mobius05.dat#8,Take a Giant Nose Dive (part 2),101.55,low,,no verified win,bounded search or metadata only,
Classic fan,fan:lldb-411,mobius05.dat#9,Absolute Zero,87.65,low,,no verified win,bounded search or metadata only,
Classic fan,fan:lldb-412,mobius06.dat#0,Obstacle 1,93.7,low,,no verified win,bounded search or metadata only,
Classic fan,fan:lldb-412,mobius06.dat#1,Cirque Du Solemming,101.55,low,,no verified win,bounded search or metadata only,
Classic fan,fan:lldb-412,mobius06.dat#2,Who by Fire?,98.55,low,,no verified win,bounded search or metadata only,
Classic fan,fan:lldb-412,mobius06.dat#3,The First Will Be Last,95.3,low,,no verified win,bounded search or metadata only,
Classic fan,fan:lldb-412,mobius06.dat#4,Ascension,84.62,low,,no verified win,bounded search or metadata only,
Classic fan,fan:lldb-412,mobius06.dat#5,The Cliffs of Insanity,96.58,low,,no verified win,bounded search or metadata only,
Classic fan,fan:lldb-412,mobius06.dat#6,Five Easy Steps...,97.15,low,,no verified win,bounded search or metadata only,
Classic fan,fan:lldb-412,mobius06.dat#7,Pearls Before Swine,99.95,low,,no verified win,bounded search or metadata only,
Classic fan,fan:lldb-412,mobius06.dat#8,General Tsao's Lemming,112.45,low,,no verified win,bounded search or metadata only,
Classic fan,fan:lldb-413,GeoffLems_Minipack.dat#0,Enclosure,107.44,low,,no verified win,bounded search or metadata only,
Classic fan,fan:lldb-413,GeoffLems_Minipack.dat#1,Planks,81.5,low,,no verified win,bounded search or metadata only,
Classic fan,fan:lldb-413,GeoffLems_Minipack.dat#2,Tank!,81.5,low,,no verified win,bounded search or metadata only,
Classic fan,fan:lldb-413,GeoffLems_Minipack.dat#3,Lemmington Abbey,72.56,low,,no verified win,bounded search or metadata only,
Classic fan,fan:lldb-413,GeoffLems_Minipack.dat#4,Pipe Room,102.99,low,,no verified win,bounded search or metadata only,
Classic fan,fan:lldb-413,GeoffLems_Minipack.dat#5,T-REX,60.88,low,,no verified win,bounded search or metadata only,
Classic fan,fan:lldb-413,GeoffLems_Minipack.dat#6,Lemming In Zest,98.3,low,,no verified win,bounded search or metadata only,
Classic fan,fan:lldb-413,GeoffLems_Minipack.dat#7,Lemmings in the Radiator,87.5,low,,no verified win,bounded search or metadata only,
Classic fan,fan:lldb-413,GeoffLems_Minipack.dat#8,Gluten-Free Organic Lemmings,113.2,low,,no verified win,bounded search or metadata only,
Classic fan,fan:lldb-413,GeoffLems_Minipack.dat#9,Roger's Pass,90.65,low,,no verified win,bounded search or metadata only,
Classic fan,fan:lldb-414,QBeez06.dat#0,The Equine Enigma,87.55,low,,no verified win,bounded search or metadata only,
Classic fan,fan:lldb-414,QBeez06.dat#1,"Be patient, now.",95.53,low,,no verified win,bounded search or metadata only,
Classic fan,fan:lldb-414,QBeez06.dat#2,Throne Room,86.12,low,,no verified win,bounded search or metadata only,
Classic fan,fan:lldb-414,QBeez06.dat#3,He who waits behind the wall....,94,low,,no verified win,bounded search or metadata only,
Classic fan,fan:lldb-414,QBeez06.dat#4,Smoke and Mirrors,102,low,,no verified win,bounded search or metadata only,
Classic fan,fan:lldb-414,QBeez06.dat#5,Two's Complement,100.38,low,,no verified win,bounded search or metadata only,
Classic fan,fan:lldb-414,QBeez06.dat#6,What comes down must go up.,95.75,low,,no verified win,bounded search or metadata only,
Classic fan,fan:lldb-414,QBeez06.dat#7,Rose Garden,108.35,low,,no verified win,bounded search or metadata only,
Classic fan,fan:lldb-414,QBeez06.dat#8,A Staggering Realization,99.6,low,,no verified win,bounded search or metadata only,
Classic fan,fan:lldb-414,QBeez06.dat#9,Lemmings of the Hidden Temple,111.05,low,,no verified win,bounded search or metadata only,
Classic fan,fan:lldb-415,levels/Blizzlem/001.ini#-1,001.ini,77.84,low,,no verified win,bounded search or metadata only,
Classic fan,fan:lldb-415,levels/Blizzlem/002.ini#-1,002.ini,82.12,low,,no verified win,bounded search or metadata only,
Classic fan,fan:lldb-415,levels/Blizzlem/003.ini#-1,003.ini,84.65,low,,no verified win,bounded search or metadata only,
Classic fan,fan:lldb-415,levels/Blizzlem/004.ini#-1,004.ini,100.25,low,,no verified win,bounded search or metadata only,
Classic fan,fan:lldb-415,levels/Blizzlem/005.ini#-1,005.ini,61,low,,no verified win,bounded search or metadata only,
Classic fan,fan:lldb-415,levels/Blizzlem/006.ini#-1,006.ini,61,low,,no verified win,bounded search or metadata only,
Classic fan,fan:lldb-415,levels/Blizzlem/007.ini#-1,007.ini,62.75,low,,no verified win,bounded search or metadata only,
Classic fan,fan:lldb-415,levels/Blizzlem/008.ini#-1,008.ini,74.95,low,,no verified win,bounded search or metadata only,
Classic fan,fan:lldb-415,levels/Blizzlem/009.ini#-1,009.ini,111.25,low,,no verified win,bounded search or metadata only,
Classic fan,fan:lldb-415,levels/Blizzlem/010.ini#-1,010.ini,61.94,low,,no verified win,bounded search or metadata only,
Classic fan,fan:lldb-415,levels/Blizzlem/011.ini#-1,011.ini,77.83,low,,no verified win,bounded search or metadata only,
Classic fan,fan:lldb-415,levels/Blizzlem/012.ini#-1,012.ini,87.65,low,,no verified win,bounded search or metadata only,
Classic fan,fan:lldb-415,levels/Blizzlem/013.ini#-1,013.ini,57.88,low,,no verified win,bounded search or metadata only,
Classic fan,fan:lldb-415,levels/Blizzlem/014.ini#-1,014.ini,75.22,low,,no verified win,bounded search or metadata only,
Classic fan,fan:lldb-415,levels/Blizzlem/015.ini#-1,015.ini,83.25,low,,no verified win,bounded search or metadata only,
Classic fan,fan:lldb-415,levels/Blizzlem/016.ini#-1,016.ini,91.28,low,,no verified win,bounded search or metadata only,
Classic fan,fan:lldb-415,levels/Blizzlem/101.ini#-1,101.ini,106.5,low,,no verified win,bounded search or metadata only,
Classic fan,fan:lldb-415,levels/Blizzlem/102.ini#-1,102.ini,102.99,low,,no verified win,bounded search or metadata only,
Classic fan,fan:lldb-415,levels/Blizzlem/103.ini#-1,103.ini,93.7,low,,no verified win,bounded search or metadata only,
Classic fan,fan:lldb-415,levels/Blizzlem/104.ini#-1,104.ini,61,low,,no verified win,bounded search or metadata only,
Classic fan,fan:lldb-415,levels/Blizzlem/105.ini#-1,105.ini,89.5,low,,no verified win,bounded search or metadata only,
Classic fan,fan:lldb-415,levels/Blizzlem/106.ini#-1,106.ini,106.4,low,,no verified win,bounded search or metadata only,
Classic fan,fan:lldb-415,levels/Blizzlem/107.ini#-1,107.ini,95.1,low,,no verified win,bounded search or metadata only,
Classic fan,fan:lldb-415,levels/Blizzlem/108.ini#-1,108.ini,76.75,low,,no verified win,bounded search or metadata only,
Classic fan,fan:lldb-415,levels/Blizzlem/109.ini#-1,109.ini,79.8,low,,no verified win,bounded search or metadata only,
Classic fan,fan:lldb-415,levels/Blizzlem/110.ini#-1,110.ini,75.25,low,,no verified win,bounded search or metadata only,
Classic fan,fan:lldb-415,levels/Blizzlem/111.ini#-1,111.ini,105,low,,no verified win,bounded search or metadata only,
Classic fan,fan:lldb-415,levels/Blizzlem/112.ini#-1,112.ini,87.75,low,,no verified win,bounded search or metadata only,
Classic fan,fan:lldb-415,levels/Blizzlem/113.ini#-1,113.ini,100.38,low,,no verified win,bounded search or metadata only,
Classic fan,fan:lldb-415,levels/Blizzlem/114.ini#-1,114.ini,95.75,low,,no verified win,bounded search or metadata only,
Classic fan,fan:lldb-415,levels/Blizzlem/115.ini#-1,115.ini,95.89,low,,no verified win,bounded search or metadata only,
Classic fan,fan:lldb-415,levels/Blizzlem/116.ini#-1,116.ini,89.5,low,,no verified win,bounded search or metadata only,
Classic fan,fan:lldb-415,levels/Blizzlem/201.ini#-1,201.ini,82.79,low,,no verified win,bounded search or metadata only,
Classic fan,fan:lldb-415,levels/Blizzlem/202.ini#-1,202.ini,86.25,low,,no verified win,bounded search or metadata only,
Classic fan,fan:lldb-415,levels/Blizzlem/203.ini#-1,203.ini,81.09,low,,no verified win,bounded search or metadata only,
Classic fan,fan:lldb-415,levels/Blizzlem/204.ini#-1,204.ini,94.85,low,,no verified win,bounded search or metadata only,
Classic fan,fan:lldb-415,levels/Blizzlem/205.ini#-1,205.ini,87.79,low,,no verified win,bounded search or metadata only,
Classic fan,fan:lldb-415,levels/Blizzlem/206.ini#-1,206.ini,115.09,low,,no verified win,bounded search or metadata only,
Classic fan,fan:lldb-415,levels/Blizzlem/207.ini#-1,207.ini,73.86,low,,no verified win,bounded search or metadata only,
Classic fan,fan:lldb-415,levels/Blizzlem/208.ini#-1,208.ini,87.65,low,,no verified win,bounded search or metadata only,
Classic fan,fan:lldb-415,levels/Blizzlem/209.ini#-1,209.ini,91.97,low,,no verified win,bounded search or metadata only,
Classic fan,fan:lldb-415,levels/Blizzlem/210.ini#-1,210.ini,83.25,low,,no verified win,bounded search or metadata only,
Classic fan,fan:lldb-415,levels/Blizzlem/211.ini#-1,211.ini,114.28,low,,no verified win,bounded search or metadata only,
Classic fan,fan:lldb-415,levels/Blizzlem/212.ini#-1,212.ini,100.92,low,,no verified win,bounded search or metadata only,
Classic fan,fan:lldb-415,levels/Blizzlem/213.ini#-1,213.ini,106.08,low,,no verified win,bounded search or metadata only,
Classic fan,fan:lldb-415,levels/Blizzlem/214.ini#-1,214.ini,103.4,low,,no verified win,bounded search or metadata only,
Classic fan,fan:lldb-415,levels/Blizzlem/215.ini#-1,215.ini,102,low,,no verified win,bounded search or metadata only,
Classic fan,fan:lldb-415,levels/Blizzlem/216.ini#-1,216.ini,94,low,,no verified win,bounded search or metadata only,
Classic fan,fan:lldb-415,levels/Blizzlem/301.ini#-1,301.ini,106.4,low,,no verified win,bounded search or metadata only,
Classic fan,fan:lldb-415,levels/Blizzlem/302.ini#-1,302.ini,79.88,low,,no verified win,bounded search or metadata only,
Classic fan,fan:lldb-415,levels/Blizzlem/303.ini#-1,303.ini,114.5,low,,no verified win,bounded search or metadata only,
Classic fan,fan:lldb-415,levels/Blizzlem/304.ini#-1,304.ini,104.8,low,,no verified win,bounded search or metadata only,
Classic fan,fan:lldb-415,levels/Blizzlem/305.ini#-1,305.ini,98.55,low,,no verified win,bounded search or metadata only,
Classic fan,fan:lldb-415,levels/Blizzlem/306.ini#-1,306.ini,81.38,low,,no verified win,bounded search or metadata only,
Classic fan,fan:lldb-415,levels/Blizzlem/307.ini#-1,307.ini,69,low,,no verified win,bounded search or metadata only,
Classic fan,fan:lldb-415,levels/Blizzlem/308.ini#-1,308.ini,71.88,low,,no verified win,bounded search or metadata only,
Classic fan,fan:lldb-415,levels/Blizzlem/309.ini#-1,309.ini,107.55,low,,no verified win,bounded search or metadata only,
Classic fan,fan:lldb-415,levels/Blizzlem/310.ini#-1,310.ini,81.38,low,,no verified win,bounded search or metadata only,
Classic fan,fan:lldb-415,levels/Blizzlem/311.ini#-1,311.ini,86.94,low,,no verified win,bounded search or metadata only,
Classic fan,fan:lldb-415,levels/Blizzlem/312.ini#-1,312.ini,104.75,low,,no verified win,bounded search or metadata only,
Classic fan,fan:lldb-415,levels/Blizzlem/313.ini#-1,313.ini,77.77,low,,no verified win,bounded search or metadata only,
Classic fan,fan:lldb-415,levels/Blizzlem/314.ini#-1,314.ini,112.45,low,,no verified win,bounded search or metadata only,
Classic fan,fan:lldb-415,levels/Blizzlem/315.ini#-1,315.ini,104.15,low,,no verified win,bounded search or metadata only,
Classic fan,fan:lldb-415,levels/Blizzlem/316.ini#-1,316.ini,106.5,low,,no verified win,bounded search or metadata only,
Classic fan,fan:lldb-415,levels/Blizzlem/317.ini#-1,317.ini,102.1,low,,no verified win,bounded search or metadata only,
Classic fan,fan:lldb-416,25th Birthday of Lemmings.ini#-1,25th Birthday of Lemmings.ini,69,low,,no verified win,bounded search or metadata only,
Classic fan,fan:lldb-416,Above The Pepsi Max.ini#-1,Above The Pepsi Max.ini,77,low,,no verified win,bounded search or metadata only,
Classic fan,fan:lldb-416,Be Careful Where You Dig.ini#-1,Be Careful Where You Dig.ini,81.5,low,,no verified win,bounded search or metadata only,
Classic fan,fan:lldb-416,Bomboozal Not Quite.ini#-1,Bomboozal Not Quite.ini,94.53,low,,no verified win,bounded search or metadata only,
Classic fan,fan:lldb-416,Building Blocks.ini#-1,Building Blocks.ini,62.75,low,,no verified win,bounded search or metadata only,
Classic fan,fan:lldb-416,Dash.ini#-1,Dash.ini,103.92,low,,no verified win,bounded search or metadata only,
Classic fan,fan:lldb-416,Four Entrances.ini#-1,Four Entrances.ini,94,low,,no verified win,bounded search or metadata only,
Classic fan,fan:lldb-416,Graeme's Nightmare.ini#-1,Graeme's Nightmare.ini,83.69,low,,no verified win,bounded search or metadata only,
Classic fan,fan:lldb-416,Hidden Sand.ini#-1,Hidden Sand.ini,109.65,low,,no verified win,bounded search or metadata only,
Classic fan,fan:lldb-416,I Love Bubbles.ini#-1,I Love Bubbles.ini,102,low,,no verified win,bounded search or metadata only,
Classic fan,fan:lldb-416,It's Snowing.ini#-1,It's Snowing.ini,106.5,low,,no verified win,bounded search or metadata only,
Classic fan,fan:lldb-416,Little house on top.ini#-1,Little house on top.ini,91.29,low,,no verified win,bounded search or metadata only,
Classic fan,fan:lldb-416,Pipe level.ini#-1,Pipe level.ini,98.75,low,,no verified win,bounded search or metadata only,
Classic fan,fan:lldb-416,Puzzle Time.ini#-1,Puzzle Time.ini,327.09,medium,5b5294f0d7f3f956c39ef54460ff0189e094bb1a1fb9d9665405d45329d470c4,verified win,replay verified,
Classic fan,fan:lldb-416,Revisit.ini#-1,Revisit.ini,87.75,low,,no verified win,bounded search or metadata only,
Classic fan,fan:lldb-416,Steel Works Edit.ini#-1,Steel Works Edit.ini,102,low,,no verified win,bounded search or metadata only,
Classic fan,fan:lldb-416,Ten Scattered lemmings.ini#-1,Ten Scattered lemmings.ini,113.85,low,,no verified win,bounded search or metadata only,
Classic fan,fan:lldb-416,Too Much Things Going on.ini#-1,Too Much Things Going on.ini,102.99,low,,no verified win,bounded search or metadata only,
Classic fan,fan:lldb-416,Up The Gap.ini#-1,Up The Gap.ini,93.59,low,,no verified win,bounded search or metadata only,
Classic fan,fan:lldb-416,Which Way Should we Go.ini#-1,Which Way Should we Go.ini,64.38,low,,no verified win,bounded search or metadata only,
Classic fan,fan:lldb-417,bigqtwo.dat#0,"It's your skull, Buckaroo!",59,low,,no verified win,bounded search or metadata only,
Classic fan,fan:lldb-417,bigqtwo.dat#1,"Down, Down, Down, and Down!",83.43,low,,no verified win,bounded search or metadata only,
Classic fan,fan:lldb-417,bigqtwo.dat#2,Oh! No! Reflectors!,58.88,low,,no verified win,bounded search or metadata only,
Classic fan,fan:lldb-417,bigqtwo.dat#3,The Cystel Calls!,93.4,low,,no verified win,bounded search or metadata only,
Classic fan,fan:lldb-417,bigqtwo.dat#4,SO NEAR AND YET SO FAR!,65.25,low,,no verified win,bounded search or metadata only,
Classic fan,fan:lldb-417,bigqtwo.dat#5,Two islands and two lakes,67.81,low,,no verified win,bounded search or metadata only,
Classic fan,fan:lldb-417,bigqtwo.dat#6,The big land before the steel!,71.67,low,,no verified win,bounded search or metadata only,
Classic fan,fan:lldb-417,bigqtwo.dat#7,STEEL MAN COMES CALLIN' AT DOOR,85.44,low,,no verified win,bounded search or metadata only,
Classic fan,fan:lldb-417,bigqtwo.dat#8,I put my hands... On my head...,79.5,low,,no verified win,bounded search or metadata only,
Classic fan,fan:lldb-417,bigqtwo.dat#9,"Crystel, Steel, and Teamwork.",71.19,low,,no verified win,bounded search or metadata only,
Classic fan,fan:lldb-418,bigqthree.dat#0,Escape from the Watergate Hotel,64.34,low,,no verified win,bounded search or metadata only,
Classic fan,fan:lldb-419,Dehodson.dat#0,Pillars of character,90.75,low,,no verified win,bounded search or metadata only,
Classic fan,fan:lldb-42,lm_set02.dat#0,100 Ton Trap,109.62,low,,no verified win,bounded search or metadata only,
Classic fan,fan:lldb-42,lm_set02.dat#1,Do something else first!,72.6,low,,no verified win,bounded search or metadata only,
Classic fan,fan:lldb-42,lm_set02.dat#2,The Squeeze Machine,113.87,low,,no verified win,bounded search or metadata only,
Classic fan,fan:lldb-42,lm_set02.dat#3,Twice as nice!,106.5,low,,no verified win,bounded search or metadata only,
Classic fan,fan:lldb-42,lm_set02.dat#4,It's hero time in the snow!,115.09,low,,no verified win,bounded search or metadata only,
Classic fan,fan:lldb-42,lm_set02.dat#5,What the hell?,115.09,low,,no verified win,bounded search or metadata only,
Classic fan,fan:lldb-42,lm_set02.dat#6,Stolen Goods,94.87,low,,no verified win,bounded search or metadata only,
Classic fan,fan:lldb-42,lm_set02.dat#7,Deja vu,81.5,low,,no verified win,bounded search or metadata only,
Classic fan,fan:lldb-42,lm_set02.dat#8,Crossing the chains,114.5,low,,no verified win,bounded search or metadata only,
Classic fan,fan:lldb-42,lm_set02.dat#9,Feels like a maze in here.,106.5,low,,no verified win,bounded search or metadata only,
Classic fan,fan:lldb-420,2112.dat#0,Rhythm of Lem,105.55,low,,no verified win,bounded search or metadata only,
Classic fan,fan:lldb-421,Luis Pack.dat#0,Temple of Return,108.18,low,,no verified win,bounded search or metadata only,
Classic fan,fan:lldb-422,fullglitch.dat#0,LemEdit generated Level,115.9,low,,no verified win,bounded search or metadata only,
Classic fan,fan:lldb-423,unfinisd.dat#0,Loop the loop!,87.75,low,,no verified win,bounded search or metadata only,
Classic fan,fan:lldb-424,andi2.dat#0,Lemmings on the bridge,74.95,low,,no verified win,bounded search or metadata only,
Classic fan,fan:lldb-424,andi2.dat#1,Unused blank generic level,2.86,high,56336e3748f1959f040da7f09808ff50102f68f1288f0d0aa09a4dc8dcd72e16,verified win,replay verified,
Classic fan,fan:lldb-424,andi2.dat#2,Unused blank generic level,2.86,high,56336e3748f1959f040da7f09808ff50102f68f1288f0d0aa09a4dc8dcd72e16,verified win,replay verified,
Classic fan,fan:lldb-424,andi2.dat#3,Unused blank generic level,2.86,high,56336e3748f1959f040da7f09808ff50102f68f1288f0d0aa09a4dc8dcd72e16,verified win,replay verified,
Classic fan,fan:lldb-424,andi2.dat#4,Unused blank generic level,2.86,high,56336e3748f1959f040da7f09808ff50102f68f1288f0d0aa09a4dc8dcd72e16,verified win,replay verified,
Classic fan,fan:lldb-424,andi2.dat#5,Unused blank generic level,2.86,high,56336e3748f1959f040da7f09808ff50102f68f1288f0d0aa09a4dc8dcd72e16,verified win,replay verified,
Classic fan,fan:lldb-424,andi2.dat#6,Unused blank generic level,2.86,high,56336e3748f1959f040da7f09808ff50102f68f1288f0d0aa09a4dc8dcd72e16,verified win,replay verified,
Classic fan,fan:lldb-424,andi2.dat#7,Unused blank generic level,2.86,high,56336e3748f1959f040da7f09808ff50102f68f1288f0d0aa09a4dc8dcd72e16,verified win,replay verified,
Classic fan,fan:lldb-424,andi2.dat#8,Unused blank generic level,2.86,high,56336e3748f1959f040da7f09808ff50102f68f1288f0d0aa09a4dc8dcd72e16,verified win,replay verified,
Classic fan,fan:lldb-424,andi2.dat#9,Unused blank generic level,2.86,high,56336e3748f1959f040da7f09808ff50102f68f1288f0d0aa09a4dc8dcd72e16,verified win,replay verified,
Classic fan,fan:lldb-425,Badpack.dat#0,and 90's for all!,90.71,low,,no verified win,bounded search or metadata only,
Classic fan,fan:lldb-426,GM06.dat#0,The Great Migration '06,98.38,low,,no verified win,bounded search or metadata only,
Classic fan,fan:lldb-427,Neato.dat#0,The Sword,106.5,low,,no verified win,bounded search or metadata only,
Classic fan,fan:lldb-428,Bipolar.dat#0,Bipolar Maniac,101.19,low,,no verified win,bounded search or metadata only,
Classic fan,fan:lldb-429,CYSTN.dat#0,Can you save them? No,96.31,low,,no verified win,bounded search or metadata only,
Classic fan,fan:lldb-43,lm_set03.dat#0,The New way out,82.6,low,,no verified win,bounded search or metadata only,
Classic fan,fan:lldb-43,lm_set03.dat#1,The Booby Trap,90.09,low,,no verified win,bounded search or metadata only,
Classic fan,fan:lldb-43,lm_set03.dat#2,Use the grey matter for this one,93.9,low,,no verified win,bounded search or metadata only,
Classic fan,fan:lldb-43,lm_set03.dat#3,tiny HUGE Area,86.94,low,,no verified win,bounded search or metadata only,
Classic fan,fan:lldb-43,lm_set03.dat#4,Satan has 2 paths,118.29,low,,no verified win,bounded search or metadata only,
Classic fan,fan:lldb-43,lm_set03.dat#5,Lemmings' Diagonal snow blower,93.5,low,,no verified win,bounded search or metadata only,
Classic fan,fan:lldb-43,lm_set03.dat#6,Abyss-mal,112.65,low,,no verified win,bounded search or metadata only,
Classic fan,fan:lldb-43,lm_set03.dat#7,Wild at the corner...,109.4,low,,no verified win,bounded search or metadata only,
Classic fan,fan:lldb-43,lm_set03.dat#8,Crazy Cave.,113.87,low,,no verified win,bounded search or metadata only,
Classic fan,fan:lldb-43,lm_set03.dat#9,If only that tree wasn't there,65.22,low,,no verified win,bounded search or metadata only,
Classic fan,fan:lldb-430,LDChallenge01.dat#0,Challenge Solution Simon,62.75,low,,no verified win,bounded search or metadata only,
Classic fan,fan:lldb-430,LDChallenge01.dat#1,The Lucky 4,39.88,low,,no verified win,bounded search or metadata only,
Classic fan,fan:lldb-430,LDChallenge01.dat#2,Pinpoint Accuracy,51.25,low,,no verified win,bounded search or metadata only,
Classic fan,fan:lldb-430,LDChallenge01.dat#3,Splitting Hairs,48.82,low,,no verified win,bounded search or metadata only,
Classic fan,fan:lldb-430,LDChallenge01.dat#4,"Zoo Zitter Kazey (Short ""e"")",98.25,low,,no verified win,bounded search or metadata only,
Classic fan,fan:lldb-430,LDChallenge01.dat#5,Lemming Efficiancy Plan,62.75,low,,no verified win,bounded search or metadata only,
Classic fan,fan:lldb-431,LDChallenge02.dat#0,Confirm Me,69.32,low,,no verified win,bounded search or metadata only,
Classic fan,fan:lldb-431,LDChallenge02.dat#1,Circuit bent,78.15,low,,no verified win,bounded search or metadata only,
Classic fan,fan:lldb-431,LDChallenge02.dat#2,Circuit bent,83.35,low,,no verified win,bounded search or metadata only,
Classic fan,fan:lldb-431,LDChallenge02.dat#3,IS challenge 1,68.75,low,,no verified win,bounded search or metadata only,
Classic fan,fan:lldb-432,LDChallenge03.dat#0,FINGER OF DEATH,44.78,low,,no verified win,bounded search or metadata only,
Classic fan,fan:lldb-432,LDChallenge03.dat#1,CCX's Finger,62.75,low,,no verified win,bounded search or metadata only,
Classic fan,fan:lldb-432,LDChallenge03.dat#2,One Piece Wonder,67,low,,no verified win,bounded search or metadata only,
Classic fan,fan:lldb-432,LDChallenge03.dat#3,A toe,52.75,low,,no verified win,bounded search or metadata only,
Classic fan,fan:lldb-432,LDChallenge03.dat#4,A toe Take 2,67.25,low,,no verified win,bounded search or metadata only,
Classic fan,fan:lldb-433,LDChallenge04.dat#0,Pass Interference,62.75,low,,no verified win,bounded search or metadata only,
Classic fan,fan:lldb-433,LDChallenge04.dat#1,Out of Line,39.9,low,,no verified win,bounded search or metadata only,
Classic fan,fan:lldb-434,LDChallenge05.dat#0,General wooden contraption no.73,62.15,low,,no verified win,bounded search or metadata only,
Classic fan,fan:lldb-434,LDChallenge05.dat#1,Stop and Go,77,low,,no verified win,bounded search or metadata only,
Classic fan,fan:lldb-434,LDChallenge05.dat#2,Lemcon Nine,33.86,low,,no verified win,bounded search or metadata only,
Classic fan,fan:lldb-434,LDChallenge05.dat#3,General wooden contraption no.73,78.4,low,,no verified win,bounded search or metadata only,
Classic fan,fan:lldb-434,LDChallenge05.dat#4,Lemcon Nine,42.15,low,,no verified win,bounded search or metadata only,
Classic fan,fan:lldb-435,LDChallenge06.dat#0,Circular Dependency,70.75,low,,no verified win,bounded search or metadata only,
Classic fan,fan:lldb-435,LDChallenge06.dat#1,ldchallenge06.dat 2,84.65,low,,no verified win,bounded search or metadata only,
Classic fan,fan:lldb-435,LDChallenge06.dat#2,Mutual Dependency,62.75,low,,no verified win,bounded search or metadata only,
Classic fan,fan:lldb-435,LDChallenge06.dat#3,Dependency Puzzle,62.75,low,,no verified win,bounded search or metadata only,
Classic fan,fan:lldb-436,LDChallenge07.dat#0,Even Steven,84.65,low,,no verified win,bounded search or metadata only,
Classic fan,fan:lldb-436,LDChallenge07.dat#1,Even Steven,84.65,low,,no verified win,bounded search or metadata only,
Classic fan,fan:lldb-436,LDChallenge07.dat#2,Soulmates,70.75,low,,no verified win,bounded search or metadata only,
Classic fan,fan:lldb-437,LDChallenge08.dat#0,ldchallenge08.dat 1,73.5,low,,no verified win,bounded search or metadata only,
Classic fan,fan:lldb-437,LDChallenge08.dat#1,ldchallenge08.dat 2,46.75,low,,no verified win,bounded search or metadata only,
Classic fan,fan:lldb-437,LDChallenge08.dat#2,ldchallenge08.dat 3,67.25,low,,no verified win,bounded search or metadata only,
Classic fan,fan:lldb-437,LDChallenge08.dat#3,Vertical Oblivion,69,low,,no verified win,bounded search or metadata only,
Classic fan,fan:lldb-438,LDChallenge09.dat#0,Challenge level,109.4,low,,no verified win,bounded search or metadata only,
Classic fan,fan:lldb-438,LDChallenge09.dat#1,Challenge level,109.4,low,,no verified win,bounded search or metadata only,
Classic fan,fan:lldb-438,LDChallenge09.dat#2,8-ball,96.75,low,,no verified win,bounded search or metadata only,
Classic fan,fan:lldb-438,LDChallenge09.dat#3,Challenge level,109.4,low,,no verified win,bounded search or metadata only,
Classic fan,fan:lldb-438,LDChallenge09.dat#4,Challenge level,109.4,low,,no verified win,bounded search or metadata only,
Classic fan,fan:lldb-438,LDChallenge09.dat#5,Challenge level,109.4,low,,no verified win,bounded search or metadata only,
Classic fan,fan:lldb-44,lm_set04.dat#0,The creepy tentacle monster,114.09,low,,no verified win,bounded search or metadata only,
Classic fan,fan:lldb-44,lm_set04.dat#1,Upsidedown Islands,88.69,low,,no verified win,bounded search or metadata only,
Classic fan,fan:lldb-44,lm_set04.dat#2,Who can do the rest?,94.94,low,,no verified win,bounded search or metadata only,
Classic fan,fan:lldb-44,lm_set04.dat#3,Think about it,115.9,low,,no verified win,bounded search or metadata only,
Classic fan,fan:lldb-44,lm_set04.dat#4,Now you're stalking,110.24,low,,no verified win,bounded search or metadata only,
Classic fan,fan:lldb-44,lm_set04.dat#5,The three ramps,106.5,low,,no verified win,bounded search or metadata only,
Classic fan,fan:lldb-44,lm_set04.dat#6,The purpose of the builders,70.75,low,,no verified win,bounded search or metadata only,
Classic fan,fan:lldb-44,lm_set04.dat#7,The Weasel's planned barbecue,115.49,low,,no verified win,bounded search or metadata only,
Classic fan,fan:lldb-44,lm_set04.dat#8,Safety on the Love Ship,114.09,low,,no verified win,bounded search or metadata only,
Classic fan,fan:lldb-44,lm_set04.dat#9,The Strangest Dream,114.5,low,,no verified win,bounded search or metadata only,
Classic fan,fan:lldb-447,ccxtestlevels.dat#0,A Giant Leap for Lemkind,83.25,low,,no verified win,bounded search or metadata only,
Classic fan,fan:lldb-447,ccxtestlevels.dat#1,Test Timing,30.7,high,e782c1aa1d2cc82d7caefec8a458def3c96368aacc732084bcc0e0e5a3519c34,verified win,replay verified,
Classic fan,fan:lldb-447,ccxtestlevels.dat#2,Test Timing,30.7,high,7b553006b0289993dd818f74fabfaf7566713134ba239146dc5bd32eac4befa0,verified win,replay verified,
Classic fan,fan:lldb-448,GM00.dat#0,Clear the traps,101.91,low,,no verified win,bounded search or metadata only,
Classic fan,fan:lldb-448,GM00.dat#1,Clear the traps II,107.78,low,,no verified win,bounded search or metadata only,
Classic fan,fan:lldb-448,GM00.dat#2,Are we going for a walk?,84.18,low,,no verified win,bounded search or metadata only,
Classic fan,fan:lldb-448,GM00.dat#3,Entrances to heaven,68.5,low,,no verified win,bounded search or metadata only,
Classic fan,fan:lldb-448,GM00.dat#4,No choice but to follow them,75.15,low,,no verified win,bounded search or metadata only,
Classic fan,fan:lldb-448,GM00.dat#5,Use more blockers,46.5,low,,no verified win,bounded search or metadata only,
Classic fan,fan:lldb-448,GM00.dat#6,All the things I have done,100.74,low,,no verified win,bounded search or metadata only,
Classic fan,fan:lldb-448,GM00.dat#7,Help is en route,73.5,low,,no verified win,bounded search or metadata only,
Classic fan,fan:lldb-448,GM00.dat#8,It's all the way over there,56,low,,no verified win,bounded search or metadata only,
Classic fan,fan:lldb-448,GM00.dat#9,In the attic,81.92,low,,no verified win,bounded search or metadata only,
Classic fan,fan:lldb-449,comppak.dat#0,Sculpture Maze (Tumble_weed),106.5,low,,no verified win,bounded search or metadata only,
Classic fan,fan:lldb-449,comppak.dat#1,Training Course (Conway),115.9,low,,no verified win,bounded search or metadata only,
Classic fan,fan:lldb-449,comppak.dat#2,"Down, Around and Up (Lemeri)",106.5,low,,no verified win,bounded search or metadata only,
Classic fan,fan:lldb-449,comppak.dat#3,The bridge ! (Dragons_Lover),115.9,low,,no verified win,bounded search or metadata only,
Classic fan,fan:lldb-449,comppak.dat#4,A Moonlight Stroll (Louise),106.5,low,,no verified win,bounded search or metadata only,
Classic fan,fan:lldb-449,comppak.dat#5,Infer-no (Lem'ka),115.9,low,,no verified win,bounded search or metadata only,
Classic fan,fan:lldb-449,comppak.dat#6,Lemedit competition template.,98.25,low,,no verified win,bounded search or metadata only,
Classic fan,fan:lldb-45,lm_set05.dat#0,All bashed up and ready to go!,74.44,low,,no verified win,bounded search or metadata only,
Classic fan,fan:lldb-45,lm_set05.dat#1,We need an emergency bridge,93.72,low,,no verified win,bounded search or metadata only,
Classic fan,fan:lldb-45,lm_set05.dat#2,Four lemmings and a funeral,87.62,low,,no verified win,bounded search or metadata only,
Classic fan,fan:lldb-45,lm_set05.dat#3,Last time we had three...,95.75,low,,no verified win,bounded search or metadata only,
Classic fan,fan:lldb-45,lm_set05.dat#4,Long walks vs. Doomed digging,85.72,low,,no verified win,bounded search or metadata only,
Classic fan,fan:lldb-45,lm_set05.dat#5,Cave with sharp teeth,90.09,low,,no verified win,bounded search or metadata only,
Classic fan,fan:lldb-45,lm_set05.dat#6,Wrong points of view,105.28,low,,no verified win,bounded search or metadata only,
Classic fan,fan:lldb-45,lm_set05.dat#7,Now we're cooking on gas,93.7,low,,no verified win,bounded search or metadata only,
Classic fan,fan:lldb-45,lm_set05.dat#8,A Spot of Bother,115.49,low,,no verified win,bounded search or metadata only,
Classic fan,fan:lldb-45,lm_set05.dat#9,You have been fooled!,104.88,low,,no verified win,bounded search or metadata only,
Classic fan,fan:lldb-450,Membercomp.dat#0,G3K,70.38,low,,no verified win,bounded search or metadata only,
Classic fan,fan:lldb-450,Membercomp.dat#1,DrangonsLover,116.49,low,,no verified win,bounded search or metadata only,
Classic fan,fan:lldb-451,insulfrogextra.dat#0,Tunnelers,59,low,,no verified win,bounded search or metadata only,
Classic fan,fan:lldb-452,isuotherlevels.dat#0,Cannonball,97.94,low,,no verified win,bounded search or metadata only,
Classic fan,fan:lldb-452,isuotherlevels.dat#1,Minerminute,62.62,low,,no verified win,bounded search or metadata only,
Classic fan,fan:lldb-453,Jazzem.dat#0,Lemmings at Tiffany's,86.05,low,,no verified win,bounded search or metadata only,
Classic fan,fan:lldb-454,JMGM01.dat#0,New Life,115.68,low,,no verified win,bounded search or metadata only,
Classic fan,fan:lldb-454,JMGM01.dat#1,No use for a steel area,72.81,low,,no verified win,bounded search or metadata only,
Classic fan,fan:lldb-454,JMGM01.dat#2,Episode 2: Torment,111.84,low,,no verified win,bounded search or metadata only,
Classic fan,fan:lldb-454,JMGM01.dat#3,Back in Hell,239.66,medium,3ff7a7d60d25c69cf6af70afc1600b033667f9cf3c644463b96906369e0ee8d3,verified win,replay verified,
Classic fan,fan:lldb-454,JMGM01.dat#4,Chains of Imprisonment,87.62,low,,no verified win,bounded search or metadata only,
Classic fan,fan:lldb-454,JMGM01.dat#5,Across the Pillars,59,low,,no verified win,bounded search or metadata only,
Classic fan,fan:lldb-454,JMGM01.dat#6,Looks easy but its not,90.33,low,,no verified win,bounded search or metadata only,
Classic fan,fan:lldb-454,JMGM01.dat#7,Wall of Death,81.82,low,,no verified win,bounded search or metadata only,
Classic fan,fan:lldb-454,JMGM01.dat#8,This looks odd,75,low,,no verified win,bounded search or metadata only,
Classic fan,fan:lldb-454,JMGM01.dat#9,They just have to run,102,low,,no verified win,bounded search or metadata only,
Classic fan,fan:lldb-455,JMGM02.DAT#0,I was not meant to feel this,94.31,low,,no verified win,bounded search or metadata only,
Classic fan,fan:lldb-455,JMGM02.DAT#1,Story of a lonely lemming,87.75,low,,no verified win,bounded search or metadata only,
Classic fan,fan:lldb-455,JMGM02.DAT#2,The Wall,82.08,low,,no verified win,bounded search or metadata only,
Classic fan,fan:lldb-455,JMGM02.DAT#3,Detention Center,97.15,low,,no verified win,bounded search or metadata only,
Classic fan,fan:lldb-455,JMGM02.DAT#4,I was not meant to do this,101.62,low,,no verified win,bounded search or metadata only,
Classic fan,fan:lldb-455,JMGM02.DAT#5,What an AWESOMEII level,103.67,low,,no verified win,bounded search or metadata only,
Classic fan,fan:lldb-455,JMGM02.DAT#6,Invisible Terrain,94.84,low,,no verified win,bounded search or metadata only,
Classic fan,fan:lldb-455,JMGM02.DAT#7,I wasnt meant to make this,62.75,low,,no verified win,bounded search or metadata only,
Classic fan,fan:lldb-455,JMGM02.DAT#8,What happened to the terrain?,106.38,low,,no verified win,bounded search or metadata only,
Classic fan,fan:lldb-455,JMGM02.DAT#9,These walls,371.57,medium,1e75c9759f9480a79c5f6dc98f6866505481d2c2b943d117ab931fc7841fa5e4,verified win,replay verified,
Classic fan,fan:lldb-456,JMacidbath.dat#0,Acid Bath,96.88,low,,no verified win,bounded search or metadata only,
Classic fan,fan:lldb-457,LeviOtherLevels.dat#0,How to evacuate a gold mine ?,68.19,low,,no verified win,bounded search or metadata only,
Classic fan,fan:lldb-457,LeviOtherLevels.dat#1,Let's climb trough now...,69,low,,no verified win,bounded search or metadata only,
Classic fan,fan:lldb-457,LeviOtherLevels.dat#2,Fall and no life.,92.3,low,,no verified win,bounded search or metadata only,
Classic fan,fan:lldb-457,LeviOtherLevels.dat#3,Highway to hell,98.73,low,,no verified win,bounded search or metadata only,
Classic fan,fan:lldb-457,LeviOtherLevels.dat#4,Litter on the highway,98.73,low,,no verified win,bounded search or metadata only,
Classic fan,fan:lldb-457,LeviOtherLevels.dat#5,Underground world,109.79,low,,no verified win,bounded search or metadata only,
Classic fan,fan:lldb-457,LeviOtherLevels.dat#6,The 3 musketeers,98.55,low,,no verified win,bounded search or metadata only,
Classic fan,fan:lldb-458,Kindness.dat#0,Kindness That Can Kill,64.81,low,,no verified win,bounded search or metadata only,
Classic fan,fan:lldb-459,NOTEASY.dat#0,Not as easy as it looks...,114.5,low,,no verified win,bounded search or metadata only,
Classic fan,fan:lldb-46,lm_set06.dat#0,A mere staircase,62.75,low,,no verified win,bounded search or metadata only,
Classic fan,fan:lldb-46,lm_set06.dat#1,"Lucky Seven, Unlucky Three",73.82,low,,no verified win,bounded search or metadata only,
Classic fan,fan:lldb-46,lm_set06.dat#2,Follow the yellow brick road,98.75,low,,no verified win,bounded search or metadata only,
Classic fan,fan:lldb-46,lm_set06.dat#3,Bars of one way,109.24,low,,no verified win,bounded search or metadata only,
Classic fan,fan:lldb-46,lm_set06.dat#4,Bridge the gaps and wait,89.28,low,,no verified win,bounded search or metadata only,
Classic fan,fan:lldb-46,lm_set06.dat#5,The Arctic Circle,108,low,,no verified win,bounded search or metadata only,
Classic fan,fan:lldb-46,lm_set06.dat#6,Out of the icy cave,102.99,low,,no verified win,bounded search or metadata only,
Classic fan,fan:lldb-46,lm_set06.dat#7,Lemmings in action,114.5,low,,no verified win,bounded search or metadata only,
Classic fan,fan:lldb-46,lm_set06.dat#8,Tougher Egyptian Level,97.15,low,,no verified win,bounded search or metadata only,
Classic fan,fan:lldb-46,lm_set06.dat#9,X marks the spot (Revised),98.14,low,,no verified win,bounded search or metadata only,
Classic fan,fan:lldb-460,SgBPak01.dat#0,Four Lemmings And A Funeral,106.38,low,,no verified win,bounded search or metadata only,
Classic fan,fan:lldb-460,SgBPak01.dat#1,A Simple Bash And Mine Job..?,89.5,low,,no verified win,bounded search or metadata only,
Classic fan,fan:lldb-460,SgBPak01.dat#2,Hypothermia,105.69,low,,no verified win,bounded search or metadata only,
Classic fan,fan:lldb-460,SgBPak01.dat#3,Send In The Specialists,106.38,low,,no verified win,bounded search or metadata only,
Classic fan,fan:lldb-460,SgBPak01.dat#4,How To Kill A Lemming,112.04,low,,no verified win,bounded search or metadata only,
Classic fan,fan:lldb-460,SgBPak01.dat#5,Someone Stole The Floaters,108.84,low,,no verified win,bounded search or metadata only,
Classic fan,fan:lldb-460,SgBPak01.dat#6,Flat-Packed Lemmings,93.9,low,,no verified win,bounded search or metadata only,
Classic fan,fan:lldb-460,SgBPak01.dat#7,"Just Build, Right?",101.59,low,,no verified win,bounded search or metadata only,
Classic fan,fan:lldb-460,SgBPak01.dat#8,Pressed For Time,90.9,low,,no verified win,bounded search or metadata only,
Classic fan,fan:lldb-461,geoopak5.dat#0,Synchronisation (1),95.85,low,,no verified win,bounded search or metadata only,
Classic fan,fan:lldb-461,geoopak5.dat#1,Synchronisation (2),98.75,low,,no verified win,bounded search or metadata only,
Classic fan,fan:lldb-461,geoopak5.dat#2,Getting down the cliff,80.2,low,,no verified win,bounded search or metadata only,
Classic fan,fan:lldb-462,WBUG.dat#0,just to show another WinLemm bug,87.75,low,,no verified win,bounded search or metadata only,
Classic fan,fan:lldb-463,Group Levels.dat#0,LemEdit generated Level,85.8,low,,no verified win,bounded search or metadata only,
Classic fan,fan:lldb-463,Group Levels.dat#1,LemEdit generated Level,96.05,low,,no verified win,bounded search or metadata only,
Classic fan,fan:lldb-463,Group Levels.dat#2,Collaboration,102.3,low,,no verified win,bounded search or metadata only,
Classic fan,fan:lldb-463,Group Levels.dat#3,LemEdit generated Level,59,low,,no verified win,bounded search or metadata only,
Classic fan,fan:lldb-463,Group Levels.dat#4,LemEdit generated Level,69.23,low,,no verified win,bounded search or metadata only,
Classic fan,fan:lldb-463,Group Levels.dat#5,LemEdit generated Level,90.78,low,,no verified win,bounded search or metadata only,
Classic fan,fan:lldb-463,Group Levels.dat#6,LemEdit generated Level,107.03,low,,no verified win,bounded search or metadata only,
Classic fan,fan:lldb-463,Group Levels.dat#7,LemEdit generated Level,114.68,low,,no verified win,bounded search or metadata only,
Classic fan,fan:lldb-464,Finland.dat#0,"This, my friends, is Finland...",79.8,low,,no verified win,bounded search or metadata only,
Classic fan,fan:lldb-465,LEMREMAKE.dat#0,Turn around young lemmings! (rm),261.77,medium,dab55883366080f5f79a1f10bc17429fb742343bc8f5aff3b0b1f077481ab9f2,verified win,replay verified,
Classic fan,fan:lldb-465,LEMREMAKE.dat#1,Tribute to M.C.Escher (remake),102,low,,no verified win,bounded search or metadata only,
Classic fan,fan:lldb-465,LEMREMAKE.dat#2,Going their seperate ways (rm),84.65,low,,no verified win,bounded search or metadata only,
Classic fan,fan:lldb-465,LEMREMAKE.dat#3,And then there were four.. (rm),100.25,low,,no verified win,bounded search or metadata only,
Classic fan,fan:lldb-465,LEMREMAKE.dat#4,You Live and Lem (remake),98.25,low,,no verified win,bounded search or metadata only,
Classic fan,fan:lldb-465,LEMREMAKE.dat#5,This should be a doddle (remake),90.25,low,,no verified win,bounded search or metadata only,
Classic fan,fan:lldb-465,LEMREMAKE.dat#6,Tailor-made for blockers (rm),46.5,low,,no verified win,bounded search or metadata only,
Classic fan,fan:lldb-465,LEMREMAKE.dat#7,Just a minute (remake),95.75,low,,no verified win,bounded search or metadata only,
Classic fan,fan:lldb-465,LEMREMAKE.dat#8,Down and Out Lemmings (remake),106.5,low,,no verified win,bounded search or metadata only,
Classic fan,fan:lldb-465,LEMREMAKE.dat#9,Tightrope City (remake),77.44,low,,no verified win,bounded search or metadata only,
Classic fan,fan:lldb-466,GrentLems/01 Foreshadowing.ini#-1,01 Foreshadowing.ini,102,low,,no verified win,bounded search or metadata only,
Classic fan,fan:lldb-466,GrentLems/02 Who let the lemmings out !.ini#-1,02 Who let the lemmings out !.ini,98.97,low,,no verified win,bounded search or metadata only,
Classic fan,fan:lldb-466,GrentLems/03 Complacency.ini#-1,03 Complacency.ini,93.9,low,,no verified win,bounded search or metadata only,
Classic fan,fan:lldb-466,GrentLems/04 Lem waz' here.ini#-1,04 Lem waz' here.ini,89.5,low,,no verified win,bounded search or metadata only,
Classic fan,fan:lldb-466,GrentLems/05 Christmas Chill.ini#-1,05 Christmas Chill.ini,101.78,low,,no verified win,bounded search or metadata only,
Classic fan,fan:lldb-466,GrentLems/06 Abandoned Palace.ini#-1,06 Abandoned Palace.ini,109.1,low,,no verified win,bounded search or metadata only,
Classic fan,fan:lldb-466,GrentLems/07 Separate the Crowd.ini#-1,07 Separate the Crowd.ini,102,low,,no verified win,bounded search or metadata only,
Classic fan,fan:lldb-466,GrentLems/08 Lemming Designer.ini#-1,08 Lemming Designer.ini,98.33,low,,no verified win,bounded search or metadata only,
Classic fan,fan:lldb-466,GrentLems/09 Caught in the Symmetry.ini#-1,09 Caught in the Symmetry.ini,108.35,low,,no verified win,bounded search or metadata only,
Classic fan,fan:lldb-466,GrentLems/10 Tiptoe through the Factory.ini#-1,10 Tiptoe through the Factory.ini,94.55,low,,no verified win,bounded search or metadata only,
Classic fan,fan:lldb-466,GrentLems/11 All that extra work.ini#-1,11 All that extra work.ini,109.65,low,,no verified win,bounded search or metadata only,
Classic fan,fan:lldb-466,GrentLems/12 Cosmic Junk.ini#-1,12 Cosmic Junk.ini,98.75,low,,no verified win,bounded search or metadata only,
Classic fan,fan:lldb-466,GrentLems/13 Lemming Sold Separately.ini#-1,13 Lemming Sold Separately.ini,99.95,low,,no verified win,bounded search or metadata only,
Classic fan,fan:lldb-466,GrentLems/14 It's Raining Lem.ini#-1,14 It's Raining Lem.ini,90.88,low,,no verified win,bounded search or metadata only,
Classic fan,fan:lldb-466,GrentLems/15 All at once.ini#-1,15 All at once.ini,108.03,low,,no verified win,bounded search or metadata only,
Classic fan,fan:lldb-466,GrentLems/16 A Double Rotation.ini#-1,16 A Double Rotation.ini,101.55,low,,no verified win,bounded search or metadata only,
Classic fan,fan:lldb-467,Web3.dat#0,Web 3.0,114.5,low,,no verified win,bounded search or metadata only,
Classic fan,fan:lldb-468,joem4.dat#0,The exit has been blocked,75.73,low,,no verified win,bounded search or metadata only,
Classic fan,fan:lldb-468,joem4.dat#1,The freezing cold,105.56,low,,no verified win,bounded search or metadata only,
Classic fan,fan:lldb-468,joem4.dat#2,Best be careful out there,83.25,low,,no verified win,bounded search or metadata only,
Classic fan,fan:lldb-468,joem4.dat#3,"Snow,Snow,Snow and Snow",84.08,low,,no verified win,bounded search or metadata only,
Classic fan,fan:lldb-468,joem4.dat#4,Bash and build,114.5,low,,no verified win,bounded search or metadata only,
Classic fan,fan:lldb-468,joem4.dat#5,Only two minutes left,70.75,low,,no verified win,bounded search or metadata only,
Classic fan,fan:lldb-468,joem4.dat#6,C for ur self,84.65,low,,no verified win,bounded search or metadata only,
Classic fan,fan:lldb-468,joem4.dat#7,Damage Incorporated,73.75,low,,no verified win,bounded search or metadata only,
Classic fan,fan:lldb-468,joem4.dat#8,1 way says the wall,98.86,low,,no verified win,bounded search or metadata only,
Classic fan,fan:lldb-468,joem4.dat#9,As long as we try our best,81,low,,no verified win,bounded search or metadata only,
Classic fan,fan:lldb-469,altitude_with_attitude.ini#-1,altitude_with_attitude.ini,97.15,low,,no verified win,bounded search or metadata only,
Classic fan,fan:lldb-469,be_alert_theres_traps_to_avert.ini#-1,be_alert_theres_traps_to_avert.ini,93.7,low,,no verified win,bounded search or metadata only,
Classic fan,fan:lldb-469,bedlam_in_lemmingshire.ini#-1,bedlam_in_lemmingshire.ini,75.25,low,,no verified win,bounded search or metadata only,
Classic fan,fan:lldb-469,blessed_are_the_bricks.ini#-1,blessed_are_the_bricks.ini,93.7,low,,no verified win,bounded search or metadata only,
Classic fan,fan:lldb-469,building_suspense.ini#-1,building_suspense.ini,75.25,low,,no verified win,bounded search or metadata only,
Classic fan,fan:lldb-469,group_assignment.ini#-1,group_assignment.ini,84,low,,no verified win,bounded search or metadata only,
Classic fan,fan:lldb-469,oh_chute.ini#-1,oh_chute.ini,75.12,low,,no verified win,bounded search or metadata only,
Classic fan,fan:lldb-469,over_and_out.ini#-1,over_and_out.ini,71.19,low,,no verified win,bounded search or metadata only,
Classic fan,fan:lldb-469,pole_lands_poles.ini#-1,pole_lands_poles.ini,103.25,low,,no verified win,bounded search or metadata only,
Classic fan,fan:lldb-469,pyrefract.ini#-1,pyrefract.ini,80.42,low,,no verified win,bounded search or metadata only,
Classic fan,fan:lldb-47,lm_set07.dat#0,Down the middle we go!,80,low,,no verified win,bounded search or metadata only,
Classic fan,fan:lldb-47,lm_set07.dat#1,It's easy to save 100%!,115.9,low,,no verified win,bounded search or metadata only,
Classic fan,fan:lldb-47,lm_set07.dat#2,The Diving Board (without water),78.06,low,,no verified win,bounded search or metadata only,
Classic fan,fan:lldb-47,lm_set07.dat#3,Hello Mr. Nice Guy!,85.25,low,,no verified win,bounded search or metadata only,
Classic fan,fan:lldb-47,lm_set07.dat#4,No more Mr. Nice Guy...,114.5,low,,no verified win,bounded search or metadata only,
Classic fan,fan:lldb-47,lm_set07.dat#5,The Quarry,98.75,low,,no verified win,bounded search or metadata only,
Classic fan,fan:lldb-47,lm_set07.dat#6,Thinking caps on please.,99.44,low,,no verified win,bounded search or metadata only,
Classic fan,fan:lldb-47,lm_set07.dat#7,Rocky Rescue Team.,103.4,low,,no verified win,bounded search or metadata only,
Classic fan,fan:lldb-47,lm_set07.dat#8,"Wild West, Evergreen East",113.24,low,,no verified win,bounded search or metadata only,
Classic fan,fan:lldb-47,lm_set07.dat#9,The two builder Magic Trick,70.75,low,,no verified win,bounded search or metadata only,
Classic fan,fan:lldb-470,Unreachable Heights/Unreachable Heights.dat#0,Unreachable Heights,94.45,low,,no verified win,bounded search or metadata only,
Classic fan,fan:lldb-471,RSRdnt01.dat#0,Asphodel Meadows,68.45,low,,no verified win,bounded search or metadata only,
Classic fan,fan:lldb-471,RSRdnt01.dat#1,Toys in the Arctic,110.4,low,,no verified win,bounded search or metadata only,
Classic fan,fan:lldb-471,RSRdnt01.dat#2,Trekking foray,105.75,low,,no verified win,bounded search or metadata only,
Classic fan,fan:lldb-471,RSRdnt01.dat#3,Christmas at Damocles',103.4,low,,no verified win,bounded search or metadata only,
Classic fan,fan:lldb-471,RSRdnt01.dat#4,No time for a spa,89.5,low,,no verified win,bounded search or metadata only,
Classic fan,fan:lldb-471,RSRdnt01.dat#5,Marooned,101.35,low,,no verified win,bounded search or metadata only,
Classic fan,fan:lldb-471,RSRdnt01.dat#6,The Freedom Man,103.4,low,,no verified win,bounded search or metadata only,
Classic fan,fan:lldb-471,RSRdnt01.dat#7,Workers of the World,97.15,low,,no verified win,bounded search or metadata only,
Classic fan,fan:lldb-471,RSRdnt01.dat#8,Honi Soit,91.3,low,,no verified win,bounded search or metadata only,
Classic fan,fan:lldb-471,RSRdnt01.dat#9,End of quarantine,112.45,low,,no verified win,bounded search or metadata only,
Classic fan,fan:lldb-472,LEMPACK.DAT#0,Lake in the Cavern,78.15,low,,no verified win,bounded search or metadata only,
Classic fan,fan:lldb-472,LEMPACK.DAT#1,The Great Pillar,95.3,low,,no verified win,bounded search or metadata only,
Classic fan,fan:lldb-472,LEMPACK.DAT#2,The Glacial Trek,93.7,low,,no verified win,bounded search or metadata only,
Classic fan,fan:lldb-472,LEMPACK.DAT#3,Lemmingfalls,111.05,low,,no verified win,bounded search or metadata only,
Classic fan,fan:lldb-472,LEMPACK.DAT#4,Operation Rescue,107.78,low,,no verified win,bounded search or metadata only,
Classic fan,fan:lldb-472,LEMPACK.DAT#5,Hold them back,104.15,low,,no verified win,bounded search or metadata only,
Classic fan,fan:lldb-472,LEMPACK.DAT#6,Rough Landing,89.03,low,,no verified win,bounded search or metadata only,
Classic fan,fan:lldb-472,LEMPACK.DAT#7,Divergent Missions,111.9,low,,no verified win,bounded search or metadata only,
Classic fan,fan:lldb-472,levels/01.LVL#-1,01.LVL,78.15,low,,no verified win,bounded search or metadata only,
Classic fan,fan:lldb-472,levels/02.LVL#-1,02.LVL,95.3,low,,no verified win,bounded search or metadata only,
Classic fan,fan:lldb-472,levels/03.LVL#-1,03.LVL,93.7,low,,no verified win,bounded search or metadata only,
Classic fan,fan:lldb-472,levels/04.LVL#-1,04.LVL,111.05,low,,no verified win,bounded search or metadata only,
Classic fan,fan:lldb-472,levels/05.LVL#-1,05.LVL,107.78,low,,no verified win,bounded search or metadata only,
Classic fan,fan:lldb-472,levels/06.LVL#-1,06.LVL,104.15,low,,no verified win,bounded search or metadata only,
Classic fan,fan:lldb-472,levels/07.LVL#-1,07.LVL,89.03,low,,no verified win,bounded search or metadata only,
Classic fan,fan:lldb-472,levels/08.LVL#-1,08.LVL,111.9,low,,no verified win,bounded search or metadata only,
Classic fan,fan:lldb-473,Fun.DAT#0,Just dig!,44.74,high,2465bd0927556f786e0804f86d4884c105bbdd03043684163ed4bbe5851817a1,verified win,replay verified,
Classic fan,fan:lldb-473,Fun.DAT#1,Only floaters can survive this,121.12,medium,af565532453e78c49449688a9b375b5a62e298ae683f770794a1afb2504f90c6,verified win,replay verified,
Classic fan,fan:lldb-473,Fun.DAT#10,Keep your hair on Mr. Lemming,427.47,medium,12e339442a8d3798c3b7556881c50ba8fd7b4c4318ed6d3de8d118a8972bc9d0,verified win,replay verified,
Classic fan,fan:lldb-473,Fun.DAT#11,Patience,421.98,medium,0f73dffc1645bae22f86166a8a65d138c1faf3a09daba8a9954a8512018850fb,verified win,replay verified,
Classic fan,fan:lldb-473,Fun.DAT#12,We all fall down,157.63,medium,bb0f4c00aa4224340a22bea69d90c601d9b796a226101035c8cdfbc6306a576e,verified win,replay verified,
Classic fan,fan:lldb-473,Fun.DAT#13,Origins and Lemmings,501.55,medium,7359e9a60df8912414a91493f4cf3256fd9768e3efdb514547bce2186348ffd4,verified win,replay verified,
Classic fan,fan:lldb-473,Fun.DAT#14,Don't let your eyes deceive you,488.66,medium,96f882c665eb70bbeea8bf9e5bb102b2c334a7c74dc3a5cdb18575e4fa355805,verified win,replay verified,
Classic fan,fan:lldb-473,Fun.DAT#15,Don't do anything too hasty,442.35,medium,89573639fa84b9e74147f0dea283b6f63b1464a118994075906c8b3b53d39231,verified win,replay verified,
Classic fan,fan:lldb-473,Fun.DAT#16,Easy when you know how,256.86,medium,530c638e240209776823eb9203a7e2dc612b1c53721e018160e4a15bb40eb916,verified win,replay verified,
Classic fan,fan:lldb-473,Fun.DAT#17,Let's block and blow,67.41,medium,3a90d40344d96b56bab874715c1334304604d4da7acdd07c35dff188245e068d,verified win,replay verified,
Classic fan,fan:lldb-473,Fun.DAT#18,Take good care of my Lemmings,190.08,medium,bce560b74f7dc55ea9073bba209d25d58f786b1cbd3b3c6e821e83ed465a5827,verified win,replay verified,
Classic fan,fan:lldb-473,Fun.DAT#19,We are now at LEMCON ONE,273.12,medium,e9dbfc847f4fca7b6b950314a667061e9e9d929033a1562423401f918b77337b,verified win,replay verified,
Classic fan,fan:lldb-473,Fun.DAT#2,Tailor-made for blockers,188.6,medium,5a5de0d60caeb6318b00ea76c5e2d35d804457958e8f1edf4bfe679dca4bb042,verified win,replay verified,
Classic fan,fan:lldb-473,Fun.DAT#20,You Live and Lem,202.83,medium,41fcd30f4adb503083da9bb19f22a4fb7f98ff60a3b08ddf26373d2e4b91680a,verified win,replay verified,
Classic fan,fan:lldb-473,Fun.DAT#21,A Beast of a level,325.32,medium,2bd21f87cfdca610d6a96d730f4ebf4024a10f8ab4e0642b01a7260da2452679,verified win,replay verified,
Classic fan,fan:lldb-473,Fun.DAT#22,I've lost that Lemming feeling,356.12,medium,829d8875e61dbd0197a4c7d39afc08b0a6c1e245de192004a40c23dc741661ee,verified win,replay verified,
Classic fan,fan:lldb-473,Fun.DAT#23,Konbanwa Lemming san,271.56,medium,f84f12ba9bf0251ecb6c24d3eb6bc919173c5b278492b546ffa3f68803bb1133,verified win,replay verified,
Classic fan,fan:lldb-473,Fun.DAT#24,Lemmings Lemmings everywhere,71.79,medium,05235c8258b98e53bb9d46c0c09db79ad4d05dad1c7a33d97743863acc50919d,verified win,replay verified,
Classic fan,fan:lldb-473,Fun.DAT#25,Nightmare on Lem street,365.98,medium,4fd3570c30dd8ae230f88c558cab13bb716789599a2ebe10a7b504b0ba69e8d7,verified win,replay verified,
Classic fan,fan:lldb-473,Fun.DAT#26,Let's be careful out there,288.66,medium,014e829383739997cb113ad8e888f0ababc4c5d18541e4355fb807e297801f84,verified win,replay verified,
Classic fan,fan:lldb-473,Fun.DAT#27,If only they could fly,198.34,medium,a4cfc8e8a04d4f98f32b3ba3e0a1c7099ab50d2be55e262393cf3e434fb20f03,verified win,replay verified,
Classic fan,fan:lldb-473,Fun.DAT#28,worra lorra lemmings,240.62,medium,4d69a9347d5a219997ae28503fe69293ef29def750a7f003d8e12e82e78a1690,verified win,replay verified,
Classic fan,fan:lldb-473,Fun.DAT#29,Lock up your Lemmings,283.85,medium,bd04d797766fc1f01f8465da4d91bf84f92aa1edf3a841aa5bb09c55de026b57,verified win,replay verified,
Classic fan,fan:lldb-473,Fun.DAT#3,Now use miners and climbers,194.62,medium,3093c495b7b9e04aa1cacdd1a56064c2fdde339e5a0dfcaed67f58c5e0c7bca9,verified win,replay verified,
Classic fan,fan:lldb-473,Fun.DAT#4,You need bashers this time,67.67,medium,1081f365263b5e98fdf3bac9c7f54f9f95cb5c4f5a51c258869e6f1d302fe3e0,verified win,replay verified,
Classic fan,fan:lldb-473,Fun.DAT#5,A task for blockers and bombers,129.82,medium,50c19af4e7be89ce7e81be7394c8e074c22ea85e9aa2fa4c87ac614e6032a01f,verified win,replay verified,
Classic fan,fan:lldb-473,Fun.DAT#6,Builders will help you here,155.98,medium,482793d74cdd349dc82f469ec1e2a7caa6cd698dc3eacdf1a1de5073eb8d62fc,verified win,replay verified,
Classic fan,fan:lldb-473,Fun.DAT#7,Not as complicated as it looks,149.97,medium,1187207f784b0490d83b358ae9e43cc8a2c5a8165ca7672532a44755af2f0e80,verified win,replay verified,
Classic fan,fan:lldb-473,Fun.DAT#8,As long as you try your best,296.53,medium,806b6420ecbfc7325529efc40eb646680d5423745342f6f895c5233ebb1e5488,verified win,replay verified,
Classic fan,fan:lldb-473,Fun.DAT#9,Smile if you love lemmings,234.36,medium,ceaa9e1aa054b9a6ec4c1d8378a63bec389653a63a0f0281275842d498086ed7,verified win,replay verified,
Classic fan,fan:lldb-474,Tricky.DAT#0,This should be a doddle!,299.58,medium,07fdb6a29335103749a5711fd1c616f1dfa664507a63cb965460d1c583439fb3,verified win,replay verified,
Classic fan,fan:lldb-474,Tricky.DAT#1,We all fall down,170.09,medium,16c3bdfae40e48919fed4c19b5978bf896bf82ecaa88ed35008b02fc91298df9,verified win,replay verified,
Classic fan,fan:lldb-474,Tricky.DAT#10,Lemmings in the attic,309.71,medium,a9a3b9b458b89345b931af91d68a61fefa9467eeee6ae27f3f776a6f33ccb651,verified win,replay verified,
Classic fan,fan:lldb-474,Tricky.DAT#11,Bitter Lemming,239.79,medium,7ec8d08f4f2084d6ce431647cae9c3f5ce2d849c250b94e7e431c55c9b4e7e2c,verified win,replay verified,
Classic fan,fan:lldb-474,Tricky.DAT#12,Lemming Drops,418.77,medium,b2fc6d0523448653df71fed46e2485417b4b82bc3b7967a11eee07cfc4c0acc8,verified win,replay verified,
Classic fan,fan:lldb-474,Tricky.DAT#13,MENACING !!,565.1,medium,d7d013b9c72ae5dda75729430ace031c62fdb93c9bad5e3c408e94fbc2ce3c6c,verified win,replay verified,
Classic fan,fan:lldb-474,Tricky.DAT#14,Ozone friendly Lemmings,194.92,medium,89556d0df9ec4a46393834b8e6a5d4a609c0f0d60dcd3c18aa88e87b9a5f2358,verified win,replay verified,
Classic fan,fan:lldb-474,Tricky.DAT#15,Luvly Jubly,205.59,medium,372ea6d6e009342a634448620a6260ec52fd873002dfefc7d97adec48167eae8,verified win,replay verified,
Classic fan,fan:lldb-474,Tricky.DAT#16,Diet Lemmingaid,144.5,medium,aabf2b21c8f92cfa530edad82c000f16daa104f69d961aff613d7463aac911dc,verified win,replay verified,
Classic fan,fan:lldb-474,Tricky.DAT#17,It's Lemmingentry Watson,216.7,medium,eafb71148b883c684ee6bd6592fa924bf947731d2242308a0e336e94469b7cb3,verified win,replay verified,
Classic fan,fan:lldb-474,Tricky.DAT#18,Postcard from Lemmingland,346.74,medium,899971477146e0036eb845099f5db92544c7bae66aaf2c10c0cc7bb5043c4ffb,verified win,replay verified,
Classic fan,fan:lldb-474,Tricky.DAT#19,One way digging to freedom,368.42,medium,3ecc04eadff374d079fd5e740f91fba3b7f345536ca64676bab6ec16e2bb5171,verified win,replay verified,
Classic fan,fan:lldb-474,Tricky.DAT#2,A ladder would be handy,394.92,medium,4e10677c2c32eda090fd0c39998f60c1a15d02650fd93ea05eb89cf3b22211d4,verified win,replay verified,
Classic fan,fan:lldb-474,Tricky.DAT#20,All the 6`s ........,374.38,medium,113252336b6facd4dbff7520dea59dd324dae59e18d5d00e7c5a1086991532ba,verified win,replay verified,
Classic fan,fan:lldb-474,Tricky.DAT#21,Turn around young lemmings!,180.25,medium,06a524d9568c44c72f5ceb70f1085a1f522e20fc6bb86fc7ad9c7b5a94c0adbb,verified win,replay verified,
Classic fan,fan:lldb-474,Tricky.DAT#22,From The Boundary Line,518.09,medium,49da1d0bd9c9931d579707d9b70195f9e5fe723ffeaae13ef3cca489507f18a7,verified win,replay verified,
Classic fan,fan:lldb-474,Tricky.DAT#23,Tightrope City,264.39,medium,933a50776330939156294e8798a47608d8c4610b9310ce2b0d254255748e05b4,verified win,replay verified,
Classic fan,fan:lldb-474,Tricky.DAT#24,Cascade,407.8,medium,416cd47d8a220aa966dfd6dfac2501e8598f0a411a78a54b65414af9ae321b01,verified win,replay verified,
Classic fan,fan:lldb-474,Tricky.DAT#25,I have a cunning plan,416.66,medium,18869bebc5842949f258d4565b2e0190a4adb9e8a15fb855baf5c86ded512571,verified win,replay verified,
Classic fan,fan:lldb-474,Tricky.DAT#26,The Island of the Wicker people,413.26,medium,17a217ee37e0609fc49bb7b8e7478fddcc4d6c99719cfbc4fffc50917ab18eb9,verified win,replay verified,
Classic fan,fan:lldb-474,Tricky.DAT#27,Lost something?,148.88,medium,eda0c340b0e4ff2794c7c6d7ba06b05b9d23e0365bd70f95002ebdeb5d12f868,verified win,replay verified,
Classic fan,fan:lldb-474,Tricky.DAT#28,Rainbow Island,301.05,medium,289466ebcf51b23ac8617701a6fbe48d8a52fce49a7d9dab7a8b5fd7b6838883,verified win,replay verified,
Classic fan,fan:lldb-474,Tricky.DAT#29,The Crankshaft,537.25,medium,46645bfbf549d42cb6d1e3ce30ac9010b2cc15ed7465643d10deb197e2c43b1e,verified win,replay verified,
Classic fan,fan:lldb-474,Tricky.DAT#3,Here's one I prepared earlier,426.91,medium,45f44ccd26182c6c04a16e29556fd0af2a147e6a51802c1188541e49b921303e,verified win,replay verified,
Classic fan,fan:lldb-474,Tricky.DAT#4,Careless clicking costs lives,190.58,medium,1a631bb955e279f426b591db4fa984122e4e2149e41b75daa01eeb9f77dbe769,verified win,replay verified,
Classic fan,fan:lldb-474,Tricky.DAT#5,Lemmingology,381.74,medium,0bf78c16d512109bf2fdd7c44393eedf66990ffe0f08e3cb15e3b31d9685e3f8,verified win,replay verified,
Classic fan,fan:lldb-474,Tricky.DAT#6,"Been there, seen it, done it",536.62,medium,1bf86297e207daf940149efcf747d498b6277c511af1e0b4fe84159deadd0e2a,verified win,replay verified,
Classic fan,fan:lldb-474,Tricky.DAT#7,Lemming sanctuary in sight,146.54,medium,bac121a8f199375e390e157e57cfc656b3edb0ae1878e97c578c94e844a8744b,verified win,replay verified,
Classic fan,fan:lldb-474,Tricky.DAT#8,They just keep on coming,361.83,medium,eeb8f311700fc21deb7dde39ee77ccb575ecfe2198f30c720d5d562460935721,verified win,replay verified,
Classic fan,fan:lldb-474,Tricky.DAT#9,There's a lot of them about,446.37,medium,1cf405f5f99cb395edcd46311a5eec7d40a6c7004ccc4c9437bb1ea3d7b03101,verified win,replay verified,
Classic fan,fan:lldb-475,Taxing.DAT#0,If at first you don`t succeed..,238.73,medium,969bf94e1ca089c762f59fbbed8aaca55a3a0d23ec4b31dd37fccc2da9643551,verified win,replay verified,
Classic fan,fan:lldb-475,Taxing.DAT#1,"Watch out, there`s traps about",537.81,medium,ce7620eec6531b6ba2dad0c71462f393bb7ca9af26b5a6dc95619a3dfb653730,verified win,replay verified,
Classic fan,fan:lldb-475,Taxing.DAT#10,The ascending pillar scenario,506.15,medium,520d5860a57689e61d0038ffa37d0c557b628dce7bdf5998e9d2431f9055f89c,verified win,replay verified,
Classic fan,fan:lldb-475,Taxing.DAT#11,Livin` On The Edge,318.94,medium,685205cca7fa633a58914ed146354d225f677e915ad434dfd2260a513b0930e1,verified win,replay verified,
Classic fan,fan:lldb-475,Taxing.DAT#12,Upsidedown World,423.24,medium,6243e2898caf1d8b88058b8fa2e79a2ef46aa76d037d60444d5ca899e1fedf30,verified win,replay verified,
Classic fan,fan:lldb-475,Taxing.DAT#13,Hunt the Nessy....,410.57,medium,0b3df7d31151dc78c4d58948817179d3a74261f9d99af7d84cd8fb4f04bd1751,verified win,replay verified,
Classic fan,fan:lldb-475,Taxing.DAT#14,What an AWESOME level,184.84,medium,422dccaeef83807f0b3687c04e9523eca766f75a0b0cb46768360ff186774227,verified win,replay verified,
Classic fan,fan:lldb-475,Taxing.DAT#15,Mary Poppins` land,338.28,medium,a9fdfc98320d68d946b1a5260967ccb2c0efe1d4caa1506c3fa5bba6ca993656,verified win,replay verified,
Classic fan,fan:lldb-475,Taxing.DAT#16,X marks the spot,443.6,medium,4c96bbb8b84c6f53d07859ace3686571e4218f2b49eda82f853091bd06337f6e,verified win,replay verified,
Classic fan,fan:lldb-475,Taxing.DAT#17,Tribute to M.C.Escher,320.79,medium,4364397c1e451b27449c9caf377511a18f61e7b9802faaf58d2c7f2a5f932db1,verified win,replay verified,
Classic fan,fan:lldb-475,Taxing.DAT#18,Bomboozal,83.79,medium,34213caa09ceb07faf14061332ee577f3cc2f60de0395effcf113ef0fa1d7cce,verified win,replay verified,
Classic fan,fan:lldb-475,Taxing.DAT#19,Walk the web rope,350.04,medium,5aa597e3ef8482943bd028ab4e79e22a55dcfa67ecc71db687a5038e5cd15115,verified win,replay verified,
Classic fan,fan:lldb-475,Taxing.DAT#2,Heaven can wait (we hope!!!!),281.82,medium,eceb5bd2c24197a0b5a02e84a8245638eda4de6a80ae091ddec9e3cb0f815c1f,verified win,replay verified,
Classic fan,fan:lldb-475,Taxing.DAT#20,Feel the heat!,346.04,medium,1bd3c79efc389226671828b915b37667279fa7ab0f7f3249d5c7a4cb604cde58,verified win,replay verified,
Classic fan,fan:lldb-475,Taxing.DAT#21,Come on over to my place,380.13,medium,e9df0dcad81898fe0c7c2f4b71a5b8ad7eee06d4d55af15bf757ad0d352206a2,verified win,replay verified,
Classic fan,fan:lldb-475,Taxing.DAT#22,King of the castle,170.33,medium,1ebd0c2ad79fa1485d637ccead7ed7c60f21b3cb8f4966f13b76a18c52510619,verified win,replay verified,
Classic fan,fan:lldb-475,Taxing.DAT#23,Take a running jump.....,244.56,medium,af8b2536092448977d573c0c82fa86d9c616f873ca2e60141d8a2a467862289f,verified win,replay verified,
Classic fan,fan:lldb-475,Taxing.DAT#24,Follow the leader...,215.15,medium,6a99b2c3cc7b93b61efefd4455624efa1ec8b2ba63733653d914262c62e26e0e,verified win,replay verified,
Classic fan,fan:lldb-475,Taxing.DAT#25,Triple Trouble,341.86,medium,98a84c519b87aecef73b545ab3c6299fda4a634d8cbb0c22b6fbbf73f5bec6dc,verified win,replay verified,
Classic fan,fan:lldb-475,Taxing.DAT#26,Call in the bomb squad,288.44,medium,116f5ea81590b1ec512c1af1313d1f7bde6a55a761441ebdebb1b31e0296434c,verified win,replay verified,
Classic fan,fan:lldb-475,Taxing.DAT#27,POOR WEE CREATURES!,460.8,medium,3ae998a0afb8317bf2430b9e1f42f5d4403517f0d10fe44a6a1a8259360b965f,verified win,replay verified,
Classic fan,fan:lldb-475,Taxing.DAT#28,How do I dig up the way?,419.2,medium,4576db03a540f2947203c36996cd919784d84722a5fff80c492905120f2a008b,verified win,replay verified,
Classic fan,fan:lldb-475,Taxing.DAT#29,We all fall down,159.45,medium,647a723dd1afd8a773e8079bd0d5453196aad785051aa86c51e44e73187849ae,verified win,replay verified,
Classic fan,fan:lldb-475,Taxing.DAT#3,Lend a helping hand....,353.52,medium,ccf1514c3fdb4bf46cdea3056ac33285cb973225954e9b8e926c4424c4fdd081,verified win,replay verified,
Classic fan,fan:lldb-475,Taxing.DAT#4,The Prison!,349.2,medium,c00e0cfa0f7937f0cb3d70b50152a5987d533cc0f5d922b7977ca21a86b6c39f,verified win,replay verified,
Classic fan,fan:lldb-475,Taxing.DAT#5,Compression Method 1,318.21,medium,a7af25d80781c17fe3181b1d0b633010b520c0f33589c2171e099f98486f822e,verified win,replay verified,
Classic fan,fan:lldb-475,Taxing.DAT#6,Every Lemming for himself!!!,360.25,medium,3d4fd83f07c26569b68b148673738bd1ffe71da3102b1c35fc7c41fbcbe11f16,verified win,replay verified,
Classic fan,fan:lldb-475,Taxing.DAT#7,The Art Gallery,226.89,medium,e73f6a63378af31cf9fb7c334fe34525139b6a619a95ccba39c99a36298807e0,verified win,replay verified,
Classic fan,fan:lldb-475,Taxing.DAT#8,Perseverance,320.77,medium,8c2a5364a5b99782128ce5e10d546f890ce80e513cb92b8e582952ae4ca714a0,verified win,replay verified,
Classic fan,fan:lldb-475,Taxing.DAT#9,Izzie Wizzie lemmings get busy,434.67,medium,c9860028a0294491911eeaab275fbf17a84820bb5242e4efd2535e77aa60941e,verified win,replay verified,
Classic fan,fan:lldb-476,Mayhem.DAT#0,Steel Works,333.15,medium,7467da9e2d08f593f3294633bfd542004e60cd459173bafaffb9270bcec30b26,verified win,replay verified,
Classic fan,fan:lldb-476,Mayhem.DAT#1,The Boiler Room,230.65,medium,0a0f28b6e55e5ae5e4d329d8eca87c8f6bda78a66c5939e25d3f22d28a55b17e,verified win,replay verified,
Classic fan,fan:lldb-476,Mayhem.DAT#10,We all fall down,162.96,medium,90532b8a2a3bd650dd17e55e7c7464f5b8b4b21d5bfd435409dbb03fcf7cb0ce,verified win,replay verified,
Classic fan,fan:lldb-476,Mayhem.DAT#11,The Far Side,417.09,medium,8178af2961d93b500691c362bff698387a404f706c8f5e7d47c986eba21eb943,verified win,replay verified,
Classic fan,fan:lldb-476,Mayhem.DAT#12,The Great Lemming Caper,342.9,medium,6cd5434e616aca7a0bedd461f12057787a0b2b8805093f1e35ea7c2a33acf63d,verified win,replay verified,
Classic fan,fan:lldb-476,Mayhem.DAT#13,Pea Soup,98.34,medium,bc7946c0560f24f6f6d67a4b123b4148fd467aa7ea6f234b4cf18bef23d28fea,verified win,replay verified,
Classic fan,fan:lldb-476,Mayhem.DAT#14,The Fast Food Kitchen...,562.66,medium,6c197c8849bd115b402d231e91de5a1b225e07885fb99384ddab4c051d3906d5,verified win,replay verified,
Classic fan,fan:lldb-476,Mayhem.DAT#15,Just a Minute...,312.01,medium,3e7311226f3ec242ec7e9255c3e169e71827b537bfaadce2291a1aba4fc6869b,verified win,replay verified,
Classic fan,fan:lldb-476,Mayhem.DAT#16,Stepping Stones,457.22,medium,b40ccd8169a89382dd6911e346765c21bcf1ca708aacca338383d2e51ee1405e,verified win,replay verified,
Classic fan,fan:lldb-476,Mayhem.DAT#17,And then there were four....,569.32,medium,96be1173e7c15219f00ec5883f6cf9f76af5c858c4ca6a4ead17f4e892112c91,verified win,replay verified,
Classic fan,fan:lldb-476,Mayhem.DAT#18,Time to get up!,319.74,medium,bd13285063a84d6c147ba7297befac291faa07c4464012faec7a3a987521c759,verified win,replay verified,
Classic fan,fan:lldb-476,Mayhem.DAT#19,No added colours or Lemmings,364.2,medium,88747b6f6715c24e5c5415fecbdb346e7290756aa2886758f91e3eae9b9b2f37,verified win,replay verified,
Classic fan,fan:lldb-476,Mayhem.DAT#2,It`s hero time!,373.02,medium,219f16347719bd5ddf246c6aa5ec9b32b39b46ff4daa5c4cb6cafe883b64da2b,verified win,replay verified,
Classic fan,fan:lldb-476,Mayhem.DAT#20,With a twist of lemming please,304.53,medium,09b1e2be0a2f7a5266d9d0e8163fabc8294871a5e0f18c033a9e52085ae8a26f,verified win,replay verified,
Classic fan,fan:lldb-476,Mayhem.DAT#21,A BeastII of a level,450.37,medium,f8515171f15b0a02f62cdc43d14f8834444298a1ce1067d25dd8599c220ccc48,verified win,replay verified,
Classic fan,fan:lldb-476,Mayhem.DAT#22,Going up.......,292.2,medium,fa2990e38dc0914b12aa44ca6bbc8da4737eaed9a8d9c3ac3ff73e08667252a8,verified win,replay verified,
Classic fan,fan:lldb-476,Mayhem.DAT#23,All or Nothing,265.22,medium,e7bc7655f75f0464c9dc2758189a615d3de539a579c1b2291838946853301301,verified win,replay verified,
Classic fan,fan:lldb-476,Mayhem.DAT#24,Have a nice day!,449.58,medium,f324bfb271cf236bbe09386ad681955542d41d67d273fd8cf959d54ddfff9950,verified win,replay verified,
Classic fan,fan:lldb-476,Mayhem.DAT#25,The Steel Mines of Kessel,212.48,medium,96f5657a04161e8f674c1a17c50608e80afe954296c5891ee004186de8c88d55,verified win,replay verified,
Classic fan,fan:lldb-476,Mayhem.DAT#26,Just a Minute (Part Two),212.3,medium,753446ebe53fb2d9e14a19d220e04bb0b46944f8127171929f014b782e7dc636,verified win,replay verified,
Classic fan,fan:lldb-476,Mayhem.DAT#27,Mind the step.....,199.18,medium,4def0420e2a3f364ee0cdb6f26b74746fef93e99adbacfee844eafb729ba79ad,verified win,replay verified,
Classic fan,fan:lldb-476,Mayhem.DAT#28,Save Me,393.27,medium,18f8c2f88db5aa4a0a5068fa9cc00b7a14b3e99163f07749577bad2fc131b20b,verified win,replay verified,
Classic fan,fan:lldb-476,Mayhem.DAT#29,Rendezvous at the Mountain,536.15,medium,c5072a5c87035184ccc811c410fe5c6741d8a835c6697b5d5c7875b4e9cb4050,verified win,replay verified,
Classic fan,fan:lldb-476,Mayhem.DAT#3,The Crossroads,180.36,medium,3046026d52d6176c7bef3cd0914a7c5cca3fcf406ce265b050242e3f2fbbeec9,verified win,replay verified,
Classic fan,fan:lldb-476,Mayhem.DAT#4,"Down, along, up. In that order",331.74,medium,3d02e9fc00d68b44a6536aa068a0a6e51ac22104a139ab9d66ec1103eeba9ba9,verified win,replay verified,
Classic fan,fan:lldb-476,Mayhem.DAT#5,One way or another,397.09,medium,8af045e2516de6d8d8fdef0da4885a838288e6ba0462d1d9ecbff0898173c804,verified win,replay verified,
Classic fan,fan:lldb-476,Mayhem.DAT#6,Poles Apart,349.15,medium,4beefd275d6d13b1bd78dc2af207f5ea8df9b1027d2f33b54af5673e9d0daedd,verified win,replay verified,
Classic fan,fan:lldb-476,Mayhem.DAT#7,Last one out is a rotten egg!,398.22,medium,c5a28abb22db0f91d0eb4a2e0bf41dfc39e5d5008afa197f51a0bba914abfb9e,verified win,replay verified,
Classic fan,fan:lldb-476,Mayhem.DAT#8,Curse of the Pharaohs,314.49,medium,3981e3e1b646eec1b909fdcde54a627712d1424eeb56bb813e06c4b707b2d502,verified win,replay verified,
Classic fan,fan:lldb-476,Mayhem.DAT#9,Pillars of Hercules,554.17,medium,1939435bb77a0d3a1191f7a9a4aa43ae34144579932227f29ab04f8d68a5755d,verified win,replay verified,
Classic fan,fan:lldb-477,Tame.DAT#0,Down And Out Lemmings,215.09,medium,d76e21e936ddf6f8b11d909106e05bc5d4dddac9b6e51f1215bfe1ef99e2c86d,verified win,replay verified,
Classic fan,fan:lldb-477,Tame.DAT#1,Rent-a-Lemming,82.25,low,,no verified win,bounded search or metadata only,
Classic fan,fan:lldb-477,Tame.DAT#10,With Compliments,231.34,medium,d36cb6b06db113d02900b6ee9895205eecd58e3591d69c2f71e8706b95d37646,verified win,replay verified,
Classic fan,fan:lldb-477,Tame.DAT#11,Citizen Lemming,80.86,medium,1a26d8764e989ad3c7bba87163fdaf4916194b5ed57d18529f7d6c74f5a0f649,verified win,replay verified,
Classic fan,fan:lldb-477,Tame.DAT#12,Thunder-Lemmings are go!,196.29,medium,7466a83658980e6846c37dbc5149e098fc6de8034f4ee2548c92da73a8b277cb,verified win,replay verified,
Classic fan,fan:lldb-477,Tame.DAT#13,Get a little extra help,82.25,low,,no verified win,bounded search or metadata only,
Classic fan,fan:lldb-477,Tame.DAT#14,Not just a pretty Lemming,468.85,medium,f14819ce66b3bd539fe983170a0f5a8d73615c07cd054c97d5d5bb1a49a535e3,verified win,replay verified,
Classic fan,fan:lldb-477,Tame.DAT#15,Gone With The Lemming,215.73,medium,4b6fb958d47561f5013948234d3ebeb10479164c22b991c99c166cc4eaa697c9,verified win,replay verified,
Classic fan,fan:lldb-477,Tame.DAT#16,"Honey, I Saved The Lemmings",132.07,high,754d97a557bb8c7fb4484c4d27b1e412b86fc96486afc1e8a5590bc62abaf679,verified win,replay verified,
Classic fan,fan:lldb-477,Tame.DAT#17,Lemmings For Presidents!,114.96,medium,129b525c779222e796b3e9c893067c1afa1fc9aa2e64ead52f8421d21c64249a,verified win,replay verified,
Classic fan,fan:lldb-477,Tame.DAT#18,Lemming Productions Present...,395.89,medium,be56e21a85a442d62d53274e0de3aa7efd9b76671252eca5c61a4bf350c51712,verified win,replay verified,
Classic fan,fan:lldb-477,Tame.DAT#19,Custom built for Lemmings,90.25,low,,no verified win,bounded search or metadata only,
Classic fan,fan:lldb-477,Tame.DAT#2,Undercover Lemming,252.69,medium,4ac2ab484f8b1708e1a48012c34bd2f99dc26e5e1cace5f2bacfaf6f0c96896d,verified win,replay verified,
Classic fan,fan:lldb-477,Tame.DAT#3,Downwardly Mobile Lemmings,160.51,high,2ac63b7d5a1d08471f1159cc9c34af88162c115284b75c6afcfd5ffc20b85c3c,verified win,replay verified,
Classic fan,fan:lldb-477,Tame.DAT#4,Snuggle up to a Lemming,480.11,medium,5b7e81a43c461a00635df0733e0c49469f58d04cd492ad32a32f9a1d09c4bddb,verified win,replay verified,
Classic fan,fan:lldb-477,Tame.DAT#5,Intsy-Wintsy...Lemming?,132.75,high,dcf05a386bcc23e4673a197cbcf8287f53c1500f80ad2818ff9210aa3903a96f,verified win,replay verified,
Classic fan,fan:lldb-477,Tame.DAT#6,Who`s That Lemming,90.25,low,,no verified win,bounded search or metadata only,
Classic fan,fan:lldb-477,Tame.DAT#7,Dangerzone,244.25,medium,bf1b548252cd4f3742e243702ddf23e4d0df9eb4788c9ae57d16fc0fd00bd9f1,verified win,replay verified,
Classic fan,fan:lldb-477,Tame.DAT#8,And now this...,96.11,medium,c1557fef67b88ad21e87b660e9aad4d50439d96e35192519a0669855e0829b3b,verified win,replay verified,
Classic fan,fan:lldb-477,Tame.DAT#9,New Lemmings On The Block,174.92,high,0766cdf8591b69556876e7c6c700fc6e26099ffb8a3dce347f2a4a9542c5070e,verified win,replay verified,
Classic fan,fan:lldb-478,Crazy.DAT#0,"Quote: ""That`s a good level""",94.45,low,,no verified win,bounded search or metadata only,
Classic fan,fan:lldb-478,Crazy.DAT#1,Dolly Dimple,75.25,low,,no verified win,bounded search or metadata only,
Classic fan,fan:lldb-478,Crazy.DAT#10,No Problemming!,39.75,low,,no verified win,bounded search or metadata only,
Classic fan,fan:lldb-478,Crazy.DAT#11,Lemming Friendly,79.47,low,,no verified win,bounded search or metadata only,
Classic fan,fan:lldb-478,Crazy.DAT#12,It`s a trade off,71.5,low,,no verified win,bounded search or metadata only,
Classic fan,fan:lldb-478,Crazy.DAT#13,Time waits for no Lemming,90.75,low,,no verified win,bounded search or metadata only,
Classic fan,fan:lldb-478,Crazy.DAT#14,Worra load of old blocks!,87,low,,no verified win,bounded search or metadata only,
Classic fan,fan:lldb-478,Crazy.DAT#15,Across The Gap,106.5,low,,no verified win,bounded search or metadata only,
Classic fan,fan:lldb-478,Crazy.DAT#16,DIGGING FOR VICTORY,396.36,medium,5f53600b24dde02596ba25bbbdca3e6239d1688b91201e63e120dd11a36c085b,verified win,replay verified,
Classic fan,fan:lldb-478,Crazy.DAT#17,NO PROBLEM,102.95,low,,no verified win,bounded search or metadata only,
Classic fan,fan:lldb-478,Crazy.DAT#18,DON`T PANIC,109.2,low,,no verified win,bounded search or metadata only,
Classic fan,fan:lldb-478,Crazy.DAT#19,Ice Ice Lemming,65.25,low,,no verified win,bounded search or metadata only,
Classic fan,fan:lldb-478,Crazy.DAT#2,Many Lemmings make level work,149.3,medium,cd6393dcd086c60900eba11369f2a9fa28383f2f3ba1d4568c0465efed5896e0,verified win,replay verified,
Classic fan,fan:lldb-478,Crazy.DAT#3,Lemming Express,83.25,low,,no verified win,bounded search or metadata only,
Classic fan,fan:lldb-478,Crazy.DAT#4,24 hour Lemathon,61,low,,no verified win,bounded search or metadata only,
Classic fan,fan:lldb-478,Crazy.DAT#5,The Stack,75.25,low,,no verified win,bounded search or metadata only,
Classic fan,fan:lldb-478,Crazy.DAT#6,"And now, the end is near...",97.15,low,,no verified win,bounded search or metadata only,
Classic fan,fan:lldb-478,Crazy.DAT#7,KEEP ON TRUCKING,99.97,low,,no verified win,bounded search or metadata only,
Classic fan,fan:lldb-478,Crazy.DAT#8,On the Antarctic Coast,117.3,low,,no verified win,bounded search or metadata only,
Classic fan,fan:lldb-478,Crazy.DAT#9,ROCKY VI,105.79,low,,no verified win,bounded search or metadata only,
Classic fan,fan:lldb-479,Wild.DAT#0,PoP YoR ToP!!!,85.71,low,,no verified win,bounded search or metadata only,
Classic fan,fan:lldb-479,Wild.DAT#1,Lemming Hotel,98.38,low,,no verified win,bounded search or metadata only,
Classic fan,fan:lldb-479,Wild.DAT#10,Mutiny On The Bounty,101.35,low,,no verified win,bounded search or metadata only,
Classic fan,fan:lldb-479,Wild.DAT#11,SNOW JOKE,92.05,low,,no verified win,bounded search or metadata only,
Classic fan,fan:lldb-479,Wild.DAT#12,ONWARD AND UPWARD,101.37,low,,no verified win,bounded search or metadata only,
Classic fan,fan:lldb-479,Wild.DAT#13,ICE SPY,100.74,low,,no verified win,bounded search or metadata only,
Classic fan,fan:lldb-479,Wild.DAT#14,THE SILENCE OF THE LEMMINGS,92.05,low,,no verified win,bounded search or metadata only,
Classic fan,fan:lldb-479,Wild.DAT#15,"Take care, Sweetie",78.4,low,,no verified win,bounded search or metadata only,
Classic fan,fan:lldb-479,Wild.DAT#16,The Chain with no name,94,low,,no verified win,bounded search or metadata only,
Classic fan,fan:lldb-479,Wild.DAT#17,Dr Lemminggood,68.88,low,,no verified win,bounded search or metadata only,
Classic fan,fan:lldb-479,Wild.DAT#18,Lemmingdelica,81.66,low,,no verified win,bounded search or metadata only,
Classic fan,fan:lldb-479,Wild.DAT#19,Got anything....Lemmingy???,88.42,low,,no verified win,bounded search or metadata only,
Classic fan,fan:lldb-479,Wild.DAT#2,Lemming Rhythms,87.91,low,,no verified win,bounded search or metadata only,
Classic fan,fan:lldb-479,Wild.DAT#3,Meeting Adjourned,269.14,medium,bd8109b37dd34e15c7922d97a8b0d6e43dd22ba993f8dac15dcb72cb12f9c6e0,verified win,replay verified,
Classic fan,fan:lldb-479,Wild.DAT#4,Lemming Head,297.54,medium,ceb9b4e1241143679ba511440ffb2148784789a39e086b293448b1a9b2db2852,verified win,replay verified,
Classic fan,fan:lldb-479,Wild.DAT#5,Just A Quicky,87.75,low,,no verified win,bounded search or metadata only,
Classic fan,fan:lldb-479,Wild.DAT#6,You Take the High Road,81.5,low,,no verified win,bounded search or metadata only,
Classic fan,fan:lldb-479,Wild.DAT#7,It`s a tight fit!,442.9,medium,f13302c6e94312bd56752e432f726dfa100759dc3df4059ed172c46b2d308775,verified win,replay verified,
Classic fan,fan:lldb-479,Wild.DAT#8,Ice Station Lemming,81.5,low,,no verified win,bounded search or metadata only,
Classic fan,fan:lldb-479,Wild.DAT#9,Higgledy Piggledy,59.12,low,,no verified win,bounded search or metadata only,
Classic fan,fan:lldb-48,lm_set08.dat#0,The new (but frozen) boiler!,114.09,low,,no verified win,bounded search or metadata only,
Classic fan,fan:lldb-48,lm_set08.dat#1,The Green world (Spooky?),93.75,low,,no verified win,bounded search or metadata only,
Classic fan,fan:lldb-48,lm_set08.dat#2,The diagonal barriers,110.44,low,,no verified win,bounded search or metadata only,
Classic fan,fan:lldb-48,lm_set08.dat#3,Paid for stamina,109.4,low,,no verified win,bounded search or metadata only,
Classic fan,fan:lldb-48,lm_set08.dat#4,How do I get up that wall?,92.38,low,,no verified win,bounded search or metadata only,
Classic fan,fan:lldb-48,lm_set08.dat#5,Going their separate ways,83.25,low,,no verified win,bounded search or metadata only,
Classic fan,fan:lldb-48,lm_set08.dat#6,The Crossing,74.97,low,,no verified win,bounded search or metadata only,
Classic fan,fan:lldb-48,lm_set08.dat#7,Brick layered lemming house,105.69,low,,no verified win,bounded search or metadata only,
Classic fan,fan:lldb-48,lm_set08.dat#8,Leave me alone.,114.5,low,,no verified win,bounded search or metadata only,
Classic fan,fan:lldb-48,lm_set08.dat#9,Now we get a little harder!,113.28,low,,no verified win,bounded search or metadata only,
Classic fan,fan:lldb-480,Wicked.DAT#0,LeMming ToMato KetchUp fAcilitY,98.3,low,,no verified win,bounded search or metadata only,
Classic fan,fan:lldb-480,Wicked.DAT#1,Inroducing SUPERLEMMING,366.73,medium,7f381a4bc214b09e032b59ccadbd15396e0f853c07649d942c38684d17088ebc,verified win,replay verified,
Classic fan,fan:lldb-480,Wicked.DAT#10,ROCKY ROAD,98.3,low,,no verified win,bounded search or metadata only,
Classic fan,fan:lldb-480,Wicked.DAT#11,Suicidal Tendencies,88.69,low,,no verified win,bounded search or metadata only,
Classic fan,fan:lldb-480,Wicked.DAT#12,Almost Nearly Virtual Reality,96.19,low,,no verified win,bounded search or metadata only,
Classic fan,fan:lldb-480,Wicked.DAT#13,The Lemming Learning Curve,325.12,medium,5193b61734afc8f00d536fed3edf588c396e948acc89563a6e28a06b7f82beb2,verified win,replay verified,
Classic fan,fan:lldb-480,Wicked.DAT#14,"SPAM,SPAM,SPAM,EGG AND LEMMING",103.15,low,,no verified win,bounded search or metadata only,
Classic fan,fan:lldb-480,Wicked.DAT#15,Five Alive,330.16,medium,069932814d234c16eed3980e0587a981f1ad0db6ba02bffc9dff1afe2ed5bc4b,verified win,replay verified,
Classic fan,fan:lldb-480,Wicked.DAT#16,Down the tube,88.42,low,,no verified win,bounded search or metadata only,
Classic fan,fan:lldb-480,Wicked.DAT#17,LoTs moRe wHeRe TheY caMe fRom,91.73,low,,no verified win,bounded search or metadata only,
Classic fan,fan:lldb-480,Wicked.DAT#18,"Up, Down or Round and Round",72.55,low,,no verified win,bounded search or metadata only,
Classic fan,fan:lldb-480,Wicked.DAT#19,The Lemming Funhouse,89.97,low,,no verified win,bounded search or metadata only,
Classic fan,fan:lldb-480,Wicked.DAT#2,This Corrosion,81.5,low,,no verified win,bounded search or metadata only,
Classic fan,fan:lldb-480,Wicked.DAT#3,Oh No! It`s the 4TH DIMENSION!,84.15,low,,no verified win,bounded search or metadata only,
Classic fan,fan:lldb-480,Wicked.DAT#4,Chill out!,558.4,medium,b5ded96ffb5b2c1ed4a933babffcd4faa8e3903690086f0273c3444aca1d63cc,verified win,replay verified,
Classic fan,fan:lldb-480,Wicked.DAT#5,PoP TiL YoU DrOp!,233.05,medium,f4a5ea6c1619f3875d8351f17caffb87b0aaf111e674050a9875bae9656a935d,verified win,replay verified,
Classic fan,fan:lldb-480,Wicked.DAT#6,Last Lemming To Lemmingcentral,65.75,low,,no verified win,bounded search or metadata only,
Classic fan,fan:lldb-480,Wicked.DAT#7,A TOWERING PROBLEM,84.5,low,,no verified win,bounded search or metadata only,
Classic fan,fan:lldb-480,Wicked.DAT#8,How on Earth?,72,low,,no verified win,bounded search or metadata only,
Classic fan,fan:lldb-480,Wicked.DAT#9,Temple of Love,100.7,low,,no verified win,bounded search or metadata only,
Classic fan,fan:lldb-481,Havoc.DAT#0,Tubular Lemmings,94.12,low,,no verified win,bounded search or metadata only,
Classic fan,fan:lldb-481,Havoc.DAT#1,Be more than just a number,86.67,low,,no verified win,bounded search or metadata only,
Classic fan,fan:lldb-481,Havoc.DAT#10,"Welcome to the party, pal!",73.5,low,,no verified win,bounded search or metadata only,
Classic fan,fan:lldb-481,Havoc.DAT#11,It`s all a matter of timing,62.75,low,,no verified win,bounded search or metadata only,
Classic fan,fan:lldb-481,Havoc.DAT#12,HIGHLAND FLING,93.72,low,,no verified win,bounded search or metadata only,
Classic fan,fan:lldb-481,Havoc.DAT#13,Synchronised Lemming,89.5,low,,no verified win,bounded search or metadata only,
Classic fan,fan:lldb-481,Havoc.DAT#14,Have an ice day,92.05,low,,no verified win,bounded search or metadata only,
Classic fan,fan:lldb-481,Havoc.DAT#15,Scaling the Heights,372.17,medium,919ca0ac80a00394a8cef3825c294ecff1a1294b1664c8e04180b4a5173855b9,verified win,replay verified,
Classic fan,fan:lldb-481,Havoc.DAT#16,Where Lemmings Dare,113.04,low,,no verified win,bounded search or metadata only,
Classic fan,fan:lldb-481,Havoc.DAT#17,Lemmings in a situation,107.32,low,,no verified win,bounded search or metadata only,
Classic fan,fan:lldb-481,Havoc.DAT#18,Looks a Bit Nippy Out There,98.55,low,,no verified win,bounded search or metadata only,
Classic fan,fan:lldb-481,Havoc.DAT#19,LOoK BeFoRe YoU LeAp!,84.08,low,,no verified win,bounded search or metadata only,
Classic fan,fan:lldb-481,Havoc.DAT#2,It`s the price you have to pay,109.65,low,,no verified win,bounded search or metadata only,
Classic fan,fan:lldb-481,Havoc.DAT#3,The race against cliches,87.75,low,,no verified win,bounded search or metadata only,
Classic fan,fan:lldb-481,Havoc.DAT#4,There`s madness in the method,94,low,,no verified win,bounded search or metadata only,
Classic fan,fan:lldb-481,Havoc.DAT#5,Now get out of that!,75.25,low,,no verified win,bounded search or metadata only,
Classic fan,fan:lldb-481,Havoc.DAT#6,Creature Discomforts,98.38,low,,no verified win,bounded search or metadata only,
Classic fan,fan:lldb-481,Havoc.DAT#7,Lemming about town,321.73,medium,a7040391bb788d9ae7a2140981c17e8344ab0eaf606acae51dbfe3b10519f8e9,verified win,replay verified,
Classic fan,fan:lldb-481,Havoc.DAT#8,AAAAAARRRRRRGGGGGGHHHHHH!!!!!!,477.17,medium,2150ebf9d60dc3de9b5dded5abd0ae1d63c66c2d0b3235e655b8d9a2f9496268,verified win,replay verified,
Classic fan,fan:lldb-481,Havoc.DAT#9,Flow Control,249.12,high,4976ae77834df7682802b2415653ac48881aed72e54ed0ef7f2b5f7416630099,verified win,replay verified,
Classic fan,fan:lldb-482,Frost.DAT#0,Chains of Command,114.5,low,,no verified win,bounded search or metadata only,
Classic fan,fan:lldb-482,Frost.DAT#1,Ski Jump!,170.1,medium,33ed975765cf4803ab777c0c8dac554b87725eb00014972132b0d95ce5497a8c,verified win,replay verified,
Classic fan,fan:lldb-482,Frost.DAT#10,Maybe not such a doddle,289.31,medium,5018fe74473c98d9712cd173dc43ab5bb803f03a6e8da7195845cd42e134163a,verified win,replay verified,
Classic fan,fan:lldb-482,Frost.DAT#11,It's Boxing Day!,82.44,low,,no verified win,bounded search or metadata only,
Classic fan,fan:lldb-482,Frost.DAT#12,2 Minutes before midnight,77,low,,no verified win,bounded search or metadata only,
Classic fan,fan:lldb-482,Frost.DAT#13,Happy New Year II!,384.31,medium,473c110aa8850db28ef876515fcee97bb7ca62ef8c9b5e7174bdd297717e27ea,verified win,replay verified,
Classic fan,fan:lldb-482,Frost.DAT#14,Plethora of Presents,97.9,low,,no verified win,bounded search or metadata only,
Classic fan,fan:lldb-482,Frost.DAT#15,Up on the Rooftops,377.52,medium,7ca364d88b6f0f2fc7d0e3af34a351f720de2adc5e19d68d307fe5c6bb987746,verified win,replay verified,
Classic fan,fan:lldb-482,Frost.DAT#2,CindyLand,112.47,low,,no verified win,bounded search or metadata only,
Classic fan,fan:lldb-482,Frost.DAT#3,Separate Ways,80.85,low,,no verified win,bounded search or metadata only,
Classic fan,fan:lldb-482,Frost.DAT#4,Lemming Reunification,106.5,low,,no verified win,bounded search or metadata only,
Classic fan,fan:lldb-482,Frost.DAT#5,The Land of the Bizarre,98.09,low,,no verified win,bounded search or metadata only,
Classic fan,fan:lldb-482,Frost.DAT#6,Happy New Year!,80.9,low,,no verified win,bounded search or metadata only,
Classic fan,fan:lldb-482,Frost.DAT#7,Division Bell,95.8,high,62e17d8511e3ee69d541da9cfe5a5ca31ad5f6c9a6f8f5bbfb309d3f6bb2d9ce,verified win,replay verified,
Classic fan,fan:lldb-482,Frost.DAT#8,Quest for Kieran,288.53,medium,965df4958d1a7849daff82ca5c25cb14ee7faf241ba8f774685a9e60f832da21,verified win,replay verified,
Classic fan,fan:lldb-482,Frost.DAT#9,Four Play,114.5,low,,no verified win,bounded search or metadata only,
Classic fan,fan:lldb-483,Hail.DAT#0,Go Thataway!,106.2,low,,no verified win,bounded search or metadata only,
Classic fan,fan:lldb-483,Hail.DAT#1,Break On Through,97.92,low,,no verified win,bounded search or metadata only,
Classic fan,fan:lldb-483,Hail.DAT#10,Emmings!  (No L),109.65,low,,no verified win,bounded search or metadata only,
Classic fan,fan:lldb-483,Hail.DAT#11,Merry Christmaze,70.75,low,,no verified win,bounded search or metadata only,
Classic fan,fan:lldb-483,Hail.DAT#12,Polar Expedition,467.57,medium,73228647c184db8d6a4229846ed1f18001bf044ed4ba56754460e889282cd4c6,verified win,replay verified,
Classic fan,fan:lldb-483,Hail.DAT#13,Rendezvous II,108.25,low,,no verified win,bounded search or metadata only,
Classic fan,fan:lldb-483,Hail.DAT#14,Steel Block Party,204.02,medium,204ff232a07f7ff42845441ddfd04ac9cce165b58c9064733f97f9a7dbbc4180,verified win,replay verified,
Classic fan,fan:lldb-483,Hail.DAT#15,Peak of Performance,262.62,medium,97c7b9e6899a114b1d4105950605ab76c9f701bd2cba1b4bca633a4b567074b7,verified win,replay verified,
Classic fan,fan:lldb-483,Hail.DAT#2,And a Happy New Year!,99.65,low,,no verified win,bounded search or metadata only,
Classic fan,fan:lldb-483,Hail.DAT#3,Lemmintaschen?,474.65,medium,2220b79ad39fe624cd34910d4535ae7cf9a7e4b1f55861e5332a758371bf08ef,verified win,replay verified,
Classic fan,fan:lldb-483,Hail.DAT#4,Get the Point?,81.09,low,,no verified win,bounded search or metadata only,
Classic fan,fan:lldb-483,Hail.DAT#5,Surprise Package?,33.55,high,fbac63d35cf06291e491081a73b9aab4dfe1eb1a32463bf8b0be028cce86b990,verified win,replay verified,
Classic fan,fan:lldb-483,Hail.DAT#6,Steel Ice Span,77,low,,no verified win,bounded search or metadata only,
Classic fan,fan:lldb-483,Hail.DAT#7,Sir Edmund Hilemming,95.75,low,,no verified win,bounded search or metadata only,
Classic fan,fan:lldb-483,Hail.DAT#8,"Up, up, and away!",84.65,low,,no verified win,bounded search or metadata only,
Classic fan,fan:lldb-483,Hail.DAT#9,"Lemmy in the cold, cold ground",97.15,low,,no verified win,bounded search or metadata only,
Classic fan,fan:lldb-484,Flurry.DAT#0,Climbing to the Top!,114.5,low,,no verified win,bounded search or metadata only,
Classic fan,fan:lldb-484,Flurry.DAT#1,Floating Lemming Flurry,109.18,low,,no verified win,bounded search or metadata only,
Classic fan,fan:lldb-484,Flurry.DAT#10,At Home in a Cave,99.44,low,,no verified win,bounded search or metadata only,
Classic fan,fan:lldb-484,Flurry.DAT#11,Presents of Mind,75.78,low,,no verified win,bounded search or metadata only,
Classic fan,fan:lldb-484,Flurry.DAT#12,Yo-yo Lem-lem,86.05,low,,no verified win,bounded search or metadata only,
Classic fan,fan:lldb-484,Flurry.DAT#13,Marshmallow Land,104.47,low,,no verified win,bounded search or metadata only,
Classic fan,fan:lldb-484,Flurry.DAT#14,Head for the Hills!,97.15,low,,no verified win,bounded search or metadata only,
Classic fan,fan:lldb-484,Flurry.DAT#15,The Long Way Around,98.75,low,,no verified win,bounded search or metadata only,
Classic fan,fan:lldb-484,Flurry.DAT#2,Holiday Mining,106.51,low,,no verified win,bounded search or metadata only,
Classic fan,fan:lldb-484,Flurry.DAT#3,Lemming Tracks in the Snow!,115.45,low,,no verified win,bounded search or metadata only,
Classic fan,fan:lldb-484,Flurry.DAT#4,Christmas South of the Equator,94.23,low,,no verified win,bounded search or metadata only,
Classic fan,fan:lldb-484,Flurry.DAT#5,Lemming Snowfall,99.65,low,,no verified win,bounded search or metadata only,
Classic fan,fan:lldb-484,Flurry.DAT#6,Lemming Snowjourn,98.25,low,,no verified win,bounded search or metadata only,
Classic fan,fan:lldb-484,Flurry.DAT#7,Vacation in Gemland,81.5,low,,no verified win,bounded search or metadata only,
Classic fan,fan:lldb-484,Flurry.DAT#8,A Block from Home,115.27,low,,no verified win,bounded search or metadata only,
Classic fan,fan:lldb-484,Flurry.DAT#9,32 Lemmings Below Zero,112.99,low,,no verified win,bounded search or metadata only,
Classic fan,fan:lldb-485,Blitz.DAT#0,Oogilemming!,99.5,low,,no verified win,bounded search or metadata only,
Classic fan,fan:lldb-485,Blitz.DAT#1,Lemmings Up High,83.25,low,,no verified win,bounded search or metadata only,
Classic fan,fan:lldb-485,Blitz.DAT#10,The Search for Lem,109.65,low,,no verified win,bounded search or metadata only,
Classic fan,fan:lldb-485,Blitz.DAT#11,The Voyage Home...,64.94,low,,no verified win,bounded search or metadata only,
Classic fan,fan:lldb-485,Blitz.DAT#12,The Final Frontier,113.58,low,,no verified win,bounded search or metadata only,
Classic fan,fan:lldb-485,Blitz.DAT#13,The Undiscovered Country,83.25,low,,no verified win,bounded search or metadata only,
Classic fan,fan:lldb-485,Blitz.DAT#14,The Needs of the Many...,72.58,low,,no verified win,bounded search or metadata only,
Classic fan,fan:lldb-485,Blitz.DAT#15,The Next Lemeration,86.45,low,,no verified win,bounded search or metadata only,
Classic fan,fan:lldb-485,Blitz.DAT#2,Check Your Hints!,87.75,low,,no verified win,bounded search or metadata only,
Classic fan,fan:lldb-485,Blitz.DAT#3,Santus Lemmingus,112.45,low,,no verified win,bounded search or metadata only,
Classic fan,fan:lldb-485,Blitz.DAT#4,It Came Upon a Lemnight Clear,112.47,low,,no verified win,bounded search or metadata only,
Classic fan,fan:lldb-485,Blitz.DAT#5,A Single Lemming...,95.75,low,,no verified win,bounded search or metadata only,
Classic fan,fan:lldb-485,Blitz.DAT#6,Break on through...,86.79,low,,no verified win,bounded search or metadata only,
Classic fan,fan:lldb-485,Blitz.DAT#7,Presents of Mind II,77,low,,no verified win,bounded search or metadata only,
Classic fan,fan:lldb-485,Blitz.DAT#8,Lemmings...The Motion Picture,112.47,low,,no verified win,bounded search or metadata only,
Classic fan,fan:lldb-485,Blitz.DAT#9,The Wrath of Lem,97.15,low,,no verified win,bounded search or metadata only,
Classic fan,fan:lldb-486,Xmas 1991.DAT#0,Merry Christmas Mr Lemming,106.65,low,,no verified win,bounded search or metadata only,
Classic fan,fan:lldb-486,Xmas 1991.DAT#1,Christmas Bonus,103.85,low,,no verified win,bounded search or metadata only,
Classic fan,fan:lldb-486,Xmas 1991.DAT#2,Time waits for no Lemming,90.75,low,,no verified win,bounded search or metadata only,
Classic fan,fan:lldb-486,Xmas 1991.DAT#3,This Corrosion,81.5,low,,no verified win,bounded search or metadata only,
Classic fan,fan:lldb-487,Xmas 1992.DAT#0,Jingle Lemming,109.71,high,b71a5d2cf90add4293f70bc64cd2ac92553f4d92752ada5d7a741f73999f9d55,verified win,replay verified,
Classic fan,fan:lldb-487,Xmas 1992.DAT#1,Happy Holidays Mr Lemming!,218.61,medium,dd42ffacc279b5d1381b00015272cb8538a93dc23b2ed4437fe9f4e92998d41e,verified win,replay verified,
Classic fan,fan:lldb-487,Xmas 1992.DAT#2,A Lemming Holiday,122.9,low,,no verified win,bounded search or metadata only,
Classic fan,fan:lldb-487,Xmas 1992.DAT#3,The North Poles,110.4,low,,no verified win,bounded search or metadata only,
Classic fan,fan:lldb-488,Genesis Fun.dat#0,Just dig !,44.74,high,2ea4aaa5033895080e108189389f14dc6386a56008e2c8a24e2914db9e5783b1,verified win,replay verified,
Classic fan,fan:lldb-488,Genesis Fun.dat#1,Only floaters can survive this,56.43,medium,b204b7161902928e42efec88d5e3f448ca2e08cbcc193776ab9865612aa27262,verified win,replay verified,
Classic fan,fan:lldb-488,Genesis Fun.dat#10,Keep your hair on Mr.Lemming,109.3,low,,no verified win,bounded search or metadata only,
Classic fan,fan:lldb-488,Genesis Fun.dat#11,Patience,90.25,low,,no verified win,bounded search or metadata only,
Classic fan,fan:lldb-488,Genesis Fun.dat#12,We all fall down,70.75,low,,no verified win,bounded search or metadata only,
Classic fan,fan:lldb-488,Genesis Fun.dat#13,Room with no exit,70.75,low,,no verified win,bounded search or metadata only,
Classic fan,fan:lldb-488,Genesis Fun.dat#14,Tea time in the ball country,104.75,low,,no verified win,bounded search or metadata only,
Classic fan,fan:lldb-488,Genesis Fun.dat#15,Take a little rest.,108,low,,no verified win,bounded search or metadata only,
Classic fan,fan:lldb-488,Genesis Fun.dat#16,Easy when you know how,625.47,medium,f78aac8f3d5fe012218d7007771cc904e346906a0af79ff545f9c5ccbbc9b567,verified win,replay verified,
Classic fan,fan:lldb-488,Genesis Fun.dat#17,Let's block and blow,67.71,low,,no verified win,bounded search or metadata only,
Classic fan,fan:lldb-488,Genesis Fun.dat#18,Catch more floaters.,103.25,low,,no verified win,bounded search or metadata only,
Classic fan,fan:lldb-488,Genesis Fun.dat#19,We are now at lemcom one,101.5,low,,no verified win,bounded search or metadata only,
Classic fan,fan:lldb-488,Genesis Fun.dat#2,Tailor-made for blockers,33.5,low,,no verified win,bounded search or metadata only,
Classic fan,fan:lldb-488,Genesis Fun.dat#20,Lemmings in the attic,72.15,low,,no verified win,bounded search or metadata only,
Classic fan,fan:lldb-488,Genesis Fun.dat#21,A Beast of a level,100,low,,no verified win,bounded search or metadata only,
Classic fan,fan:lldb-488,Genesis Fun.dat#22,Under construction,84.25,low,,no verified win,bounded search or metadata only,
Classic fan,fan:lldb-488,Genesis Fun.dat#23,Konbanwa Lemming san,106.47,low,,no verified win,bounded search or metadata only,
Classic fan,fan:lldb-488,Genesis Fun.dat#24,Lemmings Lemmings everywhere,71.12,medium,3bae424dac927bdc26a01e97a078954420c8cc090d261401f1c4580c7f09c3a1,verified win,replay verified,
Classic fan,fan:lldb-488,Genesis Fun.dat#25,The Great Lemming Caper,115.9,low,,no verified win,bounded search or metadata only,
Classic fan,fan:lldb-488,Genesis Fun.dat#26,Let's be careful out there,98.25,low,,no verified win,bounded search or metadata only,
Classic fan,fan:lldb-488,Genesis Fun.dat#27,If only they could fly,105.7,low,,no verified win,bounded search or metadata only,
Classic fan,fan:lldb-488,Genesis Fun.dat#28,Dark dawn,104.75,low,,no verified win,bounded search or metadata only,
Classic fan,fan:lldb-488,Genesis Fun.dat#29,Lock up your Lemmings,102.9,low,,no verified win,bounded search or metadata only,
Classic fan,fan:lldb-488,Genesis Fun.dat#3,Now use miners and climbers,77,low,,no verified win,bounded search or metadata only,
Classic fan,fan:lldb-488,Genesis Fun.dat#4,You need bashers this time,44.75,low,,no verified win,bounded search or metadata only,
Classic fan,fan:lldb-488,Genesis Fun.dat#5,A task for blockers and bombers,52.4,low,,no verified win,bounded search or metadata only,
Classic fan,fan:lldb-488,Genesis Fun.dat#6,Builders will help you here,46.5,low,,no verified win,bounded search or metadata only,
Classic fan,fan:lldb-488,Genesis Fun.dat#7,Not as complicated as it looks,370.15,medium,9c9f670cd90cb840a6a0cec0eec4e685160e894b32f501150d867a0f65412404,verified win,replay verified,
Classic fan,fan:lldb-488,Genesis Fun.dat#8,As long as you try your best,247.06,medium,119661ebe1298b56a3d5a6747782cb05d1f3944e2a42413a629a406ee9376629,verified win,replay verified,
Classic fan,fan:lldb-488,Genesis Fun.dat#9,5 miles if you love Lemmings,154.07,medium,b0f46e11fee067fe159a2e0146f3032261b5608ac536c1a314eacc2795d96c3a,verified win,replay verified,
Classic fan,fan:lldb-489,Genesis Tricky.dat#0,We all fall down,70.75,low,,no verified win,bounded search or metadata only,
Classic fan,fan:lldb-489,Genesis Tricky.dat#1,A ladder would be handy,98.25,low,,no verified win,bounded search or metadata only,
Classic fan,fan:lldb-489,Genesis Tricky.dat#10,Let's go to the moon!,92,low,,no verified win,bounded search or metadata only,
Classic fan,fan:lldb-489,Genesis Tricky.dat#11,Go out for a walk?,73.25,low,,no verified win,bounded search or metadata only,
Classic fan,fan:lldb-489,Genesis Tricky.dat#12,Salvage boat,83.25,low,,no verified win,bounded search or metadata only,
Classic fan,fan:lldb-489,Genesis Tricky.dat#13,MENACING !!,90.25,low,,no verified win,bounded search or metadata only,
Classic fan,fan:lldb-489,Genesis Tricky.dat#14,Ozone friendly Lemmings,194.92,medium,62533bb9a209c535f9757a206634d0f1e2f0844cb4c3c915d17a9b4112ebb6e3,verified win,replay verified,
Classic fan,fan:lldb-489,Genesis Tricky.dat#15,Lovely jubilee,76.75,low,,no verified win,bounded search or metadata only,
Classic fan,fan:lldb-489,Genesis Tricky.dat#16,Diet Lemmingaid,70.85,low,,no verified win,bounded search or metadata only,
Classic fan,fan:lldb-489,Genesis Tricky.dat#17,It's Lemmingentry Watson,78.25,low,,no verified win,bounded search or metadata only,
Classic fan,fan:lldb-489,Genesis Tricky.dat#18,Postcard from Lemmingland,94,low,,no verified win,bounded search or metadata only,
Classic fan,fan:lldb-489,Genesis Tricky.dat#19,One way digging to freedom,112.88,low,,no verified win,bounded search or metadata only,
Classic fan,fan:lldb-489,Genesis Tricky.dat#2,Lemmingology,381.75,medium,54c18298057bdc0025bfa7450da8faef3d54fb93d43a9a28c1476a6d15255629,verified win,replay verified,
Classic fan,fan:lldb-489,Genesis Tricky.dat#20,Don't leave any Lemmings,67,low,,no verified win,bounded search or metadata only,
Classic fan,fan:lldb-489,Genesis Tricky.dat#21,Turn around young Lemmings!,86.25,low,,no verified win,bounded search or metadata only,
Classic fan,fan:lldb-489,Genesis Tricky.dat#22,From the Boundary Line,81,low,,no verified win,bounded search or metadata only,
Classic fan,fan:lldb-489,Genesis Tricky.dat#23,Tightrope City,104.47,low,,no verified win,bounded search or metadata only,
Classic fan,fan:lldb-489,Genesis Tricky.dat#24,Cascade,79,low,,no verified win,bounded search or metadata only,
Classic fan,fan:lldb-489,Genesis Tricky.dat#25,I have a cunning plan,418.76,medium,ffeb956a4855c69f70899962bb4063eeba708ac3172c04b1c9dc7e7437e2a864,verified win,replay verified,
Classic fan,fan:lldb-489,Genesis Tricky.dat#26,Everyone turn left,72.15,low,,no verified win,bounded search or metadata only,
Classic fan,fan:lldb-489,Genesis Tricky.dat#27,Lost something?,111.25,low,,no verified win,bounded search or metadata only,
Classic fan,fan:lldb-489,Genesis Tricky.dat#28,Konnichiwa Lemming san,77,low,,no verified win,bounded search or metadata only,
Classic fan,fan:lldb-489,Genesis Tricky.dat#29,Don't follow me.,62.75,low,,no verified win,bounded search or metadata only,
Classic fan,fan:lldb-489,Genesis Tricky.dat#3,The ascending pillar scenario,97.83,low,,no verified win,bounded search or metadata only,
Classic fan,fan:lldb-489,Genesis Tricky.dat#4,Lemming sanctuary in sight,159.75,medium,d3a5833a3e03e60c7941abf345bd6e19b8e3abde4ba72b5f94f30fd367791b77,verified win,replay verified,
Classic fan,fan:lldb-489,Genesis Tricky.dat#5,Lemming in the attic,109.3,low,,no verified win,bounded search or metadata only,
Classic fan,fan:lldb-489,Genesis Tricky.dat#6,Bitter Lemming,240.52,medium,f9590245b393e0eb960cd45be333ce9e14baecbf8d358a756a65639408edb087,verified win,replay verified,
Classic fan,fan:lldb-489,Genesis Tricky.dat#7,Lemming Drops,104.75,low,,no verified win,bounded search or metadata only,
Classic fan,fan:lldb-489,Genesis Tricky.dat#8,Where do you see Lemmings?,113.2,low,,no verified win,bounded search or metadata only,
Classic fan,fan:lldb-489,Genesis Tricky.dat#9,Keep Step,113.85,low,,no verified win,bounded search or metadata only,
Classic fan,fan:lldb-49,QBeez04.dat#0,Maybe you should just give up...,80.53,low,,no verified win,bounded search or metadata only,
Classic fan,fan:lldb-49,QBeez04.dat#1,Welcome to the PITS!,76.7,low,,no verified win,bounded search or metadata only,
Classic fan,fan:lldb-49,QBeez04.dat#2,The Devil's Lair,87.88,low,,no verified win,bounded search or metadata only,
Classic fan,fan:lldb-49,QBeez04.dat#3,The Turnaround!,95.75,low,,no verified win,bounded search or metadata only,
Classic fan,fan:lldb-49,QBeez04.dat#4,Lemming Clowns,89.5,low,,no verified win,bounded search or metadata only,
Classic fan,fan:lldb-49,QBeez04.dat#5,If my name isn't Shadow Box.....,75.25,low,,no verified win,bounded search or metadata only,
Classic fan,fan:lldb-49,QBeez04.dat#6,InTeRnEt l33tSpEaK,114.5,low,,no verified win,bounded search or metadata only,
Classic fan,fan:lldb-49,QBeez04.dat#7,The Big Stair,95.75,low,,no verified win,bounded search or metadata only,
Classic fan,fan:lldb-49,QBeez04.dat#8,The Trojan Horse,81.5,low,,no verified win,bounded search or metadata only,
Classic fan,fan:lldb-49,QBeez04.dat#9,CHERRY GET!,104.85,low,,no verified win,bounded search or metadata only,
Classic fan,fan:lldb-490,Genesis Taxing.dat#0,The bridge is breaking down.,90.9,low,,no verified win,bounded search or metadata only,
Classic fan,fan:lldb-490,Genesis Taxing.dat#1,Temporary peace,83.25,low,,no verified win,bounded search or metadata only,
Classic fan,fan:lldb-490,Genesis Taxing.dat#10,The ascending pillar scenario,94,low,,no verified win,bounded search or metadata only,
Classic fan,fan:lldb-490,Genesis Taxing.dat#11,Livin' On The Edge,110.8,low,,no verified win,bounded search or metadata only,
Classic fan,fan:lldb-490,Genesis Taxing.dat#12,Walk through here but cautiously,94.45,low,,no verified win,bounded search or metadata only,
Classic fan,fan:lldb-490,Genesis Taxing.dat#13,Value each moment,77.1,low,,no verified win,bounded search or metadata only,
Classic fan,fan:lldb-490,Genesis Taxing.dat#14,What an AWESOME level,100,low,,no verified win,bounded search or metadata only,
Classic fan,fan:lldb-490,Genesis Taxing.dat#15,Umbrella Land.,88.53,low,,no verified win,bounded search or metadata only,
Classic fan,fan:lldb-490,Genesis Taxing.dat#16,Lunch time,100.15,low,,no verified win,bounded search or metadata only,
Classic fan,fan:lldb-490,Genesis Taxing.dat#17,Tribute to M.C.Escher,85.17,low,,no verified win,bounded search or metadata only,
Classic fan,fan:lldb-490,Genesis Taxing.dat#18,Bomboozal,67.96,low,,no verified win,bounded search or metadata only,
Classic fan,fan:lldb-490,Genesis Taxing.dat#19,Fall and no life.,92.3,low,,no verified win,bounded search or metadata only,
Classic fan,fan:lldb-490,Genesis Taxing.dat#2,No choice but to follow them,78.4,low,,no verified win,bounded search or metadata only,
Classic fan,fan:lldb-490,Genesis Taxing.dat#20,Feel the heat!,115.9,low,,no verified win,bounded search or metadata only,"replay saved mismatch: expected 20, got 0"
Classic fan,fan:lldb-490,Genesis Taxing.dat#21,Come on over to my place,102,low,,no verified win,bounded search or metadata only,
Classic fan,fan:lldb-490,Genesis Taxing.dat#22,King of the castle,172.87,medium,7bf8972b6d6b5fcd9165806429e4e9b635c906820ee609bd619e43f226173184,verified win,replay verified,
Classic fan,fan:lldb-490,Genesis Taxing.dat#23,Keep all enemies out.,75.25,low,,no verified win,bounded search or metadata only,
Classic fan,fan:lldb-490,Genesis Taxing.dat#24,Watch right and left!,104.39,low,,no verified win,bounded search or metadata only,
Classic fan,fan:lldb-490,Genesis Taxing.dat#25,Triple trouble,346.63,medium,0d2d5fc84528fb7e0b423ac8790070111ca6eab19f05533c6e957c0f5e96bade,verified win,replay verified,
Classic fan,fan:lldb-490,Genesis Taxing.dat#26,Watch your fingertip!,88.85,low,,no verified win,bounded search or metadata only,
Classic fan,fan:lldb-490,Genesis Taxing.dat#27,Watch right or left!,82.48,low,,no verified win,bounded search or metadata only,
Classic fan,fan:lldb-490,Genesis Taxing.dat#28,How do I dig out a path?,112.88,low,,no verified win,bounded search or metadata only,
Classic fan,fan:lldb-490,Genesis Taxing.dat#29,We all fall down,70.75,low,,no verified win,bounded search or metadata only,
Classic fan,fan:lldb-490,Genesis Taxing.dat#3,Lend a helping hand....,98.08,low,,no verified win,bounded search or metadata only,
Classic fan,fan:lldb-490,Genesis Taxing.dat#4,The Prison!,89.03,low,,no verified win,bounded search or metadata only,
Classic fan,fan:lldb-490,Genesis Taxing.dat#5,Compression Method 1,76.5,low,,no verified win,bounded search or metadata only,
Classic fan,fan:lldb-490,Genesis Taxing.dat#6,Jump down!,83.25,low,,no verified win,bounded search or metadata only,
Classic fan,fan:lldb-490,Genesis Taxing.dat#7,Lemmings search for treasure.,89.5,low,,no verified win,bounded search or metadata only,
Classic fan,fan:lldb-490,Genesis Taxing.dat#8,Perseverance,322.86,medium,1718a530ff0148defd9d48c658299a7ba5e4ae53ee7b17a0ef3e7320aff3828e,verified win,replay verified,
Classic fan,fan:lldb-490,Genesis Taxing.dat#9,Izzie Wizzie Lemmings get busy,434.68,medium,dbe05a83cd12d371ad11db762068316c0a51310edf70ba5890124a4f9e415b7a,verified win,replay verified,
Classic fan,fan:lldb-491,Genesis Mayhem.dat#0,Let's get together.,87.45,low,,no verified win,bounded search or metadata only,
Classic fan,fan:lldb-491,Genesis Mayhem.dat#1,The Boiler Room,93.9,low,,no verified win,bounded search or metadata only,
Classic fan,fan:lldb-491,Genesis Mayhem.dat#10,We all fall down,70.75,low,,no verified win,bounded search or metadata only,
Classic fan,fan:lldb-491,Genesis Mayhem.dat#11,The Other Side.,94,low,,no verified win,bounded search or metadata only,
Classic fan,fan:lldb-491,Genesis Mayhem.dat#12,The Great Lemming Caper,115.9,low,,no verified win,bounded search or metadata only,
Classic fan,fan:lldb-491,Genesis Mayhem.dat#13,Climb and fall. Fall and climb.,63.8,low,,no verified win,bounded search or metadata only,
Classic fan,fan:lldb-491,Genesis Mayhem.dat#14,Two ponds,90.9,low,,no verified win,bounded search or metadata only,
Classic fan,fan:lldb-491,Genesis Mayhem.dat#15,Just a Minute...,89.5,low,,no verified win,bounded search or metadata only,
Classic fan,fan:lldb-491,Genesis Mayhem.dat#16,Stepping Stones,104.19,low,,no verified win,bounded search or metadata only,
Classic fan,fan:lldb-491,Genesis Mayhem.dat#17,Two different worlds,97.9,low,,no verified win,bounded search or metadata only,
Classic fan,fan:lldb-491,Genesis Mayhem.dat#18,Time to get up!,80.65,low,,no verified win,bounded search or metadata only,
Classic fan,fan:lldb-491,Genesis Mayhem.dat#19,No added colors or Lemmings,95.75,low,,no verified win,bounded search or metadata only,
Classic fan,fan:lldb-491,Genesis Mayhem.dat#2,It's hero time,117.3,low,,no verified win,bounded search or metadata only,
Classic fan,fan:lldb-491,Genesis Mayhem.dat#20,With a twist of Lemming please,304.53,medium,584bd2d6dc9e3755c9ed13c5509987d2ff810c096f375d58f969477f9755cf90,verified win,replay verified,
Classic fan,fan:lldb-491,Genesis Mayhem.dat#21,A BeastII of a level,101.62,low,,no verified win,bounded search or metadata only,
Classic fan,fan:lldb-491,Genesis Mayhem.dat#22,A group of entrances,109.75,low,,no verified win,bounded search or metadata only,
Classic fan,fan:lldb-491,Genesis Mayhem.dat#23,All or Nothing,72.15,low,,no verified win,bounded search or metadata only,
Classic fan,fan:lldb-491,Genesis Mayhem.dat#24,Have a nice day!,105,low,,no verified win,bounded search or metadata only,
Classic fan,fan:lldb-491,Genesis Mayhem.dat#25,Lemming eater,99.95,low,,no verified win,bounded search or metadata only,
Classic fan,fan:lldb-491,Genesis Mayhem.dat#26,Just a Minute (Part Two),95.75,low,,no verified win,bounded search or metadata only,
Classic fan,fan:lldb-491,Genesis Mayhem.dat#27,Leftovers are not always a waste,87,low,,no verified win,bounded search or metadata only,
Classic fan,fan:lldb-491,Genesis Mayhem.dat#28,"No hurry, Relax.",86.78,low,,no verified win,bounded search or metadata only,
Classic fan,fan:lldb-491,Genesis Mayhem.dat#29,Lemmings' Ark,95.75,low,,no verified win,bounded search or metadata only,
Classic fan,fan:lldb-491,Genesis Mayhem.dat#3,The Crossroads,196.58,medium,55af47e5af7e683c4db4496874ea0f82f1a7775b8e6fc0e3f2d7f2290083876d,verified win,replay verified,
Classic fan,fan:lldb-491,Genesis Mayhem.dat#4,"Down,along,up,in that order",104.33,low,,no verified win,bounded search or metadata only,
Classic fan,fan:lldb-491,Genesis Mayhem.dat#5,Over the wall,87.55,low,,no verified win,bounded search or metadata only,
Classic fan,fan:lldb-491,Genesis Mayhem.dat#6,Poles apart,92.5,low,,no verified win,bounded search or metadata only,
Classic fan,fan:lldb-491,Genesis Mayhem.dat#7,Last one out is a rotten egg!,101.55,low,,no verified win,bounded search or metadata only,
Classic fan,fan:lldb-491,Genesis Mayhem.dat#8,Twins,69,low,,no verified win,bounded search or metadata only,
Classic fan,fan:lldb-491,Genesis Mayhem.dat#9,Dangerous balcony,84.65,low,,no verified win,bounded search or metadata only,
Classic fan,fan:lldb-492,Genesis Present.dat#0,Natural life,115.25,low,,no verified win,bounded search or metadata only,
Classic fan,fan:lldb-492,Genesis Present.dat#1,Don't leave my Lemmings.,76.75,low,,no verified win,bounded search or metadata only,
Classic fan,fan:lldb-492,Genesis Present.dat#10,Field athletics,69,low,,no verified win,bounded search or metadata only,
Classic fan,fan:lldb-492,Genesis Present.dat#11,Balance Beam,84.65,low,,no verified win,bounded search or metadata only,
Classic fan,fan:lldb-492,Genesis Present.dat#12,Watch your step (Part two).,77,low,,no verified win,bounded search or metadata only,
Classic fan,fan:lldb-492,Genesis Present.dat#13,Like an overflowing wave,69,low,,no verified win,bounded search or metadata only,
Classic fan,fan:lldb-492,Genesis Present.dat#14,Evil whisper,89.5,low,,no verified win,bounded search or metadata only,
Classic fan,fan:lldb-492,Genesis Present.dat#15,A Trap is a trap.,55.4,low,,no verified win,bounded search or metadata only,
Classic fan,fan:lldb-492,Genesis Present.dat#16,Electric circuit,89.5,low,,no verified win,bounded search or metadata only,
Classic fan,fan:lldb-492,Genesis Present.dat#17,King of Lemmings,79.8,low,,no verified win,bounded search or metadata only,
Classic fan,fan:lldb-492,Genesis Present.dat#18,Acrophobia,96.83,low,,no verified win,bounded search or metadata only,
Classic fan,fan:lldb-492,Genesis Present.dat#19,Lemmings-preying iron plate,80.95,low,,no verified win,bounded search or metadata only,
Classic fan,fan:lldb-492,Genesis Present.dat#2,Let me get out of here!,114.5,low,,no verified win,bounded search or metadata only,
Classic fan,fan:lldb-492,Genesis Present.dat#20,Use your brain better.,83.25,low,,no verified win,bounded search or metadata only,
Classic fan,fan:lldb-492,Genesis Present.dat#21,None title,65.75,low,,no verified win,bounded search or metadata only,
Classic fan,fan:lldb-492,Genesis Present.dat#22,Precarious oasis,89.5,low,,no verified win,bounded search or metadata only,
Classic fan,fan:lldb-492,Genesis Present.dat#23,Everyone's a hard nut.,104.8,low,,no verified win,bounded search or metadata only,
Classic fan,fan:lldb-492,Genesis Present.dat#24,Underground city,84.65,low,,no verified win,bounded search or metadata only,
Classic fan,fan:lldb-492,Genesis Present.dat#25,Pitfall,86.05,low,,no verified win,bounded search or metadata only,
Classic fan,fan:lldb-492,Genesis Present.dat#26,Try anything once.,107.6,low,,no verified win,bounded search or metadata only,
Classic fan,fan:lldb-492,Genesis Present.dat#27,Which one are you trying to get?,114.5,low,,no verified win,bounded search or metadata only,
Classic fan,fan:lldb-492,Genesis Present.dat#28,Private room available,89.5,low,,no verified win,bounded search or metadata only,
Classic fan,fan:lldb-492,Genesis Present.dat#29,Final impediment,103.4,low,,no verified win,bounded search or metadata only,
Classic fan,fan:lldb-492,Genesis Present.dat#3,Lemmings standing on the earth,114.05,low,,no verified win,bounded search or metadata only,
Classic fan,fan:lldb-492,Genesis Present.dat#4,Darkness of the royal family,108,low,,no verified win,bounded search or metadata only,
Classic fan,fan:lldb-492,Genesis Present.dat#5,No time for a detour,113.85,low,,no verified win,bounded search or metadata only,
Classic fan,fan:lldb-492,Genesis Present.dat#6,Everyone turn Left!,70.42,low,,no verified win,bounded search or metadata only,
Classic fan,fan:lldb-492,Genesis Present.dat#7,Libra (Part two),77,low,,no verified win,bounded search or metadata only,
Classic fan,fan:lldb-492,Genesis Present.dat#8,"Fix the road, quick!",58.85,low,,no verified win,bounded search or metadata only,
Classic fan,fan:lldb-492,Genesis Present.dat#9,Where are you heading?,67.5,low,,no verified win,bounded search or metadata only,
Classic fan,fan:lldb-493,Genesis Sunsoft.dat#0,Rules to fall,208.05,medium,53e2a1a4f28b9b5910a73eea51880c965899897dc6214fef298e65481a9a26c1,verified win,replay verified,
Classic fan,fan:lldb-493,Genesis Sunsoft.dat#1,Inside the bone,330.59,medium,c150b6fa0fdad1a36a2393d0caa64a314ac4ef4f57e133d532157ef0b3a0ced2,verified win,replay verified,
Classic fan,fan:lldb-493,Genesis Sunsoft.dat#10,Turn around and look.,218.5,medium,471eda3bef8a35135245c715d7c2dfbfedfcf03b5c146ea9f7ee608fd456a8d7,verified win,replay verified,
Classic fan,fan:lldb-493,Genesis Sunsoft.dat#11,Water processing plant,431.98,medium,300ed761496e1f47d80a6a30fff60e68e99d28313ee4070251d57e3a666d2cdb,verified win,replay verified,
Classic fan,fan:lldb-493,Genesis Sunsoft.dat#12,Doomsday,321.34,medium,680fd79717d9ad1d19fadc2f215612672165c6b3e0cfb51a76a77b1dc9aef4b8,verified win,replay verified,
Classic fan,fan:lldb-493,Genesis Sunsoft.dat#13,No world without you,382.47,medium,1ae44083489050a252f1e2d0c3966972f9e5a0b4af14f65718e76ec338440974,verified win,replay verified,
Classic fan,fan:lldb-493,Genesis Sunsoft.dat#14,Exodus!,378.92,medium,e5438b324c9d380b4773100a755dd6ceacffb82c5aa64e1caf459623fde086e1,verified win,replay verified,
Classic fan,fan:lldb-493,Genesis Sunsoft.dat#15,Here is Mr.Lemming's house,311.52,medium,c1ea78f1ea5ec078263a630be47d071d5ad6713ede85329473d25a2074a82b8e,verified win,replay verified,
Classic fan,fan:lldb-493,Genesis Sunsoft.dat#16,Cave quest,355.21,medium,ef179ccc74d8182d0db69a98666631f17d84b1413f2f19fb06ae2f71fda9be91,verified win,replay verified,
Classic fan,fan:lldb-493,Genesis Sunsoft.dat#17,SUNSOFT Special,389.0,medium,92e29f65708f1475b7e53575d581ab90a1ee6bb5a1ba4854c1e3838b5937287b,verified win,replay verified,
Classic fan,fan:lldb-493,Genesis Sunsoft.dat#18,Let's go camping.,211.4,medium,829ee7fdf2f4c6b48732b5c70831cd5ddff26216fd82c313e1f883be0804e8a7,verified win,replay verified,
Classic fan,fan:lldb-493,Genesis Sunsoft.dat#19,Haunted botanical garden,343.01,medium,eaee981d3de198702b37ad42930a95efd1247111d264f5891be3c91c39d97056,verified win,replay verified,
Classic fan,fan:lldb-493,Genesis Sunsoft.dat#2,Anxiety,261.73,medium,eaa3ff5c255b937352f1a1b4e29a0178bc01e4f37acb088e19fa301221c56d17,verified win,replay verified,
Classic fan,fan:lldb-493,Genesis Sunsoft.dat#20,Be sure to be a builder.,302.66,medium,77c5cd25ecfefad9cc59e8d764e2ff1e8a5f2c1ec79f4b7109268089a6a17f8a,verified win,replay verified,
Classic fan,fan:lldb-493,Genesis Sunsoft.dat#21,Watch right or left (Part two),357.49,medium,a0d2d4083a5566c73f416abd215a3c4567b2bdfa0a3c6c1afb34ae204f0e8eda,verified win,replay verified,
Classic fan,fan:lldb-493,Genesis Sunsoft.dat#22,Move on in two separate groups.,421.14,medium,e37570c9dac1cad029f9a34a5b8ab5f83f46e9f6b79b65d12e8853dfb672f3e5,verified win,replay verified,
Classic fan,fan:lldb-493,Genesis Sunsoft.dat#23,"Out, away from the tune",340.13,medium,138c9bd22d4853546fd53fbe34030e89bd314ca9581ee879a17d14d86911d167,verified win,replay verified,
Classic fan,fan:lldb-493,Genesis Sunsoft.dat#24,Stray sheep,352.12,medium,db501e68cc553648151903299597f414be7cfeb8ab43641160817d786353e0e7,verified win,replay verified,
Classic fan,fan:lldb-493,Genesis Sunsoft.dat#25,Just a minute (Part Three),446.95,medium,8b719c8c27116299c9e7b155386829941ae8db0d4cf70260873e93f761dcb428,verified win,replay verified,
Classic fan,fan:lldb-493,Genesis Sunsoft.dat#26,Two heads are better...,265.3,medium,2d9dd7cea821e0451a84edaf411adc53b9194932aa7a719413105b008eb91d5e,verified win,replay verified,
Classic fan,fan:lldb-493,Genesis Sunsoft.dat#27,The gate trap Lemmings.,425.62,medium,1aa7a4bb2d7ac2be35983a3b829adc4f55d0fa6c22368fa5bd0ab2ce7e5dfa70,verified win,replay verified,
Classic fan,fan:lldb-493,Genesis Sunsoft.dat#28,I am A.T.,232.62,medium,6d38849c56ea3db544ecb89425667c8bbb1f6fccfcc9bb25fb145a7d46f06732,verified win,replay verified,
Classic fan,fan:lldb-493,Genesis Sunsoft.dat#29,Fall and no life (Part Two),513.76,medium,68dc801dc705db0fb40103e7dd99dcb815b97a2e98d00a491021c032ba6683ed,verified win,replay verified,
Classic fan,fan:lldb-493,Genesis Sunsoft.dat#3,Train your body,269.76,medium,c060a894679298ea0c2a2f8295c6cffc89203a19a99d675facc3728924472447,verified win,replay verified,
Classic fan,fan:lldb-493,Genesis Sunsoft.dat#4,Watch your step,308.23,medium,cc89ec1e06f7c5bcbf8029fa3d35ad515e726fe2fc08c989f161b1eb0c75cc38,verified win,replay verified,
Classic fan,fan:lldb-493,Genesis Sunsoft.dat#5,Libra,287.44,medium,b073ef2e1143dd27ce817398587846c5c7cd17b10afba55fea35b2009bf4b571,verified win,replay verified,
Classic fan,fan:lldb-493,Genesis Sunsoft.dat#6,Everyone turn left (Part two),86.77,medium,3c84eaf094d703223e7a1cd7693af824d7529784ea3d85c789ee5dac289e5106,verified win,replay verified,
Classic fan,fan:lldb-493,Genesis Sunsoft.dat#7,Is this a circus?,239.53,medium,dbdfcdb819c80e732360502b0eaf3fc8d32b56ed18816e946e660ba4fa8093ad,verified win,replay verified,
Classic fan,fan:lldb-493,Genesis Sunsoft.dat#8,Evacuating a coal mine,331.06,medium,eb088e3b870b8d5bff0f17bf4ac893b9a354b5424de5e7dfbca3cb44660cdee6,verified win,replay verified,
Classic fan,fan:lldb-493,Genesis Sunsoft.dat#9,Spiral staircase,278.68,medium,9997a88a57797ecc191ec00b50c33c3ba24f1fd29c975cf06c63f0291872a8ac,verified win,replay verified,
Classic fan,fan:lldb-494,JANNPCK3.DAT#0,Awaiting the Winter Frost,92.3,low,,no verified win,bounded search or metadata only,
Classic fan,fan:lldb-494,JANNPCK3.DAT#1,Lemming of Sorrows,106.08,low,,no verified win,bounded search or metadata only,
Classic fan,fan:lldb-494,JANNPCK3.DAT#2,Doomed,89.5,low,,no verified win,bounded search or metadata only,
Classic fan,fan:lldb-494,JANNPCK3.DAT#3,Forests of Witchery,84.65,low,,no verified win,bounded search or metadata only,
Classic fan,fan:lldb-494,JANNPCK3.DAT#4,Awaiting Your Victory,95.75,low,,no verified win,bounded search or metadata only,
Classic fan,fan:lldb-494,JANNPCK3.DAT#5,Do it the hard way!,102.99,low,,no verified win,bounded search or metadata only,
Classic fan,fan:lldb-494,JANNPCK3.DAT#6,Warrior of Ice,103.5,low,,no verified win,bounded search or metadata only,
Classic fan,fan:lldb-494,JANNPCK3.DAT#7,Not so fast!,90.9,low,,no verified win,bounded search or metadata only,
Classic fan,fan:lldb-494,JANNPCK3.DAT#8,Powerslave,100.96,low,,no verified win,bounded search or metadata only,
Classic fan,fan:lldb-494,JANNPCK3.DAT#9,Z'Ha'Dum,117.89,low,,no verified win,bounded search or metadata only,
Classic fan,fan:lldb-495,MARTPCK1.DAT#0,A Giant Leap for Lemmingkind,95.85,low,,no verified win,bounded search or metadata only,
Classic fan,fan:lldb-495,MARTPCK1.DAT#1,Stairway to Heaven,100.25,low,,no verified win,bounded search or metadata only,
Classic fan,fan:lldb-495,MARTPCK1.DAT#2,The Pool,101.35,low,,no verified win,bounded search or metadata only,
Classic fan,fan:lldb-495,MARTPCK1.DAT#3,Can You Dig It?,108.25,low,,no verified win,bounded search or metadata only,
Classic fan,fan:lldb-495,MARTPCK1.DAT#4,Two Minute Warning,106.5,low,,no verified win,bounded search or metadata only,
Classic fan,fan:lldb-495,MARTPCK1.DAT#5,The Brick,94.83,low,,no verified win,bounded search or metadata only,
Classic fan,fan:lldb-495,MARTPCK1.DAT#6,Crystal Clear Lemmings,98.08,low,,no verified win,bounded search or metadata only,
Classic fan,fan:lldb-495,MARTPCK1.DAT#7,Achtung Lemming,83.03,low,,no verified win,bounded search or metadata only,
Classic fan,fan:lldb-495,MARTPCK1.DAT#8,Holy Cow!,96.9,low,,no verified win,bounded search or metadata only,
Classic fan,fan:lldb-495,MARTPCK1.DAT#9,Episode X - The Phantom Exit,90.38,low,,no verified win,bounded search or metadata only,
Classic fan,fan:lldb-496,MARTPCK2.DAT#0,It's Raining Lemmings,106.5,low,,no verified win,bounded search or metadata only,
Classic fan,fan:lldb-496,MARTPCK2.DAT#1,The China Syndrome,68.75,low,,no verified win,bounded search or metadata only,
Classic fan,fan:lldb-496,MARTPCK2.DAT#2,Lemming in a Cone,105,low,,no verified win,bounded search or metadata only,
Classic fan,fan:lldb-496,MARTPCK2.DAT#3,"Up, Up and Away!",89.94,low,,no verified win,bounded search or metadata only,
Classic fan,fan:lldb-496,MARTPCK2.DAT#4,It's a Magical World,108.25,low,,no verified win,bounded search or metadata only,
Classic fan,fan:lldb-496,MARTPCK2.DAT#5,Lemming Come Back!,52.75,low,,no verified win,bounded search or metadata only,
Classic fan,fan:lldb-496,MARTPCK2.DAT#6,Cliffhanger,109.65,low,,no verified win,bounded search or metadata only,
Classic fan,fan:lldb-496,MARTPCK2.DAT#7,The Only Way is Up,108.26,low,,no verified win,bounded search or metadata only,
Classic fan,fan:lldb-496,MARTPCK2.DAT#8,Back in a minute...,104.75,low,,no verified win,bounded search or metadata only,
Classic fan,fan:lldb-496,MARTPCK2.DAT#9,The Lemmyrinth,81.5,low,,no verified win,bounded search or metadata only,
Classic fan,fan:lldb-497,MARTPCK3.DAT#0,In the Countree,92.25,low,,no verified win,bounded search or metadata only,
Classic fan,fan:lldb-497,MARTPCK3.DAT#1,Level Under Construction,94,low,,no verified win,bounded search or metadata only,
Classic fan,fan:lldb-497,MARTPCK3.DAT#2,Stalkers,103.25,low,,no verified win,bounded search or metadata only,
Classic fan,fan:lldb-497,MARTPCK3.DAT#3,Guess What...,89.25,low,,no verified win,bounded search or metadata only,
Classic fan,fan:lldb-497,MARTPCK3.DAT#4,Slave to the Rhythm,115.9,low,,no verified win,bounded search or metadata only,
Classic fan,fan:lldb-497,MARTPCK3.DAT#5,Deep Deep Down,90.75,low,,no verified win,bounded search or metadata only,
Classic fan,fan:lldb-497,MARTPCK3.DAT#6,Four Lemmings and a Funeral,87.62,low,,no verified win,bounded search or metadata only,
Classic fan,fan:lldb-497,MARTPCK3.DAT#7,Six Ways to Success (I Guess),75.25,low,,no verified win,bounded search or metadata only,
Classic fan,fan:lldb-497,MARTPCK3.DAT#8,Meet & Greet,115.9,low,,no verified win,bounded search or metadata only,
Classic fan,fan:lldb-497,MARTPCK3.DAT#9,Fallout Boys,25.22,low,,no verified win,bounded search or metadata only,
Classic fan,fan:lldb-5,Mikepak00.dat#0,Only practice,110.58,low,,no verified win,bounded search or metadata only,
Classic fan,fan:lldb-5,Mikepak00.dat#1,It's easy !,95.75,low,,no verified win,bounded search or metadata only,
Classic fan,fan:lldb-5,Mikepak00.dat#2,Only clambering !,106.38,low,,no verified win,bounded search or metadata only,
Classic fan,fan:lldb-5,Mikepak00.dat#3,In the Artical Base...,107.78,low,,no verified win,bounded search or metadata only,
Classic fan,fan:lldb-5,Mikepak00.dat#4,In the cavern...,106.38,low,,no verified win,bounded search or metadata only,
Classic fan,fan:lldb-5,Mikepak00.dat#5,Welcome in the HOT cavern !,111.88,low,,no verified win,bounded search or metadata only,
Classic fan,fan:lldb-5,Mikepak00.dat#6,Lemmings on the boat,81.38,low,,no verified win,bounded search or metadata only,
Classic fan,fan:lldb-5,Mikepak00.dat#7,Palace Midas,109.08,low,,no verified win,bounded search or metadata only,
Classic fan,fan:lldb-5,Mikepak00.dat#8,Need some tools ?,69,low,,no verified win,bounded search or metadata only,
Classic fan,fan:lldb-5,Mikepak00.dat#9,In the swamp...,90.9,low,,no verified win,bounded search or metadata only,
Classic fan,fan:lldb-50,lm_set09.dat#0,Don't dig yet,102.18,low,,no verified win,bounded search or metadata only,
Classic fan,fan:lldb-50,lm_set09.dat#1,Don't just sit there,100.25,low,,no verified win,bounded search or metadata only,
Classic fan,fan:lldb-50,lm_set09.dat#2,Trapdoor Tragedy,108,low,,no verified win,bounded search or metadata only,
Classic fan,fan:lldb-50,lm_set09.dat#3,Four different sections,98.75,low,,no verified win,bounded search or metadata only,
Classic fan,fan:lldb-50,lm_set09.dat#4,Spiky Horror,103.25,low,,no verified win,bounded search or metadata only,
Classic fan,fan:lldb-50,lm_set09.dat#5,Revenge of the steel blocks,111.25,low,,no verified win,bounded search or metadata only,
Classic fan,fan:lldb-50,lm_set09.dat#6,"Lemmings have coats, you know",115.9,low,,no verified win,bounded search or metadata only,
Classic fan,fan:lldb-50,lm_set09.dat#7,Lack of Imagination,81.5,low,,no verified win,bounded search or metadata only,
Classic fan,fan:lldb-50,lm_set09.dat#8,The Dirty work,67.12,low,,no verified win,bounded search or metadata only,
Classic fan,fan:lldb-50,lm_set09.dat#9,We're nearly there!,89.5,low,,no verified win,bounded search or metadata only,
Classic fan,fan:lldb-505,KillerMaster 1 Tame 1.dat#0,Just Climb Mountain!,67.43,medium,13d4fe8a82d66348850d7480bd15323009dba058df923b63695086eec935e4ed,verified win,replay verified,
Classic fan,fan:lldb-505,KillerMaster 1 Tame 1.dat#1,Only Float is Survive,46.84,medium,1b7dba2beea525017b98c4d27fa7ebf0893d97142e53e8c35a866b717bdd9990,verified win,replay verified,
Classic fan,fan:lldb-505,KillerMaster 1 Tame 1.dat#2,World Wide Web,46.5,low,,no verified win,bounded search or metadata only,
Classic fan,fan:lldb-505,KillerMaster 1 Tame 1.dat#3,Guard!,55.9,low,,no verified win,bounded search or metadata only,
Classic fan,fan:lldb-505,KillerMaster 1 Tame 1.dat#4,The Broken Stair,54.5,low,,no verified win,bounded search or metadata only,
Classic fan,fan:lldb-505,KillerMaster 1 Tame 1.dat#5,Crush & Crash 1,46.5,low,,no verified win,bounded search or metadata only,
Classic fan,fan:lldb-505,KillerMaster 1 Tame 1.dat#6,Crush & Crash 2,232.58,medium,eddd413b332473ea84fdee3862353bcf0c4835028d6039f450d627067335a3e2,verified win,replay verified,
Classic fan,fan:lldb-505,KillerMaster 1 Tame 1.dat#7,Crush & Crash 3,60.56,medium,99abebbf2210b1742c4ecd7d6eead1bbb34ef38bfc55c41a8b6c3ed64a5d343c,verified win,replay verified,
Classic fan,fan:lldb-505,KillerMaster 1 Tame 1.dat#8,FlameBungee,403.07,medium,d7a330bbd85c734007fc2bea432d0cbc31ba7ff6b93753256fbec6ebb572e04b,verified win,replay verified,
Classic fan,fan:lldb-505,KillerMaster 1 Tame 1.dat#9,Bomber Rainbow,52.75,low,,no verified win,bounded search or metadata only,
Classic fan,fan:lldb-505,KillerMaster 1 Tame 2.dat#0,Create & Remove Collection,52.75,low,,no verified win,bounded search or metadata only,
Classic fan,fan:lldb-505,KillerMaster 1 Tame 2.dat#1,Exit for Hell!,193.67,medium,89d074a22b10fd9428b660af75878b1ad4b5d017e9f24bb966734b3170e94e92,verified win,replay verified,
Classic fan,fan:lldb-505,KillerMaster 1 Tame 2.dat#2,Broken Pipe?,98.25,low,,no verified win,bounded search or metadata only,
Classic fan,fan:lldb-505,KillerMaster 1 Tame 2.dat#3,Toy Train,90.25,low,,no verified win,bounded search or metadata only,
Classic fan,fan:lldb-505,KillerMaster 1 Tame 2.dat#4,Hot Dungeon,90.25,low,,no verified win,bounded search or metadata only,
Classic fan,fan:lldb-505,KillerMaster 1 Tame 2.dat#5,I Love Gold,98.25,low,,no verified win,bounded search or metadata only,
Classic fan,fan:lldb-505,KillerMaster 1 Tame 2.dat#6,It's...... FACE??,90.25,low,,no verified win,bounded search or metadata only,
Classic fan,fan:lldb-505,KillerMaster 1 Tame 2.dat#7,Go and Roll(?),98.25,low,,no verified win,bounded search or metadata only,
Classic fan,fan:lldb-505,KillerMaster 1 Tame 2.dat#8,Hole in One,98.25,low,,no verified win,bounded search or metadata only,
Classic fan,fan:lldb-505,KillerMaster 1 Tame 2.dat#9,Genome Project,90.25,low,,no verified win,bounded search or metadata only,
Classic fan,fan:lldb-506,KillerMaster 1 Crazy 1.dat#0,Flame Lake,98.25,low,,no verified win,bounded search or metadata only,
Classic fan,fan:lldb-506,KillerMaster 1 Crazy 1.dat#1,Space Fighter,90.25,low,,no verified win,bounded search or metadata only,
Classic fan,fan:lldb-506,KillerMaster 1 Crazy 1.dat#2,Fantasy Underworld,92.93,low,,no verified win,bounded search or metadata only,
Classic fan,fan:lldb-506,KillerMaster 1 Crazy 1.dat#3,WasteLand,99.65,low,,no verified win,bounded search or metadata only,
Classic fan,fan:lldb-506,KillerMaster 1 Crazy 1.dat#4,HELP!! IT'S GIANT WORMS!!,112.47,low,,no verified win,bounded search or metadata only,
Classic fan,fan:lldb-506,KillerMaster 1 Crazy 1.dat#5,I don't like death,117.3,low,,no verified win,bounded search or metadata only,
Classic fan,fan:lldb-506,KillerMaster 1 Crazy 1.dat#6,Fire & Flame Aduventure,109.18,low,,no verified win,bounded search or metadata only,
Classic fan,fan:lldb-506,KillerMaster 1 Crazy 1.dat#7,Bone World,105.07,low,,no verified win,bounded search or metadata only,
Classic fan,fan:lldb-506,KillerMaster 1 Crazy 1.dat#8,Let's Play Gyrodrop,82.25,low,,no verified win,bounded search or metadata only,
Classic fan,fan:lldb-506,KillerMaster 1 Crazy 1.dat#9,Network Hacking!,89.95,low,,no verified win,bounded search or metadata only,
Classic fan,fan:lldb-506,KillerMaster 1 Crazy 2.dat#0,What is the.. Ghost?,98.25,low,,no verified win,bounded search or metadata only,
Classic fan,fan:lldb-506,KillerMaster 1 Crazy 2.dat#1,MENACING !!,565.1,medium,d7d013b9c72ae5dda75729430ace031c62fdb93c9bad5e3c408e94fbc2ce3c6c,verified win,replay verified,
Classic fan,fan:lldb-506,KillerMaster 1 Crazy 2.dat#2,Dying Message....,98.38,low,,no verified win,bounded search or metadata only,
Classic fan,fan:lldb-506,KillerMaster 1 Crazy 2.dat#3,Operating System,95.67,low,,no verified win,bounded search or metadata only,
Classic fan,fan:lldb-506,KillerMaster 1 Crazy 2.dat#4,In the Cave,107.78,low,,no verified win,bounded search or metadata only,
Classic fan,fan:lldb-506,KillerMaster 1 Crazy 2.dat#5,Altar of Flame,118.7,low,,no verified win,bounded search or metadata only,
Classic fan,fan:lldb-506,KillerMaster 1 Crazy 2.dat#6,Giant V,97.98,low,,no verified win,bounded search or metadata only,
Classic fan,fan:lldb-506,KillerMaster 1 Crazy 2.dat#7,Top of Mountain,101.62,low,,no verified win,bounded search or metadata only,
Classic fan,fan:lldb-506,KillerMaster 1 Crazy 2.dat#8,Secret Gate,98.38,low,,no verified win,bounded search or metadata only,
Classic fan,fan:lldb-506,KillerMaster 1 Crazy 2.dat#9,Hell's Livingroom,96.4,low,,no verified win,bounded search or metadata only,
Classic fan,fan:lldb-507,KillerMaster 1 Wild 1.dat#0,I Lost Something,82.3,low,,no verified win,bounded search or metadata only,
Classic fan,fan:lldb-507,KillerMaster 1 Wild 1.dat#1,HELP ME!!,111.84,low,,no verified win,bounded search or metadata only,
Classic fan,fan:lldb-507,KillerMaster 1 Wild 1.dat#2,I want to go Right......,62.75,low,,no verified win,bounded search or metadata only,
Classic fan,fan:lldb-507,KillerMaster 1 Wild 1.dat#3,Hell Lamp,92.08,low,,no verified win,bounded search or metadata only,
Classic fan,fan:lldb-507,KillerMaster 1 Wild 1.dat#4,Playing Underground,90.9,low,,no verified win,bounded search or metadata only,
Classic fan,fan:lldb-507,KillerMaster 1 Wild 1.dat#5,Where is Really Exit?,77,low,,no verified win,bounded search or metadata only,
Classic fan,fan:lldb-507,KillerMaster 1 Wild 1.dat#6,A Beast of a level,325.32,medium,2bd21f87cfdca610d6a96d730f4ebf4024a10f8ab4e0642b01a7260da2452679,verified win,replay verified,
Classic fan,fan:lldb-507,KillerMaster 1 Wild 1.dat#7,What is the Lemming Soup,75.78,low,,no verified win,bounded search or metadata only,
Classic fan,fan:lldb-507,KillerMaster 1 Wild 1.dat#8,Infreno Bakery,87.88,low,,no verified win,bounded search or metadata only,
Classic fan,fan:lldb-507,KillerMaster 1 Wild 1.dat#9,Let's Bungee,83.25,low,,no verified win,bounded search or metadata only,
Classic fan,fan:lldb-507,KillerMaster 1 Wild 2.dat#0,The Goonies,92.3,low,,no verified win,bounded search or metadata only,
Classic fan,fan:lldb-507,KillerMaster 1 Wild 2.dat#1,Play Music with Lemming,86.67,low,,no verified win,bounded search or metadata only,
Classic fan,fan:lldb-507,KillerMaster 1 Wild 2.dat#2,Hunting Graveyard,58.84,low,,no verified win,bounded search or metadata only,
Classic fan,fan:lldb-507,KillerMaster 1 Wild 2.dat#3,How we get there?,77.86,low,,no verified win,bounded search or metadata only,
Classic fan,fan:lldb-507,KillerMaster 1 Wild 2.dat#4,Wooden Maze,68.45,low,,no verified win,bounded search or metadata only,
Classic fan,fan:lldb-507,KillerMaster 1 Wild 2.dat#5,A BeastII of a level,450.37,medium,f8515171f15b0a02f62cdc43d14f8834444298a1ce1067d25dd8599c220ccc48,verified win,replay verified,
Classic fan,fan:lldb-507,KillerMaster 1 Wild 2.dat#6,The Best of website is......,62.75,low,,no verified win,bounded search or metadata only,
Classic fan,fan:lldb-507,KillerMaster 1 Wild 2.dat#7,Where am I....???,98.38,low,,no verified win,bounded search or metadata only,
Classic fan,fan:lldb-507,KillerMaster 1 Wild 2.dat#8,Cyborglem Lab,354.96,medium,eec5fcc3095373db064cd58dc207fabf4d5c1ba125f07097eb0342a66cd73b07,verified win,replay verified,
Classic fan,fan:lldb-507,KillerMaster 1 Wild 2.dat#9,Go to Wicked!!,69,low,,no verified win,bounded search or metadata only,
Classic fan,fan:lldb-508,KillerMaster 1 Wicked 1.dat#0,"Welcome to New World, Wicked.",48.25,low,,no verified win,bounded search or metadata only,
Classic fan,fan:lldb-508,KillerMaster 1 Wicked 1.dat#1,Left need Help,76.53,low,,no verified win,bounded search or metadata only,
Classic fan,fan:lldb-508,KillerMaster 1 Wicked 1.dat#2,Funtopia,69,low,,no verified win,bounded search or metadata only,
Classic fan,fan:lldb-508,KillerMaster 1 Wicked 1.dat#3,Type this Word!,74.25,low,,no verified win,bounded search or metadata only,
Classic fan,fan:lldb-508,KillerMaster 1 Wicked 1.dat#4,FunnyTopia,211.14,medium,f80d81a30b74e2c7339825c725e31420e35cf28cab2871d1f3bd2c956292595f,verified win,replay verified,
Classic fan,fan:lldb-508,KillerMaster 1 Wicked 1.dat#5,****ing Word!!,114.5,low,,no verified win,bounded search or metadata only,
Classic fan,fan:lldb-508,KillerMaster 1 Wicked 1.dat#6,Ice Spike,75.25,low,,no verified win,bounded search or metadata only,
Classic fan,fan:lldb-508,KillerMaster 1 Wicked 1.dat#7,Build Block,150.39,medium,05022a07740f255778e1d56953162ab9495c6cc0aff95c9a92e62fe002fb6ebd,verified win,replay verified,
Classic fan,fan:lldb-508,KillerMaster 1 Wicked 1.dat#8,K' Zadam's Toy,87.88,low,,no verified win,bounded search or metadata only,
Classic fan,fan:lldb-508,KillerMaster 1 Wicked 1.dat#9,Lemming COMBO,65.12,low,,no verified win,bounded search or metadata only,
Classic fan,fan:lldb-508,KillerMaster 1 Wicked 2.dat#0,Cheer Up! Going to Victory,83.25,low,,no verified win,bounded search or metadata only,
Classic fan,fan:lldb-508,KillerMaster 1 Wicked 2.dat#1,Wow! It's a Bubble Land!,82.44,low,,no verified win,bounded search or metadata only,
Classic fan,fan:lldb-508,KillerMaster 1 Wicked 2.dat#2,Take a Rest - Tea Time,79.8,low,,no verified win,bounded search or metadata only,
Classic fan,fan:lldb-508,KillerMaster 1 Wicked 2.dat#3,Unknown Plain,73.5,low,,no verified win,bounded search or metadata only,
Classic fan,fan:lldb-508,KillerMaster 1 Wicked 2.dat#4,The Gradius,84.65,low,,no verified win,bounded search or metadata only,
Classic fan,fan:lldb-508,KillerMaster 1 Wicked 2.dat#5,Armageddon!!,35.25,low,,no verified win,bounded search or metadata only,
Classic fan,fan:lldb-508,KillerMaster 1 Wicked 2.dat#6,Currupt Tree,61,low,,no verified win,bounded search or metadata only,
Classic fan,fan:lldb-508,KillerMaster 1 Wicked 2.dat#7,Frozen Prison,65.1,low,,no verified win,bounded search or metadata only,
Classic fan,fan:lldb-508,KillerMaster 1 Wicked 2.dat#8,Hell Castle,81.2,low,,no verified win,bounded search or metadata only,
Classic fan,fan:lldb-508,KillerMaster 1 Wicked 2.dat#9,Go to HAVOC!,77,low,,no verified win,bounded search or metadata only,
Classic fan,fan:lldb-509,KillerMaster 1 Havoc 1.dat#0,You going to Lemming Master,271.51,medium,acf67ef7186880ae6e44b001e936319d464aba38178dd9e950b829b13ae1ffe0,verified win,replay verified,
Classic fan,fan:lldb-509,KillerMaster 1 Havoc 1.dat#1,Do you Remember this Stage?,84.65,low,,no verified win,bounded search or metadata only,
Classic fan,fan:lldb-509,KillerMaster 1 Havoc 1.dat#2,Broken Toy Train! Quickly!,75.25,low,,no verified win,bounded search or metadata only,
Classic fan,fan:lldb-509,KillerMaster 1 Havoc 1.dat#3,Broken Pipe is Repairing...,60.75,low,,no verified win,bounded search or metadata only,
Classic fan,fan:lldb-509,KillerMaster 1 Havoc 1.dat#4,Never Lemmings Play Bungee,89.5,low,,no verified win,bounded search or metadata only,
Classic fan,fan:lldb-509,KillerMaster 1 Havoc 1.dat#5,Impossible Climb Mountain!,80.42,low,,no verified win,bounded search or metadata only,
Classic fan,fan:lldb-509,KillerMaster 1 Havoc 1.dat#6,Hell's Livingroom - Part 2,86.05,low,,no verified win,bounded search or metadata only,
Classic fan,fan:lldb-509,KillerMaster 1 Havoc 1.dat#7,We always need time?,95.67,low,,no verified win,bounded search or metadata only,
Classic fan,fan:lldb-509,KillerMaster 1 Havoc 1.dat#8,Dark Cloud of Snow Joker,95.1,low,,no verified win,bounded search or metadata only,
Classic fan,fan:lldb-509,KillerMaster 1 Havoc 1.dat#9,TrashLand,103.4,low,,no verified win,bounded search or metadata only,
Classic fan,fan:lldb-509,KillerMaster 1 Havoc 2.dat#0,"Only, Only Lucky Play",91.49,low,,no verified win,bounded search or metadata only,
Classic fan,fan:lldb-509,KillerMaster 1 Havoc 2.dat#1,Make a Best - Click Time,84.65,low,,no verified win,bounded search or metadata only,
Classic fan,fan:lldb-509,KillerMaster 1 Havoc 2.dat#2,Black Hall for Lemmings,73.93,low,,no verified win,bounded search or metadata only,
Classic fan,fan:lldb-509,KillerMaster 1 Havoc 2.dat#3,Emerald Mountain,95.1,low,,no verified win,bounded search or metadata only,
Classic fan,fan:lldb-509,KillerMaster 1 Havoc 2.dat#4,"It's not Ghost. Then, What?",74.56,low,,no verified win,bounded search or metadata only,
Classic fan,fan:lldb-509,KillerMaster 1 Havoc 2.dat#5,Infernal Flame Prison,98.55,low,,no verified win,bounded search or metadata only,
Classic fan,fan:lldb-509,KillerMaster 1 Havoc 2.dat#6,New Message -From KillerMaster-,69,low,,no verified win,bounded search or metadata only,
Classic fan,fan:lldb-509,KillerMaster 1 Havoc 2.dat#7,Choose your lucky PASSWORD!,90.5,low,,no verified win,bounded search or metadata only,
Classic fan,fan:lldb-509,KillerMaster 1 Havoc 2.dat#8,Final Test. Victory of Failed?,113.87,low,,no verified win,bounded search or metadata only,
Classic fan,fan:lldb-509,KillerMaster 1 Havoc 2.dat#9,CONGRATULATIONS! ALL CLEAR!,106.5,low,,no verified win,bounded search or metadata only,
Classic fan,fan:lldb-51,lm_set10.dat#0,The little trick,105.28,low,,no verified win,bounded search or metadata only,
Classic fan,fan:lldb-51,lm_set10.dat#1,The Road to Boneland,112.88,low,,no verified win,bounded search or metadata only,
Classic fan,fan:lldb-51,lm_set10.dat#2,Broken Bridges,114.5,low,,no verified win,bounded search or metadata only,
Classic fan,fan:lldb-51,lm_set10.dat#3,"The ""Inverted Y"" method",101.19,low,,no verified win,bounded search or metadata only,
Classic fan,fan:lldb-51,lm_set10.dat#4,Two ponds,70.75,low,,no verified win,bounded search or metadata only,
Classic fan,fan:lldb-51,lm_set10.dat#5,Up the Docks,115.09,low,,no verified win,bounded search or metadata only,
Classic fan,fan:lldb-51,lm_set10.dat#6,A crash mat would be handy,87.47,low,,no verified win,bounded search or metadata only,
Classic fan,fan:lldb-51,lm_set10.dat#7,Exhaustion at the training room,89.09,low,,no verified win,bounded search or metadata only,
Classic fan,fan:lldb-51,lm_set10.dat#8,We all fall down and SPLAT!,90.25,low,,no verified win,bounded search or metadata only,
Classic fan,fan:lldb-51,lm_set10.dat#9,Making Life hard for yourself,56.94,low,,no verified win,bounded search or metadata only,
Classic fan,fan:lldb-510,KillerMaster 2 Tame 1.dat#0,Welcome Back!,99.65,low,,no verified win,bounded search or metadata only,
Classic fan,fan:lldb-510,KillerMaster 2 Tame 1.dat#1,Virus Rush,98.25,low,,no verified win,bounded search or metadata only,
Classic fan,fan:lldb-510,KillerMaster 2 Tame 1.dat#2,We want to escape!,90.25,low,,no verified win,bounded search or metadata only,
Classic fan,fan:lldb-510,KillerMaster 2 Tame 1.dat#3,Egypt's Trap,101.05,low,,no verified win,bounded search or metadata only,
Classic fan,fan:lldb-510,KillerMaster 2 Tame 1.dat#4,Double Lemmings,631.46,medium,99bab16ff8d458e17ffb407b163f81f40caa34ec3e80768516ae369cd4ea819f,verified win,replay verified,
Classic fan,fan:lldb-510,KillerMaster 2 Tame 1.dat#5,Rock and Lock,98.25,low,,no verified win,bounded search or metadata only,
Classic fan,fan:lldb-510,KillerMaster 2 Tame 1.dat#6,Strange Trees,82.25,low,,no verified win,bounded search or metadata only,
Classic fan,fan:lldb-510,KillerMaster 2 Tame 1.dat#7,It's easy? Well...,102.45,low,,no verified win,bounded search or metadata only,
Classic fan,fan:lldb-510,KillerMaster 2 Tame 1.dat#8,A Crystal Mine!,98.25,low,,no verified win,bounded search or metadata only,
Classic fan,fan:lldb-510,KillerMaster 2 Tame 1.dat#9,Lemmings in the Fire,98.25,low,,no verified win,bounded search or metadata only,
Classic fan,fan:lldb-510,KillerMaster 2 Tame 2.dat#0,Flaoting Paradise,98.25,low,,no verified win,bounded search or metadata only,
Classic fan,fan:lldb-510,KillerMaster 2 Tame 2.dat#1,Lemming's Totem,98.25,low,,no verified win,bounded search or metadata only,
Classic fan,fan:lldb-510,KillerMaster 2 Tame 2.dat#2,Seeing is NOT Believing (Part1),99.65,low,,no verified win,bounded search or metadata only,
Classic fan,fan:lldb-510,KillerMaster 2 Tame 2.dat#3,Seeing is NOT Believing (Part2),98.25,low,,no verified win,bounded search or metadata only,
Classic fan,fan:lldb-510,KillerMaster 2 Tame 2.dat#4,Ready to Drop!,90.25,low,,no verified win,bounded search or metadata only,
Classic fan,fan:lldb-510,KillerMaster 2 Tame 2.dat#5,Screen is NOT all,90.25,low,,no verified win,bounded search or metadata only,
Classic fan,fan:lldb-510,KillerMaster 2 Tame 2.dat#6,Seeing is NOT Believing (Part3),114.5,low,,no verified win,bounded search or metadata only,
Classic fan,fan:lldb-510,KillerMaster 2 Tame 2.dat#7,Ancient Egypt Lemmings,90.25,low,,no verified win,bounded search or metadata only,
Classic fan,fan:lldb-510,KillerMaster 2 Tame 2.dat#8,Spider Nest,90.25,low,,no verified win,bounded search or metadata only,
Classic fan,fan:lldb-510,KillerMaster 2 Tame 2.dat#9,Lemmings Air Strike!!!,103.67,low,,no verified win,bounded search or metadata only,
Classic fan,fan:lldb-511,KillerMaster 2 Crazy 1.dat#0,Snowman's Mountain,88.6,low,,no verified win,bounded search or metadata only,
Classic fan,fan:lldb-511,KillerMaster 2 Crazy 1.dat#1,Black Hawk Down,117.3,low,,no verified win,bounded search or metadata only,
Classic fan,fan:lldb-511,KillerMaster 2 Crazy 1.dat#2,Exit is Next Door,86.94,low,,no verified win,bounded search or metadata only,
Classic fan,fan:lldb-511,KillerMaster 2 Crazy 1.dat#3,Seeing is NOT Believing (Part4),114.5,low,,no verified win,bounded search or metadata only,
Classic fan,fan:lldb-511,KillerMaster 2 Crazy 1.dat#4,THE TIME HAS COME!,96.5,low,,no verified win,bounded search or metadata only,
Classic fan,fan:lldb-511,KillerMaster 2 Crazy 1.dat#5,Lemmings die?,84.65,low,,no verified win,bounded search or metadata only,
Classic fan,fan:lldb-511,KillerMaster 2 Crazy 1.dat#6,Bungeeeeeeeeeeeeeeeeeeeeeeeeee!,58.88,low,,no verified win,bounded search or metadata only,
Classic fan,fan:lldb-511,KillerMaster 2 Crazy 1.dat#7,Sawmill,94.12,low,,no verified win,bounded search or metadata only,
Classic fan,fan:lldb-511,KillerMaster 2 Crazy 1.dat#8,"Sweet, Sweet Home",85.4,low,,no verified win,bounded search or metadata only,
Classic fan,fan:lldb-511,KillerMaster 2 Crazy 1.dat#9,Seeing is NOT Believing (Part5),77.99,low,,no verified win,bounded search or metadata only,
Classic fan,fan:lldb-511,KillerMaster 2 Crazy 2.dat#0,The Thinnest Column,39.75,low,,no verified win,bounded search or metadata only,
Classic fan,fan:lldb-511,KillerMaster 2 Crazy 2.dat#1,TOO NARROW!!,77,low,,no verified win,bounded search or metadata only,
Classic fan,fan:lldb-511,KillerMaster 2 Crazy 2.dat#2,Something Must Need,76.72,low,,no verified win,bounded search or metadata only,
Classic fan,fan:lldb-512,ssam1221 Tame 1.dat#0,Warming Up,62.75,low,,no verified win,bounded search or metadata only,
Classic fan,fan:lldb-512,ssam1221 Tame 1.dat#1,Sacrifice,47.75,low,,no verified win,bounded search or metadata only,
Classic fan,fan:lldb-512,ssam1221 Tame 1.dat#2,Inferno can wait (we hope!!!!),41.35,low,,no verified win,bounded search or metadata only,
Classic fan,fan:lldb-512,ssam1221 Tame 1.dat#3,One more....,61.94,low,,no verified win,bounded search or metadata only,
Classic fan,fan:lldb-512,ssam1221 Tame 1.dat#4,PoP YoR BoTtOm!!!,71.65,low,,no verified win,bounded search or metadata only,
Classic fan,fan:lldb-512,ssam1221 Tame 1.dat#5,The door to GOP,63.17,low,,no verified win,bounded search or metadata only,
Classic fan,fan:lldb-512,ssam1221 Tame 1.dat#6,ROCKY XI,52.75,low,,no verified win,bounded search or metadata only,
Classic fan,fan:lldb-512,ssam1221 Tame 1.dat#7,LemEdit generated Level,90.25,low,,no verified win,bounded search or metadata only,
Classic fan,fan:lldb-512,ssam1221 Tame 1.dat#8,"Create ""Nothing"" to ""Existence""",54.62,low,,no verified win,bounded search or metadata only,
Classic fan,fan:lldb-512,ssam1221 Tame 1.dat#9,Something Wrong....,46.06,low,,no verified win,bounded search or metadata only,
Classic fan,fan:lldb-512,ssam1221 Tame 2.dat#0,Not as Compilcated as it looks?,62.75,low,,no verified win,bounded search or metadata only,
Classic fan,fan:lldb-512,ssam1221 Tame 2.dat#1,He needs to build time,77,low,,no verified win,bounded search or metadata only,
Classic fan,fan:lldb-512,ssam1221 Tame 2.dat#2,Natural Refrigerator,95.75,low,,no verified win,bounded search or metadata only,
Classic fan,fan:lldb-512,ssam1221 Tame 2.dat#3,Go Behind and Look for Exit,74.34,low,,no verified win,bounded search or metadata only,
Classic fan,fan:lldb-512,ssam1221 Tame 2.dat#4,More than half to be Saved,81.5,low,,no verified win,bounded search or metadata only,
Classic fan,fan:lldb-512,ssam1221 Tame 2.dat#5,JAILBREAK!!!!,92.3,low,,no verified win,bounded search or metadata only,
Classic fan,fan:lldb-512,ssam1221 Tame 2.dat#6,Mission : TNT EXPLOSION,93.58,low,,no verified win,bounded search or metadata only,
Classic fan,fan:lldb-512,ssam1221 Tame 2.dat#7,EXIT : Next Room,108.25,low,,no verified win,bounded search or metadata only,
Classic fan,fan:lldb-512,ssam1221 Tame 2.dat#8,Rescue Ranger,83.25,low,,no verified win,bounded search or metadata only,
Classic fan,fan:lldb-512,ssam1221 Tame 2.dat#9,You have various tools!,85.84,low,,no verified win,bounded search or metadata only,
Classic fan,fan:lldb-513,ssam1221 Crazy 1.dat#0,Avalanche!,90.09,low,,no verified win,bounded search or metadata only,
Classic fan,fan:lldb-513,ssam1221 Crazy 1.dat#1,Bridges of Crows and Magpies,97.15,low,,no verified win,bounded search or metadata only,
Classic fan,fan:lldb-513,ssam1221 Crazy 1.dat#2,A Harmonious Lemmings Life,88.85,low,,no verified win,bounded search or metadata only,
Classic fan,fan:lldb-513,ssam1221 Crazy 1.dat#3,100% To Be Saved... Possible?,114.5,low,,no verified win,bounded search or metadata only,
Classic fan,fan:lldb-513,ssam1221 Crazy 1.dat#4,"Honey, I Killed The Lemmings",79.55,low,,no verified win,bounded search or metadata only,
Classic fan,fan:lldb-513,ssam1221 Crazy 1.dat#5,Burning Head Lemmings,84.43,low,,no verified win,bounded search or metadata only,
Classic fan,fan:lldb-513,ssam1221 Crazy 1.dat#6,An Unstoppable Force,69,low,,no verified win,bounded search or metadata only,
Classic fan,fan:lldb-513,ssam1221 Crazy 1.dat#7,Boiler Room,95.5,low,,no verified win,bounded search or metadata only,
Classic fan,fan:lldb-513,ssam1221 Crazy 1.dat#8,Minecremming,74.44,low,,no verified win,bounded search or metadata only,
Classic fan,fan:lldb-513,ssam1221 Crazy 1.dat#9,?,73.38,low,,no verified win,bounded search or metadata only,
Classic fan,fan:lldb-513,ssam1221 Crazy 2.dat#0,LemZIP 8.2,61.67,low,,no verified win,bounded search or metadata only,
Classic fan,fan:lldb-513,ssam1221 Crazy 2.dat#1,Test Mice's Maze,69.94,low,,no verified win,bounded search or metadata only,
Classic fan,fan:lldb-513,ssam1221 Crazy 2.dat#2,Origin of Gaia,90.9,low,,no verified win,bounded search or metadata only,
Classic fan,fan:lldb-513,ssam1221 Crazy 2.dat#3,"No Dream, No Hope",107.78,low,,no verified win,bounded search or metadata only,
Classic fan,fan:lldb-513,ssam1221 Crazy 2.dat#4,Trash Facility,93.46,low,,no verified win,bounded search or metadata only,
Classic fan,fan:lldb-513,ssam1221 Crazy 2.dat#5,Slug Fortress,92.3,low,,no verified win,bounded search or metadata only,
Classic fan,fan:lldb-513,ssam1221 Crazy 2.dat#6,He needs to build time (Part 2),77,low,,no verified win,bounded search or metadata only,
Classic fan,fan:lldb-513,ssam1221 Crazy 2.dat#7,Dizzy Trouble,50.8,low,,no verified win,bounded search or metadata only,
Classic fan,fan:lldb-513,ssam1221 Crazy 2.dat#8,Let's punch out!!,64.94,low,,no verified win,bounded search or metadata only,
Classic fan,fan:lldb-513,ssam1221 Crazy 2.dat#9,The Chosen One,51.16,low,,no verified win,bounded search or metadata only,
Classic fan,fan:lldb-514,ssam1221 Wild 1.dat#0,4-Way Problem,78.4,low,,no verified win,bounded search or metadata only,
Classic fan,fan:lldb-514,ssam1221 Wild 1.dat#1,The Yetilem's Lair,83.25,low,,no verified win,bounded search or metadata only,
Classic fan,fan:lldb-514,ssam1221 Wild 1.dat#2,Your time is up!,101.22,low,,no verified win,bounded search or metadata only,
Classic fan,fan:lldb-514,ssam1221 Wild 1.dat#3,Infernal Totem,104.9,low,,no verified win,bounded search or metadata only,
Classic fan,fan:lldb-514,ssam1221 Wild 1.dat#4,ssam1221 wild 1.dat 5,19.25,low,,no verified win,bounded search or metadata only,
Classic fan,fan:lldb-514,ssam1221 Wild 1.dat#5,Hot Jumping Snowman,99.95,low,,no verified win,bounded search or metadata only,
Classic fan,fan:lldb-514,ssam1221 Wild 1.dat#6,Brick Mountain,90.9,low,,no verified win,bounded search or metadata only,
Classic fan,fan:lldb-514,ssam1221 Wild 1.dat#7,Poor Construction,77,low,,no verified win,bounded search or metadata only,
Classic fan,fan:lldb-514,ssam1221 Wild 1.dat#8,It's Tasting Time!,66.75,low,,no verified win,bounded search or metadata only,
Classic fan,fan:lldb-514,ssam1221 Wild 1.dat#9,It's Lemmy Day,122.9,low,,no verified win,bounded search or metadata only,
Classic fan,fan:lldb-514,ssam1221 Wild 2.dat#0,Lem-Thermoelectric Power Plant,102.72,low,,no verified win,bounded search or metadata only,
Classic fan,fan:lldb-514,ssam1221 Wild 2.dat#1,Flying DutchLem,69,low,,no verified win,bounded search or metadata only,
Classic fan,fan:lldb-514,ssam1221 Wild 2.dat#2,No Problemming!,39.75,low,,no verified win,bounded search or metadata only,
Classic fan,fan:lldb-514,ssam1221 Wild 2.dat#3,Bad command or file name,74.5,low,,no verified win,bounded search or metadata only,
Classic fan,fan:lldb-514,ssam1221 Wild 2.dat#4,Go Behind and Look for Exit (2),78.4,low,,no verified win,bounded search or metadata only,
Classic fan,fan:lldb-514,ssam1221 Wild 2.dat#5,"Again, Your time is up!",105.69,low,,no verified win,bounded search or metadata only,
Classic fan,fan:lldb-514,ssam1221 Wild 2.dat#6,Law Abiding Lemizen,70.75,low,,no verified win,bounded search or metadata only,
Classic fan,fan:lldb-514,ssam1221 Wild 2.dat#7,Lemming Convevor belt,89.5,low,,no verified win,bounded search or metadata only,
Classic fan,fan:lldb-514,ssam1221 Wild 2.dat#8,You need bashers this time,79.06,low,,no verified win,bounded search or metadata only,
Classic fan,fan:lldb-514,ssam1221 Wild 2.dat#9,"Finally, Your time is up!",100.25,low,,no verified win,bounded search or metadata only,
Classic fan,fan:lldb-515,ssam1221 Wicked 1.dat#0,Lemmings 2: The Platformers,83.25,low,,no verified win,bounded search or metadata only,
Classic fan,fan:lldb-515,ssam1221 Wicked 1.dat#1,return 50;,87.75,low,,no verified win,bounded search or metadata only,
Classic fan,fan:lldb-515,ssam1221 Wicked 1.dat#2,Steel blocks are not perfect...,102,low,,no verified win,bounded search or metadata only,
Classic fan,fan:lldb-515,ssam1221 Wicked 1.dat#3,He needs to build time (Part 3),76.5,low,,no verified win,bounded search or metadata only,
Classic fan,fan:lldb-515,ssam1221 Wicked 1.dat#4,Keep your hair on Ms. Lemming,83.25,low,,no verified win,bounded search or metadata only,
Classic fan,fan:lldb-515,ssam1221 Wicked 1.dat#5,Just Dig......?,68.15,low,,no verified win,bounded search or metadata only,
Classic fan,fan:lldb-515,ssam1221 Wicked 1.dat#6,Simple complexity,109.62,low,,no verified win,bounded search or metadata only,
Classic fan,fan:lldb-515,ssam1221 Wicked 1.dat#7,Lemmings of Persia,106.5,low,,no verified win,bounded search or metadata only,
Classic fan,fan:lldb-515,ssam1221 Wicked 1.dat#8,"You need ""BASHERS"" this time",83.69,low,,no verified win,bounded search or metadata only,
Classic fan,fan:lldb-515,ssam1221 Wicked 1.dat#9,The Messiah Returns,105.69,low,,no verified win,bounded search or metadata only,
Classic fan,fan:lldb-515,ssam1221 Wicked 2.dat#0,"Let's use ""B(uilder)""asher",79.15,low,,no verified win,bounded search or metadata only,
Classic fan,fan:lldb-515,ssam1221 Wicked 2.dat#1,Lemmings Get Lost in Afterlife,273.42,medium,3e2488e89b7a631b1cfab294fb241c4e5351b8f9e37e0fad9ff960cf26b8b775,verified win,replay verified,
Classic fan,fan:lldb-515,ssam1221 Wicked 2.dat#2,Need Lemming's Unification,89.5,low,,no verified win,bounded search or metadata only,
Classic fan,fan:lldb-515,ssam1221 Wicked 2.dat#3,Virus in Network,78,low,,no verified win,bounded search or metadata only,
Classic fan,fan:lldb-515,ssam1221 Wicked 2.dat#4,A Wonderful Art by Artist Lem,67.25,low,,no verified win,bounded search or metadata only,
Classic fan,fan:lldb-515,ssam1221 Wicked 2.dat#5,The Recycled Stack,73.62,low,,no verified win,bounded search or metadata only,
Classic fan,fan:lldb-515,ssam1221 Wicked 2.dat#6,Death Island Zone,92.05,low,,no verified win,bounded search or metadata only,
Classic fan,fan:lldb-515,ssam1221 Wicked 2.dat#7,He needs to build time (Part 4),81.62,low,,no verified win,bounded search or metadata only,
Classic fan,fan:lldb-515,ssam1221 Wicked 2.dat#8,Simpler complexity,98.25,low,,no verified win,bounded search or metadata only,
Classic fan,fan:lldb-517,Van Clan Tame 1.dat#0,Bash This!,73.91,medium,e541a398b0ea05fc300b75a9935bb2ca5f4c14ba53f83500062bcb9e74c7fbae,verified win,replay verified,
Classic fan,fan:lldb-517,Van Clan Tame 1.dat#1,Just Float!,146.51,medium,f9c6dd6e9717bd60ad73459b649408e1a5fe6fd77b715c8c92415e6f63e7d49d,verified win,replay verified,
Classic fan,fan:lldb-517,Van Clan Tame 1.dat#2,Bomberman,46.5,low,,no verified win,bounded search or metadata only,
Classic fan,fan:lldb-517,Van Clan Tame 1.dat#3,Up Up UP They Go,65.2,medium,d7455eba56c0f071a305a38407a2679a9b45d35482ff31a3ad4db13678aceed0,verified win,replay verified,
Classic fan,fan:lldb-517,Van Clan Tame 1.dat#4,Slanted Bashers,46.5,low,,no verified win,bounded search or metadata only,
Classic fan,fan:lldb-517,Van Clan Tame 1.dat#5,Step By Step Guide To Building,71.46,medium,f151abb7f1e177c58feac4a52c37d984e9e87416ea7fa715944033ca5ad274b6,verified win,replay verified,
Classic fan,fan:lldb-517,Van Clan Tame 1.dat#6,Just Like Blockwork,46.5,low,,no verified win,bounded search or metadata only,
Classic fan,fan:lldb-517,Van Clan Tame 1.dat#7,Wombat Hollow,46.5,low,,no verified win,bounded search or metadata only,
Classic fan,fan:lldb-517,Van Clan Tame 1.dat#8,V For Vendetta,303.71,medium,f34616b24b9dfd8dcd1d08676b26a8f307075128e96e9f76258cf6137ea22f31,verified win,replay verified,
Classic fan,fan:lldb-517,Van Clan Tame 1.dat#9,Merry Lemmings,149.84,medium,8e096cc0455b12ffbd129887cbc64d3bb25e4a5084c42baed211603621b499ae,verified win,replay verified,
Classic fan,fan:lldb-517,Van Clan Tame 2.dat#0,It Takes Two To Tango,576.36,medium,73b9db2b304f6f1b8d7a4630e5bf6a2cce7b28c61c1cf8c263cdb299b27eef29,verified win,replay verified,
Classic fan,fan:lldb-517,Van Clan Tame 2.dat#1,Tower Of Lemmings,100,low,,no verified win,bounded search or metadata only,
Classic fan,fan:lldb-517,Van Clan Tame 2.dat#2,Pipe Dream,90.25,low,,no verified win,bounded search or metadata only,
Classic fan,fan:lldb-517,Van Clan Tame 2.dat#3,The Green Mile,561.42,medium,23167802f548686a639ff473c885a90d1cfdeb4ad4b3ec4481e2b405b09c41fe,verified win,replay verified,
Classic fan,fan:lldb-517,Van Clan Tame 2.dat#4,Under The Bridge,99.65,low,,no verified win,bounded search or metadata only,
Classic fan,fan:lldb-517,Van Clan Tame 2.dat#5,A Builders Job Is Never Done,90.25,low,,no verified win,bounded search or metadata only,
Classic fan,fan:lldb-517,Van Clan Tame 2.dat#6,You Want Me To Go Where???,98.38,low,,no verified win,bounded search or metadata only,
Classic fan,fan:lldb-517,Van Clan Tame 2.dat#7,Follow The Yellow Brick Road,90.25,low,,no verified win,bounded search or metadata only,
Classic fan,fan:lldb-517,Van Clan Tame 2.dat#8,X-Lems,90.25,low,,no verified win,bounded search or metadata only,
Classic fan,fan:lldb-517,Van Clan Tame 2.dat#9,Frostbite,69.26,medium,1f8a5a9a37b77e77ca7d873c16e3638be19d74edf0c0186f8306dd648f7aacc2,verified win,replay verified,
Classic fan,fan:lldb-518,Van Clan Crazy 1.dat#0,Sydney Harbour Bridge,106.5,low,,no verified win,bounded search or metadata only,
Classic fan,fan:lldb-518,Van Clan Crazy 1.dat#1,Ripping Out The Floor,69,low,,no verified win,bounded search or metadata only,
Classic fan,fan:lldb-518,Van Clan Crazy 1.dat#2,Valley Of Fire,81.95,low,,no verified win,bounded search or metadata only,
Classic fan,fan:lldb-518,Van Clan Crazy 1.dat#3,Lemmings Roastin On An Open Fire,118.29,low,,no verified win,bounded search or metadata only,
Classic fan,fan:lldb-518,Van Clan Crazy 1.dat#4,Down Under,57.75,low,,no verified win,bounded search or metadata only,
Classic fan,fan:lldb-518,Van Clan Crazy 1.dat#5,Winter Wonderland,114.09,low,,no verified win,bounded search or metadata only,
Classic fan,fan:lldb-518,Van Clan Crazy 1.dat#6,Einy Meenie Mieny Moe,85.72,low,,no verified win,bounded search or metadata only,
Classic fan,fan:lldb-518,Van Clan Crazy 1.dat#7,What A Predicament,98.55,low,,no verified win,bounded search or metadata only,
Classic fan,fan:lldb-518,Van Clan Crazy 1.dat#8,The Mexican Wave,74.44,low,,no verified win,bounded search or metadata only,
Classic fan,fan:lldb-518,Van Clan Crazy 1.dat#9,Star Wars I: The Phantom Exit,78.25,low,,no verified win,bounded search or metadata only,
Classic fan,fan:lldb-518,Van Clan Crazy 2.dat#0,Lemming City,116,low,,no verified win,bounded search or metadata only,
Classic fan,fan:lldb-518,Van Clan Crazy 2.dat#1,The Sixth Lemming,98.5,low,,no verified win,bounded search or metadata only,
Classic fan,fan:lldb-518,Van Clan Crazy 2.dat#2,City Of The Damned,113.85,low,,no verified win,bounded search or metadata only,
Classic fan,fan:lldb-518,Van Clan Crazy 2.dat#3,How To Make A Lemming Quilt,102.44,low,,no verified win,bounded search or metadata only,
Classic fan,fan:lldb-518,Van Clan Crazy 2.dat#4,The Long Way Around,87.34,low,,no verified win,bounded search or metadata only,
Classic fan,fan:lldb-518,Van Clan Crazy 2.dat#5,Rocket Power,105.69,low,,no verified win,bounded search or metadata only,
Classic fan,fan:lldb-518,Van Clan Crazy 2.dat#6,Top Of The World,78.94,low,,no verified win,bounded search or metadata only,
Classic fan,fan:lldb-518,Van Clan Crazy 2.dat#7,Snow Way Home,73.5,low,,no verified win,bounded search or metadata only,
Classic fan,fan:lldb-518,Van Clan Crazy 2.dat#8,The Swamp,105.85,low,,no verified win,bounded search or metadata only,
Classic fan,fan:lldb-518,Van Clan Crazy 2.dat#9,Fangorn Forest,97.69,low,,no verified win,bounded search or metadata only,
Classic fan,fan:lldb-519,Van Clan Wild 1.dat#0,Get Up There,68.59,low,,no verified win,bounded search or metadata only,
Classic fan,fan:lldb-519,Van Clan Wild 1.dat#1,Only One Shot,75.25,low,,no verified win,bounded search or metadata only,
Classic fan,fan:lldb-519,Van Clan Wild 1.dat#2,5 Ways To Get Through,105.69,low,,no verified win,bounded search or metadata only,
Classic fan,fan:lldb-519,Van Clan Wild 1.dat#3,Bomberman II,66.03,low,,no verified win,bounded search or metadata only,
Classic fan,fan:lldb-519,Van Clan Wild 1.dat#4,Get It Right,61.53,low,,no verified win,bounded search or metadata only,
Classic fan,fan:lldb-519,Van Clan Wild 1.dat#5,The Thin Blue Line,67.78,low,,no verified win,bounded search or metadata only,
Classic fan,fan:lldb-519,Van Clan Wild 1.dat#6,Get Back,80.85,low,,no verified win,bounded search or metadata only,
Classic fan,fan:lldb-519,Van Clan Wild 1.dat#7,Land Mines,58.69,low,,no verified win,bounded search or metadata only,
Classic fan,fan:lldb-519,Van Clan Wild 1.dat#8,Build To The Top,74.44,low,,no verified win,bounded search or metadata only,
Classic fan,fan:lldb-519,Van Clan Wild 1.dat#9,Raiders Of The Lost Lemmings,63.06,low,,no verified win,bounded search or metadata only,
Classic fan,fan:lldb-519,Van Clan Wild 2.dat#0,Journey To The Mountain Top,99.84,low,,no verified win,bounded search or metadata only,
Classic fan,fan:lldb-519,Van Clan Wild 2.dat#1,What Lies Beneath,87.34,low,,no verified win,bounded search or metadata only,
Classic fan,fan:lldb-519,Van Clan Wild 2.dat#2,Fawlty Towers,69,low,,no verified win,bounded search or metadata only,
Classic fan,fan:lldb-519,Van Clan Wild 2.dat#3,Humpty Dumpty Sat On A Wall,83.69,low,,no verified win,bounded search or metadata only,
Classic fan,fan:lldb-519,Van Clan Wild 2.dat#4,The Power Of Three....,112.53,low,,no verified win,bounded search or metadata only,
Classic fan,fan:lldb-519,Van Clan Wild 2.dat#5,...Will Set Us Free,106.5,low,,no verified win,bounded search or metadata only,
Classic fan,fan:lldb-519,Van Clan Wild 2.dat#6,Walk The Plank,89.5,low,,no verified win,bounded search or metadata only,
Classic fan,fan:lldb-519,Van Clan Wild 2.dat#7,StarWarsII:Attack Of The Lemming,95.75,low,,no verified win,bounded search or metadata only,
Classic fan,fan:lldb-519,Van Clan Wild 2.dat#8,The Long And Winding Road,114.09,low,,no verified win,bounded search or metadata only,
Classic fan,fan:lldb-519,Van Clan Wild 2.dat#9,Asteroids In Space,86.9,low,,no verified win,bounded search or metadata only,
Classic fan,fan:lldb-52,QBeez1.dat#0,Sitting Ducks,90.58,low,,no verified win,bounded search or metadata only,
Classic fan,fan:lldb-52,QBeez1.dat#1,Preactor of the Plains,89.18,low,,no verified win,bounded search or metadata only,
Classic fan,fan:lldb-52,QBeez1.dat#2,Pharaoh's Tomb,75.25,low,,no verified win,bounded search or metadata only,
Classic fan,fan:lldb-52,QBeez1.dat#3,Downtown Lemmingopolis,93.03,low,,no verified win,bounded search or metadata only,
Classic fan,fan:lldb-52,QBeez1.dat#4,The Core of Lemmingland,93.67,low,,no verified win,bounded search or metadata only,
Classic fan,fan:lldb-520,Van Clan Wicked 1.dat#0,Lethal Lemmings,59.15,low,,no verified win,bounded search or metadata only,
Classic fan,fan:lldb-520,Van Clan Wicked 1.dat#1,Make No Mistakes,75.25,low,,no verified win,bounded search or metadata only,
Classic fan,fan:lldb-520,Van Clan Wicked 1.dat#2,Work Through The Pain,101.19,low,,no verified win,bounded search or metadata only,
Classic fan,fan:lldb-520,Van Clan Wicked 1.dat#3,Lemming On A Wire,74.44,low,,no verified win,bounded search or metadata only,
Classic fan,fan:lldb-520,Van Clan Wicked 1.dat#4,The Two Towers,116.49,low,,no verified win,bounded search or metadata only,
Classic fan,fan:lldb-520,Van Clan Wicked 1.dat#5,Superbowl,68.75,low,,no verified win,bounded search or metadata only,
Classic fan,fan:lldb-520,Van Clan Wicked 1.dat#6,Round The Bend,81.09,low,,no verified win,bounded search or metadata only,
Classic fan,fan:lldb-520,Van Clan Wicked 1.dat#7,Smile Time!!!,93.19,low,,no verified win,bounded search or metadata only,
Classic fan,fan:lldb-520,Van Clan Wicked 1.dat#8,A Sticky Situation,76.22,low,,no verified win,bounded search or metadata only,
Classic fan,fan:lldb-520,Van Clan Wicked 1.dat#9,Gone Fishing,89.5,low,,no verified win,bounded search or metadata only,
Classic fan,fan:lldb-520,Van Clan Wicked 2.dat#0,Vertigo,75.56,low,,no verified win,bounded search or metadata only,
Classic fan,fan:lldb-520,Van Clan Wicked 2.dat#1,How To Cook Lemmings,97.74,low,,no verified win,bounded search or metadata only,
Classic fan,fan:lldb-520,Van Clan Wicked 2.dat#2,Tal Rasha's Tomb,106.09,low,,no verified win,bounded search or metadata only,
Classic fan,fan:lldb-520,Van Clan Wicked 2.dat#3,Escape From L.A. Crystals,98.09,low,,no verified win,bounded search or metadata only,
Classic fan,fan:lldb-520,Van Clan Wicked 2.dat#5,Trapped In Many Ways,64.12,low,,no verified win,bounded search or metadata only,
Classic fan,fan:lldb-520,Van Clan Wicked 2.dat#6,Super Lemming All-Stars,103.79,low,,no verified win,bounded search or metadata only,
Classic fan,fan:lldb-520,Van Clan Wicked 2.dat#7,Serious Lems,73.95,low,,no verified win,bounded search or metadata only,
Classic fan,fan:lldb-520,Van Clan Wicked 2.dat#8,No Holds Barred,83.69,low,,no verified win,bounded search or metadata only,
Classic fan,fan:lldb-520,Van Clan Wicked 2.dat#9,Pyramids Of Giza,81.5,low,,no verified win,bounded search or metadata only,
Classic fan,fan:lldb-521,Van Clan Havoc 1.dat#0,Tiptoe Travels,87.75,low,,no verified win,bounded search or metadata only,
Classic fan,fan:lldb-521,Van Clan Havoc 1.dat#1,Don't Pop Til You Get Enough,64.94,low,,no verified win,bounded search or metadata only,
Classic fan,fan:lldb-521,Van Clan Havoc 1.dat#2,Look It's The Alphabet,105.69,low,,no verified win,bounded search or metadata only,
Classic fan,fan:lldb-521,Van Clan Havoc 1.dat#3,Cliffhanger,88.42,low,,no verified win,bounded search or metadata only,
Classic fan,fan:lldb-521,Van Clan Havoc 1.dat#4,Pipeline Expressway,68.19,low,,no verified win,bounded search or metadata only,
Classic fan,fan:lldb-521,Van Clan Havoc 1.dat#5,War Of The Lemmmings,76.19,low,,no verified win,bounded search or metadata only,
Classic fan,fan:lldb-521,Van Clan Havoc 1.dat#6,Baby Steps,86.94,low,,no verified win,bounded search or metadata only,
Classic fan,fan:lldb-521,Van Clan Havoc 1.dat#7,The Abyss,106.5,low,,no verified win,bounded search or metadata only,
Classic fan,fan:lldb-521,Van Clan Havoc 1.dat#8,Cool Lemmings,73.09,low,,no verified win,bounded search or metadata only,
Classic fan,fan:lldb-521,Van Clan Havoc 1.dat#9,Labyrinth,75.25,low,,no verified win,bounded search or metadata only,
Classic fan,fan:lldb-521,Van Clan Havoc 2.dat#0,Kurast Bazaar,99.97,low,,no verified win,bounded search or metadata only,
Classic fan,fan:lldb-521,Van Clan Havoc 2.dat#1,Bridge Over Troubled Water,83.25,low,,no verified win,bounded search or metadata only,
Classic fan,fan:lldb-521,Van Clan Havoc 2.dat#2,The Gift,70.5,low,,no verified win,bounded search or metadata only,
Classic fan,fan:lldb-521,Van Clan Havoc 2.dat#3,Exit Wounds,74.38,low,,no verified win,bounded search or metadata only,
Classic fan,fan:lldb-521,Van Clan Havoc 2.dat#4,Life On The Highwire,40.41,low,,no verified win,bounded search or metadata only,
Classic fan,fan:lldb-521,Van Clan Havoc 2.dat#5,Mountain Inn,77.03,low,,no verified win,bounded search or metadata only,
Classic fan,fan:lldb-521,Van Clan Havoc 2.dat#6,The Weight Of The World,102.18,low,,no verified win,bounded search or metadata only,
Classic fan,fan:lldb-521,Van Clan Havoc 2.dat#7,The Lemming Trap,101.19,low,,no verified win,bounded search or metadata only,
Classic fan,fan:lldb-521,Van Clan Havoc 2.dat#8,Tactical Fireworks,61.53,low,,no verified win,bounded search or metadata only,
Classic fan,fan:lldb-521,Van Clan Havoc 2.dat#9,Mirror World,102.59,low,,no verified win,bounded search or metadata only,
Classic fan,fan:lldb-522,Deceit Fun.dat#0,So much with my lemmings,95.5,low,,no verified win,bounded search or metadata only,
Classic fan,fan:lldb-522,Deceit Fun.dat#1,Livin' Large!,93.7,low,,no verified win,bounded search or metadata only,
Classic fan,fan:lldb-522,Deceit Fun.dat#2,Lemmings Now Looked Up,97.67,low,,no verified win,bounded search or metadata only,
Classic fan,fan:lldb-522,Deceit Fun.dat#3,Romeo n Juliet,84.65,low,,no verified win,bounded search or metadata only,
Classic fan,fan:lldb-522,Deceit Fun.dat#4,Freedom of the Lemmings,86.05,low,,no verified win,bounded search or metadata only,
Classic fan,fan:lldb-523,Deceit Tricky 1.dat#0,Ice Battle!,76.23,low,,no verified win,bounded search or metadata only,
Classic fan,fan:lldb-523,Deceit Tricky 1.dat#1,Monkey Magic,79.34,low,,no verified win,bounded search or metadata only,
Classic fan,fan:lldb-523,Deceit Tricky 1.dat#2,PiPeLiNe PaRaLLeL,69,low,,no verified win,bounded search or metadata only,
Classic fan,fan:lldb-523,Deceit Tricky 1.dat#3,Meet the Nessy Again,90.33,low,,no verified win,bounded search or metadata only,
Classic fan,fan:lldb-523,Deceit Tricky 1.dat#4,Two's Company,95.1,low,,no verified win,bounded search or metadata only,
Classic fan,fan:lldb-523,Deceit Tricky 1.dat#5,Excavation Area,89.25,low,,no verified win,bounded search or metadata only,
Classic fan,fan:lldb-523,Deceit Tricky 1.dat#6,Northland Builders,77,low,,no verified win,bounded search or metadata only,
Classic fan,fan:lldb-523,Deceit Tricky 1.dat#7,Consider Yourself,81.5,low,,no verified win,bounded search or metadata only,
Classic fan,fan:lldb-523,Deceit Tricky 1.dat#8,Stairway Garden,57.75,low,,no verified win,bounded search or metadata only,
Classic fan,fan:lldb-523,Deceit Tricky 1.dat#9,No Doubt,102.1,low,,no verified win,bounded search or metadata only,
Classic fan,fan:lldb-523,Deceit Tricky 2.dat#0,So Efficient,90.1,low,,no verified win,bounded search or metadata only,
Classic fan,fan:lldb-523,Deceit Tricky 2.dat#1,Hold the Line,66.97,low,,no verified win,bounded search or metadata only,
Classic fan,fan:lldb-523,Deceit Tricky 2.dat#2,"And, take a little guess..",109.4,low,,no verified win,bounded search or metadata only,
Classic fan,fan:lldb-523,Deceit Tricky 2.dat#3,The Lemming March,106.5,low,,no verified win,bounded search or metadata only,
Classic fan,fan:lldb-524,Deceit Taxing 1.dat#0,One More Corrosion,72.69,low,,no verified win,bounded search or metadata only,
Classic fan,fan:lldb-524,Deceit Taxing 1.dat#1,BroadBanded,103.9,low,,no verified win,bounded search or metadata only,
Classic fan,fan:lldb-524,Deceit Taxing 1.dat#2,I My Me Mine Miner,72,low,,no verified win,bounded search or metadata only,
Classic fan,fan:lldb-524,Deceit Taxing 1.dat#3,Symmetrical Structure System,86.12,low,,no verified win,bounded search or metadata only,
Classic fan,fan:lldb-524,Deceit Taxing 1.dat#4,Watch me Follow...,75.25,low,,no verified win,bounded search or metadata only,
Classic fan,fan:lldb-524,Deceit Taxing 1.dat#5,Jack O'Lemming,73.38,low,,no verified win,bounded search or metadata only,
Classic fan,fan:lldb-524,Deceit Taxing 1.dat#6,It's a Phase,97.54,low,,no verified win,bounded search or metadata only,
Classic fan,fan:lldb-524,Deceit Taxing 1.dat#7,The Coal Plant,100.74,low,,no verified win,bounded search or metadata only,
Classic fan,fan:lldb-524,Deceit Taxing 1.dat#8,Slow Esthetics,84.65,low,,no verified win,bounded search or metadata only,
Classic fan,fan:lldb-524,Deceit Taxing 1.dat#9,Pillar Confusion,99.29,low,,no verified win,bounded search or metadata only,
Classic fan,fan:lldb-524,Deceit Taxing 2.dat#0,DownHill,102,low,,no verified win,bounded search or metadata only,
Classic fan,fan:lldb-524,Deceit Taxing 2.dat#1,It Lems On,95.75,low,,no verified win,bounded search or metadata only,
Classic fan,fan:lldb-524,Deceit Taxing 2.dat#2,Around and Around,102.1,low,,no verified win,bounded search or metadata only,
Classic fan,fan:lldb-524,Deceit Taxing 2.dat#3,Bubble Trouble,100.12,low,,no verified win,bounded search or metadata only,
Classic fan,fan:lldb-525,Deceit Mayhem 1.dat#0,Island over the horizon,94.12,low,,no verified win,bounded search or metadata only,
Classic fan,fan:lldb-525,Deceit Mayhem 1.dat#1,Vertical Sequence,84.5,low,,no verified win,bounded search or metadata only,
Classic fan,fan:lldb-525,Deceit Mayhem 1.dat#2,Crystal Method,95.75,low,,no verified win,bounded search or metadata only,
Classic fan,fan:lldb-525,Deceit Mayhem 1.dat#3,Build Nine,70.75,low,,no verified win,bounded search or metadata only,
Classic fan,fan:lldb-525,Deceit Mayhem 1.dat#4,Critical Cross,105.01,low,,no verified win,bounded search or metadata only,
Classic fan,fan:lldb-525,Deceit Mayhem 1.dat#5,Lemmings Uncharted,103.25,low,,no verified win,bounded search or metadata only,
Classic fan,fan:lldb-525,Deceit Mayhem 1.dat#6,PoP PoP LoVeLY,101.07,low,,no verified win,bounded search or metadata only,
Classic fan,fan:lldb-525,Deceit Mayhem 1.dat#7,Stairwork Progress,103.4,low,,no verified win,bounded search or metadata only,
Classic fan,fan:lldb-525,Deceit Mayhem 1.dat#8,The Law of the Jungle,98.33,low,,no verified win,bounded search or metadata only,
Classic fan,fan:lldb-525,Deceit Mayhem 1.dat#9,Lemming Atelier,110.48,low,,no verified win,bounded search or metadata only,
Classic fan,fan:lldb-525,Deceit Mayhem 2.dat#0,Complexity,114.05,low,,no verified win,bounded search or metadata only,
Classic fan,fan:lldb-525,Deceit Mayhem 2.dat#1,Shorty Deep Inside,87.75,low,,no verified win,bounded search or metadata only,
Classic fan,fan:lldb-525,Deceit Mayhem 2.dat#2,Bitter than cold,114.5,low,,no verified win,bounded search or metadata only,
Classic fan,fan:lldb-525,Deceit Mayhem 2.dat#3,Lemmings Fever,110.83,low,,no verified win,bounded search or metadata only,
Classic fan,fan:lldb-525,Deceit Mayhem 2.dat#4,It's All About the Style,95.75,low,,no verified win,bounded search or metadata only,
Classic fan,fan:lldb-525,Deceit Mayhem 2.dat#5,The Scaffold,109.65,low,,no verified win,bounded search or metadata only,
Classic fan,fan:lldb-525,Deceit Mayhem 2.dat#6,Quintuple Squeeze Machine,73.5,low,,no verified win,bounded search or metadata only,
Classic fan,fan:lldb-525,Deceit Mayhem 2.dat#7,The Enigma,102,low,,no verified win,bounded search or metadata only,
Classic fan,fan:lldb-525,Deceit Mayhem 2.dat#8,Was it worth?,79.75,low,,no verified win,bounded search or metadata only,
Classic fan,fan:lldb-525,Deceit Mayhem 2.dat#9,Kreuzung at the Mountain,101.53,low,,no verified win,bounded search or metadata only,
Classic fan,fan:lldb-525,Deceit Mayhem 3.dat#0,Enter at your own risk...,100.15,low,,no verified win,bounded search or metadata only,
Classic fan,fan:lldb-526,cLemmings Fun 1.DAT#0,Lemming Crystaliers,102.44,low,,no verified win,bounded search or metadata only,
Classic fan,fan:lldb-526,cLemmings Fun 1.DAT#1,Breakfast at Lemming's,102.44,low,,no verified win,bounded search or metadata only,
Classic fan,fan:lldb-526,cLemmings Fun 1.DAT#2,With Lemmings on Top,102.44,low,,no verified win,bounded search or metadata only,
Classic fan,fan:lldb-526,cLemmings Fun 2.DAT#0,Ellipsis,102.44,low,,no verified win,bounded search or metadata only,
Classic fan,fan:lldb-526,cLemmings Fun 2.DAT#1,Crematory Chamber,113.24,low,,no verified win,bounded search or metadata only,
Classic fan,fan:lldb-526,cLemmings Fun 2.DAT#2,Tour de Lemming,111.84,low,,no verified win,bounded search or metadata only,
Classic fan,fan:lldb-526,cLemmings Fun 2.DAT#3,Grassy Dreams,86.19,low,,no verified win,bounded search or metadata only,
Classic fan,fan:lldb-526,cLemmings Fun 2.DAT#4,Walking Bombers,58.56,low,,no verified win,bounded search or metadata only,
Classic fan,fan:lldb-526,cLemmings Fun 2.DAT#5,Through the Crystal Caverns,102.44,low,,no verified win,bounded search or metadata only,
Classic fan,fan:lldb-526,cLemmings Fun 2.DAT#6,Over or Under,102.44,low,,no verified win,bounded search or metadata only,
Classic fan,fan:lldb-526,cLemmings Fun 2.DAT#7,Lemming Athletics,99.65,low,,no verified win,bounded search or metadata only,
Classic fan,fan:lldb-526,cLemmings Fun 2.DAT#8,The Stairs to Lemminghood,110.44,low,,no verified win,bounded search or metadata only,
Classic fan,fan:lldb-526,cLemmings Fun 2.DAT#9,Lemmings Everywhere,99.88,low,,no verified win,bounded search or metadata only,
Classic fan,fan:lldb-526,cLemmings Fun 3.DAT#0,Huff and Puff,109.62,low,,no verified win,bounded search or metadata only,
Classic fan,fan:lldb-526,cLemmings Fun 3.DAT#1,A Dangerous Mining Operation,108.41,low,,no verified win,bounded search or metadata only,
Classic fan,fan:lldb-526,cLemmings Fun 3.DAT#2,Not so Fast!,101.05,low,,no verified win,bounded search or metadata only,
Classic fan,fan:lldb-526,cLemmings Fun 3.DAT#3,Lemming Polishing Co.,102.44,low,,no verified win,bounded search or metadata only,
Classic fan,fan:lldb-526,cLemmings Fun 3.DAT#4,A Towering Problem,110.44,low,,no verified win,bounded search or metadata only,
Classic fan,fan:lldb-526,cLemmings Fun 3.DAT#5,The Lemming Tower,102.44,low,,no verified win,bounded search or metadata only,
Classic fan,fan:lldb-526,cLemmings Fun 3.DAT#6,Pink Lemming,81.5,low,,no verified win,bounded search or metadata only,
Classic fan,fan:lldb-526,cLemmings Fun 3.DAT#7,Climbing the Mountain,90.25,low,,no verified win,bounded search or metadata only,
Classic fan,fan:lldb-526,cLemmings Fun 3.DAT#8,Frantic Lemmings,98.38,low,,no verified win,bounded search or metadata only,
Classic fan,fan:lldb-526,cLemmings Fun 3.DAT#9,It's Lemmorama!,98.25,low,,no verified win,bounded search or metadata only,
Classic fan,fan:lldb-527,cLemmings Tricky 1.DAT#0,Simple Enough,85.44,low,,no verified win,bounded search or metadata only,
Classic fan,fan:lldb-527,cLemmings Tricky 1.DAT#1,Clinging on for Dear Life,98.38,low,,no verified win,bounded search or metadata only,
Classic fan,fan:lldb-527,cLemmings Tricky 1.DAT#2,Patchwork Stairs,89.94,low,,no verified win,bounded search or metadata only,
Classic fan,fan:lldb-527,cLemmings Tricky 1.DAT#3,Up and Over,110.44,low,,no verified win,bounded search or metadata only,
Classic fan,fan:lldb-527,cLemmings Tricky 1.DAT#4,Fortissimo,57.12,low,,no verified win,bounded search or metadata only,
Classic fan,fan:lldb-527,cLemmings Tricky 1.DAT#5,"The Good, The Bad, and The Ugly",80.07,low,,no verified win,bounded search or metadata only,
Classic fan,fan:lldb-527,cLemmings Tricky 1.DAT#6,Maniacal Lemmings,74.49,low,,no verified win,bounded search or metadata only,
Classic fan,fan:lldb-527,cLemmings Tricky 1.DAT#7,Deja Vu,97.94,low,,no verified win,bounded search or metadata only,
Classic fan,fan:lldb-527,cLemmings Tricky 1.DAT#8,The Three Cs,89.94,low,,no verified win,bounded search or metadata only,
Classic fan,fan:lldb-527,cLemmings Tricky 1.DAT#9,Partition Casualties,54.02,low,,no verified win,bounded search or metadata only,
Classic fan,fan:lldb-527,cLemmings Tricky 2.DAT#0,Scrambled Lemmings,56.97,low,,no verified win,bounded search or metadata only,
Classic fan,fan:lldb-527,cLemmings Tricky 2.DAT#1,Anticlimacticism,70.75,low,,no verified win,bounded search or metadata only,
Classic fan,fan:lldb-527,cLemmings Tricky 2.DAT#2,A Recurring Impediment(part 1),103.72,low,,no verified win,bounded search or metadata only,
Classic fan,fan:lldb-527,cLemmings Tricky 2.DAT#3,Puffy Want More!,90.88,low,,no verified win,bounded search or metadata only,
Classic fan,fan:lldb-527,cLemmings Tricky 2.DAT#4,Anticlimacticism II,90.09,low,,no verified win,bounded search or metadata only,
Classic fan,fan:lldb-527,cLemmings Tricky 2.DAT#5,Cordial Acceptance,113.69,low,,no verified win,bounded search or metadata only,
Classic fan,fan:lldb-527,cLemmings Tricky 2.DAT#6,Dead Lemmings Tell no Tales,98.34,low,,no verified win,bounded search or metadata only,
Classic fan,fan:lldb-527,cLemmings Tricky 2.DAT#7,Anticlimacticism III,105.66,low,,no verified win,bounded search or metadata only,
Classic fan,fan:lldb-527,cLemmings Tricky 2.DAT#8,Not as Easy as It Looks,95.53,low,,no verified win,bounded search or metadata only,
Classic fan,fan:lldb-527,cLemmings Tricky 2.DAT#9,Dual Lemmings,101.19,low,,no verified win,bounded search or metadata only,
Classic fan,fan:lldb-527,cLemmings Tricky 3.DAT#0,Floaters Away!,589.55,medium,baf357e47ea2bb1b13fdee21183838347622cae6b6cf929a14fc90ef15da93d1,verified win,replay verified,
Classic fan,fan:lldb-527,cLemmings Tricky 3.DAT#1,Anticimacticism IV,83.25,low,,no verified win,bounded search or metadata only,
Classic fan,fan:lldb-527,cLemmings Tricky 3.DAT#2,Antiprolemmingterralationness,102.59,low,,no verified win,bounded search or metadata only,
Classic fan,fan:lldb-527,cLemmings Tricky 3.DAT#3,Cranial Stress,92.3,low,,no verified win,bounded search or metadata only,
Classic fan,fan:lldb-527,cLemmings Tricky 3.DAT#4,Carnivorous Crystals,99.95,low,,no verified win,bounded search or metadata only,
Classic fan,fan:lldb-527,cLemmings Tricky 3.DAT#5,The Dirty Work,101.53,low,,no verified win,bounded search or metadata only,
Classic fan,fan:lldb-527,cLemmings Tricky 3.DAT#6,The Trickster,113.19,low,,no verified win,bounded search or metadata only,
Classic fan,fan:lldb-527,cLemmings Tricky 3.DAT#7,Anticlimacticism V,103.99,low,,no verified win,bounded search or metadata only,
Classic fan,fan:lldb-527,cLemmings Tricky 3.DAT#8,On Stair Duty,88.69,low,,no verified win,bounded search or metadata only,
Classic fan,fan:lldb-527,cLemmings Tricky 3.DAT#9,Exploration Brigade,90.9,low,,no verified win,bounded search or metadata only,
Classic fan,fan:lldb-528,cLemmings Taxing 1.DAT#0,A Recurring Impediment(part 2),103.72,low,,no verified win,bounded search or metadata only,
Classic fan,fan:lldb-528,cLemmings Taxing 1.DAT#1,Pleasure to Meet You,93.19,low,,no verified win,bounded search or metadata only,
Classic fan,fan:lldb-528,cLemmings Taxing 1.DAT#2,Hunting Lemmings,101.19,low,,no verified win,bounded search or metadata only,
Classic fan,fan:lldb-528,cLemmings Taxing 1.DAT#3,Classical Lemmings,106.4,low,,no verified win,bounded search or metadata only,
Classic fan,fan:lldb-528,cLemmings Taxing 1.DAT#4,The Melting Pot,91.49,low,,no verified win,bounded search or metadata only,
Classic fan,fan:lldb-528,cLemmings Taxing 1.DAT#5,Lemming Distillation,95.34,low,,no verified win,bounded search or metadata only,
Classic fan,fan:lldb-528,cLemmings Taxing 1.DAT#6,The Quarry,79.19,low,,no verified win,bounded search or metadata only,
Classic fan,fan:lldb-528,cLemmings Taxing 1.DAT#7,"Once a Lemming, Always a Lemming",100.15,low,,no verified win,bounded search or metadata only,
Classic fan,fan:lldb-528,cLemmings Taxing 1.DAT#8,Downwards and Upwards,113.24,low,,no verified win,bounded search or metadata only,
Classic fan,fan:lldb-528,cLemmings Taxing 1.DAT#9,Fire Fun,102.99,low,,no verified win,bounded search or metadata only,
Classic fan,fan:lldb-528,cLemmings Taxing 2.DAT#0,Crystal Clear,84.65,low,,no verified win,bounded search or metadata only,
Classic fan,fan:lldb-528,cLemmings Taxing 2.DAT#1,Down the Stairwell,84.4,low,,no verified win,bounded search or metadata only,
Classic fan,fan:lldb-528,cLemmings Taxing 2.DAT#2,Simultaneous Action,105.59,low,,no verified win,bounded search or metadata only,
Classic fan,fan:lldb-528,cLemmings Taxing 2.DAT#3,Rainbow Island,77.16,low,,no verified win,bounded search or metadata only,
Classic fan,fan:lldb-528,cLemmings Taxing 2.DAT#4,Pillars of One-Way,82.19,low,,no verified win,bounded search or metadata only,
Classic fan,fan:lldb-528,cLemmings Taxing 2.DAT#5,An Unfriendly Gesture,101.19,low,,no verified win,bounded search or metadata only,
Classic fan,fan:lldb-528,cLemmings Taxing 2.DAT#6,End With a BANG!,80.59,low,,no verified win,bounded search or metadata only,
Classic fan,fan:lldb-528,cLemmings Taxing 2.DAT#7,"Pachelbel's ""Canon in Splat""",96.72,low,,no verified win,bounded search or metadata only,
Classic fan,fan:lldb-528,cLemmings Taxing 2.DAT#8,The Blind Side,101.59,low,,no verified win,bounded search or metadata only,
Classic fan,fan:lldb-528,cLemmings Taxing 2.DAT#9,The Quartet,102.44,low,,no verified win,bounded search or metadata only,
Classic fan,fan:lldb-528,cLemmings Taxing 3.DAT#0,Ten Green Lemmings,92.5,low,,no verified win,bounded search or metadata only,
Classic fan,fan:lldb-528,cLemmings Taxing 3.DAT#1,The Incinerator,90.9,low,,no verified win,bounded search or metadata only,
Classic fan,fan:lldb-528,cLemmings Taxing 3.DAT#2,The Cobwebs,69,low,,no verified win,bounded search or metadata only,
Classic fan,fan:lldb-528,cLemmings Taxing 3.DAT#3,Lemming Graveyard,103.99,low,,no verified win,bounded search or metadata only,
Classic fan,fan:lldb-528,cLemmings Taxing 3.DAT#4,Path Integral Formalism,86.05,low,,no verified win,bounded search or metadata only,
Classic fan,fan:lldb-528,cLemmings Taxing 3.DAT#5,"First-come, First-serve",97.15,low,,no verified win,bounded search or metadata only,
Classic fan,fan:lldb-528,cLemmings Taxing 3.DAT#6,"M.C.Escher's ""Relativity""",83.25,low,,no verified win,bounded search or metadata only,
Classic fan,fan:lldb-528,cLemmings Taxing 3.DAT#7,Lemming Extravaganza,103.87,low,,no verified win,bounded search or metadata only,
Classic fan,fan:lldb-528,cLemmings Taxing 3.DAT#8,Lucky Four,106.2,low,,no verified win,bounded search or metadata only,
Classic fan,fan:lldb-528,cLemmings Taxing 3.DAT#9,A Glorious Battle,89.5,low,,no verified win,bounded search or metadata only,
Classic fan,fan:lldb-529,cLemmings Mayhem 1.DAT#0,Over the River,101.19,low,,no verified win,bounded search or metadata only,
Classic fan,fan:lldb-529,cLemmings Mayhem 1.DAT#1,Lemming Barbeque,102.86,low,,no verified win,bounded search or metadata only,
Classic fan,fan:lldb-529,cLemmings Mayhem 1.DAT#2,Ornamental Discoveries,92.89,low,,no verified win,bounded search or metadata only,
Classic fan,fan:lldb-529,cLemmings Mayhem 1.DAT#3,Walking With the Letters,110.24,low,,no verified win,bounded search or metadata only,
Classic fan,fan:lldb-529,cLemmings Mayhem 1.DAT#4,The Grass is Always Greener,90.49,low,,no verified win,bounded search or metadata only,
Classic fan,fan:lldb-529,cLemmings Mayhem 1.DAT#5,Di-Lemm-A,108.25,low,,no verified win,bounded search or metadata only,
Classic fan,fan:lldb-529,cLemmings Mayhem 1.DAT#6,Lemming Packaging Facility,88.24,low,,no verified win,bounded search or metadata only,
Classic fan,fan:lldb-529,cLemmings Mayhem 1.DAT#7,Around and Around,99.95,low,,no verified win,bounded search or metadata only,
Classic fan,fan:lldb-529,cLemmings Mayhem 1.DAT#8,Lemming Anatomy Experimentations,105.39,low,,no verified win,bounded search or metadata only,
Classic fan,fan:lldb-529,cLemmings Mayhem 1.DAT#9,Beat the Clock,95.75,low,,no verified win,bounded search or metadata only,
Classic fan,fan:lldb-529,cLemmings Mayhem 2.DAT#0,The Great Wall of Lemma,110.64,low,,no verified win,bounded search or metadata only,
Classic fan,fan:lldb-529,cLemmings Mayhem 2.DAT#1,Lem up!,97.15,low,,no verified win,bounded search or metadata only,
Classic fan,fan:lldb-529,cLemmings Mayhem 2.DAT#2,"Up the stairs, down the stairs",114.5,low,,no verified win,bounded search or metadata only,
Classic fan,fan:lldb-529,cLemmings Mayhem 2.DAT#3,The Webinar,67.12,low,,no verified win,bounded search or metadata only,
Classic fan,fan:lldb-529,cLemmings Mayhem 2.DAT#4,An Unwelcome Sight,95.53,low,,no verified win,bounded search or metadata only,
Classic fan,fan:lldb-529,cLemmings Mayhem 2.DAT#5,Taproot,90.49,low,,no verified win,bounded search or metadata only,
Classic fan,fan:lldb-529,cLemmings Mayhem 2.DAT#6,Lemming Haphazard,95.53,low,,no verified win,bounded search or metadata only,
Classic fan,fan:lldb-529,cLemmings Mayhem 2.DAT#7,Execution Machine,92.14,low,,no verified win,bounded search or metadata only,
Classic fan,fan:lldb-529,cLemmings Mayhem 2.DAT#8,Tunnels and Lemmings,98.53,low,,no verified win,bounded search or metadata only,
Classic fan,fan:lldb-529,cLemmings Mayhem 2.DAT#9,A Recurring Impediment(part 3),76.3,low,,no verified win,bounded search or metadata only,
Classic fan,fan:lldb-529,cLemmings Mayhem 3.DAT#0,Through Hell,84.87,low,,no verified win,bounded search or metadata only,
Classic fan,fan:lldb-529,cLemmings Mayhem 3.DAT#1,Through the Burrows,99.41,low,,no verified win,bounded search or metadata only,
Classic fan,fan:lldb-529,cLemmings Mayhem 3.DAT#2,The Splatathon,63.69,low,,no verified win,bounded search or metadata only,
Classic fan,fan:lldb-529,cLemmings Mayhem 3.DAT#3,Star Trek,94.94,low,,no verified win,bounded search or metadata only,
Classic fan,fan:lldb-529,cLemmings Mayhem 3.DAT#4,The Boiler Room,98.55,low,,no verified win,bounded search or metadata only,
Classic fan,fan:lldb-529,cLemmings Mayhem 3.DAT#5,Pillars of the Earth,95.22,low,,no verified win,bounded search or metadata only,
Classic fan,fan:lldb-529,cLemmings Mayhem 3.DAT#6,Accurate Puncuality,103.4,low,,no verified win,bounded search or metadata only,
Classic fan,fan:lldb-529,cLemmings Mayhem 3.DAT#7,The Crescendo,82.88,low,,no verified win,bounded search or metadata only,
Classic fan,fan:lldb-529,cLemmings Mayhem 3.DAT#8,The Three Musketeers,111.05,low,,no verified win,bounded search or metadata only,
Classic fan,fan:lldb-529,cLemmings Mayhem 3.DAT#9,All's fair in Love and War,115.45,low,,no verified win,bounded search or metadata only,
Classic fan,fan:lldb-53,extreme.dat#0,CRYSTALS NOOOOOOOOO!,112.45,low,,no verified win,bounded search or metadata only,
Classic fan,fan:lldb-53,extreme.dat#1,teh evil happy faces,109.65,low,,no verified win,bounded search or metadata only,
Classic fan,fan:lldb-53,extreme.dat#2,smile,97.15,low,,no verified win,bounded search or metadata only,
Classic fan,fan:lldb-53,extreme.dat#3,ties that bind,79.8,low,,no verified win,bounded search or metadata only,
Classic fan,fan:lldb-53,extreme.dat#4,its hero time(part 2),95.75,low,,no verified win,bounded search or metadata only,
Classic fan,fan:lldb-53,extreme.dat#5,be happy,92.3,low,,no verified win,bounded search or metadata only,
Classic fan,fan:lldb-53,extreme.dat#6,water maze,89.5,low,,no verified win,bounded search or metadata only,
Classic fan,fan:lldb-53,extreme.dat#7,dig i tell you dig,77,low,,no verified win,bounded search or metadata only,
Classic fan,fan:lldb-530,OhNoMorecLemmings Tame 1.DAT#0,Just Dig!,45.49,medium,76326491a0a4192bbf0d637a98ffbe9f8810cc12b9ffbfd52978f474f088f1a8,verified win,replay verified,
Classic fan,fan:lldb-530,OhNoMorecLemmings Tame 1.DAT#1,Now Use Miners and Climbers,77,low,,no verified win,bounded search or metadata only,
Classic fan,fan:lldb-530,OhNoMorecLemmings Tame 1.DAT#2,Only Floaters Can Survive This,50.65,medium,a8939f460d99d38dc8d737f5a91104c22a8eb367c709700a87020d9c15852d45,verified win,replay verified,
Classic fan,fan:lldb-530,OhNoMorecLemmings Tame 1.DAT#3,You Need Bashers This Time,49.05,medium,a08dc23c9546480c80b7feb92889e6c87d5b410964c26a15ef114fd093aa7ac9,verified win,replay verified,
Classic fan,fan:lldb-530,OhNoMorecLemmings Tame 1.DAT#4,Tailor Made for Blockers,36.75,low,,no verified win,bounded search or metadata only,
Classic fan,fan:lldb-530,OhNoMorecLemmings Tame 1.DAT#5,Let's Block and Blow!,43,low,,no verified win,bounded search or metadata only,
Classic fan,fan:lldb-530,OhNoMorecLemmings Tame 1.DAT#6,Builders Will Help You Here,28.75,low,,no verified win,bounded search or metadata only,
Classic fan,fan:lldb-530,OhNoMorecLemmings Tame 1.DAT#7,Making Snowlemmings,100,low,,no verified win,bounded search or metadata only,
Classic fan,fan:lldb-530,OhNoMorecLemmings Tame 1.DAT#8,Be RiGhT bAcK!,100,low,,no verified win,bounded search or metadata only,
Classic fan,fan:lldb-530,OhNoMorecLemmings Tame 1.DAT#9,It'll be Comin' Round the Mtn.,108,low,,no verified win,bounded search or metadata only,
Classic fan,fan:lldb-530,OhNoMorecLemmings Tame 2.DAT#0,Lemmings in the Tub,108,low,,no verified win,bounded search or metadata only,
Classic fan,fan:lldb-530,OhNoMorecLemmings Tame 2.DAT#1,Frostlemm,108,low,,no verified win,bounded search or metadata only,
Classic fan,fan:lldb-530,OhNoMorecLemmings Tame 2.DAT#2,Just a Bit of Lemmings,92,low,,no verified win,bounded search or metadata only,
Classic fan,fan:lldb-530,OhNoMorecLemmings Tame 2.DAT#3,The Mountain Peaks,108,low,,no verified win,bounded search or metadata only,
Classic fan,fan:lldb-530,OhNoMorecLemmings Tame 2.DAT#4,Lemmings of the West,100,low,,no verified win,bounded search or metadata only,
Classic fan,fan:lldb-530,OhNoMorecLemmings Tame 2.DAT#5,Free Lemmings,620.59,medium,e5389065126f5f7414983f51d8e1a7387fd5e976388fefa2e41add9d4d47c27d,verified win,replay verified,
Classic fan,fan:lldb-530,OhNoMorecLemmings Tame 2.DAT#6,Bubbles in the Lemms,100,low,,no verified win,bounded search or metadata only,
Classic fan,fan:lldb-530,OhNoMorecLemmings Tame 2.DAT#7,"Snowflakes, snowflakes, . . .",100,low,,no verified win,bounded search or metadata only,
Classic fan,fan:lldb-530,OhNoMorecLemmings Tame 2.DAT#8,The Great Lemming Road,92,low,,no verified win,bounded search or metadata only,
Classic fan,fan:lldb-530,OhNoMorecLemmings Tame 2.DAT#9,Lemming's Night,100,low,,no verified win,bounded search or metadata only,
Classic fan,fan:lldb-531,OhNoMorecLemmings Crazy 1.DAT#0,The Mad Freezer,115.9,low,,no verified win,bounded search or metadata only,
Classic fan,fan:lldb-531,OhNoMorecLemmings Crazy 1.DAT#1,LEMMINGS IS KILLING,102.44,low,,no verified win,bounded search or metadata only,
Classic fan,fan:lldb-531,OhNoMorecLemmings Crazy 1.DAT#2,Hard to Swallow,48.56,low,,no verified win,bounded search or metadata only,
Classic fan,fan:lldb-531,OhNoMorecLemmings Crazy 1.DAT#3,"Time, Time, Time!",77.59,low,,no verified win,bounded search or metadata only,
Classic fan,fan:lldb-531,OhNoMorecLemmings Crazy 1.DAT#4,Lemming Language,112.47,low,,no verified win,bounded search or metadata only,
Classic fan,fan:lldb-531,OhNoMorecLemmings Crazy 1.DAT#5,The Peaks,115.09,low,,no verified win,bounded search or metadata only,
Classic fan,fan:lldb-531,OhNoMorecLemmings Crazy 1.DAT#6,Proffesional Preferences,114.5,low,,no verified win,bounded search or metadata only,
Classic fan,fan:lldb-531,OhNoMorecLemmings Crazy 1.DAT#7,Lemming Bubbles,114.09,low,,no verified win,bounded search or metadata only,
Classic fan,fan:lldb-531,OhNoMorecLemmings Crazy 1.DAT#8,ohnomoreclemmings crazy 1.dat 9,115.36,low,,no verified win,bounded search or metadata only,
Classic fan,fan:lldb-531,OhNoMorecLemmings Crazy 1.DAT#9,The Digfest,94,low,,no verified win,bounded search or metadata only,
Classic fan,fan:lldb-531,OhNoMorecLemmings Crazy 2.DAT#0,If Not For the Lemmings . . .,102.44,low,,no verified win,bounded search or metadata only,
Classic fan,fan:lldb-531,OhNoMorecLemmings Crazy 2.DAT#1,Cloudy Skies,101.59,low,,no verified win,bounded search or metadata only,
Classic fan,fan:lldb-531,OhNoMorecLemmings Crazy 2.DAT#2,Mortar and Blocks,77,low,,no verified win,bounded search or metadata only,
Classic fan,fan:lldb-531,OhNoMorecLemmings Crazy 2.DAT#3,Lack of Solidity,95.1,low,,no verified win,bounded search or metadata only,
Classic fan,fan:lldb-531,OhNoMorecLemmings Crazy 2.DAT#4,Jump the Crack,98.14,low,,no verified win,bounded search or metadata only,
Classic fan,fan:lldb-531,OhNoMorecLemmings Crazy 2.DAT#5,Lemmings at the Wall,94.94,low,,no verified win,bounded search or metadata only,
Classic fan,fan:lldb-531,OhNoMorecLemmings Crazy 2.DAT#6,Prepare to be Mindblown,98.55,low,,no verified win,bounded search or metadata only,
Classic fan,fan:lldb-531,OhNoMorecLemmings Crazy 2.DAT#7,Lemmings On The Spot,75.25,low,,no verified win,bounded search or metadata only,
Classic fan,fan:lldb-531,OhNoMorecLemmings Crazy 2.DAT#8,Goldlemming!,74.95,low,,no verified win,bounded search or metadata only,
Classic fan,fan:lldb-531,OhNoMorecLemmings Crazy 2.DAT#9,Lemmy Balboa,74.11,low,,no verified win,bounded search or metadata only,
Classic fan,fan:lldb-532,OhNoMorecLemmings Wild 1.DAT#0,Wild Lemmings,107.44,low,,no verified win,bounded search or metadata only,
Classic fan,fan:lldb-532,OhNoMorecLemmings Wild 1.DAT#1,Lemprints in the Snow,87.65,low,,no verified win,bounded search or metadata only,
Classic fan,fan:lldb-532,OhNoMorecLemmings Wild 1.DAT#2,Valley of the Kings,107.19,low,,no verified win,bounded search or metadata only,
Classic fan,fan:lldb-532,OhNoMorecLemmings Wild 1.DAT#3,That Isn't Right!,99.14,low,,no verified win,bounded search or metadata only,
Classic fan,fan:lldb-532,OhNoMorecLemmings Wild 1.DAT#4,No Thank You,70,low,,no verified win,bounded search or metadata only,
Classic fan,fan:lldb-532,OhNoMorecLemmings Wild 1.DAT#5,Tragic Occurrences,91.89,low,,no verified win,bounded search or metadata only,
Classic fan,fan:lldb-532,OhNoMorecLemmings Wild 1.DAT#6,A Nicer Take on Timing,76.51,low,,no verified win,bounded search or metadata only,
Classic fan,fan:lldb-532,OhNoMorecLemmings Wild 1.DAT#7,To That and a Little to Lemmings,88.69,low,,no verified win,bounded search or metadata only,
Classic fan,fan:lldb-532,OhNoMorecLemmings Wild 1.DAT#8,Buried in the Snow . . .,102.99,low,,no verified win,bounded search or metadata only,
Classic fan,fan:lldb-532,OhNoMorecLemmings Wild 1.DAT#9,Lemgnosis,73.53,low,,no verified win,bounded search or metadata only,
Classic fan,fan:lldb-532,OhNoMorecLemmings Wild 2.DAT#0,GoNe WiTh ThE wInD,67.84,low,,no verified win,bounded search or metadata only,
Classic fan,fan:lldb-532,OhNoMorecLemmings Wild 2.DAT#1,"Fear, Uncertainty, and Doubt",104.8,low,,no verified win,bounded search or metadata only,
Classic fan,fan:lldb-532,OhNoMorecLemmings Wild 2.DAT#2,The Cold Room,90.9,low,,no verified win,bounded search or metadata only,
Classic fan,fan:lldb-532,OhNoMorecLemmings Wild 2.DAT#3,Written in Pascal . . .,95.34,low,,no verified win,bounded search or metadata only,
Classic fan,fan:lldb-532,OhNoMorecLemmings Wild 2.DAT#4,To Da Loo . . .,85.19,low,,no verified win,bounded search or metadata only,
Classic fan,fan:lldb-532,OhNoMorecLemmings Wild 2.DAT#5,Wild Thing . . .,76.19,low,,no verified win,bounded search or metadata only,
Classic fan,fan:lldb-532,OhNoMorecLemmings Wild 2.DAT#6,Puzzled? I Think So . . .,87.75,low,,no verified win,bounded search or metadata only,
Classic fan,fan:lldb-532,OhNoMorecLemmings Wild 2.DAT#7,Timing Indeed . . .,72.81,low,,no verified win,bounded search or metadata only,
Classic fan,fan:lldb-532,OhNoMorecLemmings Wild 2.DAT#8,Creativity Beyond Lemmings . . .,78.4,low,,no verified win,bounded search or metadata only,
Classic fan,fan:lldb-532,OhNoMorecLemmings Wild 2.DAT#9,Snowcaps,85.72,low,,no verified win,bounded search or metadata only,
Classic fan,fan:lldb-533,OhNoMorecLemmings Wicked 1.DAT#0,Wicked Cool!,81.5,low,,no verified win,bounded search or metadata only,
Classic fan,fan:lldb-533,OhNoMorecLemmings Wicked 1.DAT#1,The Classic Turnaround Level,83.25,low,,no verified win,bounded search or metadata only,
Classic fan,fan:lldb-533,OhNoMorecLemmings Wicked 1.DAT#2,Easy Going Lemmings,74.56,low,,no verified win,bounded search or metadata only,
Classic fan,fan:lldb-533,OhNoMorecLemmings Wicked 1.DAT#3,I'll  Give You Some Leeway,95.75,low,,no verified win,bounded search or metadata only,
Classic fan,fan:lldb-533,OhNoMorecLemmings Wicked 1.DAT#4,The Advantageous Masterpiece,92.66,low,,no verified win,bounded search or metadata only,
Classic fan,fan:lldb-533,OhNoMorecLemmings Wicked 1.DAT#5,I'm Sorry Yggdrasil,89.05,low,,no verified win,bounded search or metadata only,
Classic fan,fan:lldb-533,OhNoMorecLemmings Wicked 1.DAT#6,The Cave of Despair . . .,98.14,low,,no verified win,bounded search or metadata only,
Classic fan,fan:lldb-533,OhNoMorecLemmings Wicked 1.DAT#7,The c Means Custom,67.92,low,,no verified win,bounded search or metadata only,
Classic fan,fan:lldb-533,OhNoMorecLemmings Wicked 1.DAT#8,One of Many Illusions,85.84,low,,no verified win,bounded search or metadata only,
Classic fan,fan:lldb-533,OhNoMorecLemmings Wicked 1.DAT#9,Do the Lemwalk,87.75,low,,no verified win,bounded search or metadata only,
Classic fan,fan:lldb-533,OhNoMorecLemmings Wicked 2.DAT#0,Snowlemmings,84.24,low,,no verified win,bounded search or metadata only,
Classic fan,fan:lldb-533,OhNoMorecLemmings Wicked 2.DAT#1,The Final Barrier,81.5,low,,no verified win,bounded search or metadata only,
Classic fan,fan:lldb-533,OhNoMorecLemmings Wicked 2.DAT#2,Unnecessary Lemmings,108.03,low,,no verified win,bounded search or metadata only,
Classic fan,fan:lldb-533,OhNoMorecLemmings Wicked 2.DAT#3,What's Better Than Bubbles?,64.52,low,,no verified win,bounded search or metadata only,
Classic fan,fan:lldb-533,OhNoMorecLemmings Wicked 2.DAT#4,A Fistful of Lemmings,88.96,low,,no verified win,bounded search or metadata only,
Classic fan,fan:lldb-533,OhNoMorecLemmings Wicked 2.DAT#5,. . . And a Few Lemmings More,115.09,low,,no verified win,bounded search or metadata only,
Classic fan,fan:lldb-533,OhNoMorecLemmings Wicked 2.DAT#6,That isn't a Lemming . . .,80.11,low,,no verified win,bounded search or metadata only,
Classic fan,fan:lldb-533,OhNoMorecLemmings Wicked 2.DAT#7,Only the Tip of the Iceberg,85.3,low,,no verified win,bounded search or metadata only,
Classic fan,fan:lldb-533,OhNoMorecLemmings Wicked 2.DAT#8,"Lemmings, The Astronomical!",91.56,low,,no verified win,bounded search or metadata only,
Classic fan,fan:lldb-533,OhNoMorecLemmings Wicked 2.DAT#9,On to Greener Pastures,95.53,low,,no verified win,bounded search or metadata only,
Classic fan,fan:lldb-534,OhNoMorecLemmings Havoc 1.DAT#0,My Kingdom for a Lemming!,65.22,low,,no verified win,bounded search or metadata only,
Classic fan,fan:lldb-534,OhNoMorecLemmings Havoc 1.DAT#1,Tracking the Snowy Vastness. . .,78.71,low,,no verified win,bounded search or metadata only,
Classic fan,fan:lldb-534,OhNoMorecLemmings Havoc 1.DAT#2,Of The Lemmings Not,91.89,low,,no verified win,bounded search or metadata only,
Classic fan,fan:lldb-534,OhNoMorecLemmings Havoc 1.DAT#3,Superlemming Vendetta,86.94,low,,no verified win,bounded search or metadata only,
Classic fan,fan:lldb-534,OhNoMorecLemmings Havoc 1.DAT#4,"Oh Dear, Not Again",92.89,low,,no verified win,bounded search or metadata only,
Classic fan,fan:lldb-534,OhNoMorecLemmings Havoc 1.DAT#5,What is it Now?,92.3,low,,no verified win,bounded search or metadata only,
Classic fan,fan:lldb-534,OhNoMorecLemmings Havoc 1.DAT#6,Lemming Ablation,103.18,low,,no verified win,bounded search or metadata only,
Classic fan,fan:lldb-534,OhNoMorecLemmings Havoc 1.DAT#7,The Chameleon of DMA,98.55,low,,no verified win,bounded search or metadata only,
Classic fan,fan:lldb-534,OhNoMorecLemmings Havoc 1.DAT#8,The Chain Gang,86.05,low,,no verified win,bounded search or metadata only,
Classic fan,fan:lldb-534,OhNoMorecLemmings Havoc 1.DAT#9,Sliding on Thin Ice,83.25,low,,no verified win,bounded search or metadata only,
Classic fan,fan:lldb-534,OhNoMorecLemmings Havoc 2.DAT#0,The Corners of the Map,86.05,low,,no verified win,bounded search or metadata only,
Classic fan,fan:lldb-534,OhNoMorecLemmings Havoc 2.DAT#1,Beware the Devil Lemming,93.7,low,,no verified win,bounded search or metadata only,
Classic fan,fan:lldb-534,OhNoMorecLemmings Havoc 2.DAT#2,With a Bitter Aftertaste,101.19,low,,no verified win,bounded search or metadata only,
Classic fan,fan:lldb-534,OhNoMorecLemmings Havoc 2.DAT#3,Snowed In,93.7,low,,no verified win,bounded search or metadata only,
Classic fan,fan:lldb-534,OhNoMorecLemmings Havoc 2.DAT#4,The Great Lemming Excursion,91.49,low,,no verified win,bounded search or metadata only,
Classic fan,fan:lldb-534,OhNoMorecLemmings Havoc 2.DAT#5,Bricky,89.28,low,,no verified win,bounded search or metadata only,
Classic fan,fan:lldb-534,OhNoMorecLemmings Havoc 2.DAT#6,Just a Spoonful of Sugar,87.65,low,,no verified win,bounded search or metadata only,
Classic fan,fan:lldb-534,OhNoMorecLemmings Havoc 2.DAT#7,Take a Chill Pill,95.89,low,,no verified win,bounded search or metadata only,
Classic fan,fan:lldb-534,OhNoMorecLemmings Havoc 2.DAT#8,Scale the Heights,80.34,low,,no verified win,bounded search or metadata only,
Classic fan,fan:lldb-534,OhNoMorecLemmings Havoc 2.DAT#9,The Space-Lemming Conundrum,94.89,low,,no verified win,bounded search or metadata only,
Classic fan,fan:lldb-535,Holiday cLemmings Frost 1.DAT#0,Floating Down!,81.34,medium,7cd68215a3f3685c813b31fc9b4f191a32eff941680b491854f55f940f3d18ca,verified win,replay verified,
Classic fan,fan:lldb-535,Holiday cLemmings Frost 1.DAT#1,Digging Tasks,65.09,low,,no verified win,bounded search or metadata only,
Classic fan,fan:lldb-535,Holiday cLemmings Frost 1.DAT#2,Building Past Death,60.59,low,,no verified win,bounded search or metadata only,
Classic fan,fan:lldb-535,Holiday cLemmings Frost 1.DAT#3,"Climbing Will Help, Now",142.48,medium,e4b2183218011e5d7c6edc58d558c3a0e0e6621f914692e21a0ffcd26b07b109,verified win,replay verified,
Classic fan,fan:lldb-535,Holiday cLemmings Frost 1.DAT#4,My Pretty Little Lemmings,114.64,low,,no verified win,bounded search or metadata only,
Classic fan,fan:lldb-535,Holiday cLemmings Frost 1.DAT#5,The Ice Box,111.84,low,,no verified win,bounded search or metadata only,
Classic fan,fan:lldb-535,Holiday cLemmings Frost 1.DAT#6,"Lemmings Like Ike, Too",110.44,low,,no verified win,bounded search or metadata only,
Classic fan,fan:lldb-535,Holiday cLemmings Frost 1.DAT#7,Fosty The Lemman,102.44,low,,no verified win,bounded search or metadata only,
Classic fan,fan:lldb-535,Holiday cLemmings Frost 1.DAT#8,Snow Fortress,117.44,low,,no verified win,bounded search or metadata only,
Classic fan,fan:lldb-535,Holiday cLemmings Frost 1.DAT#9,A Pun on Puns,110.44,low,,no verified win,bounded search or metadata only,
Classic fan,fan:lldb-535,Holiday cLemmings Frost 2.DAT#0,Snow The Lemmings Went Ahead,102.44,low,,no verified win,bounded search or metadata only,
Classic fan,fan:lldb-535,Holiday cLemmings Frost 2.DAT#1,Whiteout,102.44,low,,no verified win,bounded search or metadata only,
Classic fan,fan:lldb-535,Holiday cLemmings Frost 2.DAT#2,"That, Though, Is a Lemming",111.84,low,,no verified win,bounded search or metadata only,
Classic fan,fan:lldb-535,Holiday cLemmings Frost 2.DAT#3,-Teen Ninety-Four,116.04,low,,no verified win,bounded search or metadata only,
Classic fan,fan:lldb-535,Holiday cLemmings Frost 2.DAT#4,"To Life, and Lots of Presents",110.44,low,,no verified win,bounded search or metadata only,
Classic fan,fan:lldb-535,Holiday cLemmings Frost 2.DAT#5,The Snowy Ages,111.84,low,,no verified win,bounded search or metadata only,
Classic fan,fan:lldb-536,Holiday cLemmings Hail 1.DAT#0,Leeemmy! You Know What You Are?!,107.78,low,,no verified win,bounded search or metadata only,
Classic fan,fan:lldb-536,Holiday cLemmings Hail 1.DAT#1,Through The Snow They Go,72.31,low,,no verified win,bounded search or metadata only,
Classic fan,fan:lldb-536,Holiday cLemmings Hail 1.DAT#2,The Presents Are Pouring In!,77.99,low,,no verified win,bounded search or metadata only,
Classic fan,fan:lldb-536,Holiday cLemmings Hail 1.DAT#3,"Lights In The Cold, Winter Night",91.69,low,,no verified win,bounded search or metadata only,
Classic fan,fan:lldb-536,Holiday cLemmings Hail 1.DAT#4,"Let it Snow, Let it Snow, . . .",114.5,low,,no verified win,bounded search or metadata only,
Classic fan,fan:lldb-536,Holiday cLemmings Hail 1.DAT#5,Ice Skewer,103.66,low,,no verified win,bounded search or metadata only,
Classic fan,fan:lldb-536,Holiday cLemmings Hail 1.DAT#6,Ho Ho Ho!,104.47,low,,no verified win,bounded search or metadata only,
Classic fan,fan:lldb-536,Holiday cLemmings Hail 1.DAT#7,The Great Antarctic Voyage,119.47,low,,no verified win,bounded search or metadata only,
Classic fan,fan:lldb-536,Holiday cLemmings Hail 1.DAT#8,Is That Better?,77.16,low,,no verified win,bounded search or metadata only,
Classic fan,fan:lldb-536,Holiday cLemmings Hail 1.DAT#9,Lemmmigns!,116.67,low,,no verified win,bounded search or metadata only,
Classic fan,fan:lldb-536,Holiday cLemmings Hail 2.DAT#0,A Free-For-All!,106.5,low,,no verified win,bounded search or metadata only,
Classic fan,fan:lldb-536,Holiday cLemmings Hail 2.DAT#1,The Lem Lax Land,85.64,low,,no verified win,bounded search or metadata only,
Classic fan,fan:lldb-536,Holiday cLemmings Hail 2.DAT#2,Say Whaaaaa?,46.38,low,,no verified win,bounded search or metadata only,
Classic fan,fan:lldb-536,Holiday cLemmings Hail 2.DAT#3,No Rendezvous For You!,93.07,low,,no verified win,bounded search or metadata only,
Classic fan,fan:lldb-536,Holiday cLemmings Hail 2.DAT#4,"Up, Up, And Away!!!",98.14,low,,no verified win,bounded search or metadata only,
Classic fan,fan:lldb-536,Holiday cLemmings Hail 2.DAT#5,Ice Party at Steel's House!,97.74,low,,no verified win,bounded search or metadata only,
Classic fan,fan:lldb-537,Holiday cLemmings Flurry 1.DAT#0,Ice Lemm,60.31,low,,no verified win,bounded search or metadata only,
Classic fan,fan:lldb-537,Holiday cLemmings Flurry 1.DAT#1,"No Entry, No Exit",86.25,low,,no verified win,bounded search or metadata only,
Classic fan,fan:lldb-537,Holiday cLemmings Flurry 1.DAT#2,One Lone Lemm In The Snow,86.05,low,,no verified win,bounded search or metadata only,
Classic fan,fan:lldb-537,Holiday cLemmings Flurry 1.DAT#3,The Snows of Time,92.48,low,,no verified win,bounded search or metadata only,
Classic fan,fan:lldb-537,Holiday cLemmings Flurry 1.DAT#4,They Killed Lemmy!,75.33,low,,no verified win,bounded search or metadata only,
Classic fan,fan:lldb-537,Holiday cLemmings Flurry 1.DAT#5,No Lemmings For You!,97.9,low,,no verified win,bounded search or metadata only,
Classic fan,fan:lldb-537,Holiday cLemmings Flurry 1.DAT#6,Lemming Business,89.5,low,,no verified win,bounded search or metadata only,
Classic fan,fan:lldb-537,Holiday cLemmings Flurry 1.DAT#7,Biglemm Was Here,107.39,low,,no verified win,bounded search or metadata only,
Classic fan,fan:lldb-537,Holiday cLemmings Flurry 1.DAT#8,Snow Removal Team,71.24,low,,no verified win,bounded search or metadata only,
Classic fan,fan:lldb-537,Holiday cLemmings Flurry 1.DAT#9,"Snow Me, Lemmings!",78.4,low,,no verified win,bounded search or metadata only,
Classic fan,fan:lldb-537,Holiday cLemmings Flurry 2.DAT#0,The Second Splatathon,75.41,low,,no verified win,bounded search or metadata only,
Classic fan,fan:lldb-537,Holiday cLemmings Flurry 2.DAT#1,Lemmings of the Rising Sun,90.65,low,,no verified win,bounded search or metadata only,
Classic fan,fan:lldb-537,Holiday cLemmings Flurry 2.DAT#2,The Blizzard,97.74,low,,no verified win,bounded search or metadata only,
Classic fan,fan:lldb-537,Holiday cLemmings Flurry 2.DAT#3,Bringing in the Presents,109.99,low,,no verified win,bounded search or metadata only,
Classic fan,fan:lldb-537,Holiday cLemmings Flurry 2.DAT#4,Vacation Gone Wrong,98.55,low,,no verified win,bounded search or metadata only,
Classic fan,fan:lldb-537,Holiday cLemmings Flurry 2.DAT#5,Lemmings Insurance,75.96,low,,no verified win,bounded search or metadata only,
Classic fan,fan:lldb-538,Holiday cLemmings Blitz 1.DAT#0,The Snow is Melting,104.8,low,,no verified win,bounded search or metadata only,
Classic fan,fan:lldb-538,Holiday cLemmings Blitz 1.DAT#1,Microsoft Holidays in 1994,101.19,low,,no verified win,bounded search or metadata only,
Classic fan,fan:lldb-538,Holiday cLemmings Blitz 1.DAT#2,The Lemmings Expertise Lemming,93.7,low,,no verified win,bounded search or metadata only,
Classic fan,fan:lldb-538,Holiday cLemmings Blitz 1.DAT#3,The Great Snowy Lemmousine,83.25,low,,no verified win,bounded search or metadata only,
Classic fan,fan:lldb-538,Holiday cLemmings Blitz 1.DAT#4,Snow in the Lems,98.14,low,,no verified win,bounded search or metadata only,
Classic fan,fan:lldb-538,Holiday cLemmings Blitz 1.DAT#5,Christmas in Upsidedown World,82.6,low,,no verified win,bounded search or metadata only,
Classic fan,fan:lldb-538,Holiday cLemmings Blitz 1.DAT#6,The Snow Shack,89.5,low,,no verified win,bounded search or metadata only,
Classic fan,fan:lldb-538,Holiday cLemmings Blitz 1.DAT#7,Saintly Lemmings,87.45,low,,no verified win,bounded search or metadata only,
Classic fan,fan:lldb-538,Holiday cLemmings Blitz 1.DAT#8,The Snowish March,84.65,low,,no verified win,bounded search or metadata only,
Classic fan,fan:lldb-538,Holiday cLemmings Blitz 1.DAT#9,Christmas on the snow,83.25,low,,no verified win,bounded search or metadata only,
Classic fan,fan:lldb-538,Holiday cLemmings Blitz 2.DAT#0,"Snowy Days, Snowy Days . . .",92.3,low,,no verified win,bounded search or metadata only,
Classic fan,fan:lldb-538,Holiday cLemmings Blitz 2.DAT#1,The Snow is Coming,100.54,low,,no verified win,bounded search or metadata only,
Classic fan,fan:lldb-538,Holiday cLemmings Blitz 2.DAT#2,Iced Lemmings,95.75,low,,no verified win,bounded search or metadata only,
Classic fan,fan:lldb-538,Holiday cLemmings Blitz 2.DAT#3,Snowy Trails . . .,90.9,low,,no verified win,bounded search or metadata only,
Classic fan,fan:lldb-538,Holiday cLemmings Blitz 2.DAT#4,The Christmas Classic,77.18,low,,no verified win,bounded search or metadata only,
Classic fan,fan:lldb-538,Holiday cLemmings Blitz 2.DAT#5,Happy New Year!,84.65,low,,no verified win,bounded search or metadata only,
Classic fan,fan:lldb-54,BulletRide5(ver3).dat#0,The Jester Race,97.15,low,,no verified win,bounded search or metadata only,
Classic fan,fan:lldb-54,BulletRide5(ver3).dat#1,Present Push,94.45,low,,no verified win,bounded search or metadata only,
Classic fan,fan:lldb-54,BulletRide5(ver3).dat#2,The Necromancer,92.25,low,,no verified win,bounded search or metadata only,
Classic fan,fan:lldb-54,BulletRide5(ver3).dat#3,Cut to the Quick,57.25,low,,no verified win,bounded search or metadata only,
Classic fan,fan:lldb-54,BulletRide5(ver3).dat#4,The Quiet Place,102.1,low,,no verified win,bounded search or metadata only,
Classic fan,fan:lldb-54,BulletRide5(ver3).dat#5,A Fair Old Lick,105.55,low,,no verified win,bounded search or metadata only,
Classic fan,fan:lldb-54,BulletRide5(ver3).dat#6,The Chainheart Machine,103.5,low,,no verified win,bounded search or metadata only,
Classic fan,fan:lldb-54,BulletRide5(ver3).dat#7,Beastial Oblivion,109,low,,no verified win,bounded search or metadata only,
Classic fan,fan:lldb-54,BulletRide5(ver3).dat#8,Beastial Oblivion (part 2),107.7,low,,no verified win,bounded search or metadata only,
Classic fan,fan:lldb-54,BulletRide5(ver3).dat#9,Fall Guy,107.8,low,,no verified win,bounded search or metadata only,
Classic fan,fan:lldb-542,Pieuw 2007 Peace 1.DAT#0,Have a Pleasant Journey !,268.04,medium,89efdbd45c0dab49b21fe03c34de8081cceed55971a90065182151d086fddac5,verified win,replay verified,
Classic fan,fan:lldb-542,Pieuw 2007 Peace 1.DAT#1,Oscillating Lemmings,466.96,medium,f3d142b4109609a2e5c1c9f447eb5e5ee86f0114bb124eda91df4f316b162b73,verified win,replay verified,
Classic fan,fan:lldb-542,Pieuw 2007 Peace 1.DAT#2,Traffic Policemen are Comming !,52.75,low,,no verified win,bounded search or metadata only,
Classic fan,fan:lldb-542,Pieuw 2007 Peace 1.DAT#3,Subterranean Exit,60.75,low,,no verified win,bounded search or metadata only,
Classic fan,fan:lldb-542,Pieuw 2007 Peace 1.DAT#4,Let's review what they can do,100,low,,no verified win,bounded search or metadata only,
Classic fan,fan:lldb-542,Pieuw 2007 Peace 1.DAT#5,Rising to Paradise,52.75,low,,no verified win,bounded search or metadata only,
Classic fan,fan:lldb-542,Pieuw 2007 Peace 1.DAT#6,Deep Forest,82.25,low,,no verified win,bounded search or metadata only,
Classic fan,fan:lldb-542,Pieuw 2007 Peace 1.DAT#7,Frozen Lemmings,106.38,low,,no verified win,bounded search or metadata only,
Classic fan,fan:lldb-542,Pieuw 2007 Peace 1.DAT#8,A job for Miners,52.75,low,,no verified win,bounded search or metadata only,
Classic fan,fan:lldb-542,Pieuw 2007 Peace 1.DAT#9,Avoid the Fall !,90.25,low,,no verified win,bounded search or metadata only,
Classic fan,fan:lldb-542,Pieuw 2007 Peace 2.DAT#0,Follow the Arrow,99.65,low,,no verified win,bounded search or metadata only,
Classic fan,fan:lldb-542,Pieuw 2007 Peace 2.DAT#1,Make him act before Falling,66.17,low,,no verified win,bounded search or metadata only,
Classic fan,fan:lldb-542,Pieuw 2007 Peace 2.DAT#2,Use your feet to climb,54.62,low,,no verified win,bounded search or metadata only,
Classic fan,fan:lldb-542,Pieuw 2007 Peace 2.DAT#3,The Strange Relict of Rhodes,92,low,,no verified win,bounded search or metadata only,
Classic fan,fan:lldb-542,Pieuw 2007 Peace 2.DAT#4,Don't look Downwards !,90.25,low,,no verified win,bounded search or metadata only,
Classic fan,fan:lldb-542,Pieuw 2007 Peace 2.DAT#5,This is not a prison,90.33,low,,no verified win,bounded search or metadata only,
Classic fan,fan:lldb-542,Pieuw 2007 Peace 2.DAT#6,Rock Desert,90.25,low,,no verified win,bounded search or metadata only,
Classic fan,fan:lldb-542,Pieuw 2007 Peace 2.DAT#7,Wood piece,84,low,,no verified win,bounded search or metadata only,
Classic fan,fan:lldb-542,Pieuw 2007 Peace 2.DAT#8,It's a Pipe-World,67.96,low,,no verified win,bounded search or metadata only,
Classic fan,fan:lldb-542,Pieuw 2007 Peace 2.DAT#9,The Emerald Grotto,51,low,,no verified win,bounded search or metadata only,
Classic fan,fan:lldb-543,Pieuw 2007 Awkward 1.DAT#0,Lemmings in a Box,87.75,low,,no verified win,bounded search or metadata only,
Classic fan,fan:lldb-543,Pieuw 2007 Awkward 1.DAT#1,Iron Industry,94,low,,no verified win,bounded search or metadata only,
Classic fan,fan:lldb-543,Pieuw 2007 Awkward 1.DAT#2,Swallowing Lemmings,69.35,low,,no verified win,bounded search or metadata only,
Classic fan,fan:lldb-543,Pieuw 2007 Awkward 1.DAT#3,Snakefood,75.25,low,,no verified win,bounded search or metadata only,
Classic fan,fan:lldb-543,Pieuw 2007 Awkward 1.DAT#4,In an Anthill,75.25,low,,no verified win,bounded search or metadata only,
Classic fan,fan:lldb-543,Pieuw 2007 Awkward 1.DAT#5,Lemming City,108,low,,no verified win,bounded search or metadata only,
Classic fan,fan:lldb-543,Pieuw 2007 Awkward 1.DAT#6,Grassy Path,81.3,low,,no verified win,bounded search or metadata only,
Classic fan,fan:lldb-543,Pieuw 2007 Awkward 1.DAT#7,Don't let them  being greedy,92.4,low,,no verified win,bounded search or metadata only,
Classic fan,fan:lldb-543,Pieuw 2007 Awkward 1.DAT#8,Work hard and Die,72.65,low,,no verified win,bounded search or metadata only,
Classic fan,fan:lldb-543,Pieuw 2007 Awkward 1.DAT#9,The Hiking Tour,98.55,low,,no verified win,bounded search or metadata only,
Classic fan,fan:lldb-543,Pieuw 2007 Awkward 2.DAT#0,Cloud-Covered Stalactite,91.83,low,,no verified win,bounded search or metadata only,
Classic fan,fan:lldb-543,Pieuw 2007 Awkward 2.DAT#1,Be cruel with your workers,78.67,low,,no verified win,bounded search or metadata only,
Classic fan,fan:lldb-543,Pieuw 2007 Awkward 2.DAT#2,Hell World,94.12,low,,no verified win,bounded search or metadata only,
Classic fan,fan:lldb-543,Pieuw 2007 Awkward 2.DAT#3,Make a choice,59.25,low,,no verified win,bounded search or metadata only,
Classic fan,fan:lldb-543,Pieuw 2007 Awkward 2.DAT#4,Deepest Forest,58.83,low,,no verified win,bounded search or metadata only,
Classic fan,fan:lldb-543,Pieuw 2007 Awkward 2.DAT#5,The Olivine Grotto,51.25,low,,no verified win,bounded search or metadata only,
Classic fan,fan:lldb-543,Pieuw 2007 Awkward 2.DAT#6,Foam Bath,69,low,,no verified win,bounded search or metadata only,
Classic fan,fan:lldb-543,Pieuw 2007 Awkward 2.DAT#7,Dirty way,101.55,low,,no verified win,bounded search or metadata only,
Classic fan,fan:lldb-543,Pieuw 2007 Awkward 2.DAT#8,Zigzag World,102.47,low,,no verified win,bounded search or metadata only,
Classic fan,fan:lldb-543,Pieuw 2007 Awkward 2.DAT#9,The end,92.08,low,,no verified win,bounded search or metadata only,
Classic fan,fan:lldb-544,Pieuw 2007 Artful 1.DAT#0,Break the Ice,75.25,low,,no verified win,bounded search or metadata only,
Classic fan,fan:lldb-544,Pieuw 2007 Artful 1.DAT#1,Return to the Fold,95.75,low,,no verified win,bounded search or metadata only,
Classic fan,fan:lldb-544,Pieuw 2007 Artful 1.DAT#2,Backward Train,95.75,low,,no verified win,bounded search or metadata only,
Classic fan,fan:lldb-544,Pieuw 2007 Artful 1.DAT#3,The Ghost Cross,79.55,low,,no verified win,bounded search or metadata only,
Classic fan,fan:lldb-544,Pieuw 2007 Artful 1.DAT#4,Dark Valley,89.94,low,,no verified win,bounded search or metadata only,
Classic fan,fan:lldb-544,Pieuw 2007 Artful 1.DAT#5,Have a Pleasant Journey !,80.2,low,,no verified win,bounded search or metadata only,
Classic fan,fan:lldb-544,Pieuw 2007 Artful 1.DAT#6,Terrorist Attack,56,low,,no verified win,bounded search or metadata only,
Classic fan,fan:lldb-544,Pieuw 2007 Artful 1.DAT#7,So Logical,90.5,low,,no verified win,bounded search or metadata only,
Classic fan,fan:lldb-544,Pieuw 2007 Artful 1.DAT#8,Chilly Lemmings,87.88,low,,no verified win,bounded search or metadata only,
Classic fan,fan:lldb-544,Pieuw 2007 Artful 1.DAT#9,Rising to Heaven,73.38,low,,no verified win,bounded search or metadata only,
Classic fan,fan:lldb-544,Pieuw 2007 Artful 2.DAT#0,Clumps,80.4,low,,no verified win,bounded search or metadata only,
Classic fan,fan:lldb-544,Pieuw 2007 Artful 2.DAT#1,Underground Exit,83.25,low,,no verified win,bounded search or metadata only,
Classic fan,fan:lldb-544,Pieuw 2007 Artful 2.DAT#2,Stay Following the Arrow,96.07,low,,no verified win,bounded search or metadata only,
Classic fan,fan:lldb-544,Pieuw 2007 Artful 2.DAT#3,The Drowning Walk,115.9,low,,no verified win,bounded search or metadata only,
Classic fan,fan:lldb-544,Pieuw 2007 Artful 2.DAT#4,Lemmings on a Thread,100.8,low,,no verified win,bounded search or metadata only,
Classic fan,fan:lldb-544,Pieuw 2007 Artful 2.DAT#5,How do I Turn Back ?,69,low,,no verified win,bounded search or metadata only,
Classic fan,fan:lldb-544,Pieuw 2007 Artful 2.DAT#6,Use your brain to climb,79.88,low,,no verified win,bounded search or metadata only,
Classic fan,fan:lldb-544,Pieuw 2007 Artful 2.DAT#7,X Marks Nothing,94,low,,no verified win,bounded search or metadata only,
Classic fan,fan:lldb-544,Pieuw 2007 Artful 2.DAT#8,Quickie...,100.25,low,,no verified win,bounded search or metadata only,
Classic fan,fan:lldb-544,Pieuw 2007 Artful 2.DAT#9,The big U-Turn,104.25,low,,no verified win,bounded search or metadata only,
Classic fan,fan:lldb-545,Pieuw 2007 Insane 1.DAT#0,The Lemming Gallery,109.65,low,,no verified win,bounded search or metadata only,
Classic fan,fan:lldb-545,Pieuw 2007 Insane 1.DAT#1,The Warehouse,108.25,low,,no verified win,bounded search or metadata only,
Classic fan,fan:lldb-545,Pieuw 2007 Insane 1.DAT#2,Husky Lemmings,92.5,low,,no verified win,bounded search or metadata only,
Classic fan,fan:lldb-545,Pieuw 2007 Insane 1.DAT#3,Diggin' the Air,94,low,,no verified win,bounded search or metadata only,
Classic fan,fan:lldb-545,Pieuw 2007 Insane 1.DAT#4,Fearsome Rain,92.25,low,,no verified win,bounded search or metadata only,
Classic fan,fan:lldb-545,Pieuw 2007 Insane 1.DAT#5,This Trick again,66.4,low,,no verified win,bounded search or metadata only,
Classic fan,fan:lldb-545,Pieuw 2007 Insane 1.DAT#6,Through the Block,87.75,low,,no verified win,bounded search or metadata only,
Classic fan,fan:lldb-545,Pieuw 2007 Insane 1.DAT#7,The Crossing,79.75,low,,no verified win,bounded search or metadata only,
Classic fan,fan:lldb-545,Pieuw 2007 Insane 1.DAT#8,No Justice for Heroes,88.64,low,,no verified win,bounded search or metadata only,
Classic fan,fan:lldb-545,Pieuw 2007 Insane 1.DAT#9,Let the Magic happen !,66.17,low,,no verified win,bounded search or metadata only,
Classic fan,fan:lldb-545,Pieuw 2007 Insane 2.DAT#0,Two Stragglers,81.5,low,,no verified win,bounded search or metadata only,
Classic fan,fan:lldb-545,Pieuw 2007 Insane 2.DAT#1,This Wall seems Impassable,77.31,low,,no verified win,bounded search or metadata only,
Classic fan,fan:lldb-545,Pieuw 2007 Insane 2.DAT#2,The Barbarous Bars,91.4,low,,no verified win,bounded search or metadata only,
Classic fan,fan:lldb-545,Pieuw 2007 Insane 2.DAT#3,The Dark Cave behind CliffTown,86,low,,no verified win,bounded search or metadata only,
Classic fan,fan:lldb-545,Pieuw 2007 Insane 2.DAT#4,Ground City,108.35,low,,no verified win,bounded search or metadata only,
Classic fan,fan:lldb-545,Pieuw 2007 Insane 2.DAT#5,Evil Sandglass,89.5,low,,no verified win,bounded search or metadata only,
Classic fan,fan:lldb-545,Pieuw 2007 Insane 2.DAT#6,Miner under Control,90.75,low,,no verified win,bounded search or metadata only,
Classic fan,fan:lldb-545,Pieuw 2007 Insane 2.DAT#7,The Crossing (Part II),81.5,low,,no verified win,bounded search or metadata only,
Classic fan,fan:lldb-545,Pieuw 2007 Insane 2.DAT#8,Diamond Ribs,94,low,,no verified win,bounded search or metadata only,
Classic fan,fan:lldb-545,Pieuw 2007 Insane 2.DAT#9,Unwilling Funambulist,81.5,low,,no verified win,bounded search or metadata only,
Classic fan,fan:lldb-546,Deceit Extras 1.DAT#0,Climbers can climb the wall,133.34,medium,c34b9f2c4f342864809531425f76287db6d32b4da480ca6346aab9cecde11431,verified win,replay verified,
Classic fan,fan:lldb-546,Deceit Extras 1.DAT#1,Floaters can land safely,134.25,medium,0853e665cd93c6b5c5a4239c6a35c4392e5dfae0adf9d3fafb05d8d351c90059,verified win,replay verified,
Classic fan,fan:lldb-546,Deceit Extras 1.DAT#2,Bombers can blow up themselves,46.5,low,,no verified win,bounded search or metadata only,
Classic fan,fan:lldb-546,Deceit Extras 1.DAT#3,Blockers can block others,46.5,low,,no verified win,bounded search or metadata only,
Classic fan,fan:lldb-546,Deceit Extras 1.DAT#4,Builders can build stairs,46.5,low,,no verified win,bounded search or metadata only,
Classic fan,fan:lldb-546,Deceit Extras 1.DAT#5,Bashers can bash the wall,54.5,low,,no verified win,bounded search or metadata only,
Classic fan,fan:lldb-546,Deceit Extras 1.DAT#6,Miners Can Mine Diagonally,136.08,medium,6ca0dfa834e5fc2d881282a4bad85eaf7f30f93523b8d03f34e415c34bb20339,verified win,replay verified,
Classic fan,fan:lldb-546,Deceit Extras 2.DAT#0,Lemmings on Fire,52.44,medium,32d9753d0a248e64623a551c51c0ed682a56e8da6daf029061d41c3a7a03bc55,verified win,replay verified,
Classic fan,fan:lldb-546,Deceit Extras 2.DAT#1,Let's get it Started,389.7,medium,888aa712a0f4fa3df61075fb5868637b508d3c6f2f207469c6092b5dc0df2de1,verified win,replay verified,
Classic fan,fan:lldb-546,Deceit Extras 2.DAT#2,Hollywood Lemmings,98.25,low,,no verified win,bounded search or metadata only,
Classic fan,fan:lldb-546,Deceit Extras 2.DAT#3,Welcome to the Jungle,90.38,low,,no verified win,bounded search or metadata only,
Classic fan,fan:lldb-546,Deceit Extras 2.DAT#4,Downtown Lemmings,90.25,low,,no verified win,bounded search or metadata only,
Classic fan,fan:lldb-546,Deceit Extras 2.DAT#5,PoP PoP Sparkle,102.31,low,,no verified win,bounded search or metadata only,
Classic fan,fan:lldb-546,Deceit Extras 2.DAT#6,Mystic Cave,95,low,,no verified win,bounded search or metadata only,
Classic fan,fan:lldb-546,Deceit Extras 2.DAT#7,Lucy 26 Degree,109.11,low,,no verified win,bounded search or metadata only,
Classic fan,fan:lldb-547,Ji Hoon Heaven 1.DAT#0,Climbing in life...,52.11,medium,f65ba6292f068f0c628d5990b25eb5bb887e965daf9407e254e7ce84aad9dd80,verified win,replay verified,
Classic fan,fan:lldb-547,Ji Hoon Heaven 1.DAT#1,Float to safety,124.82,medium,f766abeb647b5620dd3ad4222f9815b7f163561c1816f5a2747129845f5b6300,verified win,replay verified,
Classic fan,fan:lldb-547,Ji Hoon Heaven 1.DAT#2,Blast on through!,38.66,low,,no verified win,bounded search or metadata only,
Classic fan,fan:lldb-547,Ji Hoon Heaven 1.DAT#3,Block 'n load,36.75,low,,no verified win,bounded search or metadata only,
Classic fan,fan:lldb-547,Ji Hoon Heaven 1.DAT#4,Build The Way,33.5,low,,no verified win,bounded search or metadata only,
Classic fan,fan:lldb-547,Ji Hoon Heaven 1.DAT#5,Cellbash,33.5,low,,no verified win,bounded search or metadata only,
Classic fan,fan:lldb-547,Ji Hoon Heaven 1.DAT#6,"Mienrs <--- lol, typo",46.86,medium,9874027d6950e32ccadf163f76dc932e870989120407a19634c76707b44bbc96,verified win,replay verified,
Classic fan,fan:lldb-547,Ji Hoon Heaven 1.DAT#7,Diggin' to a better world,121.63,medium,c411a73f207fc4bf4bffa3c0713e6f45582988cc4c7ee2871b5f0360085aed14,verified win,replay verified,
Classic fan,fan:lldb-547,Ji Hoon Heaven 1.DAT#8,Indecision,98.25,low,,no verified win,bounded search or metadata only,
Classic fan,fan:lldb-547,Ji Hoon Heaven 1.DAT#9,Stop Right There!,92,low,,no verified win,bounded search or metadata only,
Classic fan,fan:lldb-547,Ji Hoon Heaven 2.DAT#0,Star Unit 16,100,low,,no verified win,bounded search or metadata only,
Classic fan,fan:lldb-547,Ji Hoon Heaven 2.DAT#1,Remember where you find them!,659.9,medium,cf377163e1763590795dd6a6382e983a1c0f520bd4dd17b03cf1f87010a4a1a6,verified win,replay verified,
Classic fan,fan:lldb-547,Ji Hoon Heaven 2.DAT#2,The Room,87,low,,no verified win,bounded search or metadata only,
Classic fan,fan:lldb-547,Ji Hoon Heaven 2.DAT#3,"Dude, where's my exit?",93.5,low,,no verified win,bounded search or metadata only,
Classic fan,fan:lldb-547,Ji Hoon Heaven 2.DAT#4,Crystal Mine,106.38,low,,no verified win,bounded search or metadata only,
Classic fan,fan:lldb-547,Ji Hoon Heaven 2.DAT#5,The Ultimate Answer,79.93,low,,no verified win,bounded search or metadata only,
Classic fan,fan:lldb-547,Ji Hoon Heaven 2.DAT#6,Retreat!!!,76.35,low,,no verified win,bounded search or metadata only,
Classic fan,fan:lldb-547,Ji Hoon Heaven 2.DAT#7,~saranghae~,95.67,low,,no verified win,bounded search or metadata only,
Classic fan,fan:lldb-547,Ji Hoon Heaven 2.DAT#8,"Stop, Block and Blow",35,low,,no verified win,bounded search or metadata only,
Classic fan,fan:lldb-547,Ji Hoon Heaven 2.DAT#9,Lemmings on a Plane,108,low,,no verified win,bounded search or metadata only,
Classic fan,fan:lldb-548,Ji Hoon Sky 1.DAT#0,Annyeonghaseyo Lemming-Nim,98.25,low,,no verified win,bounded search or metadata only,
Classic fan,fan:lldb-548,Ji Hoon Sky 1.DAT#1,Lemming Island,110.8,low,,no verified win,bounded search or metadata only,
Classic fan,fan:lldb-548,Ji Hoon Sky 1.DAT#2,From Here To Anywhere,108.95,low,,no verified win,bounded search or metadata only,
Classic fan,fan:lldb-548,Ji Hoon Sky 1.DAT#3,Loner Lemming,77,low,,no verified win,bounded search or metadata only,
Classic fan,fan:lldb-548,Ji Hoon Sky 1.DAT#4,"One Day,One Lem",106.38,low,,no verified win,bounded search or metadata only,
Classic fan,fan:lldb-548,Ji Hoon Sky 1.DAT#5,"Dude, where's my exit?",93.5,low,,no verified win,bounded search or metadata only,
Classic fan,fan:lldb-548,Ji Hoon Sky 1.DAT#6,Don't go there just yet...,81.5,low,,no verified win,bounded search or metadata only,
Classic fan,fan:lldb-548,Ji Hoon Sky 1.DAT#7,Blastin' On Up,76.5,low,,no verified win,bounded search or metadata only,
Classic fan,fan:lldb-548,Ji Hoon Sky 1.DAT#8,Crash the party,63.58,low,,no verified win,bounded search or metadata only,
Classic fan,fan:lldb-548,Ji Hoon Sky 1.DAT#9,Timetwister,82.44,low,,no verified win,bounded search or metadata only,
Classic fan,fan:lldb-548,Ji Hoon Sky 2.DAT#0,Retreat!!!,76.35,low,,no verified win,bounded search or metadata only,
Classic fan,fan:lldb-548,Ji Hoon Sky 2.DAT#1,YOUR LEM A SPLODE,67.12,low,,no verified win,bounded search or metadata only,
Classic fan,fan:lldb-548,Ji Hoon Sky 2.DAT#2,Nuclear Lemmings,68.13,low,,no verified win,bounded search or metadata only,
Classic fan,fan:lldb-548,Ji Hoon Sky 2.DAT#3,Do A Barrel Roll!,90.25,low,,no verified win,bounded search or metadata only,
Classic fan,fan:lldb-548,Ji Hoon Sky 2.DAT#4,Playing With Fire,109.4,low,,no verified win,bounded search or metadata only,
Classic fan,fan:lldb-548,Ji Hoon Sky 2.DAT#5,Tribute To Timfoxxy,74.84,low,,no verified win,bounded search or metadata only,
Classic fan,fan:lldb-548,Ji Hoon Sky 2.DAT#6,Seven ways to kill a lemming,97.8,low,,no verified win,bounded search or metadata only,
Classic fan,fan:lldb-548,Ji Hoon Sky 2.DAT#7,"Oh snap, it's a lemmings level",100,low,,no verified win,bounded search or metadata only,
Classic fan,fan:lldb-548,Ji Hoon Sky 2.DAT#8,Randomly Insane Lemmings,87.93,low,,no verified win,bounded search or metadata only,
Classic fan,fan:lldb-548,Ji Hoon Sky 2.DAT#9,Back to where we started...,98.5,low,,no verified win,bounded search or metadata only,
Classic fan,fan:lldb-549,Ji Hoon Earth 1.DAT#0,Death In All Directions,112.04,low,,no verified win,bounded search or metadata only,
Classic fan,fan:lldb-549,Ji Hoon Earth 1.DAT#1,Find your own way home,65.25,low,,no verified win,bounded search or metadata only,
Classic fan,fan:lldb-549,Ji Hoon Earth 1.DAT#2,Retreat!!!,76.35,low,,no verified win,bounded search or metadata only,
Classic fan,fan:lldb-549,Ji Hoon Earth 1.DAT#3,All or Nothing: The Revenge,70.75,low,,no verified win,bounded search or metadata only,
Classic fan,fan:lldb-549,Ji Hoon Earth 1.DAT#4,Overheat,106.38,low,,no verified win,bounded search or metadata only,
Classic fan,fan:lldb-549,Ji Hoon Earth 1.DAT#5,Suicide Drop,106.5,low,,no verified win,bounded search or metadata only,
Classic fan,fan:lldb-549,Ji Hoon Earth 1.DAT#6,As Complicated As It Looks,104.88,low,,no verified win,bounded search or metadata only,
Classic fan,fan:lldb-549,Ji Hoon Earth 1.DAT#7,Speed Freaks,160.1,medium,4bca730f487b11408643269a1c7c71fac12e412f118382a3c01fab3579f3d38a,verified win,replay verified,
Classic fan,fan:lldb-549,Ji Hoon Earth 1.DAT#8,King Lem XLII,54.75,low,,no verified win,bounded search or metadata only,
Classic fan,fan:lldb-549,Ji Hoon Earth 1.DAT#9,We're Not The First Ones Here,103.25,low,,no verified win,bounded search or metadata only,
Classic fan,fan:lldb-549,Ji Hoon Earth 2.DAT#0,Quarantine Break!,83,low,,no verified win,bounded search or metadata only,
Classic fan,fan:lldb-549,Ji Hoon Earth 2.DAT#1,Abombination,50.69,low,,no verified win,bounded search or metadata only,
Classic fan,fan:lldb-549,Ji Hoon Earth 2.DAT#2,l13k t3h l3mmingz0rz r t3h 1337,106.5,low,,no verified win,bounded search or metadata only,
Classic fan,fan:lldb-549,Ji Hoon Earth 2.DAT#3,"Dude, where's my exit?",93.5,low,,no verified win,bounded search or metadata only,
Classic fan,fan:lldb-549,Ji Hoon Earth 2.DAT#4,Nazi Lemming,87.67,low,,no verified win,bounded search or metadata only,
Classic fan,fan:lldb-549,Ji Hoon Earth 2.DAT#5,Absolute Zero,86.94,low,,no verified win,bounded search or metadata only,
Classic fan,fan:lldb-549,Ji Hoon Earth 2.DAT#6,Block the miner!,82.75,low,,no verified win,bounded search or metadata only,
Classic fan,fan:lldb-549,Ji Hoon Earth 2.DAT#7,BURN!!!,91.55,low,,no verified win,bounded search or metadata only,
Classic fan,fan:lldb-549,Ji Hoon Earth 2.DAT#8,The worst is still to come,105.7,low,,no verified win,bounded search or metadata only,
Classic fan,fan:lldb-549,Ji Hoon Earth 2.DAT#9,Chain Reaction,100,low,,no verified win,bounded search or metadata only,
Classic fan,fan:lldb-55,Mad00.dat#0,The Destiny,98.25,low,,no verified win,bounded search or metadata only,
Classic fan,fan:lldb-55,Mad00.dat#1,Lee Myung-bak,100,low,,no verified win,bounded search or metadata only,
Classic fan,fan:lldb-55,Mad00.dat#2,Ultra Compression,111.25,low,,no verified win,bounded search or metadata only,
Classic fan,fan:lldb-55,Mad00.dat#3,Swastika,100,low,,no verified win,bounded search or metadata only,
Classic fan,fan:lldb-55,Mad00.dat#4,The Curse of Devil,259.27,medium,4499109e3dd85ca30f4820620e5958b26eb630209ae760f081cca2b29ff17e54,verified win,replay verified,
Classic fan,fan:lldb-55,Mad00.dat#5,Super Junior,78.4,low,,no verified win,bounded search or metadata only,
Classic fan,fan:lldb-55,Mad00.dat#6,Sunjungmanhwa,114.5,low,,no verified win,bounded search or metadata only,
Classic fan,fan:lldb-55,Mad00.dat#7,VANDALISM !!,33.5,low,,no verified win,bounded search or metadata only,
Classic fan,fan:lldb-550,Ji Hoon Hell 1.DAT#0,The Hundred Man March,114.5,low,,no verified win,bounded search or metadata only,
Classic fan,fan:lldb-550,Ji Hoon Hell 1.DAT#1,"The ""Lemming"" Paradox",106.5,low,,no verified win,bounded search or metadata only,
Classic fan,fan:lldb-550,Ji Hoon Hell 1.DAT#2,Explore The Unknown...,114.5,low,,no verified win,bounded search or metadata only,
Classic fan,fan:lldb-550,Ji Hoon Hell 1.DAT#3,Quickly from here,78.25,low,,no verified win,bounded search or metadata only,
Classic fan,fan:lldb-550,Ji Hoon Hell 1.DAT#4,"Dude, where's my exit?",93.5,low,,no verified win,bounded search or metadata only,
Classic fan,fan:lldb-550,Ji Hoon Hell 1.DAT#5,Lemmanium-235,71.92,low,,no verified win,bounded search or metadata only,
Classic fan,fan:lldb-550,Ji Hoon Hell 1.DAT#6,Double Your Lemmings,80.85,low,,no verified win,bounded search or metadata only,
Classic fan,fan:lldb-550,Ji Hoon Hell 1.DAT#7,Lair Of The Fallen Lemming,115.09,low,,no verified win,bounded search or metadata only,
Classic fan,fan:lldb-550,Ji Hoon Hell 1.DAT#8,New Technique,62.75,low,,no verified win,bounded search or metadata only,
Classic fan,fan:lldb-550,Ji Hoon Hell 1.DAT#9,Star Unit 17,33.5,low,,no verified win,bounded search or metadata only,
Classic fan,fan:lldb-550,Ji Hoon Hell 2.DAT#0,HELLFIRE,109.43,low,,no verified win,bounded search or metadata only,
Classic fan,fan:lldb-550,Ji Hoon Hell 2.DAT#1,Mt. Lemmik,115.9,low,,no verified win,bounded search or metadata only,
Classic fan,fan:lldb-550,Ji Hoon Hell 2.DAT#2,Retreat!!!,76.35,low,,no verified win,bounded search or metadata only,
Classic fan,fan:lldb-550,Ji Hoon Hell 2.DAT#3,Lemming Crossover,90.75,low,,no verified win,bounded search or metadata only,
Classic fan,fan:lldb-550,Ji Hoon Hell 2.DAT#4,Don't Look Back!,105,low,,no verified win,bounded search or metadata only,
Classic fan,fan:lldb-550,Ji Hoon Hell 2.DAT#5,Stairing Contest,87.75,low,,no verified win,bounded search or metadata only,
Classic fan,fan:lldb-550,Ji Hoon Hell 2.DAT#6,The Diving Board,101.46,low,,no verified win,bounded search or metadata only,
Classic fan,fan:lldb-550,Ji Hoon Hell 2.DAT#7,Practical Insanity,75.25,low,,no verified win,bounded search or metadata only,
Classic fan,fan:lldb-550,Ji Hoon Hell 2.DAT#8,When Hell Freezes Over...,99.95,low,,no verified win,bounded search or metadata only,
Classic fan,fan:lldb-550,Ji Hoon Hell 2.DAT#9,Pipeline Problem,103.67,low,,no verified win,bounded search or metadata only,
Classic fan,fan:lldb-551,Lemmings Plus DOS Project - 01 - Mild (Part 1).dat#0,Just Walk!,7.45,high,ea727f13e42ccc52cea40090e5bdc0b0f37c59e4c5bcca412a7e382c8a527848,verified win,replay verified,
Classic fan,fan:lldb-551,Lemmings Plus DOS Project - 01 - Mild (Part 1).dat#1,Be Careful...,583.08,medium,ba74b90e5350843b9e88913f3850fd57820658bc5f532060ff3bce8a2673e4b1,verified win,replay verified,
Classic fan,fan:lldb-551,Lemmings Plus DOS Project - 01 - Mild (Part 1).dat#2,Heading on in...,90.25,low,,no verified win,bounded search or metadata only,
Classic fan,fan:lldb-551,Lemmings Plus DOS Project - 01 - Mild (Part 1).dat#3,In The Style Of...,301.13,medium,7cf9bb9ace3cc2e300140f20e9d338bb3f1801f3ba205c668b5ace95411daf89,verified win,replay verified,
Classic fan,fan:lldb-551,Lemmings Plus DOS Project - 01 - Mild (Part 1).dat#4,The Graveyard,633.39,medium,cc9915721c0a2558e17b6cf37e4ab92f629b3795aa875286098d47f17f17aaa7,verified win,replay verified,
Classic fan,fan:lldb-551,Lemmings Plus DOS Project - 01 - Mild (Part 1).dat#5,The Cells,101.5,low,,no verified win,bounded search or metadata only,
Classic fan,fan:lldb-551,Lemmings Plus DOS Project - 01 - Mild (Part 1).dat#6,The Staircase,93.5,low,,no verified win,bounded search or metadata only,
Classic fan,fan:lldb-551,Lemmings Plus DOS Project - 01 - Mild (Part 1).dat#7,Wish you had them?,88.75,low,,no verified win,bounded search or metadata only,
Classic fan,fan:lldb-551,Lemmings Plus DOS Project - 01 - Mild (Part 1).dat#8,Tricky Hit,98.25,low,,no verified win,bounded search or metadata only,
Classic fan,fan:lldb-551,Lemmings Plus DOS Project - 01 - Mild (Part 1).dat#9,Take Your Time...,72.15,low,,no verified win,bounded search or metadata only,
Classic fan,fan:lldb-551,Lemmings Plus DOS Project - 02 - Mild (Part 2).dat#0,Cliff Climber Lemming,90.25,low,,no verified win,bounded search or metadata only,
Classic fan,fan:lldb-551,Lemmings Plus DOS Project - 02 - Mild (Part 2).dat#1,On The Pier,95,low,,no verified win,bounded search or metadata only,
Classic fan,fan:lldb-551,Lemmings Plus DOS Project - 02 - Mild (Part 2).dat#2,Take A Shortcut!,98.25,low,,no verified win,bounded search or metadata only,
Classic fan,fan:lldb-551,Lemmings Plus DOS Project - 02 - Mild (Part 2).dat#3,Let's Go!,108,low,,no verified win,bounded search or metadata only,
Classic fan,fan:lldb-551,Lemmings Plus DOS Project - 02 - Mild (Part 2).dat#4,On The Other Side,101.5,low,,no verified win,bounded search or metadata only,
Classic fan,fan:lldb-551,Lemmings Plus DOS Project - 02 - Mild (Part 2).dat#5,"Farewell, My Lemming",82.12,low,,no verified win,bounded search or metadata only,
Classic fan,fan:lldb-551,Lemmings Plus DOS Project - 02 - Mild (Part 2).dat#6,Crying Over Spilt Lemming,99.65,low,,no verified win,bounded search or metadata only,
Classic fan,fan:lldb-551,Lemmings Plus DOS Project - 02 - Mild (Part 2).dat#7,Dying Not Reccomended,90.25,low,,no verified win,bounded search or metadata only,
Classic fan,fan:lldb-551,Lemmings Plus DOS Project - 02 - Mild (Part 2).dat#8,Up To Where We Go,104.75,low,,no verified win,bounded search or metadata only,
Classic fan,fan:lldb-551,Lemmings Plus DOS Project - 02 - Mild (Part 2).dat#9,Stairway to Infinity,108,low,,no verified win,bounded search or metadata only,
Classic fan,fan:lldb-551,Lemmings Plus DOS Project - 03 - Mild (Part 3).dat#0,Falling Away From Everything...,110.8,low,,no verified win,bounded search or metadata only,
Classic fan,fan:lldb-551,Lemmings Plus DOS Project - 03 - Mild (Part 3).dat#1,Blow Down!,43,low,,no verified win,bounded search or metadata only,
Classic fan,fan:lldb-551,Lemmings Plus DOS Project - 03 - Mild (Part 3).dat#2,Step Softly...,93.5,low,,no verified win,bounded search or metadata only,
Classic fan,fan:lldb-551,Lemmings Plus DOS Project - 03 - Mild (Part 3).dat#3,With a little creativity...,90.25,low,,no verified win,bounded search or metadata only,
Classic fan,fan:lldb-551,Lemmings Plus DOS Project - 03 - Mild (Part 3).dat#4,Across The Ditch,101.62,low,,no verified win,bounded search or metadata only,
Classic fan,fan:lldb-551,Lemmings Plus DOS Project - 03 - Mild (Part 3).dat#5,No Salvation I,90.25,low,,no verified win,bounded search or metadata only,
Classic fan,fan:lldb-551,Lemmings Plus DOS Project - 03 - Mild (Part 3).dat#6,The Quarantine,99.65,low,,no verified win,bounded search or metadata only,
Classic fan,fan:lldb-551,Lemmings Plus DOS Project - 03 - Mild (Part 3).dat#7,The Descending Pillar Scenario,98.25,low,,no verified win,bounded search or metadata only,
Classic fan,fan:lldb-551,Lemmings Plus DOS Project - 03 - Mild (Part 3).dat#8,We All Die Someday,96.75,low,,no verified win,bounded search or metadata only,
Classic fan,fan:lldb-551,Lemmings Plus DOS Project - 03 - Mild (Part 3).dat#9,You Just Lost The Game!!!,98.25,low,,no verified win,bounded search or metadata only,
Classic fan,fan:lldb-552,Lemmings Plus DOS Project - 04 - Wimpy (Part 1).dat#0,Lemming Net,90.25,low,,no verified win,bounded search or metadata only,
Classic fan,fan:lldb-552,Lemmings Plus DOS Project - 04 - Wimpy (Part 1).dat#1,Lucky Charm,108,low,,no verified win,bounded search or metadata only,
Classic fan,fan:lldb-552,Lemmings Plus DOS Project - 04 - Wimpy (Part 1).dat#2,Just For Fun,111.25,low,,no verified win,bounded search or metadata only,
Classic fan,fan:lldb-552,Lemmings Plus DOS Project - 04 - Wimpy (Part 1).dat#3,You Spin Me Right Round,70.75,low,,no verified win,bounded search or metadata only,
Classic fan,fan:lldb-552,Lemmings Plus DOS Project - 04 - Wimpy (Part 1).dat#4,Get Together,100,low,,no verified win,bounded search or metadata only,
Classic fan,fan:lldb-552,Lemmings Plus DOS Project - 04 - Wimpy (Part 1).dat#5,Two Pathways,100,low,,no verified win,bounded search or metadata only,
Classic fan,fan:lldb-552,Lemmings Plus DOS Project - 04 - Wimpy (Part 1).dat#6,No Salvation II,93.5,low,,no verified win,bounded search or metadata only,
Classic fan,fan:lldb-552,Lemmings Plus DOS Project - 04 - Wimpy (Part 1).dat#7,(Also they are ninjas.),87.5,low,,no verified win,bounded search or metadata only,
Classic fan,fan:lldb-552,Lemmings Plus DOS Project - 04 - Wimpy (Part 1).dat#8,It's A Thin Line!,111.25,low,,no verified win,bounded search or metadata only,
Classic fan,fan:lldb-552,Lemmings Plus DOS Project - 04 - Wimpy (Part 1).dat#9,Labyrinth of Despair,103.25,low,,no verified win,bounded search or metadata only,
Classic fan,fan:lldb-552,Lemmings Plus DOS Project - 05 - Wimpy (Part 2).dat#0,The Flagpole,95.5,low,,no verified win,bounded search or metadata only,
Classic fan,fan:lldb-552,Lemmings Plus DOS Project - 05 - Wimpy (Part 2).dat#1,"Life, the Universe, & Everything",87.93,low,,no verified win,bounded search or metadata only,
Classic fan,fan:lldb-552,Lemmings Plus DOS Project - 05 - Wimpy (Part 2).dat#2,A Magician Would Be Handy,108,low,,no verified win,bounded search or metadata only,
Classic fan,fan:lldb-552,Lemmings Plus DOS Project - 05 - Wimpy (Part 2).dat#3,Head East or West?,108,low,,no verified win,bounded search or metadata only,
Classic fan,fan:lldb-552,Lemmings Plus DOS Project - 05 - Wimpy (Part 2).dat#4,Just When You Think You Know!,90.12,low,,no verified win,bounded search or metadata only,
Classic fan,fan:lldb-552,Lemmings Plus DOS Project - 05 - Wimpy (Part 2).dat#5,Lemmings on Stilts,96.5,low,,no verified win,bounded search or metadata only,
Classic fan,fan:lldb-552,Lemmings Plus DOS Project - 05 - Wimpy (Part 2).dat#6,No Need To Worry!,109.4,low,,no verified win,bounded search or metadata only,
Classic fan,fan:lldb-552,Lemmings Plus DOS Project - 05 - Wimpy (Part 2).dat#7,Down The Wall,105,low,,no verified win,bounded search or metadata only,
Classic fan,fan:lldb-552,Lemmings Plus DOS Project - 05 - Wimpy (Part 2).dat#8,Whether You Lem It Or Not,108,low,,no verified win,bounded search or metadata only,
Classic fan,fan:lldb-552,Lemmings Plus DOS Project - 05 - Wimpy (Part 2).dat#9,A Snowplow Would Be Handy,111.25,low,,no verified win,bounded search or metadata only,
Classic fan,fan:lldb-552,Lemmings Plus DOS Project - 06 - Wimpy (Part 3).dat#0,One Step At A Time,118.7,low,,no verified win,bounded search or metadata only,
Classic fan,fan:lldb-552,Lemmings Plus DOS Project - 06 - Wimpy (Part 3).dat#1,Fast enough?,40.19,medium,4a62fa27d26bffc2aa66f72186d30522d145e79f76bd30cde5bf2d33b316925d,verified win,replay verified,
Classic fan,fan:lldb-552,Lemmings Plus DOS Project - 06 - Wimpy (Part 3).dat#2,It's a strange land!,106.38,low,,no verified win,bounded search or metadata only,
Classic fan,fan:lldb-552,Lemmings Plus DOS Project - 06 - Wimpy (Part 3).dat#3,"Up, Down, Round & Round!",104.75,low,,no verified win,bounded search or metadata only,
Classic fan,fan:lldb-552,Lemmings Plus DOS Project - 06 - Wimpy (Part 3).dat#4,Down With The Lemmings,109.4,low,,no verified win,bounded search or metadata only,
Classic fan,fan:lldb-552,Lemmings Plus DOS Project - 06 - Wimpy (Part 3).dat#5,Saviour,100,low,,no verified win,bounded search or metadata only,
Classic fan,fan:lldb-552,Lemmings Plus DOS Project - 06 - Wimpy (Part 3).dat#6,"Ready, Aim, Fire!!!",62.75,low,,no verified win,bounded search or metadata only,
Classic fan,fan:lldb-552,Lemmings Plus DOS Project - 06 - Wimpy (Part 3).dat#7,"Get up, up, up!",98.25,low,,no verified win,bounded search or metadata only,
Classic fan,fan:lldb-552,Lemmings Plus DOS Project - 06 - Wimpy (Part 3).dat#8,Only One Place To Go,101.35,low,,no verified win,bounded search or metadata only,
Classic fan,fan:lldb-552,Lemmings Plus DOS Project - 06 - Wimpy (Part 3).dat#9,Counterlogical,110.8,low,,no verified win,bounded search or metadata only,
Classic fan,fan:lldb-553,Lemmings Plus DOS Project - 07 - Medi (Part 1).dat#0,Secret to Success,103.25,low,,no verified win,bounded search or metadata only,
Classic fan,fan:lldb-553,Lemmings Plus DOS Project - 07 - Medi (Part 1).dat#1,The T Level,98.25,low,,no verified win,bounded search or metadata only,
Classic fan,fan:lldb-553,Lemmings Plus DOS Project - 07 - Medi (Part 1).dat#2,The Box,100,low,,no verified win,bounded search or metadata only,
Classic fan,fan:lldb-553,Lemmings Plus DOS Project - 07 - Medi (Part 1).dat#3,Getting There...,87.25,low,,no verified win,bounded search or metadata only,
Classic fan,fan:lldb-553,Lemmings Plus DOS Project - 07 - Medi (Part 1).dat#4,Safety Blast,44.62,low,,no verified win,bounded search or metadata only,
Classic fan,fan:lldb-553,Lemmings Plus DOS Project - 07 - Medi (Part 1).dat#5,Fallen,102,low,,no verified win,bounded search or metadata only,
Classic fan,fan:lldb-553,Lemmings Plus DOS Project - 07 - Medi (Part 1).dat#6,Leap of Faith,98.25,low,,no verified win,bounded search or metadata only,
Classic fan,fan:lldb-553,Lemmings Plus DOS Project - 07 - Medi (Part 1).dat#7,Take Us All Home...,114.5,low,,no verified win,bounded search or metadata only,
Classic fan,fan:lldb-553,Lemmings Plus DOS Project - 07 - Medi (Part 1).dat#8,The Dukes of Lemmingsville,109.4,low,,no verified win,bounded search or metadata only,
Classic fan,fan:lldb-553,Lemmings Plus DOS Project - 07 - Medi (Part 1).dat#9,Bob's Mistake,87.75,low,,no verified win,bounded search or metadata only,
Classic fan,fan:lldb-553,Lemmings Plus DOS Project - 08 - Medi (Part 2).dat#0,The Long Road To Lemming High,102.45,low,,no verified win,bounded search or metadata only,
Classic fan,fan:lldb-553,Lemmings Plus DOS Project - 08 - Medi (Part 2).dat#1,Step Up!,81.5,low,,no verified win,bounded search or metadata only,
Classic fan,fan:lldb-553,Lemmings Plus DOS Project - 08 - Medi (Part 2).dat#2,No Salvation III,96.75,low,,no verified win,bounded search or metadata only,
Classic fan,fan:lldb-553,Lemmings Plus DOS Project - 08 - Medi (Part 2).dat#3,All Roads Lead To Home,98.25,low,,no verified win,bounded search or metadata only,
Classic fan,fan:lldb-553,Lemmings Plus DOS Project - 08 - Medi (Part 2).dat#4,Shooting Star,87.88,low,,no verified win,bounded search or metadata only,
Classic fan,fan:lldb-553,Lemmings Plus DOS Project - 08 - Medi (Part 2).dat#5,The Lonely Pole,78.45,low,,no verified win,bounded search or metadata only,
Classic fan,fan:lldb-553,Lemmings Plus DOS Project - 08 - Medi (Part 2).dat#6,Six Feet Under,73.75,low,,no verified win,bounded search or metadata only,
Classic fan,fan:lldb-553,Lemmings Plus DOS Project - 08 - Medi (Part 2).dat#7,Going Under,73.95,low,,no verified win,bounded search or metadata only,
Classic fan,fan:lldb-553,Lemmings Plus DOS Project - 08 - Medi (Part 2).dat#8,Force Field,92,low,,no verified win,bounded search or metadata only,
Classic fan,fan:lldb-553,Lemmings Plus DOS Project - 08 - Medi (Part 2).dat#9,The Diving Board,112.88,low,,no verified win,bounded search or metadata only,
Classic fan,fan:lldb-553,Lemmings Plus DOS Project - 09 - Medi (Part 3).dat#0,Ghostly Hall,54.75,low,,no verified win,bounded search or metadata only,
Classic fan,fan:lldb-553,Lemmings Plus DOS Project - 09 - Medi (Part 3).dat#1,Lemming Entertainment Center,100.38,low,,no verified win,bounded search or metadata only,
Classic fan,fan:lldb-553,Lemmings Plus DOS Project - 09 - Medi (Part 3).dat#2,This Is...,114.5,low,,no verified win,bounded search or metadata only,
Classic fan,fan:lldb-553,Lemmings Plus DOS Project - 09 - Medi (Part 3).dat#3,Eye of the Lemming,108.25,low,,no verified win,bounded search or metadata only,
Classic fan,fan:lldb-553,Lemmings Plus DOS Project - 09 - Medi (Part 3).dat#4,Chain Reaction,100,low,,no verified win,bounded search or metadata only,
Classic fan,fan:lldb-553,Lemmings Plus DOS Project - 09 - Medi (Part 3).dat#5,Overheat,106.38,low,,no verified win,bounded search or metadata only,
Classic fan,fan:lldb-553,Lemmings Plus DOS Project - 09 - Medi (Part 3).dat#6,Take A Dive,100.7,low,,no verified win,bounded search or metadata only,
Classic fan,fan:lldb-553,Lemmings Plus DOS Project - 09 - Medi (Part 3).dat#7,Way Up High,96.88,low,,no verified win,bounded search or metadata only,
Classic fan,fan:lldb-553,Lemmings Plus DOS Project - 09 - Medi (Part 3).dat#8,Lemmingsense,93.9,low,,no verified win,bounded search or metadata only,
Classic fan,fan:lldb-553,Lemmings Plus DOS Project - 09 - Medi (Part 3).dat#9,Consider Everything...,87.88,low,,no verified win,bounded search or metadata only,
Classic fan,fan:lldb-554,Lemmings Plus DOS Project - 10 - Danger (Part 1).dat#0,Inside Outside,89.42,low,,no verified win,bounded search or metadata only,
Classic fan,fan:lldb-554,Lemmings Plus DOS Project - 10 - Danger (Part 1).dat#1,Metal Lands,69,low,,no verified win,bounded search or metadata only,
Classic fan,fan:lldb-554,Lemmings Plus DOS Project - 10 - Danger (Part 1).dat#2,Backdraft,81.15,low,,no verified win,bounded search or metadata only,
Classic fan,fan:lldb-554,Lemmings Plus DOS Project - 10 - Danger (Part 1).dat#3,In the life of a Lemming,70.5,low,,no verified win,bounded search or metadata only,
Classic fan,fan:lldb-554,Lemmings Plus DOS Project - 10 - Danger (Part 1).dat#4,Some Kind Of Lemming,87.75,low,,no verified win,bounded search or metadata only,
Classic fan,fan:lldb-554,Lemmings Plus DOS Project - 10 - Danger (Part 1).dat#5,Alternative Logic,84.65,low,,no verified win,bounded search or metadata only,
Classic fan,fan:lldb-554,Lemmings Plus DOS Project - 10 - Danger (Part 1).dat#6,Unholy Staircase,95.75,low,,no verified win,bounded search or metadata only,
Classic fan,fan:lldb-554,Lemmings Plus DOS Project - 10 - Danger (Part 1).dat#7,With A Quirk Or Two...,94.45,low,,no verified win,bounded search or metadata only,
Classic fan,fan:lldb-554,Lemmings Plus DOS Project - 10 - Danger (Part 1).dat#8,Wall of Wisdom,73.25,low,,no verified win,bounded search or metadata only,
Classic fan,fan:lldb-554,Lemmings Plus DOS Project - 10 - Danger (Part 1).dat#9,Keeping On Track,67.5,low,,no verified win,bounded search or metadata only,
Classic fan,fan:lldb-554,Lemmings Plus DOS Project - 11 - Danger (Part 2).dat#0,The Warp Room,79.75,low,,no verified win,bounded search or metadata only,
Classic fan,fan:lldb-554,Lemmings Plus DOS Project - 11 - Danger (Part 2).dat#1,When Life Gives You Lemmings...,79.88,low,,no verified win,bounded search or metadata only,
Classic fan,fan:lldb-554,Lemmings Plus DOS Project - 11 - Danger (Part 2).dat#2,Breakthrough,98.75,low,,no verified win,bounded search or metadata only,
Classic fan,fan:lldb-554,Lemmings Plus DOS Project - 11 - Danger (Part 2).dat#3,Death In All Directions,112.04,low,,no verified win,bounded search or metadata only,
Classic fan,fan:lldb-554,Lemmings Plus DOS Project - 11 - Danger (Part 2).dat#4,Circular Wavelength,100.38,low,,no verified win,bounded search or metadata only,
Classic fan,fan:lldb-554,Lemmings Plus DOS Project - 11 - Danger (Part 2).dat#5,Grounded!,81.25,low,,no verified win,bounded search or metadata only,
Classic fan,fan:lldb-554,Lemmings Plus DOS Project - 11 - Danger (Part 2).dat#6,Livin' A Lie,100,low,,no verified win,bounded search or metadata only,
Classic fan,fan:lldb-554,Lemmings Plus DOS Project - 11 - Danger (Part 2).dat#7,The Buildo Station,62.75,low,,no verified win,bounded search or metadata only,
Classic fan,fan:lldb-554,Lemmings Plus DOS Project - 11 - Danger (Part 2).dat#8,Antigravity,100.25,low,,no verified win,bounded search or metadata only,
Classic fan,fan:lldb-554,Lemmings Plus DOS Project - 11 - Danger (Part 2).dat#9,No Salvation IV,100,low,,no verified win,bounded search or metadata only,
Classic fan,fan:lldb-554,Lemmings Plus DOS Project - 12 - Danger (Part 3).dat#0,Phase Rotation Syndrome,69,low,,no verified win,bounded search or metadata only,
Classic fan,fan:lldb-554,Lemmings Plus DOS Project - 12 - Danger (Part 3).dat#1,Die the Death of the Damned,79.8,low,,no verified win,bounded search or metadata only,
Classic fan,fan:lldb-554,Lemmings Plus DOS Project - 12 - Danger (Part 3).dat#2,Lair Of The Fallen Lemming,115.09,low,,no verified win,bounded search or metadata only,
Classic fan,fan:lldb-554,Lemmings Plus DOS Project - 12 - Danger (Part 3).dat#3,Find A Way Out!,109.4,low,,no verified win,bounded search or metadata only,
Classic fan,fan:lldb-554,Lemmings Plus DOS Project - 12 - Danger (Part 3).dat#4,Use The Pen!!!,95.75,low,,no verified win,bounded search or metadata only,
Classic fan,fan:lldb-554,Lemmings Plus DOS Project - 12 - Danger (Part 3).dat#5,So that's the plan...,112.2,low,,no verified win,bounded search or metadata only,
Classic fan,fan:lldb-554,Lemmings Plus DOS Project - 12 - Danger (Part 3).dat#6,The Deadly Climb,57.5,low,,no verified win,bounded search or metadata only,
Classic fan,fan:lldb-554,Lemmings Plus DOS Project - 12 - Danger (Part 3).dat#7,Steps,77,low,,no verified win,bounded search or metadata only,
Classic fan,fan:lldb-554,Lemmings Plus DOS Project - 12 - Danger (Part 3).dat#8,Pipeline Problem,103.67,low,,no verified win,bounded search or metadata only,
Classic fan,fan:lldb-554,Lemmings Plus DOS Project - 12 - Danger (Part 3).dat#9,The Hideout,101.75,low,,no verified win,bounded search or metadata only,
Classic fan,fan:lldb-555,Lemmings Plus DOS Project - 13 - PSYCHO (Part 1).dat#0,Variety Day,112.65,low,,no verified win,bounded search or metadata only,
Classic fan,fan:lldb-555,Lemmings Plus DOS Project - 13 - PSYCHO (Part 1).dat#1,The Parking Lot,95.1,low,,no verified win,bounded search or metadata only,
Classic fan,fan:lldb-555,Lemmings Plus DOS Project - 13 - PSYCHO (Part 1).dat#2,Express Lane,93.04,low,,no verified win,bounded search or metadata only,
Classic fan,fan:lldb-555,Lemmings Plus DOS Project - 13 - PSYCHO (Part 1).dat#3,Think Outside The Square!,103.78,low,,no verified win,bounded search or metadata only,
Classic fan,fan:lldb-555,Lemmings Plus DOS Project - 13 - PSYCHO (Part 1).dat#4,Lightspeed Lemming,93.9,low,,no verified win,bounded search or metadata only,
Classic fan,fan:lldb-555,Lemmings Plus DOS Project - 13 - PSYCHO (Part 1).dat#5,The Bulldozer,96.74,low,,no verified win,bounded search or metadata only,
Classic fan,fan:lldb-555,Lemmings Plus DOS Project - 13 - PSYCHO (Part 1).dat#6,Turn Back With Care,102.59,low,,no verified win,bounded search or metadata only,
Classic fan,fan:lldb-555,Lemmings Plus DOS Project - 13 - PSYCHO (Part 1).dat#7,Snowed In!,86.25,low,,no verified win,bounded search or metadata only,
Classic fan,fan:lldb-555,Lemmings Plus DOS Project - 13 - PSYCHO (Part 1).dat#8,Coalburner,98.3,low,,no verified win,bounded search or metadata only,
Classic fan,fan:lldb-555,Lemmings Plus DOS Project - 13 - PSYCHO (Part 1).dat#9,What Did You Expect?,74.03,low,,no verified win,bounded search or metadata only,
Classic fan,fan:lldb-555,Lemmings Plus DOS Project - 14 - PSYCHO (Part 2).dat#0,Three Birds With One Stone,98.62,low,,no verified win,bounded search or metadata only,
Classic fan,fan:lldb-555,Lemmings Plus DOS Project - 14 - PSYCHO (Part 2).dat#1,Not gonna work.,83.25,low,,no verified win,bounded search or metadata only,
Classic fan,fan:lldb-555,Lemmings Plus DOS Project - 14 - PSYCHO (Part 2).dat#2,Go High Go Low,90.75,low,,no verified win,bounded search or metadata only,
Classic fan,fan:lldb-555,Lemmings Plus DOS Project - 14 - PSYCHO (Part 2).dat#3,Lemmerixo,108.25,low,,no verified win,bounded search or metadata only,
Classic fan,fan:lldb-555,Lemmings Plus DOS Project - 14 - PSYCHO (Part 2).dat#4,Where Anything Goes,114.5,low,,no verified win,bounded search or metadata only,
Classic fan,fan:lldb-555,Lemmings Plus DOS Project - 14 - PSYCHO (Part 2).dat#5,Crosswork,92.7,low,,no verified win,bounded search or metadata only,
Classic fan,fan:lldb-555,Lemmings Plus DOS Project - 14 - PSYCHO (Part 2).dat#6,Meeting Spot,87.5,low,,no verified win,bounded search or metadata only,
Classic fan,fan:lldb-555,Lemmings Plus DOS Project - 14 - PSYCHO (Part 2).dat#7,Return of the T,102,low,,no verified win,bounded search or metadata only,
Classic fan,fan:lldb-555,Lemmings Plus DOS Project - 14 - PSYCHO (Part 2).dat#8,A Perfect Nightmare,103.4,low,,no verified win,bounded search or metadata only,
Classic fan,fan:lldb-555,Lemmings Plus DOS Project - 14 - PSYCHO (Part 2).dat#9,No Time To Die,114.5,low,,no verified win,bounded search or metadata only,
Classic fan,fan:lldb-555,Lemmings Plus DOS Project - 15 - PSYCHO (Part 3).dat#0,KAMIKAZE!!!,79.47,low,,no verified win,bounded search or metadata only,
Classic fan,fan:lldb-555,Lemmings Plus DOS Project - 15 - PSYCHO (Part 3).dat#1,Twins,97.69,low,,no verified win,bounded search or metadata only,
Classic fan,fan:lldb-555,Lemmings Plus DOS Project - 15 - PSYCHO (Part 3).dat#2,Death Row,100.15,low,,no verified win,bounded search or metadata only,
Classic fan,fan:lldb-555,Lemmings Plus DOS Project - 15 - PSYCHO (Part 3).dat#3,Gone In A Flash,100.12,low,,no verified win,bounded search or metadata only,
Classic fan,fan:lldb-555,Lemmings Plus DOS Project - 15 - PSYCHO (Part 3).dat#4,Bullet Lemming,110.64,low,,no verified win,bounded search or metadata only,
Classic fan,fan:lldb-555,Lemmings Plus DOS Project - 15 - PSYCHO (Part 3).dat#5,Oblivion,98.75,low,,no verified win,bounded search or metadata only,
Classic fan,fan:lldb-555,Lemmings Plus DOS Project - 15 - PSYCHO (Part 3).dat#6,Perfectionism,94,low,,no verified win,bounded search or metadata only,
Classic fan,fan:lldb-555,Lemmings Plus DOS Project - 15 - PSYCHO (Part 3).dat#7,To The End!,112.45,low,,no verified win,bounded search or metadata only,
Classic fan,fan:lldb-555,Lemmings Plus DOS Project - 15 - PSYCHO (Part 3).dat#8,No Salvation V,103.25,low,,no verified win,bounded search or metadata only,
Classic fan,fan:lldb-555,Lemmings Plus DOS Project - 15 - PSYCHO (Part 3).dat#9,Hellfire!,109.43,low,,no verified win,bounded search or metadata only,
Classic fan,fan:lldb-557,New Year Lemmings 1991_92.DAT#0,Do or die!,38.82,high,5a7df7e59a78ea4b624e74ff5a06d0c89771509f1a3f8b6675d5908aead29ced,verified win,replay verified,
Classic fan,fan:lldb-557,New Year Lemmings 1991_92.DAT#1,This is a typical Splatt level,99,low,,no verified win,bounded search or metadata only,
Classic fan,fan:lldb-557,New Year Lemmings 1991_92.DAT#2,The Killing Game Show II,73.53,low,,no verified win,bounded search or metadata only,
Classic fan,fan:lldb-557,New Year Lemmings 1991_92.DAT#3,The trip there and back again..,82.82,low,,no verified win,bounded search or metadata only,
Classic fan,fan:lldb-557,New Year Lemmings 1991_92.DAT#4,A whole new year of lemmings!!!,88.05,low,,no verified win,bounded search or metadata only,
Classic fan,fan:lldb-558,brickpk1.dat#0,Climb and Float,372.72,medium,69255ad78a05bb97d0034008cc644fc28bc5016ec6a0505101ac146598e9a63d,verified win,replay verified,
Classic fan,fan:lldb-558,brickpk1.dat#1,Climb and Bomb,60.75,low,,no verified win,bounded search or metadata only,
Classic fan,fan:lldb-558,brickpk1.dat#10,Float and Dig,173.52,medium,91e6f10b691733cdfc18a45ac9a04318d1b70867e2d186d148db5226569806ef,verified win,replay verified,
Classic fan,fan:lldb-558,brickpk1.dat#11,Bomb and Block,64,low,,no verified win,bounded search or metadata only,
Classic fan,fan:lldb-558,brickpk1.dat#12,Bomb and Build,76.75,low,,no verified win,bounded search or metadata only,
Classic fan,fan:lldb-558,brickpk1.dat#13,Bomb and Bash,60.75,low,,no verified win,bounded search or metadata only,
Classic fan,fan:lldb-558,brickpk1.dat#14,Bomb and Dig,67,low,,no verified win,bounded search or metadata only,
Classic fan,fan:lldb-558,brickpk1.dat#15,Block and Build,60.75,low,,no verified win,bounded search or metadata only,
Classic fan,fan:lldb-558,brickpk1.dat#2,Climb and Block,60.75,low,,no verified win,bounded search or metadata only,
Classic fan,fan:lldb-558,brickpk1.dat#3,Climb and Build,60.75,low,,no verified win,bounded search or metadata only,
Classic fan,fan:lldb-558,brickpk1.dat#4,Climb and Bash,77,low,,no verified win,bounded search or metadata only,
Classic fan,fan:lldb-558,brickpk1.dat#5,Climb and Dig,60.75,low,,no verified win,bounded search or metadata only,
Classic fan,fan:lldb-558,brickpk1.dat#6,Float and Bomb,60.75,low,,no verified win,bounded search or metadata only,
Classic fan,fan:lldb-558,brickpk1.dat#7,Float and Block,60.75,low,,no verified win,bounded search or metadata only,
Classic fan,fan:lldb-558,brickpk1.dat#8,Float and Bash,77,low,,no verified win,bounded search or metadata only,
Classic fan,fan:lldb-558,brickpk1.dat#9,Float and Build,57.5,low,,no verified win,bounded search or metadata only,
Classic fan,fan:lldb-559,brickpk2.dat#0,Block and Bash,60.75,low,,no verified win,bounded search or metadata only,
Classic fan,fan:lldb-559,brickpk2.dat#1,Block and Dig,70.5,low,,no verified win,bounded search or metadata only,
Classic fan,fan:lldb-559,brickpk2.dat#10,tiny HUGE area,86.94,low,,no verified win,bounded search or metadata only,
Classic fan,fan:lldb-559,brickpk2.dat#11,The three ramps,94,low,,no verified win,bounded search or metadata only,
Classic fan,fan:lldb-559,brickpk2.dat#12,Enjoy the Ride,95.75,low,,no verified win,bounded search or metadata only,
Classic fan,fan:lldb-559,brickpk2.dat#13,How do I get up that wall?,92.38,low,,no verified win,bounded search or metadata only,
Classic fan,fan:lldb-559,brickpk2.dat#14,Brick layered lemming house,105.69,low,,no verified win,bounded search or metadata only,
Classic fan,fan:lldb-559,brickpk2.dat#15,Leave me alone,114.5,low,,no verified win,bounded search or metadata only,
Classic fan,fan:lldb-559,brickpk2.dat#2,Build and Bash,77,low,,no verified win,bounded search or metadata only,
Classic fan,fan:lldb-559,brickpk2.dat#3,Build and Dig,77,low,,no verified win,bounded search or metadata only,
Classic fan,fan:lldb-559,brickpk2.dat#4,Bash and Dig,77,low,,no verified win,bounded search or metadata only,
Classic fan,fan:lldb-559,brickpk2.dat#5,Counting their chickens,94.12,low,,no verified win,bounded search or metadata only,
Classic fan,fan:lldb-559,brickpk2.dat#6,The Squeeze Machine,113.87,low,,no verified win,bounded search or metadata only,
Classic fan,fan:lldb-559,brickpk2.dat#7,Crossing the Chains,114.5,low,,no verified win,bounded search or metadata only,
Classic fan,fan:lldb-559,brickpk2.dat#8,Down the middle we go!,80,low,,no verified win,bounded search or metadata only,
Classic fan,fan:lldb-559,brickpk2.dat#9,The new way out,82.6,low,,no verified win,bounded search or metadata only,
Classic fan,fan:lldb-56,Mad00Dos.dat#0,The Destiny,98.25,low,,no verified win,bounded search or metadata only,
Classic fan,fan:lldb-56,Mad00Dos.dat#1,Lee Myung-bak,98.38,low,,no verified win,bounded search or metadata only,
Classic fan,fan:lldb-56,Mad00Dos.dat#2,Ultra Compression,111.25,low,,no verified win,bounded search or metadata only,
Classic fan,fan:lldb-56,Mad00Dos.dat#3,Swastika,100,low,,no verified win,bounded search or metadata only,
Classic fan,fan:lldb-56,Mad00Dos.dat#4,Embargo,83.25,low,,no verified win,bounded search or metadata only,
Classic fan,fan:lldb-56,Mad00Dos.dat#5,Super Junior,78.4,low,,no verified win,bounded search or metadata only,
Classic fan,fan:lldb-56,Mad00Dos.dat#6,Sunjungmanhwa,114.5,low,,no verified win,bounded search or metadata only,
Classic fan,fan:lldb-56,Mad00Dos.dat#7,VANDALISM !!,33.5,low,,no verified win,bounded search or metadata only,
Classic fan,fan:lldb-560,brickpk3.dat#0,Lack of Imagination,81.5,low,,no verified win,bounded search or metadata only,
Classic fan,fan:lldb-560,brickpk3.dat#1,"Touch the ground, turn around",82.84,low,,no verified win,bounded search or metadata only,
Classic fan,fan:lldb-560,brickpk3.dat#10,The Structure,93.9,low,,no verified win,bounded search or metadata only,
Classic fan,fan:lldb-560,brickpk3.dat#11,Outdoor Lab,90.75,low,,no verified win,bounded search or metadata only,
Classic fan,fan:lldb-560,brickpk3.dat#12,The diamond of glory,92.7,low,,no verified win,bounded search or metadata only,
Classic fan,fan:lldb-560,brickpk3.dat#13,Rescue Service,95.75,low,,no verified win,bounded search or metadata only,
Classic fan,fan:lldb-560,brickpk3.dat#14,Repetitious lonely lemmings,86.05,low,,no verified win,bounded search or metadata only,
Classic fan,fan:lldb-560,brickpk3.dat#15,Down the junction,102.59,low,,no verified win,bounded search or metadata only,
Classic fan,fan:lldb-560,brickpk3.dat#2,Turn around and build,95.75,low,,no verified win,bounded search or metadata only,
Classic fan,fan:lldb-560,brickpk3.dat#3,Doom-Box,95.53,low,,no verified win,bounded search or metadata only,
Classic fan,fan:lldb-560,brickpk3.dat#4,Feels like a maze in here,106.5,low,,no verified win,bounded search or metadata only,
Classic fan,fan:lldb-560,brickpk3.dat#5,A third stairway,98.75,low,,no verified win,bounded search or metadata only,
Classic fan,fan:lldb-560,brickpk3.dat#6,Who likes this large room?,102,low,,no verified win,bounded search or metadata only,
Classic fan,fan:lldb-560,brickpk3.dat#7,We've Split,94.12,low,,no verified win,bounded search or metadata only,
Classic fan,fan:lldb-560,brickpk3.dat#8,Athlete's hoot,89.5,low,,no verified win,bounded search or metadata only,
Classic fan,fan:lldb-560,brickpk3.dat#9,Clear the pillars,65.34,low,,no verified win,bounded search or metadata only,
Classic fan,fan:lldb-561,brickpk4.dat#0,Sewerside Lagoon,83.25,low,,no verified win,bounded search or metadata only,
Classic fan,fan:lldb-561,brickpk4.dat#1,Return of the famous play area,94.12,low,,no verified win,bounded search or metadata only,
Classic fan,fan:lldb-561,brickpk4.dat#2,The purpose of the builders,70.75,low,,no verified win,bounded search or metadata only,
Classic fan,fan:lldb-561,brickpk4.dat#3,The Hidden Arches,102,low,,no verified win,bounded search or metadata only,
Classic fan,fan:lldb-561,brickpk4.dat#4,Dirty tactics,86.53,low,,no verified win,bounded search or metadata only,
Classic fan,fan:lldb-561,brickpk4.dat#5,A Taste of Teamwork,103.25,low,,no verified win,bounded search or metadata only,
Classic fan,fan:lldb-561,brickpk4.dat#6,Lock in,81.99,low,,no verified win,bounded search or metadata only,
Classic fan,fan:lldb-562,Psygore Holiday Demo.DAT#0,Another X-MAS,118.37,low,,no verified win,bounded search or metadata only,
Classic fan,fan:lldb-562,Psygore Holiday Demo.DAT#1,No More Disks !,115.25,low,,no verified win,bounded search or metadata only,
Classic fan,fan:lldb-562,Psygore Holiday Demo.DAT#2,Like On Holiday !,115.9,low,,no verified win,bounded search or metadata only,
Classic fan,fan:lldb-562,Psygore Holiday Demo.DAT#3,All The Best !,116.65,low,,no verified win,bounded search or metadata only,
Classic fan,fan:lldb-563,ssam1221 Havoc 1.dat#0,Ecsape From Nightmare,51.16,low,,no verified win,bounded search or metadata only,
Classic fan,fan:lldb-563,ssam1221 Havoc 1.dat#1,Present from Special Forces,70.01,low,,no verified win,bounded search or metadata only,
Classic fan,fan:lldb-563,ssam1221 Havoc 1.dat#2,Wyvern Worshippers,91.83,low,,no verified win,bounded search or metadata only,
Classic fan,fan:lldb-564,cLUE Simple 1.DAT#0,The Pilemmo,90.49,low,,no verified win,bounded search or metadata only,
Classic fan,fan:lldb-564,cLUE Simple 1.DAT#1,Stones of Lemness,102.59,low,,no verified win,bounded search or metadata only,
Classic fan,fan:lldb-564,cLUE Simple 1.DAT#2,The Lemming Tree,79.34,low,,no verified win,bounded search or metadata only,
Classic fan,fan:lldb-564,cLUE Simple 1.DAT#3,The Thirteenth Task,82.62,low,,no verified win,bounded search or metadata only,
Classic fan,fan:lldb-564,cLUE Simple 1.DAT#4,The Big Bad Block,81.09,low,,no verified win,bounded search or metadata only,
Classic fan,fan:lldb-564,cLUE Simple 1.DAT#5,Just One More Minute,81.5,low,,no verified win,bounded search or metadata only,
Classic fan,fan:lldb-564,cLUE Simple 1.DAT#6,Lighting up The Sky,93.16,low,,no verified win,bounded search or metadata only,
Classic fan,fan:lldb-564,cLUE Simple 1.DAT#7,Livin' Like Lemmy,79.8,low,,no verified win,bounded search or metadata only,
Classic fan,fan:lldb-564,cLUE Simple 1.DAT#8,Love Those Lemmings,90.9,low,,no verified win,bounded search or metadata only,
Classic fan,fan:lldb-564,cLUE Simple 1.DAT#9,Time to Get Up!,94.94,low,,no verified win,bounded search or metadata only,
Classic fan,fan:lldb-564,cLUE Simple 2.DAT#0,The Sporadic Seminar,87.75,low,,no verified win,bounded search or metadata only,
Classic fan,fan:lldb-564,cLUE Simple 2.DAT#1,"The Touch, of God!",86.94,low,,no verified win,bounded search or metadata only,
Classic fan,fan:lldb-564,cLUE Simple 2.DAT#2,The Revenge of the Graveyard,117.3,low,,no verified win,bounded search or metadata only,
Classic fan,fan:lldb-564,cLUE Simple 2.DAT#3,Nothing Without Lemmings . . .,87.88,low,,no verified win,bounded search or metadata only,
Classic fan,fan:lldb-564,cLUE Simple 2.DAT#4,The Endorian Forest,94.69,low,,no verified win,bounded search or metadata only,
Classic fan,fan:lldb-564,cLUE Simple 2.DAT#5,Lemming Connosseuir,94.94,low,,no verified win,bounded search or metadata only,
Classic fan,fan:lldb-565,cLUE Complex 1.DAT#0,Too Slow for Major Lemming,90.9,low,,no verified win,bounded search or metadata only,
Classic fan,fan:lldb-565,cLUE Complex 1.DAT#1,A Slighlty Too Unused Tactic,78.99,low,,no verified win,bounded search or metadata only,
Classic fan,fan:lldb-565,cLUE Complex 1.DAT#2,The Evil Within,69.12,low,,no verified win,bounded search or metadata only,
Classic fan,fan:lldb-565,cLUE Complex 1.DAT#3,The Curve,83.25,low,,no verified win,bounded search or metadata only,
Classic fan,fan:lldb-565,cLUE Complex 1.DAT#4,Go the Other Way!,81.5,low,,no verified win,bounded search or metadata only,
Classic fan,fan:lldb-565,cLUE Complex 1.DAT#5,The Center of Attention,117.3,low,,no verified win,bounded search or metadata only,
Classic fan,fan:lldb-565,cLUE Complex 1.DAT#6,The Lemming Brothers,78.4,low,,no verified win,bounded search or metadata only,
Classic fan,fan:lldb-565,cLUE Complex 1.DAT#7,The Last of the Lemmings,90.9,low,,no verified win,bounded search or metadata only,
Classic fan,fan:lldb-565,cLUE Complex 1.DAT#8,Mastering in Mayhem,95.75,low,,no verified win,bounded search or metadata only,
Classic fan,fan:lldb-565,cLUE Complex 1.DAT#9,No Big Deal,87.45,low,,no verified win,bounded search or metadata only,
Classic fan,fan:lldb-565,cLUE Complex 2.DAT#0,Lemmings: A Journey Through Hell,93.7,low,,no verified win,bounded search or metadata only,
Classic fan,fan:lldb-565,cLUE Complex 2.DAT#1,Walk Don't Run,81.5,low,,no verified win,bounded search or metadata only,
Classic fan,fan:lldb-565,cLUE Complex 2.DAT#2,Organic Lemmings,73.75,low,,no verified win,bounded search or metadata only,
Classic fan,fan:lldb-565,cLUE Complex 2.DAT#3,The cLemmings Ultimatum,94.12,low,,no verified win,bounded search or metadata only,
Classic fan,fan:lldb-565,cLUE Complex 2.DAT#4,Chains of Agony,83.25,low,,no verified win,bounded search or metadata only,
Classic fan,fan:lldb-565,cLUE Complex 2.DAT#5,The Gallery,105,low,,no verified win,bounded search or metadata only,
Classic fan,fan:lldb-567,Conway06.dat#0,Dr. Lemminglittle,69,low,,no verified win,bounded search or metadata only,
Classic fan,fan:lldb-567,Conway06.dat#1,Right of way,94,low,,no verified win,bounded search or metadata only,
Classic fan,fan:lldb-567,Conway06.dat#2,Double crossed,94,low,,no verified win,bounded search or metadata only,
Classic fan,fan:lldb-567,Conway06.dat#3,Back and forth,75.38,low,,no verified win,bounded search or metadata only,
Classic fan,fan:lldb-567,Conway06.dat#4,Somebody swich on a light!,90.25,low,,no verified win,bounded search or metadata only,
Classic fan,fan:lldb-567,Conway06.dat#5,It's cold outside,112.45,low,,no verified win,bounded search or metadata only,
Classic fan,fan:lldb-567,Conway06.dat#6,Through the liquidizer,50.55,low,,no verified win,bounded search or metadata only,
Classic fan,fan:lldb-567,Conway06.dat#7,A springboard would be handy,97.15,low,,no verified win,bounded search or metadata only,
Classic fan,fan:lldb-567,Conway06.dat#8,Heres where we keep the lemmings,114.5,low,,no verified win,bounded search or metadata only,
Classic fan,fan:lldb-567,Conway06.dat#9,Dyslexia,62.75,low,,no verified win,bounded search or metadata only,
Classic fan,fan:lldb-568,Fun 01.lvl#-1,Fun 01.lvl,44.74,high,2465bd0927556f786e0804f86d4884c105bbdd03043684163ed4bbe5851817a1,verified win,replay verified,
Classic fan,fan:lldb-568,Fun 02.lvl#-1,Fun 02.lvl,121.12,medium,af565532453e78c49449688a9b375b5a62e298ae683f770794a1afb2504f90c6,verified win,replay verified,
Classic fan,fan:lldb-568,Fun 03.lvl#-1,Fun 03.lvl,188.6,medium,5a5de0d60caeb6318b00ea76c5e2d35d804457958e8f1edf4bfe679dca4bb042,verified win,replay verified,
Classic fan,fan:lldb-568,Fun 04.lvl#-1,Fun 04.lvl,196.72,medium,c0806a1bdbcbba3a67bca77f1201b46cec577b2cf2dbd8b4e5125473656298de,verified win,replay verified,
Classic fan,fan:lldb-568,Fun 05.lvl#-1,Fun 05.lvl,67.67,medium,1081f365263b5e98fdf3bac9c7f54f9f95cb5c4f5a51c258869e6f1d302fe3e0,verified win,replay verified,
Classic fan,fan:lldb-568,Fun 06.lvl#-1,Fun 06.lvl,131.92,medium,50c19af4e7be89ce7e81be7394c8e074c22ea85e9aa2fa4c87ac614e6032a01f,verified win,replay verified,
Classic fan,fan:lldb-568,Fun 07.lvl#-1,Fun 07.lvl,155.98,medium,482793d74cdd349dc82f469ec1e2a7caa6cd698dc3eacdf1a1de5073eb8d62fc,verified win,replay verified,
Classic fan,fan:lldb-568,Fun 08.lvl#-1,Fun 08.lvl,153.08,medium,c6e0b5800e1f32baac923aa8c49e2bd35a5cfd60235614171bdf6eea6f488b8c,verified win,replay verified,
Classic fan,fan:lldb-568,Fun 09.lvl#-1,Fun 09.lvl,247.06,medium,ccabe59797a88d91580f2e7b700f91b5a45a7b2b4bc5a9f067a802ba48bc95b1,verified win,replay verified,
Classic fan,fan:lldb-568,Fun 10.lvl#-1,Fun 10.lvl,236.46,medium,ceaa9e1aa054b9a6ec4c1d8378a63bec389653a63a0f0281275842d498086ed7,verified win,replay verified,
Classic fan,fan:lldb-568,Fun 11.lvl#-1,Fun 11.lvl,427.47,medium,12e339442a8d3798c3b7556881c50ba8fd7b4c4318ed6d3de8d118a8972bc9d0,verified win,replay verified,
Classic fan,fan:lldb-568,Fun 12.lvl#-1,Fun 12.lvl,421.98,medium,0f73dffc1645bae22f86166a8a65d138c1faf3a09daba8a9954a8512018850fb,verified win,replay verified,
Classic fan,fan:lldb-568,Fun 13.lvl#-1,Fun 13.lvl,152.63,medium,61ebdcaad6858e415e540abb47ab5229c0af22a81e889bb80d2093eb04cd1c9a,verified win,replay verified,
Classic fan,fan:lldb-568,Fun 14.lvl#-1,Fun 14.lvl,501.55,medium,7359e9a60df8912414a91493f4cf3256fd9768e3efdb514547bce2186348ffd4,verified win,replay verified,
Classic fan,fan:lldb-568,Fun 15.lvl#-1,Fun 15.lvl,495.68,medium,8cbf178aa7df34799bb150587100f993a5a65758945fc01e1a350c4a285bab4f,verified win,replay verified,
Classic fan,fan:lldb-568,Fun 16.lvl#-1,Fun 16.lvl,326.13,medium,fc6538680d50af45f5ea0279687e6b55215b1c605593046620d060ba83cadd3f,verified win,replay verified,"replay saved mismatch: expected 80, got 0"
Classic fan,fan:lldb-568,Fun 17.lvl#-1,Fun 17.lvl,256.86,medium,530c638e240209776823eb9203a7e2dc612b1c53721e018160e4a15bb40eb916,verified win,replay verified,
Classic fan,fan:lldb-568,Fun 18.lvl#-1,Fun 18.lvl,67.41,medium,3a90d40344d96b56bab874715c1334304604d4da7acdd07c35dff188245e068d,verified win,replay verified,
Classic fan,fan:lldb-568,Fun 19.lvl#-1,Fun 19.lvl,190.08,medium,517f6e5d47a114eb53c11d818c151a9787c3dc3db0bf3c6e7b7d4fd7c1afcd59,verified win,replay verified,
Classic fan,fan:lldb-568,Fun 20.lvl#-1,Fun 20.lvl,275.22,medium,f8c4f6bbe1489348222883b105a81cb2f119f2973f879d86ca6eb8a98987d6d0,verified win,replay verified,
Classic fan,fan:lldb-568,Fun 21.lvl#-1,Fun 21.lvl,202.83,medium,b2d32e8b1ead1fffee89a4e9e41f40b8d6c5926e6d97ea1f3531f64239cde878,verified win,replay verified,
Classic fan,fan:lldb-568,Fun 22.lvl#-1,Fun 22.lvl,325.32,medium,efbcce44b8792151632de4aa0cb224204b71de40f54815c07c1ac421075ac90a,verified win,replay verified,
Classic fan,fan:lldb-568,Fun 23.lvl#-1,Fun 23.lvl,356.12,medium,829d8875e61dbd0197a4c7d39afc08b0a6c1e245de192004a40c23dc741661ee,verified win,replay verified,
Classic fan,fan:lldb-568,Fun 24.lvl#-1,Fun 24.lvl,271.56,medium,f84f12ba9bf0251ecb6c24d3eb6bc919173c5b278492b546ffa3f68803bb1133,verified win,replay verified,
Classic fan,fan:lldb-568,Fun 25.lvl#-1,Fun 25.lvl,71.79,medium,1a84482b8df241b85c2edadb07aa3ba19144e41aed0be99bb709ac031a028068,verified win,replay verified,
Classic fan,fan:lldb-568,Fun 26.lvl#-1,Fun 26.lvl,365.98,medium,4fd3570c30dd8ae230f88c558cab13bb716789599a2ebe10a7b504b0ba69e8d7,verified win,replay verified,
Classic fan,fan:lldb-568,Fun 27.lvl#-1,Fun 27.lvl,288.66,medium,f9b8f1ff43d108620f29563b4ab242297c7c4ef8daf3d2da7d5d732db0f89218,verified win,replay verified,
Classic fan,fan:lldb-568,Fun 28.lvl#-1,Fun 28.lvl,198.34,medium,263b4ad3790e19d0d723d9758c1684c7941fa6aed89d2ce69106d526335abb35,verified win,replay verified,
Classic fan,fan:lldb-568,Fun 29.lvl#-1,Fun 29.lvl,240.62,medium,073a9f50d75f3e38b8b260fe1b62e740caa30466ebb318ea7fc3da2f36ea3e99,verified win,replay verified,
Classic fan,fan:lldb-568,Fun 30.lvl#-1,Fun 30.lvl,285.95,medium,bd04d797766fc1f01f8465da4d91bf84f92aa1edf3a841aa5bb09c55de026b57,verified win,replay verified,
Classic fan,fan:lldb-569,Tricky 01.lvl#-1,Tricky 01.lvl,303.5,medium,abb899e74dc9151e431ec86384054a9734f1558422075a924552418d4f41e29b,verified win,replay verified,
Classic fan,fan:lldb-569,Tricky 02.lvl#-1,Tricky 02.lvl,157.6,medium,dc39406ee1691d385d70a5c8fd08648fa47357ad967488fdf2b0cfc9082ef039,verified win,replay verified,
Classic fan,fan:lldb-569,Tricky 03.lvl#-1,Tricky 03.lvl,394.92,medium,374a67516bcd5dd1ee6f2cf308db3d3989e376ef9a66867d0ab16797201a89fa,verified win,replay verified,
Classic fan,fan:lldb-569,Tricky 04.lvl#-1,Tricky 04.lvl,429.01,medium,4b88d21c0626e836eba3dcf8b4e0348ab309fc2c338bb62b8b0c899f1837dd28,verified win,replay verified,
Classic fan,fan:lldb-569,Tricky 05.lvl#-1,Tricky 05.lvl,88.5,low,,no verified win,bounded search or metadata only,
Classic fan,fan:lldb-569,Tricky 06.lvl#-1,Tricky 06.lvl,381.74,medium,0bf78c16d512109bf2fdd7c44393eedf66990ffe0f08e3cb15e3b31d9685e3f8,verified win,replay verified,
Classic fan,fan:lldb-569,Tricky 07.lvl#-1,Tricky 07.lvl,538.72,medium,7d608a6a2493e98f7df6800c67e1a95a9514ce9b44f364168f1c9f14f1bd89b5,verified win,replay verified,
Classic fan,fan:lldb-569,Tricky 08.lvl#-1,Tricky 08.lvl,148.92,medium,89507faead4767250480ed437c2bbd1a17bffbdae3011772c94eb4676a7c49e7,verified win,replay verified,
Classic fan,fan:lldb-569,Tricky 09.lvl#-1,Tricky 09.lvl,363.93,medium,eeb8f311700fc21deb7dde39ee77ccb575ecfe2198f30c720d5d562460935721,verified win,replay verified,
Classic fan,fan:lldb-569,Tricky 10.lvl#-1,Tricky 10.lvl,450.92,medium,e5987d828fc31f824eee07c79390f7eef2e05306cc4b10598c4c1163bee9cbb9,verified win,replay verified,
Classic fan,fan:lldb-569,Tricky 11.lvl#-1,Tricky 11.lvl,309.71,medium,a9a3b9b458b89345b931af91d68a61fefa9467eeee6ae27f3f776a6f33ccb651,verified win,replay verified,
Classic fan,fan:lldb-569,Tricky 12.lvl#-1,Tricky 12.lvl,239.79,medium,7ec8d08f4f2084d6ce431647cae9c3f5ce2d849c250b94e7e431c55c9b4e7e2c,verified win,replay verified,
Classic fan,fan:lldb-569,Tricky 13.lvl#-1,Tricky 13.lvl,104.75,low,,no verified win,bounded search or metadata only,
Classic fan,fan:lldb-569,Tricky 14.lvl#-1,Tricky 14.lvl,565.1,medium,d7d013b9c72ae5dda75729430ace031c62fdb93c9bad5e3c408e94fbc2ce3c6c,verified win,replay verified,
Classic fan,fan:lldb-569,Tricky 15.lvl#-1,Tricky 15.lvl,194.92,medium,89556d0df9ec4a46393834b8e6a5d4a609c0f0d60dcd3c18aa88e87b9a5f2358,verified win,replay verified,
Classic fan,fan:lldb-569,Tricky 16.lvl#-1,Tricky 16.lvl,205.59,medium,372ea6d6e009342a634448620a6260ec52fd873002dfefc7d97adec48167eae8,verified win,replay verified,
Classic fan,fan:lldb-569,Tricky 17.lvl#-1,Tricky 17.lvl,146.6,medium,aabf2b21c8f92cfa530edad82c000f16daa104f69d961aff613d7463aac911dc,verified win,replay verified,
Classic fan,fan:lldb-569,Tricky 18.lvl#-1,Tricky 18.lvl,216.7,medium,eafb71148b883c684ee6bd6592fa924bf947731d2242308a0e336e94469b7cb3,verified win,replay verified,
Classic fan,fan:lldb-569,Tricky 19.lvl#-1,Tricky 19.lvl,346.74,medium,899971477146e0036eb845099f5db92544c7bae66aaf2c10c0cc7bb5043c4ffb,verified win,replay verified,
Classic fan,fan:lldb-569,Tricky 20.lvl#-1,Tricky 20.lvl,368.98,medium,652b35f812f24983226d5624d1b2ceb94c68a5f3c8a07d265f3843336aaef5e7,verified win,replay verified,
Classic fan,fan:lldb-569,Tricky 21.lvl#-1,Tricky 21.lvl,376.48,medium,113252336b6facd4dbff7520dea59dd324dae59e18d5d00e7c5a1086991532ba,verified win,replay verified,
Classic fan,fan:lldb-569,Tricky 22.lvl#-1,Tricky 22.lvl,183.36,medium,62f1ce37c24052d939486840fd8a28a009d60fb8e5c690fb42992d029d1db48b,verified win,replay verified,
Classic fan,fan:lldb-569,Tricky 23.lvl#-1,Tricky 23.lvl,518.09,medium,e7dfe8a86c03888ce613ed26e5b78fc362d0f880ada8040173f88b4809f0f553,verified win,replay verified,
Classic fan,fan:lldb-569,Tricky 24.lvl#-1,Tricky 24.lvl,264.39,medium,933a50776330939156294e8798a47608d8c4610b9310ce2b0d254255748e05b4,verified win,replay verified,
Classic fan,fan:lldb-569,Tricky 25.lvl#-1,Tricky 25.lvl,407.21,medium,6d1521781f5b187eeb22ce290c2e08eee857c190b4b0c7f79372ac8caccf4864,verified win,replay verified,
Classic fan,fan:lldb-569,Tricky 26.lvl#-1,Tricky 26.lvl,418.76,medium,d524494055ca4d748cb9f99041c2ec1dfa1b8ccc0cf72da52c095c113993fef2,verified win,replay verified,
Classic fan,fan:lldb-569,Tricky 27.lvl#-1,Tricky 27.lvl,415.36,medium,05ba946af647db06198139d708f6c443d77ff016ef1364261412da150b1c407f,verified win,replay verified,
Classic fan,fan:lldb-569,Tricky 28.lvl#-1,Tricky 28.lvl,149.33,medium,ecf36ceb6b5178d2280ee6ae7ae83febe4de988d149e3b80326bc8edc3b055be,verified win,replay verified,
Classic fan,fan:lldb-569,Tricky 29.lvl#-1,Tricky 29.lvl,301.11,medium,84d2f5bb963f6a49d9523fca8f62bea8c6af5a0d1e2b3e68c1adbf5fccc60e99,verified win,replay verified,
Classic fan,fan:lldb-569,Tricky 30.lvl#-1,Tricky 30.lvl,537.25,medium,9630f2fdb210088cc74574edf08fccd11146472dfe5e29b30d3c79ac60435844,verified win,replay verified,
Classic fan,fan:lldb-57,lm_set11.dat#0,One-way climbed obstacle,94.34,low,,no verified win,bounded search or metadata only,
Classic fan,fan:lldb-57,lm_set11.dat#1,Float and Explode,73.3,low,,no verified win,bounded search or metadata only,
Classic fan,fan:lldb-57,lm_set11.dat#2,Getting your hands dirty,103.25,low,,no verified win,bounded search or metadata only,
Classic fan,fan:lldb-57,lm_set11.dat#3,Go elsewhere for drinking water,96.74,low,,no verified win,bounded search or metadata only,
Classic fan,fan:lldb-57,lm_set11.dat#4,We fall down in groups,70.75,low,,no verified win,bounded search or metadata only,
Classic fan,fan:lldb-57,lm_set11.dat#5,Who will free that blocker?,108.25,low,,no verified win,bounded search or metadata only,
Classic fan,fan:lldb-57,lm_set11.dat#6,Fooled again Haha!,102,low,,no verified win,bounded search or metadata only,
Classic fan,fan:lldb-57,lm_set11.dat#7,If only I had a basher,103.38,low,,no verified win,bounded search or metadata only,
Classic fan,fan:lldb-57,lm_set11.dat#8,The brain again...,112.65,low,,no verified win,bounded search or metadata only,
Classic fan,fan:lldb-57,lm_set11.dat#9,Sparkling Lollipops,111.25,low,,no verified win,bounded search or metadata only,
Classic fan,fan:lldb-570,Taxing 01.lvl#-1,Taxing 01.lvl,114.18,low,,no verified win,bounded search or metadata only,
Classic fan,fan:lldb-570,Taxing 02.lvl#-1,Taxing 02.lvl,537.81,medium,4953a8a3c3f7fd8bdbe37e097fa2e4abf0238f6e11931279726871371f9d8e2b,verified win,replay verified,
Classic fan,fan:lldb-570,Taxing 03.lvl#-1,Taxing 03.lvl,283.92,medium,11ee7e856c3179f045d6d9c083ba98a6bd53984651d15b0c5821c4346c2a4b1a,verified win,replay verified,
Classic fan,fan:lldb-570,Taxing 04.lvl#-1,Taxing 04.lvl,355.62,medium,ccf1514c3fdb4bf46cdea3056ac33285cb973225954e9b8e926c4424c4fdd081,verified win,replay verified,
Classic fan,fan:lldb-570,Taxing 05.lvl#-1,Taxing 05.lvl,351.3,medium,22e09d1395f29bd05b9701f446a84bc21876f4ef0fb0ddfbcb6c12bf1a76995c,verified win,replay verified,
Classic fan,fan:lldb-570,Taxing 06.lvl#-1,Taxing 06.lvl,318.21,medium,a7af25d80781c17fe3181b1d0b633010b520c0f33589c2171e099f98486f822e,verified win,replay verified,
Classic fan,fan:lldb-570,Taxing 07.lvl#-1,Taxing 07.lvl,362.47,medium,c1e72a3dd921ad31af490e13016f7cf665d32887e7cfbe43f50eca509b002b0f,verified win,replay verified,
Classic fan,fan:lldb-570,Taxing 08.lvl#-1,Taxing 08.lvl,95.75,low,,no verified win,bounded search or metadata only,
Classic fan,fan:lldb-570,Taxing 09.lvl#-1,Taxing 09.lvl,322.87,medium,8c2a5364a5b99782128ce5e10d546f890ce80e513cb92b8e582952ae4ca714a0,verified win,replay verified,
Classic fan,fan:lldb-570,Taxing 10.lvl#-1,Taxing 10.lvl,434.67,medium,c9860028a0294491911eeaab275fbf17a84820bb5242e4efd2535e77aa60941e,verified win,replay verified,
Classic fan,fan:lldb-570,Taxing 11.lvl#-1,Taxing 11.lvl,508.25,medium,82d96062f8ed8eaa343066ebffa1463e52dd1ef03b8d5e7fba470b0c79c278ef,verified win,replay verified,
Classic fan,fan:lldb-570,Taxing 12.lvl#-1,Taxing 12.lvl,321.04,medium,67af3622a5845f4f623e7ba5f15a49a43358d1ae549335cf2f64c73fb2dffa6d,verified win,replay verified,
Classic fan,fan:lldb-570,Taxing 13.lvl#-1,Taxing 13.lvl,426.05,medium,60cb7a6a81ca839ee7e72d42daf98714777235c7c7ad72ab4de71abe145a471d,verified win,replay verified,
Classic fan,fan:lldb-570,Taxing 14.lvl#-1,Taxing 14.lvl,100.38,low,,no verified win,bounded search or metadata only,
Classic fan,fan:lldb-570,Taxing 15.lvl#-1,Taxing 15.lvl,184.84,medium,b8a0f834c1052c83261b4ea0a1109d41f51a6d21e66f4d50f482d98c4bdc7b60,verified win,replay verified,
Classic fan,fan:lldb-570,Taxing 16.lvl#-1,Taxing 16.lvl,338.55,medium,f9be8870e7dcec08c80e096a9a3d44c91f3d2abe62da80b3d5e92ac743689407,verified win,replay verified,
Classic fan,fan:lldb-570,Taxing 17.lvl#-1,Taxing 17.lvl,443.6,medium,245712ae9bee8be9033ed2cb003897665acb5f70c210268b84456710f880e6db,verified win,replay verified,
Classic fan,fan:lldb-570,Taxing 18.lvl#-1,Taxing 18.lvl,320.79,medium,4364397c1e451b27449c9caf377511a18f61e7b9802faaf58d2c7f2a5f932db1,verified win,replay verified,
Classic fan,fan:lldb-570,Taxing 19.lvl#-1,Taxing 19.lvl,83.79,medium,34213caa09ceb07faf14061332ee577f3cc2f60de0395effcf113ef0fa1d7cce,verified win,replay verified,
Classic fan,fan:lldb-570,Taxing 20.lvl#-1,Taxing 20.lvl,350.36,medium,1d5ed12c81708117f19e7f0246a21cfb3e72ef2239f283516a7ba78dc1d655b5,verified win,replay verified,
Classic fan,fan:lldb-570,Taxing 21.lvl#-1,Taxing 21.lvl,346.04,medium,1bd3c79efc389226671828b915b37667279fa7ab0f7f3249d5c7a4cb604cde58,verified win,replay verified,
Classic fan,fan:lldb-570,Taxing 22.lvl#-1,Taxing 22.lvl,388.01,medium,c08f19146fdf85291e0c3098104588870436805490b764e6fa0cc6a265652d10,verified win,replay verified,
Classic fan,fan:lldb-570,Taxing 23.lvl#-1,Taxing 23.lvl,172.88,medium,b6c39da0b293249ffd8a35f1bc8692dc91a9cf7ddc7117d86b547c7b5372b50f,verified win,replay verified,
Classic fan,fan:lldb-570,Taxing 24.lvl#-1,Taxing 24.lvl,245.36,medium,c7191b7e1787fec92a276247ae1671b481171a18b48c59b2bb7531cbc8d4ff55,verified win,replay verified,
Classic fan,fan:lldb-570,Taxing 25.lvl#-1,Taxing 25.lvl,215.15,medium,2be87e98d3c4774c8d8c9a5d08096a52fc1216c41ab30f302ea376f38cd14210,verified win,replay verified,
Classic fan,fan:lldb-570,Taxing 26.lvl#-1,Taxing 26.lvl,346.62,medium,96a618126bee170ddb00b6d28daa82798bb955869d1a88e4826f5aeafd9750dd,verified win,replay verified,
Classic fan,fan:lldb-570,Taxing 27.lvl#-1,Taxing 27.lvl,290.54,medium,55c91c6d314e9a5e279c0eb4180cf7954aa46f32b4c19c511bff6ab1c27ca76f,verified win,replay verified,
Classic fan,fan:lldb-570,Taxing 28.lvl#-1,Taxing 28.lvl,461.25,medium,1205dd81d6f5b0c791c87dad493ba7c0b2561b9fad84a9a7b767bd39f4e93396,verified win,replay verified,
Classic fan,fan:lldb-570,Taxing 29.lvl#-1,Taxing 29.lvl,419.2,medium,90c300af731f7f3d8b17c066710e54da9f8c85333b9091bc4db3cdbd2f580208,verified win,replay verified,
Classic fan,fan:lldb-570,Taxing 30.lvl#-1,Taxing 30.lvl,161.55,medium,16b35ef7e619d91f4871c45ea6dec88fba2792e4769e461d6fcf94d90da779c9,verified win,replay verified,
Classic fan,fan:lldb-571,Mayhem 01.lvl#-1,Mayhem 01.lvl,92.5,low,,no verified win,bounded search or metadata only,
Classic fan,fan:lldb-571,Mayhem 02.lvl#-1,Mayhem 02.lvl,93.9,low,,no verified win,bounded search or metadata only,
Classic fan,fan:lldb-571,Mayhem 03.lvl#-1,Mayhem 03.lvl,373.02,medium,5072ea08474341280a5486c6b2d9b153446f8bf11c5653619ba8f4081db2f46b,verified win,replay verified,
Classic fan,fan:lldb-571,Mayhem 04.lvl#-1,Mayhem 04.lvl,196.58,medium,3eedd7660b0dfa37e0b2d789d5946866c9207a148cd4b556cc03a3d26372ac83,verified win,replay verified,
Classic fan,fan:lldb-571,Mayhem 05.lvl#-1,Mayhem 05.lvl,331.74,medium,fcf57dc118cb4812a3d6ce0054ea33b679a91bff326e8fc0b5ba59f303d75ea2,verified win,replay verified,
Classic fan,fan:lldb-571,Mayhem 06.lvl#-1,Mayhem 06.lvl,399.19,medium,8af045e2516de6d8d8fdef0da4885a838288e6ba0462d1d9ecbff0898173c804,verified win,replay verified,
Classic fan,fan:lldb-571,Mayhem 07.lvl#-1,Mayhem 07.lvl,351.25,medium,368f760367574913db849c8055cebd22cfc269bd6a09d73f2e8464cfd66883b8,verified win,replay verified,
Classic fan,fan:lldb-571,Mayhem 08.lvl#-1,Mayhem 08.lvl,400.32,medium,e91d563bf493302b7f5c9a60f3d440d553226b165cf6a52396cae52963e9e8c7,verified win,replay verified,
Classic fan,fan:lldb-571,Mayhem 09.lvl#-1,Mayhem 09.lvl,314.55,medium,ac91b52dfb208c42da5cb1f9e800c830d6b2714ab0da4c5a9397553e54abc8a8,verified win,replay verified,
Classic fan,fan:lldb-571,Mayhem 10.lvl#-1,Mayhem 10.lvl,554.17,medium,1939435bb77a0d3a1191f7a9a4aa43ae34144579932227f29ab04f8d68a5755d,verified win,replay verified,
Classic fan,fan:lldb-571,Mayhem 11.lvl#-1,Mayhem 11.lvl,165.06,medium,6c50ae2b37fb13f9b85a2ca7a3a0bc3f994cf4f0f5f6ca1587ad0b1ef40c39d0,verified win,replay verified,
Classic fan,fan:lldb-571,Mayhem 12.lvl#-1,Mayhem 12.lvl,417.09,medium,8178af2961d93b500691c362bff698387a404f706c8f5e7d47c986eba21eb943,verified win,replay verified,
Classic fan,fan:lldb-571,Mayhem 13.lvl#-1,Mayhem 13.lvl,342.9,medium,6cd5434e616aca7a0bedd461f12057787a0b2b8805093f1e35ea7c2a33acf63d,verified win,replay verified,
Classic fan,fan:lldb-571,Mayhem 14.lvl#-1,Mayhem 14.lvl,98.34,medium,bc7946c0560f24f6f6d67a4b123b4148fd467aa7ea6f234b4cf18bef23d28fea,verified win,replay verified,
Classic fan,fan:lldb-571,Mayhem 15.lvl#-1,Mayhem 15.lvl,114.6,low,,no verified win,bounded search or metadata only,
Classic fan,fan:lldb-571,Mayhem 16.lvl#-1,Mayhem 16.lvl,312.01,medium,3e7311226f3ec242ec7e9255c3e169e71827b537bfaadce2291a1aba4fc6869b,verified win,replay verified,
Classic fan,fan:lldb-571,Mayhem 17.lvl#-1,Mayhem 17.lvl,459.32,medium,b40ccd8169a89382dd6911e346765c21bcf1ca708aacca338383d2e51ee1405e,verified win,replay verified,
Classic fan,fan:lldb-571,Mayhem 18.lvl#-1,Mayhem 18.lvl,572.62,medium,192cca806993245d1657a4a8e25a01f4938ce1dfaf033e4a95093a8c99c9b448,verified win,replay verified,
Classic fan,fan:lldb-571,Mayhem 19.lvl#-1,Mayhem 19.lvl,319.74,medium,bd13285063a84d6c147ba7297befac291faa07c4464012faec7a3a987521c759,verified win,replay verified,
Classic fan,fan:lldb-571,Mayhem 20.lvl#-1,Mayhem 20.lvl,366.3,medium,2bc505a911279bc6368768369b7360861fddbfddf7824ec945316f413657369b,verified win,replay verified,
Classic fan,fan:lldb-571,Mayhem 21.lvl#-1,Mayhem 21.lvl,304.53,medium,09b1e2be0a2f7a5266d9d0e8163fabc8294871a5e0f18c033a9e52085ae8a26f,verified win,replay verified,
Classic fan,fan:lldb-571,Mayhem 22.lvl#-1,Mayhem 22.lvl,450.37,medium,5ce756f3d0e7862c240171330fec225ee3d9ba283707062890b75fe5ca2f0e60,verified win,replay verified,
Classic fan,fan:lldb-571,Mayhem 23.lvl#-1,Mayhem 23.lvl,294.3,medium,8c2bed0214e10dc520dc2232bd494ba9dc1e1c7326096ba7228fcf0b3ac3d7d5,verified win,replay verified,
Classic fan,fan:lldb-571,Mayhem 24.lvl#-1,Mayhem 24.lvl,267.32,medium,e7bc7655f75f0464c9dc2758189a615d3de539a579c1b2291838946853301301,verified win,replay verified,
Classic fan,fan:lldb-571,Mayhem 25.lvl#-1,Mayhem 25.lvl,105,low,,no verified win,bounded search or metadata only,
Classic fan,fan:lldb-571,Mayhem 26.lvl#-1,Mayhem 26.lvl,81.4,low,,no verified win,bounded search or metadata only,
Classic fan,fan:lldb-571,Mayhem 27.lvl#-1,Mayhem 27.lvl,212.3,medium,753446ebe53fb2d9e14a19d220e04bb0b46944f8127171929f014b782e7dc636,verified win,replay verified,
Classic fan,fan:lldb-571,Mayhem 28.lvl#-1,Mayhem 28.lvl,199.18,medium,4227140dac1cb6c0d154873dff67953f93b7bbaa722e335224100b21be1e3262,verified win,replay verified,
Classic fan,fan:lldb-571,Mayhem 29.lvl#-1,Mayhem 29.lvl,83,low,,no verified win,bounded search or metadata only,
Classic fan,fan:lldb-571,Mayhem 30.lvl#-1,Mayhem 30.lvl,536.15,medium,c5072a5c87035184ccc811c410fe5c6741d8a835c6697b5d5c7875b4e9cb4050,verified win,replay verified,
Classic fan,fan:lldb-572,Level 01.lvl#-1,Level 01.lvl,135.13,high,0caa17b2f58e9d73196f4bf20ec8f98bf98a558589a5df494952a4707bddafe3,verified win,replay verified,
Classic fan,fan:lldb-572,Level 02.lvl#-1,Level 02.lvl,71.69,medium,05e50acb3fbe6005ebf224da3bb5dd802ac91f991d96745b1ace715cad58e3ae,verified win,replay verified,
Classic fan,fan:lldb-572,Level 03.lvl#-1,Level 03.lvl,79.18,medium,9f21c4f5577ac01a4f9bc68a79ca3f5a975e89fd020fa4803090be5502789769,verified win,replay verified,
Classic fan,fan:lldb-572,Level 04.lvl#-1,Level 04.lvl,314.25,medium,0ac918b6378a639602daedd526ef91ebc608204cb08e1750b417ae07a990bb54,verified win,replay verified,
Classic fan,fan:lldb-572,Level 05.lvl#-1,Level 05.lvl,277.4,medium,167737caf4eaa6dd5cbf2f718f07bb23ff22ebdb43ab6bd1a149bb110235465d,verified win,replay verified,
Classic fan,fan:lldb-572,Level 06.lvl#-1,Level 06.lvl,158.18,medium,22a0c9a19a67ab8ec01e3681a28e8caa5c0dde8f0da56c39a5a4c86cae980ee0,verified win,replay verified,
Classic fan,fan:lldb-572,Level 07.lvl#-1,Level 07.lvl,132.21,medium,7b727b28e175220bfbf46fe9bad4c24889a472f04e19e866a9d0d15a7d0352a2,verified win,replay verified,
Classic fan,fan:lldb-572,Level 08.lvl#-1,Level 08.lvl,172.53,medium,fb01cbe97f57d39cabf30772e12a29d2cbe370d857ce326b2e9a2f1be1a0f89d,verified win,replay verified,
Classic fan,fan:lldb-572,Level 09.lvl#-1,Level 09.lvl,44.05,high,e733bec7f4372d2f259724364aa296e0a746939d1bf50af4c3211e7262e7c204,verified win,replay verified,
Classic fan,fan:lldb-572,Level 10.lvl#-1,Level 10.lvl,264.85,medium,409c089dabf98cf6543d02ff6b87d2f531bd336238a1fbeb47624bfd9a00cba4,verified win,replay verified,
Classic fan,fan:lldb-572,Level 11.lvl#-1,Level 11.lvl,278.95,medium,fd1a6a00c16ff7ba508935470443f4de128caec23bbd056098d49629fdbc6ccc,verified win,replay verified,
Classic fan,fan:lldb-572,Level 12.lvl#-1,Level 12.lvl,342.02,medium,97a8e65cbace733b7bf42bc1bd7d3640e63fd403e697794fc21525cfdd84b55f,verified win,replay verified,
Classic fan,fan:lldb-572,Level 13.lvl#-1,Level 13.lvl,330.95,medium,f54457d90831a00b4c30092ea65bfded7cc559c01df9aa3edf565e68c3b66980,verified win,replay verified,
Classic fan,fan:lldb-572,Level 14.lvl#-1,Level 14.lvl,283.69,medium,eb215bc32873a62d08cd7b4ddd058e1b6b94d22cbecbda9208a4796c22adf425,verified win,replay verified,
Classic fan,fan:lldb-572,Level 15.lvl#-1,Level 15.lvl,202.02,medium,5433c68afbe4e9dc3c9e08ae0457398d0f0302fe118e54484a06b279670f9661,verified win,replay verified,
Classic fan,fan:lldb-572,Level 16.lvl#-1,Level 16.lvl,343.44,medium,22106e379dd0abe61fe9e839aae7323cca049bc96a6bfb455cde846d290d8353,verified win,replay verified,
Classic fan,fan:lldb-572,Level 17.lvl#-1,Level 17.lvl,342.14,medium,b3d51c352ee50d198aeaf9b5b605b997a009dd0438ff8ffb76ee655a75e425cd,verified win,replay verified,
Classic fan,fan:lldb-572,Level 18.lvl#-1,Level 18.lvl,94.4,high,5240720634c82ee3a6e7f6e21d327e9673c2c05e9fae7274db7af15b64c007da,verified win,replay verified,
Classic fan,fan:lldb-572,Level 19.lvl#-1,Level 19.lvl,626.68,medium,71100d0797e2cfe5875df98448f32ce400e494fa7d896b34a0deae7cb520ab06,verified win,replay verified,
Classic fan,fan:lldb-572,Level 20.lvl#-1,Level 20.lvl,500.45,medium,4449faf6686639175f97c0bf0b271f60a71074cd8972dbe23a7ad3fee2567a06,verified win,replay verified,
Classic fan,fan:lldb-573,Fun 01.lvl#-1,Fun 01.lvl,44.74,high,2465bd0927556f786e0804f86d4884c105bbdd03043684163ed4bbe5851817a1,verified win,replay verified,
Classic fan,fan:lldb-573,Fun 02.lvl#-1,Fun 02.lvl,121.12,medium,af565532453e78c49449688a9b375b5a62e298ae683f770794a1afb2504f90c6,verified win,replay verified,
Classic fan,fan:lldb-573,Fun 03.lvl#-1,Fun 03.lvl,188.6,medium,5a5de0d60caeb6318b00ea76c5e2d35d804457958e8f1edf4bfe679dca4bb042,verified win,replay verified,
Classic fan,fan:lldb-573,Fun 04.lvl#-1,Fun 04.lvl,196.72,medium,c0806a1bdbcbba3a67bca77f1201b46cec577b2cf2dbd8b4e5125473656298de,verified win,replay verified,
Classic fan,fan:lldb-573,Fun 05.lvl#-1,Fun 05.lvl,67.67,medium,1081f365263b5e98fdf3bac9c7f54f9f95cb5c4f5a51c258869e6f1d302fe3e0,verified win,replay verified,
Classic fan,fan:lldb-573,Fun 06.lvl#-1,Fun 06.lvl,131.92,medium,50c19af4e7be89ce7e81be7394c8e074c22ea85e9aa2fa4c87ac614e6032a01f,verified win,replay verified,
Classic fan,fan:lldb-573,Fun 07.lvl#-1,Fun 07.lvl,155.98,medium,482793d74cdd349dc82f469ec1e2a7caa6cd698dc3eacdf1a1de5073eb8d62fc,verified win,replay verified,
Classic fan,fan:lldb-573,Fun 08.lvl#-1,Fun 08.lvl,153.08,medium,c6e0b5800e1f32baac923aa8c49e2bd35a5cfd60235614171bdf6eea6f488b8c,verified win,replay verified,
Classic fan,fan:lldb-573,Fun 09.lvl#-1,Fun 09.lvl,247.06,medium,ccabe59797a88d91580f2e7b700f91b5a45a7b2b4bc5a9f067a802ba48bc95b1,verified win,replay verified,
Classic fan,fan:lldb-573,Fun 10.lvl#-1,Fun 10.lvl,236.46,medium,ceaa9e1aa054b9a6ec4c1d8378a63bec389653a63a0f0281275842d498086ed7,verified win,replay verified,
Classic fan,fan:lldb-573,Fun 11.lvl#-1,Fun 11.lvl,427.47,medium,12e339442a8d3798c3b7556881c50ba8fd7b4c4318ed6d3de8d118a8972bc9d0,verified win,replay verified,
Classic fan,fan:lldb-573,Fun 12.lvl#-1,Fun 12.lvl,421.98,medium,0f73dffc1645bae22f86166a8a65d138c1faf3a09daba8a9954a8512018850fb,verified win,replay verified,
Classic fan,fan:lldb-573,Fun 13.lvl#-1,Fun 13.lvl,152.63,medium,61ebdcaad6858e415e540abb47ab5229c0af22a81e889bb80d2093eb04cd1c9a,verified win,replay verified,
Classic fan,fan:lldb-573,Fun 14.lvl#-1,Fun 14.lvl,501.55,medium,7359e9a60df8912414a91493f4cf3256fd9768e3efdb514547bce2186348ffd4,verified win,replay verified,
Classic fan,fan:lldb-573,Fun 15.lvl#-1,Fun 15.lvl,495.68,medium,8cbf178aa7df34799bb150587100f993a5a65758945fc01e1a350c4a285bab4f,verified win,replay verified,
Classic fan,fan:lldb-573,Fun 16.lvl#-1,Fun 16.lvl,326.13,medium,f99a2b4a965e0fc5c345ba8eb15da0367da546e221ac04f05cde3b88ef74382a,verified win,replay verified,"replay saved mismatch: expected 80, got 0"
Classic fan,fan:lldb-573,Fun 17.lvl#-1,Fun 17.lvl,256.86,medium,530c638e240209776823eb9203a7e2dc612b1c53721e018160e4a15bb40eb916,verified win,replay verified,
Classic fan,fan:lldb-573,Fun 18.lvl#-1,Fun 18.lvl,67.41,medium,3a90d40344d96b56bab874715c1334304604d4da7acdd07c35dff188245e068d,verified win,replay verified,
Classic fan,fan:lldb-573,Fun 19.lvl#-1,Fun 19.lvl,190.08,medium,517f6e5d47a114eb53c11d818c151a9787c3dc3db0bf3c6e7b7d4fd7c1afcd59,verified win,replay verified,
Classic fan,fan:lldb-573,Fun 20.lvl#-1,Fun 20.lvl,275.22,medium,f8c4f6bbe1489348222883b105a81cb2f119f2973f879d86ca6eb8a98987d6d0,verified win,replay verified,
Classic fan,fan:lldb-573,Fun 21.lvl#-1,Fun 21.lvl,202.83,medium,b2d32e8b1ead1fffee89a4e9e41f40b8d6c5926e6d97ea1f3531f64239cde878,verified win,replay verified,
Classic fan,fan:lldb-573,Fun 22.lvl#-1,Fun 22.lvl,79.55,low,,no verified win,bounded search or metadata only,
Classic fan,fan:lldb-573,Fun 23.lvl#-1,Fun 23.lvl,356.12,medium,829d8875e61dbd0197a4c7d39afc08b0a6c1e245de192004a40c23dc741661ee,verified win,replay verified,
Classic fan,fan:lldb-573,Fun 24.lvl#-1,Fun 24.lvl,271.56,medium,f84f12ba9bf0251ecb6c24d3eb6bc919173c5b278492b546ffa3f68803bb1133,verified win,replay verified,
Classic fan,fan:lldb-573,Fun 25.lvl#-1,Fun 25.lvl,71.79,medium,1a84482b8df241b85c2edadb07aa3ba19144e41aed0be99bb709ac031a028068,verified win,replay verified,
Classic fan,fan:lldb-573,Fun 26.lvl#-1,Fun 26.lvl,365.98,medium,4fd3570c30dd8ae230f88c558cab13bb716789599a2ebe10a7b504b0ba69e8d7,verified win,replay verified,
Classic fan,fan:lldb-573,Fun 27.lvl#-1,Fun 27.lvl,288.66,medium,f9b8f1ff43d108620f29563b4ab242297c7c4ef8daf3d2da7d5d732db0f89218,verified win,replay verified,
Classic fan,fan:lldb-573,Fun 28.lvl#-1,Fun 28.lvl,198.34,medium,263b4ad3790e19d0d723d9758c1684c7941fa6aed89d2ce69106d526335abb35,verified win,replay verified,
Classic fan,fan:lldb-573,Fun 29.lvl#-1,Fun 29.lvl,240.62,medium,073a9f50d75f3e38b8b260fe1b62e740caa30466ebb318ea7fc3da2f36ea3e99,verified win,replay verified,
Classic fan,fan:lldb-573,Fun 30.lvl#-1,Fun 30.lvl,285.95,medium,bd04d797766fc1f01f8465da4d91bf84f92aa1edf3a841aa5bb09c55de026b57,verified win,replay verified,
Classic fan,fan:lldb-574,Tricky 01.lvl#-1,Tricky 01.lvl,303.5,medium,abb899e74dc9151e431ec86384054a9734f1558422075a924552418d4f41e29b,verified win,replay verified,
Classic fan,fan:lldb-574,Tricky 02.lvl#-1,Tricky 02.lvl,157.6,medium,dc39406ee1691d385d70a5c8fd08648fa47357ad967488fdf2b0cfc9082ef039,verified win,replay verified,
Classic fan,fan:lldb-574,Tricky 03.lvl#-1,Tricky 03.lvl,394.92,medium,374a67516bcd5dd1ee6f2cf308db3d3989e376ef9a66867d0ab16797201a89fa,verified win,replay verified,
Classic fan,fan:lldb-574,Tricky 04.lvl#-1,Tricky 04.lvl,429.01,medium,4b88d21c0626e836eba3dcf8b4e0348ab309fc2c338bb62b8b0c899f1837dd28,verified win,replay verified,
Classic fan,fan:lldb-574,Tricky 05.lvl#-1,Tricky 05.lvl,88.5,low,,no verified win,bounded search or metadata only,
Classic fan,fan:lldb-574,Tricky 06.lvl#-1,Tricky 06.lvl,381.74,medium,0bf78c16d512109bf2fdd7c44393eedf66990ffe0f08e3cb15e3b31d9685e3f8,verified win,replay verified,
Classic fan,fan:lldb-574,Tricky 07.lvl#-1,Tricky 07.lvl,538.72,medium,7d608a6a2493e98f7df6800c67e1a95a9514ce9b44f364168f1c9f14f1bd89b5,verified win,replay verified,
Classic fan,fan:lldb-574,Tricky 08.lvl#-1,Tricky 08.lvl,148.92,medium,89507faead4767250480ed437c2bbd1a17bffbdae3011772c94eb4676a7c49e7,verified win,replay verified,
Classic fan,fan:lldb-574,Tricky 09.lvl#-1,Tricky 09.lvl,363.93,medium,eeb8f311700fc21deb7dde39ee77ccb575ecfe2198f30c720d5d562460935721,verified win,replay verified,
Classic fan,fan:lldb-574,Tricky 10.lvl#-1,Tricky 10.lvl,450.92,medium,e5987d828fc31f824eee07c79390f7eef2e05306cc4b10598c4c1163bee9cbb9,verified win,replay verified,
Classic fan,fan:lldb-574,Tricky 11.lvl#-1,Tricky 11.lvl,309.71,medium,a9a3b9b458b89345b931af91d68a61fefa9467eeee6ae27f3f776a6f33ccb651,verified win,replay verified,
Classic fan,fan:lldb-574,Tricky 12.lvl#-1,Tricky 12.lvl,239.79,medium,7ec8d08f4f2084d6ce431647cae9c3f5ce2d849c250b94e7e431c55c9b4e7e2c,verified win,replay verified,
Classic fan,fan:lldb-574,Tricky 13.lvl#-1,Tricky 13.lvl,104.75,low,,no verified win,bounded search or metadata only,
Classic fan,fan:lldb-574,Tricky 14.lvl#-1,Tricky 14.lvl,95.5,low,,no verified win,bounded search or metadata only,
Classic fan,fan:lldb-574,Tricky 15.lvl#-1,Tricky 15.lvl,194.92,medium,89556d0df9ec4a46393834b8e6a5d4a609c0f0d60dcd3c18aa88e87b9a5f2358,verified win,replay verified,
Classic fan,fan:lldb-574,Tricky 16.lvl#-1,Tricky 16.lvl,205.59,medium,372ea6d6e009342a634448620a6260ec52fd873002dfefc7d97adec48167eae8,verified win,replay verified,
Classic fan,fan:lldb-574,Tricky 17.lvl#-1,Tricky 17.lvl,146.6,medium,aabf2b21c8f92cfa530edad82c000f16daa104f69d961aff613d7463aac911dc,verified win,replay verified,
Classic fan,fan:lldb-574,Tricky 18.lvl#-1,Tricky 18.lvl,216.7,medium,eafb71148b883c684ee6bd6592fa924bf947731d2242308a0e336e94469b7cb3,verified win,replay verified,
Classic fan,fan:lldb-574,Tricky 19.lvl#-1,Tricky 19.lvl,346.74,medium,899971477146e0036eb845099f5db92544c7bae66aaf2c10c0cc7bb5043c4ffb,verified win,replay verified,
Classic fan,fan:lldb-574,Tricky 20.lvl#-1,Tricky 20.lvl,368.98,medium,652b35f812f24983226d5624d1b2ceb94c68a5f3c8a07d265f3843336aaef5e7,verified win,replay verified,
Classic fan,fan:lldb-574,Tricky 21.lvl#-1,Tricky 21.lvl,376.48,medium,113252336b6facd4dbff7520dea59dd324dae59e18d5d00e7c5a1086991532ba,verified win,replay verified,
Classic fan,fan:lldb-574,Tricky 22.lvl#-1,Tricky 22.lvl,183.36,medium,62f1ce37c24052d939486840fd8a28a009d60fb8e5c690fb42992d029d1db48b,verified win,replay verified,
Classic fan,fan:lldb-574,Tricky 23.lvl#-1,Tricky 23.lvl,518.09,medium,e7dfe8a86c03888ce613ed26e5b78fc362d0f880ada8040173f88b4809f0f553,verified win,replay verified,
Classic fan,fan:lldb-574,Tricky 24.lvl#-1,Tricky 24.lvl,264.39,medium,933a50776330939156294e8798a47608d8c4610b9310ce2b0d254255748e05b4,verified win,replay verified,
Classic fan,fan:lldb-574,Tricky 25.lvl#-1,Tricky 25.lvl,407.21,medium,6d1521781f5b187eeb22ce290c2e08eee857c190b4b0c7f79372ac8caccf4864,verified win,replay verified,
Classic fan,fan:lldb-574,Tricky 26.lvl#-1,Tricky 26.lvl,418.76,medium,d524494055ca4d748cb9f99041c2ec1dfa1b8ccc0cf72da52c095c113993fef2,verified win,replay verified,
Classic fan,fan:lldb-574,Tricky 27.lvl#-1,Tricky 27.lvl,415.36,medium,05ba946af647db06198139d708f6c443d77ff016ef1364261412da150b1c407f,verified win,replay verified,
Classic fan,fan:lldb-574,Tricky 28.lvl#-1,Tricky 28.lvl,149.33,medium,ecf36ceb6b5178d2280ee6ae7ae83febe4de988d149e3b80326bc8edc3b055be,verified win,replay verified,
Classic fan,fan:lldb-574,Tricky 29.lvl#-1,Tricky 29.lvl,301.11,medium,84d2f5bb963f6a49d9523fca8f62bea8c6af5a0d1e2b3e68c1adbf5fccc60e99,verified win,replay verified,
Classic fan,fan:lldb-574,Tricky 30.lvl#-1,Tricky 30.lvl,537.25,medium,9630f2fdb210088cc74574edf08fccd11146472dfe5e29b30d3c79ac60435844,verified win,replay verified,
Classic fan,fan:lldb-575,Taxing 01.lvl#-1,Taxing 01.lvl,114.18,low,,no verified win,bounded search or metadata only,
Classic fan,fan:lldb-575,Taxing 02.lvl#-1,Taxing 02.lvl,537.81,medium,4953a8a3c3f7fd8bdbe37e097fa2e4abf0238f6e11931279726871371f9d8e2b,verified win,replay verified,
Classic fan,fan:lldb-575,Taxing 03.lvl#-1,Taxing 03.lvl,283.92,medium,11ee7e856c3179f045d6d9c083ba98a6bd53984651d15b0c5821c4346c2a4b1a,verified win,replay verified,
Classic fan,fan:lldb-575,Taxing 04.lvl#-1,Taxing 04.lvl,355.62,medium,ccf1514c3fdb4bf46cdea3056ac33285cb973225954e9b8e926c4424c4fdd081,verified win,replay verified,
Classic fan,fan:lldb-575,Taxing 05.lvl#-1,Taxing 05.lvl,351.3,medium,22e09d1395f29bd05b9701f446a84bc21876f4ef0fb0ddfbcb6c12bf1a76995c,verified win,replay verified,
Classic fan,fan:lldb-575,Taxing 06.lvl#-1,Taxing 06.lvl,318.21,medium,a7af25d80781c17fe3181b1d0b633010b520c0f33589c2171e099f98486f822e,verified win,replay verified,
Classic fan,fan:lldb-575,Taxing 07.lvl#-1,Taxing 07.lvl,362.47,medium,c1e72a3dd921ad31af490e13016f7cf665d32887e7cfbe43f50eca509b002b0f,verified win,replay verified,
Classic fan,fan:lldb-575,Taxing 08.lvl#-1,Taxing 08.lvl,95.75,low,,no verified win,bounded search or metadata only,
Classic fan,fan:lldb-575,Taxing 09.lvl#-1,Taxing 09.lvl,322.87,medium,8c2a5364a5b99782128ce5e10d546f890ce80e513cb92b8e582952ae4ca714a0,verified win,replay verified,
Classic fan,fan:lldb-575,Taxing 10.lvl#-1,Taxing 10.lvl,434.67,medium,c9860028a0294491911eeaab275fbf17a84820bb5242e4efd2535e77aa60941e,verified win,replay verified,
Classic fan,fan:lldb-575,Taxing 11.lvl#-1,Taxing 11.lvl,508.25,medium,82d96062f8ed8eaa343066ebffa1463e52dd1ef03b8d5e7fba470b0c79c278ef,verified win,replay verified,
Classic fan,fan:lldb-575,Taxing 12.lvl#-1,Taxing 12.lvl,321.04,medium,67af3622a5845f4f623e7ba5f15a49a43358d1ae549335cf2f64c73fb2dffa6d,verified win,replay verified,
Classic fan,fan:lldb-575,Taxing 13.lvl#-1,Taxing 13.lvl,426.05,medium,60cb7a6a81ca839ee7e72d42daf98714777235c7c7ad72ab4de71abe145a471d,verified win,replay verified,
Classic fan,fan:lldb-575,Taxing 14.lvl#-1,Taxing 14.lvl,100.38,low,,no verified win,bounded search or metadata only,
Classic fan,fan:lldb-575,Taxing 15.lvl#-1,Taxing 15.lvl,81.5,low,,no verified win,bounded search or metadata only,
Classic fan,fan:lldb-575,Taxing 16.lvl#-1,Taxing 16.lvl,338.55,medium,f9be8870e7dcec08c80e096a9a3d44c91f3d2abe62da80b3d5e92ac743689407,verified win,replay verified,
Classic fan,fan:lldb-575,Taxing 17.lvl#-1,Taxing 17.lvl,443.6,medium,245712ae9bee8be9033ed2cb003897665acb5f70c210268b84456710f880e6db,verified win,replay verified,
Classic fan,fan:lldb-575,Taxing 18.lvl#-1,Taxing 18.lvl,320.79,medium,4364397c1e451b27449c9caf377511a18f61e7b9802faaf58d2c7f2a5f932db1,verified win,replay verified,
Classic fan,fan:lldb-575,Taxing 19.lvl#-1,Taxing 19.lvl,83.79,medium,34213caa09ceb07faf14061332ee577f3cc2f60de0395effcf113ef0fa1d7cce,verified win,replay verified,
Classic fan,fan:lldb-575,Taxing 20.lvl#-1,Taxing 20.lvl,350.36,medium,1d5ed12c81708117f19e7f0246a21cfb3e72ef2239f283516a7ba78dc1d655b5,verified win,replay verified,
Classic fan,fan:lldb-575,Taxing 21.lvl#-1,Taxing 21.lvl,346.04,medium,1bd3c79efc389226671828b915b37667279fa7ab0f7f3249d5c7a4cb604cde58,verified win,replay verified,
Classic fan,fan:lldb-575,Taxing 22.lvl#-1,Taxing 22.lvl,388.01,medium,c08f19146fdf85291e0c3098104588870436805490b764e6fa0cc6a265652d10,verified win,replay verified,
Classic fan,fan:lldb-575,Taxing 23.lvl#-1,Taxing 23.lvl,172.88,medium,b6c39da0b293249ffd8a35f1bc8692dc91a9cf7ddc7117d86b547c7b5372b50f,verified win,replay verified,
Classic fan,fan:lldb-575,Taxing 24.lvl#-1,Taxing 24.lvl,245.36,medium,c7191b7e1787fec92a276247ae1671b481171a18b48c59b2bb7531cbc8d4ff55,verified win,replay verified,
Classic fan,fan:lldb-575,Taxing 25.lvl#-1,Taxing 25.lvl,215.15,medium,2be87e98d3c4774c8d8c9a5d08096a52fc1216c41ab30f302ea376f38cd14210,verified win,replay verified,
Classic fan,fan:lldb-575,Taxing 26.lvl#-1,Taxing 26.lvl,346.62,medium,96a618126bee170ddb00b6d28daa82798bb955869d1a88e4826f5aeafd9750dd,verified win,replay verified,
Classic fan,fan:lldb-575,Taxing 27.lvl#-1,Taxing 27.lvl,290.54,medium,55c91c6d314e9a5e279c0eb4180cf7954aa46f32b4c19c511bff6ab1c27ca76f,verified win,replay verified,
Classic fan,fan:lldb-575,Taxing 28.lvl#-1,Taxing 28.lvl,461.25,medium,1205dd81d6f5b0c791c87dad493ba7c0b2561b9fad84a9a7b767bd39f4e93396,verified win,replay verified,
Classic fan,fan:lldb-575,Taxing 29.lvl#-1,Taxing 29.lvl,419.2,medium,90c300af731f7f3d8b17c066710e54da9f8c85333b9091bc4db3cdbd2f580208,verified win,replay verified,
Classic fan,fan:lldb-575,Taxing 30.lvl#-1,Taxing 30.lvl,161.55,medium,16b35ef7e619d91f4871c45ea6dec88fba2792e4769e461d6fcf94d90da779c9,verified win,replay verified,
Classic fan,fan:lldb-576,Mayhem 01.lvl#-1,Mayhem 01.lvl,92.5,low,,no verified win,bounded search or metadata only,
Classic fan,fan:lldb-576,Mayhem 02.lvl#-1,Mayhem 02.lvl,93.9,low,,no verified win,bounded search or metadata only,
Classic fan,fan:lldb-576,Mayhem 03.lvl#-1,Mayhem 03.lvl,373.02,medium,5072ea08474341280a5486c6b2d9b153446f8bf11c5653619ba8f4081db2f46b,verified win,replay verified,
Classic fan,fan:lldb-576,Mayhem 04.lvl#-1,Mayhem 04.lvl,196.58,medium,3eedd7660b0dfa37e0b2d789d5946866c9207a148cd4b556cc03a3d26372ac83,verified win,replay verified,
Classic fan,fan:lldb-576,Mayhem 05.lvl#-1,Mayhem 05.lvl,331.74,medium,fcf57dc118cb4812a3d6ce0054ea33b679a91bff326e8fc0b5ba59f303d75ea2,verified win,replay verified,
Classic fan,fan:lldb-576,Mayhem 06.lvl#-1,Mayhem 06.lvl,399.19,medium,8af045e2516de6d8d8fdef0da4885a838288e6ba0462d1d9ecbff0898173c804,verified win,replay verified,
Classic fan,fan:lldb-576,Mayhem 07.lvl#-1,Mayhem 07.lvl,351.25,medium,368f760367574913db849c8055cebd22cfc269bd6a09d73f2e8464cfd66883b8,verified win,replay verified,
Classic fan,fan:lldb-576,Mayhem 08.lvl#-1,Mayhem 08.lvl,400.32,medium,e91d563bf493302b7f5c9a60f3d440d553226b165cf6a52396cae52963e9e8c7,verified win,replay verified,
Classic fan,fan:lldb-576,Mayhem 09.lvl#-1,Mayhem 09.lvl,314.55,medium,ac91b52dfb208c42da5cb1f9e800c830d6b2714ab0da4c5a9397553e54abc8a8,verified win,replay verified,
Classic fan,fan:lldb-576,Mayhem 10.lvl#-1,Mayhem 10.lvl,554.17,medium,1939435bb77a0d3a1191f7a9a4aa43ae34144579932227f29ab04f8d68a5755d,verified win,replay verified,
Classic fan,fan:lldb-576,Mayhem 11.lvl#-1,Mayhem 11.lvl,165.06,medium,6c50ae2b37fb13f9b85a2ca7a3a0bc3f994cf4f0f5f6ca1587ad0b1ef40c39d0,verified win,replay verified,
Classic fan,fan:lldb-576,Mayhem 12.lvl#-1,Mayhem 12.lvl,417.09,medium,8178af2961d93b500691c362bff698387a404f706c8f5e7d47c986eba21eb943,verified win,replay verified,
Classic fan,fan:lldb-576,Mayhem 13.lvl#-1,Mayhem 13.lvl,342.9,medium,6cd5434e616aca7a0bedd461f12057787a0b2b8805093f1e35ea7c2a33acf63d,verified win,replay verified,
Classic fan,fan:lldb-576,Mayhem 14.lvl#-1,Mayhem 14.lvl,98.34,medium,bc7946c0560f24f6f6d67a4b123b4148fd467aa7ea6f234b4cf18bef23d28fea,verified win,replay verified,
Classic fan,fan:lldb-576,Mayhem 15.lvl#-1,Mayhem 15.lvl,114.6,low,,no verified win,bounded search or metadata only,
Classic fan,fan:lldb-576,Mayhem 16.lvl#-1,Mayhem 16.lvl,312.01,medium,3e7311226f3ec242ec7e9255c3e169e71827b537bfaadce2291a1aba4fc6869b,verified win,replay verified,
Classic fan,fan:lldb-576,Mayhem 17.lvl#-1,Mayhem 17.lvl,459.32,medium,b40ccd8169a89382dd6911e346765c21bcf1ca708aacca338383d2e51ee1405e,verified win,replay verified,
Classic fan,fan:lldb-576,Mayhem 18.lvl#-1,Mayhem 18.lvl,572.62,medium,192cca806993245d1657a4a8e25a01f4938ce1dfaf033e4a95093a8c99c9b448,verified win,replay verified,
Classic fan,fan:lldb-576,Mayhem 19.lvl#-1,Mayhem 19.lvl,319.74,medium,bd13285063a84d6c147ba7297befac291faa07c4464012faec7a3a987521c759,verified win,replay verified,
Classic fan,fan:lldb-576,Mayhem 20.lvl#-1,Mayhem 20.lvl,366.3,medium,2bc505a911279bc6368768369b7360861fddbfddf7824ec945316f413657369b,verified win,replay verified,
Classic fan,fan:lldb-576,Mayhem 21.lvl#-1,Mayhem 21.lvl,304.53,medium,09b1e2be0a2f7a5266d9d0e8163fabc8294871a5e0f18c033a9e52085ae8a26f,verified win,replay verified,
Classic fan,fan:lldb-576,Mayhem 22.lvl#-1,Mayhem 22.lvl,105,low,,no verified win,bounded search or metadata only,
Classic fan,fan:lldb-576,Mayhem 23.lvl#-1,Mayhem 23.lvl,294.3,medium,8c2bed0214e10dc520dc2232bd494ba9dc1e1c7326096ba7228fcf0b3ac3d7d5,verified win,replay verified,
Classic fan,fan:lldb-576,Mayhem 24.lvl#-1,Mayhem 24.lvl,267.32,medium,e7bc7655f75f0464c9dc2758189a615d3de539a579c1b2291838946853301301,verified win,replay verified,
Classic fan,fan:lldb-576,Mayhem 25.lvl#-1,Mayhem 25.lvl,105,low,,no verified win,bounded search or metadata only,
Classic fan,fan:lldb-576,Mayhem 26.lvl#-1,Mayhem 26.lvl,81.4,low,,no verified win,bounded search or metadata only,
Classic fan,fan:lldb-576,Mayhem 27.lvl#-1,Mayhem 27.lvl,212.3,medium,753446ebe53fb2d9e14a19d220e04bb0b46944f8127171929f014b782e7dc636,verified win,replay verified,
Classic fan,fan:lldb-576,Mayhem 28.lvl#-1,Mayhem 28.lvl,199.18,medium,4227140dac1cb6c0d154873dff67953f93b7bbaa722e335224100b21be1e3262,verified win,replay verified,
Classic fan,fan:lldb-576,Mayhem 29.lvl#-1,Mayhem 29.lvl,83,low,,no verified win,bounded search or metadata only,
Classic fan,fan:lldb-576,Mayhem 30.lvl#-1,Mayhem 30.lvl,536.15,medium,c5072a5c87035184ccc811c410fe5c6741d8a835c6697b5d5c7875b4e9cb4050,verified win,replay verified,
Classic fan,fan:lldb-577,Tricky 01.lvl#-1,Tricky 01.lvl,303.5,medium,abb899e74dc9151e431ec86384054a9734f1558422075a924552418d4f41e29b,verified win,replay verified,
Classic fan,fan:lldb-577,Tricky 02.lvl#-1,Tricky 02.lvl,157.6,medium,dc39406ee1691d385d70a5c8fd08648fa47357ad967488fdf2b0cfc9082ef039,verified win,replay verified,
Classic fan,fan:lldb-577,Tricky 03.lvl#-1,Tricky 03.lvl,394.92,medium,374a67516bcd5dd1ee6f2cf308db3d3989e376ef9a66867d0ab16797201a89fa,verified win,replay verified,
Classic fan,fan:lldb-577,Tricky 04.lvl#-1,Tricky 04.lvl,429.01,medium,4b88d21c0626e836eba3dcf8b4e0348ab309fc2c338bb62b8b0c899f1837dd28,verified win,replay verified,
Classic fan,fan:lldb-577,Tricky 05.lvl#-1,Tricky 05.lvl,88.5,low,,no verified win,bounded search or metadata only,
Classic fan,fan:lldb-577,Tricky 06.lvl#-1,Tricky 06.lvl,381.74,medium,0bf78c16d512109bf2fdd7c44393eedf66990ffe0f08e3cb15e3b31d9685e3f8,verified win,replay verified,
Classic fan,fan:lldb-577,Tricky 07.lvl#-1,Tricky 07.lvl,538.72,medium,7d608a6a2493e98f7df6800c67e1a95a9514ce9b44f364168f1c9f14f1bd89b5,verified win,replay verified,
Classic fan,fan:lldb-577,Tricky 08.lvl#-1,Tricky 08.lvl,148.92,medium,89507faead4767250480ed437c2bbd1a17bffbdae3011772c94eb4676a7c49e7,verified win,replay verified,
Classic fan,fan:lldb-577,Tricky 09.lvl#-1,Tricky 09.lvl,363.93,medium,eeb8f311700fc21deb7dde39ee77ccb575ecfe2198f30c720d5d562460935721,verified win,replay verified,
Classic fan,fan:lldb-577,Tricky 10.lvl#-1,Tricky 10.lvl,450.92,medium,e5987d828fc31f824eee07c79390f7eef2e05306cc4b10598c4c1163bee9cbb9,verified win,replay verified,
Classic fan,fan:lldb-577,Tricky 11.lvl#-1,Tricky 11.lvl,309.71,medium,a9a3b9b458b89345b931af91d68a61fefa9467eeee6ae27f3f776a6f33ccb651,verified win,replay verified,
Classic fan,fan:lldb-577,Tricky 12.lvl#-1,Tricky 12.lvl,239.79,medium,7ec8d08f4f2084d6ce431647cae9c3f5ce2d849c250b94e7e431c55c9b4e7e2c,verified win,replay verified,
Classic fan,fan:lldb-577,Tricky 13.lvl#-1,Tricky 13.lvl,104.75,low,,no verified win,bounded search or metadata only,
Classic fan,fan:lldb-577,Tricky 14.lvl#-1,Tricky 14.lvl,565.1,medium,d7d013b9c72ae5dda75729430ace031c62fdb93c9bad5e3c408e94fbc2ce3c6c,verified win,replay verified,
Classic fan,fan:lldb-577,Tricky 15.lvl#-1,Tricky 15.lvl,194.92,medium,89556d0df9ec4a46393834b8e6a5d4a609c0f0d60dcd3c18aa88e87b9a5f2358,verified win,replay verified,
Classic fan,fan:lldb-577,Tricky 16.lvl#-1,Tricky 16.lvl,205.59,medium,372ea6d6e009342a634448620a6260ec52fd873002dfefc7d97adec48167eae8,verified win,replay verified,
Classic fan,fan:lldb-577,Tricky 17.lvl#-1,Tricky 17.lvl,146.6,medium,aabf2b21c8f92cfa530edad82c000f16daa104f69d961aff613d7463aac911dc,verified win,replay verified,
Classic fan,fan:lldb-577,Tricky 18.lvl#-1,Tricky 18.lvl,216.7,medium,eafb71148b883c684ee6bd6592fa924bf947731d2242308a0e336e94469b7cb3,verified win,replay verified,
Classic fan,fan:lldb-577,Tricky 19.lvl#-1,Tricky 19.lvl,346.74,medium,899971477146e0036eb845099f5db92544c7bae66aaf2c10c0cc7bb5043c4ffb,verified win,replay verified,
Classic fan,fan:lldb-577,Tricky 20.lvl#-1,Tricky 20.lvl,368.98,medium,652b35f812f24983226d5624d1b2ceb94c68a5f3c8a07d265f3843336aaef5e7,verified win,replay verified,
Classic fan,fan:lldb-577,Tricky 21.lvl#-1,Tricky 21.lvl,96.9,low,,no verified win,bounded search or metadata only,
Classic fan,fan:lldb-577,Tricky 22.lvl#-1,Tricky 22.lvl,183.36,medium,62f1ce37c24052d939486840fd8a28a009d60fb8e5c690fb42992d029d1db48b,verified win,replay verified,
Classic fan,fan:lldb-577,Tricky 23.lvl#-1,Tricky 23.lvl,518.09,medium,e7dfe8a86c03888ce613ed26e5b78fc362d0f880ada8040173f88b4809f0f553,verified win,replay verified,
Classic fan,fan:lldb-577,Tricky 24.lvl#-1,Tricky 24.lvl,264.39,medium,933a50776330939156294e8798a47608d8c4610b9310ce2b0d254255748e05b4,verified win,replay verified,
Classic fan,fan:lldb-577,Tricky 25.lvl#-1,Tricky 25.lvl,407.21,medium,6d1521781f5b187eeb22ce290c2e08eee857c190b4b0c7f79372ac8caccf4864,verified win,replay verified,
Classic fan,fan:lldb-577,Tricky 26.lvl#-1,Tricky 26.lvl,418.76,medium,d524494055ca4d748cb9f99041c2ec1dfa1b8ccc0cf72da52c095c113993fef2,verified win,replay verified,
Classic fan,fan:lldb-577,Tricky 27.lvl#-1,Tricky 27.lvl,415.36,medium,05ba946af647db06198139d708f6c443d77ff016ef1364261412da150b1c407f,verified win,replay verified,
Classic fan,fan:lldb-577,Tricky 28.lvl#-1,Tricky 28.lvl,149.33,medium,ecf36ceb6b5178d2280ee6ae7ae83febe4de988d149e3b80326bc8edc3b055be,verified win,replay verified,
Classic fan,fan:lldb-577,Tricky 29.lvl#-1,Tricky 29.lvl,301.11,medium,84d2f5bb963f6a49d9523fca8f62bea8c6af5a0d1e2b3e68c1adbf5fccc60e99,verified win,replay verified,
Classic fan,fan:lldb-577,Tricky 30.lvl#-1,Tricky 30.lvl,537.25,medium,9630f2fdb210088cc74574edf08fccd11146472dfe5e29b30d3c79ac60435844,verified win,replay verified,
Classic fan,fan:lldb-578,Taxing 01.lvl#-1,Taxing 01.lvl,114.18,low,,no verified win,bounded search or metadata only,
Classic fan,fan:lldb-578,Taxing 02.lvl#-1,Taxing 02.lvl,537.81,medium,4953a8a3c3f7fd8bdbe37e097fa2e4abf0238f6e11931279726871371f9d8e2b,verified win,replay verified,
Classic fan,fan:lldb-578,Taxing 03.lvl#-1,Taxing 03.lvl,283.92,medium,11ee7e856c3179f045d6d9c083ba98a6bd53984651d15b0c5821c4346c2a4b1a,verified win,replay verified,
Classic fan,fan:lldb-578,Taxing 04.lvl#-1,Taxing 04.lvl,355.62,medium,ccf1514c3fdb4bf46cdea3056ac33285cb973225954e9b8e926c4424c4fdd081,verified win,replay verified,
Classic fan,fan:lldb-578,Taxing 05.lvl#-1,Taxing 05.lvl,351.3,medium,22e09d1395f29bd05b9701f446a84bc21876f4ef0fb0ddfbcb6c12bf1a76995c,verified win,replay verified,
Classic fan,fan:lldb-578,Taxing 06.lvl#-1,Taxing 06.lvl,318.21,medium,a7af25d80781c17fe3181b1d0b633010b520c0f33589c2171e099f98486f822e,verified win,replay verified,
Classic fan,fan:lldb-578,Taxing 07.lvl#-1,Taxing 07.lvl,362.47,medium,c1e72a3dd921ad31af490e13016f7cf665d32887e7cfbe43f50eca509b002b0f,verified win,replay verified,
Classic fan,fan:lldb-578,Taxing 08.lvl#-1,Taxing 08.lvl,95.75,low,,no verified win,bounded search or metadata only,
Classic fan,fan:lldb-578,Taxing 09.lvl#-1,Taxing 09.lvl,322.87,medium,8c2a5364a5b99782128ce5e10d546f890ce80e513cb92b8e582952ae4ca714a0,verified win,replay verified,
Classic fan,fan:lldb-578,Taxing 10.lvl#-1,Taxing 10.lvl,434.67,medium,c9860028a0294491911eeaab275fbf17a84820bb5242e4efd2535e77aa60941e,verified win,replay verified,
Classic fan,fan:lldb-578,Taxing 11.lvl#-1,Taxing 11.lvl,508.25,medium,82d96062f8ed8eaa343066ebffa1463e52dd1ef03b8d5e7fba470b0c79c278ef,verified win,replay verified,
Classic fan,fan:lldb-578,Taxing 12.lvl#-1,Taxing 12.lvl,321.04,medium,67af3622a5845f4f623e7ba5f15a49a43358d1ae549335cf2f64c73fb2dffa6d,verified win,replay verified,
Classic fan,fan:lldb-578,Taxing 13.lvl#-1,Taxing 13.lvl,426.05,medium,60cb7a6a81ca839ee7e72d42daf98714777235c7c7ad72ab4de71abe145a471d,verified win,replay verified,
Classic fan,fan:lldb-578,Taxing 14.lvl#-1,Taxing 14.lvl,100.38,low,,no verified win,bounded search or metadata only,
Classic fan,fan:lldb-578,Taxing 15.lvl#-1,Taxing 15.lvl,184.84,medium,b8a0f834c1052c83261b4ea0a1109d41f51a6d21e66f4d50f482d98c4bdc7b60,verified win,replay verified,
Classic fan,fan:lldb-578,Taxing 16.lvl#-1,Taxing 16.lvl,338.55,medium,f9be8870e7dcec08c80e096a9a3d44c91f3d2abe62da80b3d5e92ac743689407,verified win,replay verified,
Classic fan,fan:lldb-578,Taxing 17.lvl#-1,Taxing 17.lvl,443.6,medium,245712ae9bee8be9033ed2cb003897665acb5f70c210268b84456710f880e6db,verified win,replay verified,
Classic fan,fan:lldb-578,Taxing 18.lvl#-1,Taxing 18.lvl,320.79,medium,4364397c1e451b27449c9caf377511a18f61e7b9802faaf58d2c7f2a5f932db1,verified win,replay verified,
Classic fan,fan:lldb-578,Taxing 19.lvl#-1,Taxing 19.lvl,83.79,medium,34213caa09ceb07faf14061332ee577f3cc2f60de0395effcf113ef0fa1d7cce,verified win,replay verified,
Classic fan,fan:lldb-578,Taxing 20.lvl#-1,Taxing 20.lvl,112.43,low,,no verified win,bounded search or metadata only,
Classic fan,fan:lldb-578,Taxing 21.lvl#-1,Taxing 21.lvl,346.04,medium,1bd3c79efc389226671828b915b37667279fa7ab0f7f3249d5c7a4cb604cde58,verified win,replay verified,
Classic fan,fan:lldb-578,Taxing 22.lvl#-1,Taxing 22.lvl,388.01,medium,c08f19146fdf85291e0c3098104588870436805490b764e6fa0cc6a265652d10,verified win,replay verified,
Classic fan,fan:lldb-578,Taxing 23.lvl#-1,Taxing 23.lvl,172.88,medium,b6c39da0b293249ffd8a35f1bc8692dc91a9cf7ddc7117d86b547c7b5372b50f,verified win,replay verified,
Classic fan,fan:lldb-578,Taxing 24.lvl#-1,Taxing 24.lvl,245.36,medium,c7191b7e1787fec92a276247ae1671b481171a18b48c59b2bb7531cbc8d4ff55,verified win,replay verified,
Classic fan,fan:lldb-578,Taxing 25.lvl#-1,Taxing 25.lvl,215.15,medium,2be87e98d3c4774c8d8c9a5d08096a52fc1216c41ab30f302ea376f38cd14210,verified win,replay verified,
Classic fan,fan:lldb-578,Taxing 26.lvl#-1,Taxing 26.lvl,346.62,medium,96a618126bee170ddb00b6d28daa82798bb955869d1a88e4826f5aeafd9750dd,verified win,replay verified,
Classic fan,fan:lldb-578,Taxing 27.lvl#-1,Taxing 27.lvl,290.54,medium,55c91c6d314e9a5e279c0eb4180cf7954aa46f32b4c19c511bff6ab1c27ca76f,verified win,replay verified,
Classic fan,fan:lldb-578,Taxing 28.lvl#-1,Taxing 28.lvl,461.25,medium,1205dd81d6f5b0c791c87dad493ba7c0b2561b9fad84a9a7b767bd39f4e93396,verified win,replay verified,
Classic fan,fan:lldb-578,Taxing 29.lvl#-1,Taxing 29.lvl,419.2,medium,90c300af731f7f3d8b17c066710e54da9f8c85333b9091bc4db3cdbd2f580208,verified win,replay verified,
Classic fan,fan:lldb-578,Taxing 30.lvl#-1,Taxing 30.lvl,161.55,medium,16b35ef7e619d91f4871c45ea6dec88fba2792e4769e461d6fcf94d90da779c9,verified win,replay verified,
Classic fan,fan:lldb-579,Tricky 1.DAT#0,This should be a doddle!,299.58,medium,07fdb6a29335103749a5711fd1c616f1dfa664507a63cb965460d1c583439fb3,verified win,replay verified,
Classic fan,fan:lldb-579,Tricky 1.DAT#1,We all fall down,170.09,medium,16c3bdfae40e48919fed4c19b5978bf896bf82ecaa88ed35008b02fc91298df9,verified win,replay verified,
Classic fan,fan:lldb-579,Tricky 1.DAT#2,A ladder would be handy,394.92,medium,4e10677c2c32eda090fd0c39998f60c1a15d02650fd93ea05eb89cf3b22211d4,verified win,replay verified,
Classic fan,fan:lldb-579,Tricky 1.DAT#3,Here's one I prepared earlier,426.91,medium,45f44ccd26182c6c04a16e29556fd0af2a147e6a51802c1188541e49b921303e,verified win,replay verified,
Classic fan,fan:lldb-579,Tricky 1.DAT#4,Careless clicking costs lives,190.58,medium,1a631bb955e279f426b591db4fa984122e4e2149e41b75daa01eeb9f77dbe769,verified win,replay verified,
Classic fan,fan:lldb-579,Tricky 1.DAT#5,Lemmingology,381.74,medium,0bf78c16d512109bf2fdd7c44393eedf66990ffe0f08e3cb15e3b31d9685e3f8,verified win,replay verified,
Classic fan,fan:lldb-579,Tricky 1.DAT#6,"Been there, seen it, done it",536.62,medium,1bf86297e207daf940149efcf747d498b6277c511af1e0b4fe84159deadd0e2a,verified win,replay verified,
Classic fan,fan:lldb-579,Tricky 1.DAT#7,Lemming sanctuary in sight,146.54,medium,bac121a8f199375e390e157e57cfc656b3edb0ae1878e97c578c94e844a8744b,verified win,replay verified,
Classic fan,fan:lldb-579,Tricky 1.DAT#8,They just keep on coming,361.83,medium,eeb8f311700fc21deb7dde39ee77ccb575ecfe2198f30c720d5d562460935721,verified win,replay verified,
Classic fan,fan:lldb-579,Tricky 1.DAT#9,There's a lot of them about,446.37,medium,1cf405f5f99cb395edcd46311a5eec7d40a6c7004ccc4c9437bb1ea3d7b03101,verified win,replay verified,
Classic fan,fan:lldb-579,Tricky 2.DAT#0,Lemmings in the attic,309.71,medium,a9a3b9b458b89345b931af91d68a61fefa9467eeee6ae27f3f776a6f33ccb651,verified win,replay verified,
Classic fan,fan:lldb-579,Tricky 2.DAT#1,Bitter Lemming,239.79,medium,7ec8d08f4f2084d6ce431647cae9c3f5ce2d849c250b94e7e431c55c9b4e7e2c,verified win,replay verified,
Classic fan,fan:lldb-579,Tricky 2.DAT#2,Lemming Drops,418.77,medium,b2fc6d0523448653df71fed46e2485417b4b82bc3b7967a11eee07cfc4c0acc8,verified win,replay verified,
Classic fan,fan:lldb-579,Tricky 2.DAT#3,MENACING !!,565.1,medium,d7d013b9c72ae5dda75729430ace031c62fdb93c9bad5e3c408e94fbc2ce3c6c,verified win,replay verified,
Classic fan,fan:lldb-579,Tricky 2.DAT#4,Ozone friendly Lemmings,194.92,medium,89556d0df9ec4a46393834b8e6a5d4a609c0f0d60dcd3c18aa88e87b9a5f2358,verified win,replay verified,
Classic fan,fan:lldb-579,Tricky 2.DAT#5,Luvly Jubly,205.59,medium,372ea6d6e009342a634448620a6260ec52fd873002dfefc7d97adec48167eae8,verified win,replay verified,
Classic fan,fan:lldb-579,Tricky 2.DAT#6,Diet Lemmingaid,144.5,medium,aabf2b21c8f92cfa530edad82c000f16daa104f69d961aff613d7463aac911dc,verified win,replay verified,
Classic fan,fan:lldb-579,Tricky 2.DAT#7,It's Lemmingentry Watson,216.7,medium,eafb71148b883c684ee6bd6592fa924bf947731d2242308a0e336e94469b7cb3,verified win,replay verified,
Classic fan,fan:lldb-579,Tricky 2.DAT#8,Postcard from Lemmingland,346.74,medium,899971477146e0036eb845099f5db92544c7bae66aaf2c10c0cc7bb5043c4ffb,verified win,replay verified,
Classic fan,fan:lldb-579,Tricky 2.DAT#9,One way digging to freedom,368.42,medium,3ecc04eadff374d079fd5e740f91fba3b7f345536ca64676bab6ec16e2bb5171,verified win,replay verified,
Classic fan,fan:lldb-579,Tricky 3.DAT#0,Through the graveyard,96.9,low,,no verified win,bounded search or metadata only,
Classic fan,fan:lldb-579,Tricky 3.DAT#1,Turn around young lemmings!,180.25,medium,06a524d9568c44c72f5ceb70f1085a1f522e20fc6bb86fc7ad9c7b5a94c0adbb,verified win,replay verified,
Classic fan,fan:lldb-579,Tricky 3.DAT#2,From The Boundary Line,518.09,medium,49da1d0bd9c9931d579707d9b70195f9e5fe723ffeaae13ef3cca489507f18a7,verified win,replay verified,
Classic fan,fan:lldb-579,Tricky 3.DAT#3,Tightrope City,264.39,medium,933a50776330939156294e8798a47608d8c4610b9310ce2b0d254255748e05b4,verified win,replay verified,
Classic fan,fan:lldb-579,Tricky 3.DAT#4,Cascade,407.8,medium,416cd47d8a220aa966dfd6dfac2501e8598f0a411a78a54b65414af9ae321b01,verified win,replay verified,
Classic fan,fan:lldb-579,Tricky 3.DAT#5,I have a cunning plan,416.66,medium,18869bebc5842949f258d4565b2e0190a4adb9e8a15fb855baf5c86ded512571,verified win,replay verified,
Classic fan,fan:lldb-579,Tricky 3.DAT#6,The Island of the Wicker people,413.26,medium,17a217ee37e0609fc49bb7b8e7478fddcc4d6c99719cfbc4fffc50917ab18eb9,verified win,replay verified,
Classic fan,fan:lldb-579,Tricky 3.DAT#7,Lost something?,148.88,medium,eda0c340b0e4ff2794c7c6d7ba06b05b9d23e0365bd70f95002ebdeb5d12f868,verified win,replay verified,
Classic fan,fan:lldb-579,Tricky 3.DAT#8,Rainbow Island,301.05,medium,289466ebcf51b23ac8617701a6fbe48d8a52fce49a7d9dab7a8b5fd7b6838883,verified win,replay verified,
Classic fan,fan:lldb-579,Tricky 3.DAT#9,The Crankshaft,537.25,medium,46645bfbf549d42cb6d1e3ce30ac9010b2cc15ed7465643d10deb197e2c43b1e,verified win,replay verified,
Classic fan,fan:lldb-58,lm_set12.dat#0,What a beautiful night,87.34,low,,no verified win,bounded search or metadata only,
Classic fan,fan:lldb-58,lm_set12.dat#1,"Touch the ground, turn around",82.84,low,,no verified win,bounded search or metadata only,
Classic fan,fan:lldb-58,lm_set12.dat#2,The searing chill!!,104.06,low,,no verified win,bounded search or metadata only,
Classic fan,fan:lldb-58,lm_set12.dat#3,It's dark out here!,67.12,low,,no verified win,bounded search or metadata only,
Classic fan,fan:lldb-58,lm_set12.dat#4,Pythagoras' Pyramid,96.47,low,,no verified win,bounded search or metadata only,
Classic fan,fan:lldb-58,lm_set12.dat#5,The Rock Peaks,54.75,low,,no verified win,bounded search or metadata only,
Classic fan,fan:lldb-58,lm_set12.dat#6,Try this in a group now.,90.9,low,,no verified win,bounded search or metadata only,
Classic fan,fan:lldb-58,lm_set12.dat#7,Rock Hard,93.59,low,,no verified win,bounded search or metadata only,
Classic fan,fan:lldb-58,lm_set12.dat#8,Life on different surfaces,100,low,,no verified win,bounded search or metadata only,
Classic fan,fan:lldb-58,lm_set12.dat#9,What a stinker!,106.5,low,,no verified win,bounded search or metadata only,
Classic fan,fan:lldb-580,Taxing 1.DAT#0,If at first you don`t succeed..,238.73,medium,969bf94e1ca089c762f59fbbed8aaca55a3a0d23ec4b31dd37fccc2da9643551,verified win,replay verified,
Classic fan,fan:lldb-580,Taxing 1.DAT#1,"Watch out, there`s traps about",537.81,medium,ce7620eec6531b6ba2dad0c71462f393bb7ca9af26b5a6dc95619a3dfb653730,verified win,replay verified,
Classic fan,fan:lldb-580,Taxing 1.DAT#2,Heaven can wait (we hope!!!!),281.82,medium,eceb5bd2c24197a0b5a02e84a8245638eda4de6a80ae091ddec9e3cb0f815c1f,verified win,replay verified,
Classic fan,fan:lldb-580,Taxing 1.DAT#3,Lend a helping hand....,353.52,medium,ccf1514c3fdb4bf46cdea3056ac33285cb973225954e9b8e926c4424c4fdd081,verified win,replay verified,
Classic fan,fan:lldb-580,Taxing 1.DAT#4,The Prison!,349.2,medium,c00e0cfa0f7937f0cb3d70b50152a5987d533cc0f5d922b7977ca21a86b6c39f,verified win,replay verified,
Classic fan,fan:lldb-580,Taxing 1.DAT#5,Compression Method 1,318.21,medium,a7af25d80781c17fe3181b1d0b633010b520c0f33589c2171e099f98486f822e,verified win,replay verified,
Classic fan,fan:lldb-580,Taxing 1.DAT#6,Every Lemming for himself!!!,360.25,medium,3d4fd83f07c26569b68b148673738bd1ffe71da3102b1c35fc7c41fbcbe11f16,verified win,replay verified,
Classic fan,fan:lldb-580,Taxing 1.DAT#7,The Art Gallery,226.89,medium,e73f6a63378af31cf9fb7c334fe34525139b6a619a95ccba39c99a36298807e0,verified win,replay verified,
Classic fan,fan:lldb-580,Taxing 1.DAT#8,Perseverance,320.77,medium,8c2a5364a5b99782128ce5e10d546f890ce80e513cb92b8e582952ae4ca714a0,verified win,replay verified,
Classic fan,fan:lldb-580,Taxing 1.DAT#9,Izzie Wizzie lemmings get busy,434.67,medium,c9860028a0294491911eeaab275fbf17a84820bb5242e4efd2535e77aa60941e,verified win,replay verified,
Classic fan,fan:lldb-580,Taxing 2.DAT#0,The ascending pillar scenario,506.15,medium,520d5860a57689e61d0038ffa37d0c557b628dce7bdf5998e9d2431f9055f89c,verified win,replay verified,
Classic fan,fan:lldb-580,Taxing 2.DAT#1,Livin` On The Edge,318.94,medium,685205cca7fa633a58914ed146354d225f677e915ad434dfd2260a513b0930e1,verified win,replay verified,
Classic fan,fan:lldb-580,Taxing 2.DAT#2,Upsidedown World,423.24,medium,6243e2898caf1d8b88058b8fa2e79a2ef46aa76d037d60444d5ca899e1fedf30,verified win,replay verified,
Classic fan,fan:lldb-580,Taxing 2.DAT#3,Hunt the Nessy....,410.57,medium,0b3df7d31151dc78c4d58948817179d3a74261f9d99af7d84cd8fb4f04bd1751,verified win,replay verified,
Classic fan,fan:lldb-580,Taxing 2.DAT#4,What an AWESOME level,184.84,medium,422dccaeef83807f0b3687c04e9523eca766f75a0b0cb46768360ff186774227,verified win,replay verified,
Classic fan,fan:lldb-580,Taxing 2.DAT#5,Mary Poppins` land,338.28,medium,a9fdfc98320d68d946b1a5260967ccb2c0efe1d4caa1506c3fa5bba6ca993656,verified win,replay verified,
Classic fan,fan:lldb-580,Taxing 2.DAT#6,X marks the spot,443.6,medium,4c96bbb8b84c6f53d07859ace3686571e4218f2b49eda82f853091bd06337f6e,verified win,replay verified,
Classic fan,fan:lldb-580,Taxing 2.DAT#7,Tribute to M.C.Escher,320.79,medium,4364397c1e451b27449c9caf377511a18f61e7b9802faaf58d2c7f2a5f932db1,verified win,replay verified,
Classic fan,fan:lldb-580,Taxing 2.DAT#8,Bomboozal,83.79,medium,34213caa09ceb07faf14061332ee577f3cc2f60de0395effcf113ef0fa1d7cce,verified win,replay verified,
Classic fan,fan:lldb-580,Taxing 2.DAT#9,Something weighing on your mind?,112.43,low,,no verified win,bounded search or metadata only,
Classic fan,fan:lldb-580,Taxing 3.DAT#0,Feel the heat!,346.04,medium,1bd3c79efc389226671828b915b37667279fa7ab0f7f3249d5c7a4cb604cde58,verified win,replay verified,
Classic fan,fan:lldb-580,Taxing 3.DAT#1,Come on over to my place,380.13,medium,e9df0dcad81898fe0c7c2f4b71a5b8ad7eee06d4d55af15bf757ad0d352206a2,verified win,replay verified,
Classic fan,fan:lldb-580,Taxing 3.DAT#2,King of the castle,170.33,medium,1ebd0c2ad79fa1485d637ccead7ed7c60f21b3cb8f4966f13b76a18c52510619,verified win,replay verified,
Classic fan,fan:lldb-580,Taxing 3.DAT#3,Take a running jump.....,244.56,medium,af8b2536092448977d573c0c82fa86d9c616f873ca2e60141d8a2a467862289f,verified win,replay verified,
Classic fan,fan:lldb-580,Taxing 3.DAT#4,Follow the leader...,215.15,medium,6a99b2c3cc7b93b61efefd4455624efa1ec8b2ba63733653d914262c62e26e0e,verified win,replay verified,
Classic fan,fan:lldb-580,Taxing 3.DAT#5,Triple Trouble,341.86,medium,98a84c519b87aecef73b545ab3c6299fda4a634d8cbb0c22b6fbbf73f5bec6dc,verified win,replay verified,
Classic fan,fan:lldb-580,Taxing 3.DAT#6,Call in the bomb squad,288.44,medium,116f5ea81590b1ec512c1af1313d1f7bde6a55a761441ebdebb1b31e0296434c,verified win,replay verified,
Classic fan,fan:lldb-580,Taxing 3.DAT#7,POOR WEE CREATURES!,460.8,medium,3ae998a0afb8317bf2430b9e1f42f5d4403517f0d10fe44a6a1a8259360b965f,verified win,replay verified,
Classic fan,fan:lldb-580,Taxing 3.DAT#8,How do I dig up the way?,419.2,medium,4576db03a540f2947203c36996cd919784d84722a5fff80c492905120f2a008b,verified win,replay verified,
Classic fan,fan:lldb-580,Taxing 3.DAT#9,We all fall down,159.45,medium,647a723dd1afd8a773e8079bd0d5453196aad785051aa86c51e44e73187849ae,verified win,replay verified,
Classic fan,fan:lldb-581,Level 01.lvl#-1,Level 01.lvl,102.44,low,,no verified win,bounded search or metadata only,
Classic fan,fan:lldb-581,Level 02.lvl#-1,Level 02.lvl,366.88,medium,74d76c241bb8111ee37f4b3a784cad8d6f145ca87b9ad661cd184002cf56ee89,verified win,replay verified,
Classic fan,fan:lldb-581,Level 03.lvl#-1,Level 03.lvl,113.51,low,,no verified win,bounded search or metadata only,
Classic fan,fan:lldb-581,Level 04.lvl#-1,Level 04.lvl,83.79,medium,34213caa09ceb07faf14061332ee577f3cc2f60de0395effcf113ef0fa1d7cce,verified win,replay verified,
Classic fan,fan:lldb-581,Level 05.lvl#-1,Level 05.lvl,106.17,low,,no verified win,bounded search or metadata only,
Classic fan,fan:lldb-582,Level 06.lvl#-1,Level 06.lvl,135.16,high,66929a1b55d2ccaa370fcb667ffc45c4d2d4413170d79d53ea71c5d99e9581b6,verified win,replay verified,
Classic fan,fan:lldb-582,Level 07.lvl#-1,Level 07.lvl,114.05,low,,no verified win,bounded search or metadata only,
Classic fan,fan:lldb-582,Level 08 (extra).lvl#-1,Level 08 (extra).lvl,279.53,medium,37b48f5d6193a6fabcf5083bda96c258d994eab9ed4d5f35fca697da125c1887,verified win,replay verified,
Classic fan,fan:lldb-582,Level 09 (extra).lvl#-1,Level 09 (extra).lvl,109.81,low,,no verified win,bounded search or metadata only,
Classic fan,fan:lldb-583,Level 01.lvl#-1,Level 01.lvl,115.9,low,,no verified win,bounded search or metadata only,
Classic fan,fan:lldb-583,Level 02.lvl#-1,Level 02.lvl,83.57,medium,20357f5294e631ce8789a44e725787f859c8da50bf2ffcd3c1e89f4f5a9e5f60,verified win,replay verified,
Classic fan,fan:lldb-583,Level 03.lvl#-1,Level 03.lvl,164.21,high,8fc7aa70816889e9d328cd808fe6c8ef3b8b999e367cceb6a6ad291cd198c837,verified win,replay verified,
Classic fan,fan:lldb-583,Level 04.lvl#-1,Level 04.lvl,115.9,low,,no verified win,bounded search or metadata only,
Classic fan,fan:lldb-583,Level 05.lvl#-1,Level 05.lvl,115.9,low,,no verified win,bounded search or metadata only,
Classic fan,fan:lldb-583,Level 06.lvl#-1,Level 06.lvl,48.52,high,53603db13f437efa2cfd5a19a488aefaaaa7d6d41dab234f35cb334f3638c050,verified win,replay verified,
Classic fan,fan:lldb-583,Level 07.lvl#-1,Level 07.lvl,48.21,high,45f119927c747e6180060132996980a2ccaf483e1c7f44df703b25ad442093ec,verified win,replay verified,
Classic fan,fan:lldb-583,Level 08.lvl#-1,Level 08.lvl,114.5,low,,no verified win,bounded search or metadata only,
Classic fan,fan:lldb-583,Level 09.lvl#-1,Level 09.lvl,109.65,low,,no verified win,bounded search or metadata only,
Classic fan,fan:lldb-583,Level 10.lvl#-1,Level 10.lvl,108.25,low,,no verified win,bounded search or metadata only,
Classic fan,fan:lldb-584,LEVEL000.DAT#0,The COVOX Level,90.25,low,,no verified win,bounded search or metadata only,
Classic fan,fan:lldb-584,LEVEL000.DAT#1,Bridge Away!,90.25,low,,no verified win,bounded search or metadata only,
Classic fan,fan:lldb-584,LEVEL000.DAT#2,Animal or Vegetable?,112.88,low,,no verified win,bounded search or metadata only,
Classic fan,fan:lldb-584,LEVEL000.DAT#3,Lots of Steel crates!,73.7,low,,no verified win,bounded search or metadata only,
Classic fan,fan:lldb-584,LEVEL000.DAT#4,IceTown,90.65,low,,no verified win,bounded search or metadata only,
Classic fan,fan:lldb-584,LEVEL000.DAT#5,Heaven Can Wait II,114.5,low,,no verified win,bounded search or metadata only,
Classic fan,fan:lldb-584,LEVEL000.DAT#6,How do we get down there?,110.8,low,,no verified win,bounded search or metadata only,
Classic fan,fan:lldb-584,LEVEL000.DAT#7,JackLemmings,106.38,low,,no verified win,bounded search or metadata only,
Classic fan,fan:lldb-585,LEVEL000.DAT#0,Digger Conversions,262.26,medium,7217a7240b5058c9982522e5e3ad0b3f7a8a702ae76882784b17b24262db2448,verified win,replay verified,
Classic fan,fan:lldb-585,LEVEL000.DAT#1,"For Every Lemming, Turn, Turn...",101.59,low,,no verified win,bounded search or metadata only,
Classic fan,fan:lldb-585,LEVEL000.DAT#2,Alternate Route,138.48,medium,6f68b9ebba850a5f9c3d08a1b19dc00a8ce1196bd79105560823f41861a08eff,verified win,replay verified,
Classic fan,fan:lldb-585,LEVEL000.DAT#3,Bridge Delay!,90.9,low,,no verified win,bounded search or metadata only,
Classic fan,fan:lldb-585,LEVEL000.DAT#4,The Prima Publishing Level,98.38,low,,no verified win,bounded search or metadata only,
Classic fan,fan:lldb-585,LEVEL000.DAT#5,Lemming Excavation,64.94,low,,no verified win,bounded search or metadata only,
Classic fan,fan:lldb-585,LEVEL000.DAT#6,Lets Go Sledding!!,81.09,low,,no verified win,bounded search or metadata only,
Classic fan,fan:lldb-585,LEVEL000.DAT#7,The Pipeline,94,low,,no verified win,bounded search or metadata only,
Classic fan,fan:lldb-585,LEVEL001.DAT#0,Wild World of Lemmings!,105.69,low,,no verified win,bounded search or metadata only,
Classic fan,fan:lldb-585,LEVEL001.DAT#1,Winter Lemmingland,95.75,low,,no verified win,bounded search or metadata only,
Classic fan,fan:lldb-585,LEVEL001.DAT#2,Oh No!  Squish.,114.5,low,,no verified win,bounded search or metadata only,
Classic fan,fan:lldb-585,LEVEL001.DAT#3,Watch Your Step!,105.69,low,,no verified win,bounded search or metadata only,
Classic fan,fan:lldb-585,LEVEL001.DAT#4,Dolly Dimple?,108.25,low,,no verified win,bounded search or metadata only,
Classic fan,fan:lldb-585,LEVEL001.DAT#5,Which Way Do We Go?,106.5,low,,no verified win,bounded search or metadata only,
Classic fan,fan:lldb-585,LEVEL001.DAT#6,Old MacDonald Had a Farm...,87.88,low,,no verified win,bounded search or metadata only,
Classic fan,fan:lldb-585,LEVEL001.DAT#7,Congratulations!,94.44,low,,no verified win,bounded search or metadata only,
Classic fan,fan:lldb-586,LEVELPAK.DAT#0,Lemmings Of Ork,84.16,low,,no verified win,bounded search or metadata only,
Classic fan,fan:lldb-586,LEVELPAK.DAT#1,A Level For Your Money......,90.25,low,,no verified win,bounded search or metadata only,
Classic fan,fan:lldb-586,LEVELPAK.DAT#2,A BeastIII of a level,101.62,low,,no verified win,bounded search or metadata only,
Classic fan,fan:lldb-586,LEVELPAK.DAT#3,Pure Agony,96.34,low,,no verified win,bounded search or metadata only,
Classic fan,fan:lldb-586,LEVELPAK.DAT#4,Jurassic Park,104.89,low,,no verified win,bounded search or metadata only,
Classic fan,fan:lldb-586,LEVELPAK.DAT#5,Dutch Oven,103.76,low,,no verified win,bounded search or metadata only,
Classic fan,fan:lldb-586,LEVELPAK.DAT#6,Hanging Gardens Of Babylon,104.8,low,,no verified win,bounded search or metadata only,
Classic fan,fan:lldb-586,LEVELPAK.DAT#7,Pipe Organ,64.95,low,,no verified win,bounded search or metadata only,
Classic fan,fan:lldb-586,LEVELPAK.DAT#8,The Matterhorn,114.01,low,,no verified win,bounded search or metadata only,
Classic fan,fan:lldb-586,LEVELPAK.DAT#9,Bunderson Academy,82.15,low,,no verified win,bounded search or metadata only,
Classic fan,fan:lldb-59,lm_set13.dat#0,Life in the THIRD DIMENSION!,99.44,low,,no verified win,bounded search or metadata only,
Classic fan,fan:lldb-59,lm_set13.dat#1,The platform panic,80.54,low,,no verified win,bounded search or metadata only,
Classic fan,fan:lldb-59,lm_set13.dat#2,Tower of Ice,116.49,low,,no verified win,bounded search or metadata only,
Classic fan,fan:lldb-59,lm_set13.dat#3,Under the fire,101.59,low,,no verified win,bounded search or metadata only,
Classic fan,fan:lldb-59,lm_set13.dat#4,Climbing Rocks,88.25,low,,no verified win,bounded search or metadata only,
Classic fan,fan:lldb-59,lm_set13.dat#5,Left right splitter,101.78,low,,no verified win,bounded search or metadata only,
Classic fan,fan:lldb-59,lm_set13.dat#6,A little mix up,93.5,low,,no verified win,bounded search or metadata only,
Classic fan,fan:lldb-59,lm_set13.dat#7,Have you seen this level before?,104.88,low,,no verified win,bounded search or metadata only,
Classic fan,fan:lldb-59,lm_set13.dat#8,It looks pretty simple,108.25,low,,no verified win,bounded search or metadata only,
Classic fan,fan:lldb-59,lm_set13.dat#9,Between a rock and a hard place,84.5,low,,no verified win,bounded search or metadata only,
Classic fan,fan:lldb-591,Mikes Lemmix Pack.dat#0,Excavations in the Cubic Cave,94.67,low,,no verified win,bounded search or metadata only,
Classic fan,fan:lldb-591,Mikes Lemmix Pack.dat#1,Reachable Heights,95.75,low,,no verified win,bounded search or metadata only,
Classic fan,fan:lldb-591,Mikes Lemmix Pack.dat#2,The Crystal Coves,79.8,low,,no verified win,bounded search or metadata only,
Classic fan,fan:lldb-591,Mikes Lemmix Pack.dat#3,The Awesome level returns!,94,low,,no verified win,bounded search or metadata only,
Classic fan,fan:lldb-591,Mikes Lemmix Pack.dat#4,The Crystalline Fortress,94,low,,no verified win,bounded search or metadata only,
Classic fan,fan:lldb-591,Mikes Lemmix Pack.dat#5,Now you're stuck ( part 2 ),102,low,,no verified win,bounded search or metadata only,
Classic fan,fan:lldb-591,Mikes Lemmix Pack.dat#6,The squares fight back (part 2),75.25,low,,no verified win,bounded search or metadata only,
Classic fan,fan:lldb-591,Mikes Lemmix Pack.dat#7,Spaces within spaces,77,low,,no verified win,bounded search or metadata only,
Classic fan,fan:lldb-591,Mikes Lemmix Pack.dat#8,Science from the 4th dimension,103.4,low,,no verified win,bounded search or metadata only,
Classic fan,fan:lldb-591,Mikes Lemmix Pack.dat#9,Unreachable Heights,94.45,low,,no verified win,bounded search or metadata only,
Classic fan,fan:lldb-592,LEVELPAK.DAT#0,a quick warm up,82.48,low,,no verified win,bounded search or metadata only,
Classic fan,fan:lldb-592,LEVELPAK.DAT#1,the fitness grand lem pacer test,93.09,low,,no verified win,bounded search or metadata only,
Classic fan,fan:lldb-593,Lemmy556 Superpack.dat#0,Ismo Brick,64.5,low,,no verified win,bounded search or metadata only,
Classic fan,fan:lldb-593,Lemmy556 Superpack.dat#1,Ismo bubble,110.44,low,,no verified win,bounded search or metadata only,
Classic fan,fan:lldb-593,Lemmy556 Superpack.dat#2,Ismo rock,39.98,low,,no verified win,bounded search or metadata only,
Classic fan,fan:lldb-593,Lemmy556 Superpack.dat#3,Ismo snow,39.33,high,6d48dc511e252bcd7bd8fc2be86320cc7ebd86d1e7cebf967680ba92c74a96cd,verified win,replay verified,
Classic fan,fan:lldb-594,Level 01.lvl#-1,Level 01.lvl,103.17,low,,no verified win,bounded search or metadata only,
Classic fan,fan:lldb-594,Level 02.lvl#-1,Level 02.lvl,113.51,low,,no verified win,bounded search or metadata only,
Classic fan,fan:lldb-594,Level 03.lvl#-1,Level 03.lvl,87.11,low,,no verified win,bounded search or metadata only,
Classic fan,fan:lldb-595,LEVELPAK.DAT#0,Antelope Island,74.34,low,,no verified win,bounded search or metadata only,
Classic fan,fan:lldb-595,LEVELPAK.DAT#1,Domino's Pizza,108.88,low,,no verified win,bounded search or metadata only,
Classic fan,fan:lldb-6,Mikepak01.dat#0,The mini-labyrinth,80.54,low,,no verified win,bounded search or metadata only,
Classic fan,fan:lldb-6,Mikepak01.dat#1,All with 0 and 1,106.5,low,,no verified win,bounded search or metadata only,
Classic fan,fan:lldb-6,Mikepak01.dat#2,The strange spiral,77,low,,no verified win,bounded search or metadata only,
Classic fan,fan:lldb-6,Mikepak01.dat#3,The ice labyrinth!,102.44,low,,no verified win,bounded search or metadata only,
Classic fan,fan:lldb-6,Mikepak01.dat#4,In the center of the earth,111.98,low,,no verified win,bounded search or metadata only,
Classic fan,fan:lldb-6,Mikepak01.dat#5,Welcome to HELL!,89.03,low,,no verified win,bounded search or metadata only,
Classic fan,fan:lldb-6,Mikepak01.dat#6,Welcome to Athens!,65.5,low,,no verified win,bounded search or metadata only,
Classic fan,fan:lldb-6,Mikepak01.dat#7,Climbers and bombers,74.56,low,,no verified win,bounded search or metadata only,
Classic fan,fan:lldb-6,Mikepak01.dat#8,On icy ropes,62.75,low,,no verified win,bounded search or metadata only,
Classic fan,fan:lldb-6,Mikepak01.dat#9,Let's climb!,68.88,low,,no verified win,bounded search or metadata only,
Classic fan,fan:lldb-60,lm_set14.dat#0,Steep hill Antics,113.69,low,,no verified win,bounded search or metadata only,
Classic fan,fan:lldb-60,lm_set14.dat#1,Weapons of World War 3,112.43,low,,no verified win,bounded search or metadata only,
Classic fan,fan:lldb-60,lm_set14.dat#2,The right click helps here.,70.75,low,,no verified win,bounded search or metadata only,
Classic fan,fan:lldb-60,lm_set14.dat#3,"Born a blocker, die a blocker",47.75,low,,no verified win,bounded search or metadata only,
Classic fan,fan:lldb-60,lm_set14.dat#4,A problemming with the grid,108,low,,no verified win,bounded search or metadata only,
Classic fan,fan:lldb-60,lm_set14.dat#5,The Windmill,87.5,low,,no verified win,bounded search or metadata only,
Classic fan,fan:lldb-60,lm_set14.dat#6,The Golden Dream,108.84,low,,no verified win,bounded search or metadata only,
Classic fan,fan:lldb-60,lm_set14.dat#7,Ten pin bowling,112.65,low,,no verified win,bounded search or metadata only,
Classic fan,fan:lldb-60,lm_set14.dat#8,A torchin' thru da rock,103.15,low,,no verified win,bounded search or metadata only,
Classic fan,fan:lldb-60,lm_set14.dat#9,The Witch's Glitches,69.19,low,,no verified win,bounded search or metadata only,
Classic fan,fan:lldb-61,lm_set15.dat#0,Even more of a kafuffle,65.38,low,,no verified win,bounded search or metadata only,
Classic fan,fan:lldb-61,lm_set15.dat#1,"Sorry, it can't be helped",54.75,low,,no verified win,bounded search or metadata only,
Classic fan,fan:lldb-61,lm_set15.dat#2,Ice till haven't got it yet,103.4,low,,no verified win,bounded search or metadata only,
Classic fan,fan:lldb-61,lm_set15.dat#3,A break in the pillar,99.6,low,,no verified win,bounded search or metadata only,
Classic fan,fan:lldb-61,lm_set15.dat#4,Maybe diving breaks that bone?,81.22,low,,no verified win,bounded search or metadata only,
Classic fan,fan:lldb-61,lm_set15.dat#5,Let's go round again,82.84,low,,no verified win,bounded search or metadata only,
Classic fan,fan:lldb-61,lm_set15.dat#6,Blind Builder,72.5,low,,no verified win,bounded search or metadata only,
Classic fan,fan:lldb-61,lm_set15.dat#7,The bombers challenge,57.88,low,,no verified win,bounded search or metadata only,
Classic fan,fan:lldb-61,lm_set15.dat#8,On cloud nine,103.25,low,,no verified win,bounded search or metadata only,
Classic fan,fan:lldb-61,lm_set15.dat#9,Engage your brain,102,low,,no verified win,bounded search or metadata only,
Classic fan,fan:lldb-62,ClamSpam02.dat#0,Bumpy Ride,77,low,,no verified win,bounded search or metadata only,
Classic fan,fan:lldb-62,ClamSpam02.dat#1,The Christmas Rush,93.7,low,,no verified win,bounded search or metadata only,
Classic fan,fan:lldb-62,ClamSpam02.dat#2,Cut the Red Wire,49.75,low,,no verified win,bounded search or metadata only,
Classic fan,fan:lldb-62,ClamSpam02.dat#3,Times Four (circular clicking),98.55,low,,no verified win,bounded search or metadata only,
Classic fan,fan:lldb-62,ClamSpam02.dat#4,Get Out of the Pool!,65.88,low,,no verified win,bounded search or metadata only,
Classic fan,fan:lldb-62,ClamSpam02.dat#5,Go Fetch!,102.81,low,,no verified win,bounded search or metadata only,
Classic fan,fan:lldb-62,ClamSpam02.dat#6,Brick Replacement Therapy,81.56,low,,no verified win,bounded search or metadata only,
Classic fan,fan:lldb-62,ClamSpam02.dat#7,A.T. on an Angle,68.9,low,,no verified win,bounded search or metadata only,
Classic fan,fan:lldb-62,ClamSpam02.dat#8,About Face!,61,low,,no verified win,bounded search or metadata only,
Classic fan,fan:lldb-62,ClamSpam02.dat#9,Stay Out of the Pool!!!,69.94,low,,no verified win,bounded search or metadata only,
Classic fan,fan:lldb-63,Lemmy556 Statues.dat#0,Angry German kid in crystal!,106.5,low,,no verified win,bounded search or metadata only,
Classic fan,fan:lldb-63,Lemmy556 Statues.dat#1,CHEESE!,83.25,low,,no verified win,bounded search or metadata only,
Classic fan,fan:lldb-63,Lemmy556 Statues.dat#10,Lem statues 3,94.31,low,,no verified win,bounded search or metadata only,
Classic fan,fan:lldb-63,Lemmy556 Statues.dat#2,Dog from hell!!!!!!!!!!,98.55,low,,no verified win,bounded search or metadata only,
Classic fan,fan:lldb-63,Lemmy556 Statues.dat#3,Groke!!!!!,102.59,low,,no verified win,bounded search or metadata only,
Classic fan,fan:lldb-63,Lemmy556 Statues.dat#4,Groke!!!!!SUPER!!!!!!!!,102.59,low,,no verified win,bounded search or metadata only,
Classic fan,fan:lldb-63,Lemmy556 Statues.dat#5,Nessy needs you!,102.59,low,,no verified win,bounded search or metadata only,
Classic fan,fan:lldb-63,Lemmy556 Statues.dat#6,Lemon lime,83.56,low,,no verified win,bounded search or metadata only,
Classic fan,fan:lldb-63,Lemmy556 Statues.dat#7,Pacman,81.5,low,,no verified win,bounded search or metadata only,
Classic fan,fan:lldb-63,Lemmy556 Statues.dat#8,Lem statue,113.69,low,,no verified win,bounded search or metadata only,
Classic fan,fan:lldb-63,Lemmy556 Statues.dat#9,Lemmings statues 2,81.5,low,,no verified win,bounded search or metadata only,
Classic fan,fan:lldb-64,Lemmy556 Ismo.dat#0,Ismo,110.44,low,,no verified win,bounded search or metadata only,
Classic fan,fan:lldb-64,Lemmy556 Ismo.dat#1,Ismo dirt,68.25,low,,no verified win,bounded search or metadata only,
Classic fan,fan:lldb-64,Lemmy556 Ismo.dat#2,Ismo laitela hell,88.24,low,,no verified win,bounded search or metadata only,
Classic fan,fan:lldb-64,Lemmy556 Ismo.dat#3,Ismo marble,106.5,low,,no verified win,bounded search or metadata only,
Classic fan,fan:lldb-64,Lemmy556 Ismo.dat#4,Ismo pillar,98.25,low,,no verified win,bounded search or metadata only,
Classic fan,fan:lldb-65,Lemmy556 My little levels.dat#0,2 lemmings,62.75,low,,no verified win,bounded search or metadata only,
Classic fan,fan:lldb-65,Lemmy556 My little levels.dat#1,4 prisoners,97.15,low,,no verified win,bounded search or metadata only,
Classic fan,fan:lldb-65,Lemmy556 My little levels.dat#10,Dear Lemmings lost in hell!,99.54,low,,no verified win,bounded search or metadata only,
Classic fan,fan:lldb-65,Lemmy556 My little levels.dat#11,One way digging to freedom bad,114.28,low,,no verified win,bounded search or metadata only,
Classic fan,fan:lldb-65,Lemmy556 My little levels.dat#12,Do or fire,77,low,,no verified win,bounded search or metadata only,
Classic fan,fan:lldb-65,Lemmy556 My little levels.dat#13,Do the Lemmys way!,457.22,medium,ebb3149c8278ec10428b7c3d257558e1642c19acf4140b295e5229163fd5eb22,verified win,replay verified,
Classic fan,fan:lldb-65,Lemmy556 My little levels.dat#14,BOSS LEVEL 1,107.78,low,,no verified win,bounded search or metadata only,
Classic fan,fan:lldb-65,Lemmy556 My little levels.dat#2,BAD EXITS,72.15,low,,no verified win,bounded search or metadata only,
Classic fan,fan:lldb-65,Lemmy556 My little levels.dat#3,Block hero,62.34,low,,no verified win,bounded search or metadata only,
Classic fan,fan:lldb-65,Lemmy556 My little levels.dat#4,Blood level,102.31,low,,no verified win,bounded search or metadata only,
Classic fan,fan:lldb-65,Lemmy556 My little levels.dat#5,BOMB!!!!!!!!!,39.75,low,,no verified win,bounded search or metadata only,
Classic fan,fan:lldb-65,Lemmy556 My little levels.dat#6,Bomboozal,40.57,low,,no verified win,bounded search or metadata only,
Classic fan,fan:lldb-65,Lemmy556 My little levels.dat#7,Bombs and builders,63.06,low,,no verified win,bounded search or metadata only,
Classic fan,fan:lldb-65,Lemmy556 My little levels.dat#8,Building day!Can you solve?Yes!,96.34,low,,no verified win,bounded search or metadata only,
Classic fan,fan:lldb-65,Lemmy556 My little levels.dat#9,Crystal castle(Ten!!!),115.9,low,,no verified win,bounded search or metadata only,
Classic fan,fan:lldb-66,Lemmy556 My little levels 2.dat#0,Home turned doom!,77.31,low,,no verified win,bounded search or metadata only,
Classic fan,fan:lldb-66,Lemmy556 My little levels 2.dat#1,Dragons!,105.55,low,,no verified win,bounded search or metadata only,
Classic fan,fan:lldb-66,Lemmy556 My little levels 2.dat#10,"Little,but hard!",69,low,,no verified win,bounded search or metadata only,
Classic fan,fan:lldb-66,Lemmy556 My little levels 2.dat#11,Mayhemian Lem,87.62,low,,no verified win,bounded search or metadata only,
Classic fan,fan:lldb-66,Lemmy556 My little levels 2.dat#12,Mazeeeeeee!!!ARRGGGG!Part 2,89.5,low,,no verified win,bounded search or metadata only,
Classic fan,fan:lldb-66,Lemmy556 My little levels 2.dat#13,Mr Lemming and his family,96.5,low,,no verified win,bounded search or metadata only,
Classic fan,fan:lldb-66,Lemmy556 My little levels 2.dat#14,Shadow of beasts other problem!,89.94,low,,no verified win,bounded search or metadata only,
Classic fan,fan:lldb-66,Lemmy556 My little levels 2.dat#15,Pancake lems,64.81,low,,no verified win,bounded search or metadata only,
Classic fan,fan:lldb-66,Lemmy556 My little levels 2.dat#2,EEEK! DO IT HURRY!,62.75,low,,no verified win,bounded search or metadata only,
Classic fan,fan:lldb-66,Lemmy556 My little levels 2.dat#3,Only floaters can survive this,40.57,medium,236616ceb35d20eacbf28a81c55d1f195efeed1cc5e6c68ac8dd1637e6e0348c,verified win,replay verified,
Classic fan,fan:lldb-66,Lemmy556 My little levels 2.dat#4,Heaven can wait (we hope!!!!),100.25,low,,no verified win,bounded search or metadata only,"replay saved mismatch: expected 80, got 0"
Classic fan,fan:lldb-66,Lemmy556 My little levels 2.dat#5,If you find star you find exit,86.84,low,,no verified win,bounded search or metadata only,
Classic fan,fan:lldb-66,Lemmy556 My little levels 2.dat#6,Lemming soul,82.44,low,,no verified win,bounded search or metadata only,
Classic fan,fan:lldb-66,Lemmy556 My little levels 2.dat#7,Classic lems find new home(Lem3),160.73,medium,0f170ab6119b49990138ee8e144a7ebbb143df31392dbc1809cda8db3ac2bd97,verified win,replay verified,
Classic fan,fan:lldb-66,Lemmy556 My little levels 2.dat#8,Lemmings jumps,95.34,low,,no verified win,bounded search or metadata only,
Classic fan,fan:lldb-66,Lemmy556 My little levels 2.dat#9,Lemmy is here!,96.5,low,,no verified win,bounded search or metadata only,
Classic fan,fan:lldb-67,Ninja Lems.dat#0,Ninja Lems escape in city part 1,105.39,low,,no verified win,bounded search or metadata only,
Classic fan,fan:lldb-67,Ninja Lems.dat#1,Ninja Lems escape in city part 2,86.05,low,,no verified win,bounded search or metadata only,
Classic fan,fan:lldb-67,Ninja Lems.dat#2,Ninja Lems part 3 (New hide),106.2,low,,no verified win,bounded search or metadata only,
Classic fan,fan:lldb-68,Lemmy556 More levels.dat#0,Pillars and builders,72.15,low,,no verified win,bounded search or metadata only,
Classic fan,fan:lldb-68,Lemmy556 More levels.dat#1,RISKY DAY!,69,low,,no verified win,bounded search or metadata only,
Classic fan,fan:lldb-68,Lemmy556 More levels.dat#10,Lemmings toybox,93.7,low,,no verified win,bounded search or metadata only,
Classic fan,fan:lldb-68,Lemmy556 More levels.dat#11,Traps and Lemmings,112.07,low,,no verified win,bounded search or metadata only,
Classic fan,fan:lldb-68,Lemmy556 More levels.dat#12,Trippy...,38.84,high,595f8b2a2a25bb9f23eb1f578b56bfa6de69be0a8ffdd95918f2459276a86391,verified win,replay verified,
Classic fan,fan:lldb-68,Lemmy556 More levels.dat#13,Now you use bombs and builders,52.75,low,,no verified win,bounded search or metadata only,
Classic fan,fan:lldb-68,Lemmy556 More levels.dat#14,Lemmings san!Use builder!,62.75,low,,no verified win,bounded search or metadata only,
Classic fan,fan:lldb-68,Lemmy556 More levels.dat#15,Water in menacing???,99.65,low,,no verified win,bounded search or metadata only,
Classic fan,fan:lldb-68,Lemmy556 More levels.dat#2,team working,104.19,low,,no verified win,bounded search or metadata only,
Classic fan,fan:lldb-68,Lemmy556 More levels.dat#3,Simple lemminga level,68.4,low,,no verified win,bounded search or metadata only,
Classic fan,fan:lldb-68,Lemmy556 More levels.dat#4,Oh God!This is slow!,86.05,low,,no verified win,bounded search or metadata only,
Classic fan,fan:lldb-68,Lemmy556 More levels.dat#5,Some words(Finnish),62.75,low,,no verified win,bounded search or metadata only,
Classic fan,fan:lldb-68,Lemmy556 More levels.dat#6,Story of little Lem,96.5,low,,no verified win,bounded search or metadata only,
Classic fan,fan:lldb-68,Lemmy556 More levels.dat#7,My stupid idea!,98.55,low,,no verified win,bounded search or metadata only,
Classic fan,fan:lldb-68,Lemmy556 More levels.dat#8,Take new Lemmings!,83.25,low,,no verified win,bounded search or metadata only,
Classic fan,fan:lldb-68,Lemmy556 More levels.dat#9,THIS IS NOT ARMY!,97.46,low,,no verified win,bounded search or metadata only,
Classic fan,fan:lldb-69,Many more levels.dat#0,New weird pancake factory....,40.28,low,,no verified win,bounded search or metadata only,
Classic fan,fan:lldb-69,Many more levels.dat#1,Weird world,72.94,low,,no verified win,bounded search or metadata only,
Classic fan,fan:lldb-69,Many more levels.dat#2,What the.....,73.25,low,,no verified win,bounded search or metadata only,
Classic fan,fan:lldb-69,Many more levels.dat#3,Working in eyes...,73.69,low,,no verified win,bounded search or metadata only,
Classic fan,fan:lldb-69,Many more levels.dat#4,XD (Stupid little level),70.75,low,,no verified win,bounded search or metadata only,
Classic fan,fan:lldb-69,Many more levels.dat#5,You and flags,102,low,,no verified win,bounded search or metadata only,
Classic fan,fan:lldb-7,Mikepak02.dat#0,Rescue on the dangerous lake!,97.15,low,,no verified win,bounded search or metadata only,
Classic fan,fan:lldb-7,Mikepak02.dat#1,Impossible ?,95.3,low,,no verified win,bounded search or metadata only,
Classic fan,fan:lldb-7,Mikepak02.dat#2,The steel can be destroyed,77.44,low,,no verified win,bounded search or metadata only,
Classic fan,fan:lldb-7,Mikepak02.dat#3,The clambering,89.09,low,,no verified win,bounded search or metadata only,
Classic fan,fan:lldb-7,Mikepak02.dat#4,What is the steel ?,102.44,low,,no verified win,bounded search or metadata only,
Classic fan,fan:lldb-7,Mikepak02.dat#5,The big stair !,75.25,low,,no verified win,bounded search or metadata only,
Classic fan,fan:lldb-7,Mikepak02.dat#6,The small factory !,112.61,low,,no verified win,bounded search or metadata only,
Classic fan,fan:lldb-7,Mikepak02.dat#7,EMERGENCY 1,101.59,low,,no verified win,bounded search or metadata only,
Classic fan,fan:lldb-7,Mikepak02.dat#8,The invisible level !,99.97,low,,no verified win,bounded search or metadata only,
Classic fan,fan:lldb-7,Mikepak02.dat#9,All with 6 ! (Except builder!),105.71,low,,no verified win,bounded search or metadata only,
Classic fan,fan:lldb-71,fishthekiller99.dat#0,Mazeeeeeee!!!ARRGGGG!,83.25,low,,no verified win,bounded search or metadata only,
Classic fan,fan:lldb-71,fishthekiller99.dat#1,LEMMINGS,94.31,low,,no verified win,bounded search or metadata only,
Classic fan,fan:lldb-72,Lemmy 556 My last dos level pack.dat#0,SNOW MINING,75.25,low,,no verified win,bounded search or metadata only,
Classic fan,fan:lldb-72,Lemmy 556 My last dos level pack.dat#1,don't tell a lie,83.25,low,,no verified win,bounded search or metadata only,
Classic fan,fan:lldb-72,Lemmy 556 My last dos level pack.dat#2,no NO NOOOOOOOOOOOOOO!,87.75,low,,no verified win,bounded search or metadata only,
Classic fan,fan:lldb-72,Lemmy 556 My last dos level pack.dat#3,ARE YOU KIDDING ME,98.5,low,,no verified win,bounded search or metadata only,
Classic fan,fan:lldb-73,ClamSpam03.dat#0,Barrel o' Laughs,69,low,,no verified win,bounded search or metadata only,
Classic fan,fan:lldb-73,ClamSpam03.dat#1,RABBIX,83.25,low,,no verified win,bounded search or metadata only,
Classic fan,fan:lldb-73,ClamSpam03.dat#2,Who lives... and who dies,91.8,low,,no verified win,bounded search or metadata only,
Classic fan,fan:lldb-73,ClamSpam03.dat#3,Crevasse,74.75,low,,no verified win,bounded search or metadata only,
Classic fan,fan:lldb-73,ClamSpam03.dat#4,Turning the Screws,68.88,low,,no verified win,bounded search or metadata only,
Classic fan,fan:lldb-73,ClamSpam03.dat#5,Nothing to lose,79.8,low,,no verified win,bounded search or metadata only,
Classic fan,fan:lldb-73,ClamSpam03.dat#6,Pillars of Hades,97.15,low,,no verified win,bounded search or metadata only,
Classic fan,fan:lldb-73,ClamSpam03.dat#7,The Other Side,80.63,low,,no verified win,bounded search or metadata only,
Classic fan,fan:lldb-73,ClamSpam03.dat#8,Lem ramp scam,83.93,low,,no verified win,bounded search or metadata only,
Classic fan,fan:lldb-73,ClamSpam03.dat#9,The Dying Seconds,83,low,,no verified win,bounded search or metadata only,
Classic fan,fan:lldb-74,elfpak01.dat#0,Give a helping brick!,87.75,low,,no verified win,bounded search or metadata only,
Classic fan,fan:lldb-74,elfpak01.dat#1,Miniature (part I),112.65,low,,no verified win,bounded search or metadata only,
Classic fan,fan:lldb-74,elfpak01.dat#2,Gyps Isles,102,low,,no verified win,bounded search or metadata only,
Classic fan,fan:lldb-74,elfpak01.dat#3,Miniature (part II),111.03,low,,no verified win,bounded search or metadata only,
Classic fan,fan:lldb-74,elfpak01.dat#4,Greek fire,84.15,low,,no verified win,bounded search or metadata only,
Classic fan,fan:lldb-74,elfpak01.dat#5,Miniature (part III),114.28,low,,no verified win,bounded search or metadata only,
Classic fan,fan:lldb-74,elfpak01.dat#6,BL CK  FR ME,90.9,low,,no verified win,bounded search or metadata only,
Classic fan,fan:lldb-74,elfpak01.dat#7,The house of the lost staircase,82.88,low,,no verified win,bounded search or metadata only,
Classic fan,fan:lldb-74,elfpak01.dat#8,The specialists,102,low,,no verified win,bounded search or metadata only,
Classic fan,fan:lldb-74,elfpak01.dat#9,Fortress 13,109.2,low,,no verified win,bounded search or metadata only,
Classic fan,fan:lldb-75,JHIsan1.dat#0,It's Fictional,85.72,low,,no verified win,bounded search or metadata only,
Classic fan,fan:lldb-75,JHIsan1.dat#1,The Barber Shop Quartet,87.75,low,,no verified win,bounded search or metadata only,
Classic fan,fan:lldb-75,JHIsan1.dat#2,This Frozen Landscape,86.12,low,,no verified win,bounded search or metadata only,
Classic fan,fan:lldb-75,JHIsan1.dat#3,Go Climb in the Emerald Mine!!,79.1,low,,no verified win,bounded search or metadata only,
Classic fan,fan:lldb-75,JHIsan1.dat#4,Nostaligia Terms,104.23,low,,no verified win,bounded search or metadata only,
Classic fan,fan:lldb-75,JHIsan1.dat#5,The Cold Zone,100.38,low,,no verified win,bounded search or metadata only,
Classic fan,fan:lldb-75,JHIsan1.dat#6,WOAH!! Easy Tiger......,87.75,low,,no verified win,bounded search or metadata only,
Classic fan,fan:lldb-75,JHIsan1.dat#7,The Climbing Frame,99.7,low,,no verified win,bounded search or metadata only,
Classic fan,fan:lldb-75,JHIsan1.dat#8,Standard Method Required?,108.25,low,,no verified win,bounded search or metadata only,
Classic fan,fan:lldb-75,JHIsan1.dat#9,The Finale,108.84,low,,no verified win,bounded search or metadata only,
Classic fan,fan:lldb-76,ClamSpam04.dat#0,Flotilla,60.59,low,,no verified win,bounded search or metadata only,
Classic fan,fan:lldb-76,ClamSpam04.dat#1,Rise Through the Ranks,69,low,,no verified win,bounded search or metadata only,
Classic fan,fan:lldb-76,ClamSpam04.dat#2,Empty Apartment,92.3,low,,no verified win,bounded search or metadata only,
Classic fan,fan:lldb-76,ClamSpam04.dat#3,Builders' Cracks,77,low,,no verified win,bounded search or metadata only,
Classic fan,fan:lldb-76,ClamSpam04.dat#4,Coming down alive,77,low,,no verified win,bounded search or metadata only,
Classic fan,fan:lldb-76,ClamSpam04.dat#5,Mont Blanc Tunnel,89.5,low,,no verified win,bounded search or metadata only,
Classic fan,fan:lldb-76,ClamSpam04.dat#6,Training Zone Alpha,87.75,low,,no verified win,bounded search or metadata only,
Classic fan,fan:lldb-76,ClamSpam04.dat#7,Dropout,74.92,low,,no verified win,bounded search or metadata only,
Classic fan,fan:lldb-76,ClamSpam04.dat#8,From the Brink,89.28,low,,no verified win,bounded search or metadata only,
Classic fan,fan:lldb-76,ClamSpam04.dat#9,The Floodgates Open,90.9,low,,no verified win,bounded search or metadata only,
Classic fan,fan:lldb-77,Consta1.dat#0,The Electric Wild Ride,102.18,low,,no verified win,bounded search or metadata only,
Classic fan,fan:lldb-77,Consta1.dat#1,To Turn Around or Not,69,low,,no verified win,bounded search or metadata only,
Classic fan,fan:lldb-77,Consta1.dat#2,Let Take Me Take The Lead!!,100.15,low,,no verified win,bounded search or metadata only,
Classic fan,fan:lldb-77,Consta1.dat#3,"One Lemming, Another Lemming...",81.5,low,,no verified win,bounded search or metadata only,
Classic fan,fan:lldb-77,Consta1.dat#4,Wrath of the Angry Lemmings,102.32,low,,no verified win,bounded search or metadata only,
Classic fan,fan:lldb-77,Consta1.dat#5,There Goes That Lemming,88.42,low,,no verified win,bounded search or metadata only,
Classic fan,fan:lldb-77,Consta1.dat#6,Lemmings on Two Levels!?!,102,low,,no verified win,bounded search or metadata only,
Classic fan,fan:lldb-77,Consta1.dat#7,tHe mOBiLe BlIzZaRD ceNTrE,111.64,low,,no verified win,bounded search or metadata only,
Classic fan,fan:lldb-77,Consta1.dat#8,Lead Us to Victory!!,97.15,low,,no verified win,bounded search or metadata only,
Classic fan,fan:lldb-77,Consta1.dat#9,Wandering Waymakers,85.8,low,,no verified win,bounded search or metadata only,
Classic fan,fan:lldb-78,doggycharly random lvls.dat#0,facil cuando sabes como(DIRT),111.15,low,,no verified win,bounded search or metadata only,
Classic fan,fan:lldb-78,doggycharly random lvls.dat#1,Creatures in the deep,65.4,low,,no verified win,bounded search or metadata only,
Classic fan,fan:lldb-78,doggycharly random lvls.dat#10,Think like they,88.04,low,,no verified win,bounded search or metadata only,
Classic fan,fan:lldb-78,doggycharly random lvls.dat#11,if dig or else!,54.5,low,,no verified win,bounded search or metadata only,
Classic fan,fan:lldb-78,doggycharly random lvls.dat#12,Fireworks,71.06,low,,no verified win,bounded search or metadata only,
Classic fan,fan:lldb-78,doggycharly random lvls.dat#13,Tower of destiny,91,low,,no verified win,bounded search or metadata only,
Classic fan,fan:lldb-78,doggycharly random lvls.dat#2,Always into of something,115.27,low,,no verified win,bounded search or metadata only,
Classic fan,fan:lldb-78,doggycharly random lvls.dat#3,"let's go!, but together",95.67,low,,no verified win,bounded search or metadata only,
Classic fan,fan:lldb-78,doggycharly random lvls.dat#4,The magnificent severn,113.69,low,,no verified win,bounded search or metadata only,
Classic fan,fan:lldb-78,doggycharly random lvls.dat#5,Amanecer oscuro,114.5,low,,no verified win,bounded search or metadata only,
Classic fan,fan:lldb-78,doggycharly random lvls.dat#6,Lemmings at the steel works,102.45,low,,no verified win,bounded search or metadata only,
Classic fan,fan:lldb-78,doggycharly random lvls.dat#7,Magnetic area,107.78,low,,no verified win,bounded search or metadata only,
Classic fan,fan:lldb-78,doggycharly random lvls.dat#8,So close but so far away,113.24,low,,no verified win,bounded search or metadata only,
Classic fan,fan:lldb-78,doggycharly random lvls.dat#9,volando en la loca busqueda,114.5,low,,no verified win,bounded search or metadata only,
Classic fan,fan:lldb-79,ClamSpamXmas08.dat#0,Light the way,80.9,low,,no verified win,bounded search or metadata only,
Classic fan,fan:lldb-79,ClamSpamXmas08.dat#1,Know Your Blockers,75.44,low,,no verified win,bounded search or metadata only,
Classic fan,fan:lldb-79,ClamSpamXmas08.dat#2,The edge of madness,79.8,low,,no verified win,bounded search or metadata only,
Classic fan,fan:lldb-79,ClamSpamXmas08.dat#3,Santa's Workshop,95.75,low,,no verified win,bounded search or metadata only,
Classic fan,fan:lldb-79,ClamSpamXmas08.dat#4,The fringe of insanity,79.8,low,,no verified win,bounded search or metadata only,
Classic fan,fan:lldb-8,Mikepak03.dat#0,It's possible !,95.75,low,,no verified win,bounded search or metadata only,
Classic fan,fan:lldb-8,Mikepak03.dat#1,The diagonal bridge,108.25,low,,no verified win,bounded search or metadata only,
Classic fan,fan:lldb-8,Mikepak03.dat#2,The way is not above...,104.19,low,,no verified win,bounded search or metadata only,
Classic fan,fan:lldb-8,Mikepak03.dat#3,EMERGENCY 2,95.75,low,,no verified win,bounded search or metadata only,
Classic fan,fan:lldb-8,Mikepak03.dat#4,PONT  SUSPENDU,89.5,low,,no verified win,bounded search or metadata only,
Classic fan,fan:lldb-8,Mikepak03.dat#5,It's lunch time !,102,low,,no verified win,bounded search or metadata only,
Classic fan,fan:lldb-8,Mikepak03.dat#6,The pyramid of water,115.49,low,,no verified win,bounded search or metadata only,
Classic fan,fan:lldb-8,Mikepak03.dat#7,In icy cavern...,94.31,low,,no verified win,bounded search or metadata only,
Classic fan,fan:lldb-8,Mikepak03.dat#8,It's more easy now !,93.09,low,,no verified win,bounded search or metadata only,
Classic fan,fan:lldb-8,Mikepak03.dat#9,Triple trouble,102.44,low,,no verified win,bounded search or metadata only,
Classic fan,fan:lldb-80,Master System Remakes.dat#0,GO FOR IT!,79.55,low,,no verified win,bounded search or metadata only,
Classic fan,fan:lldb-80,Master System Remakes.dat#1,What an AWESOME level,100,low,,no verified win,bounded search or metadata only,
Classic fan,fan:lldb-80,Master System Remakes.dat#2,Nowhere Near....,106.38,low,,no verified win,bounded search or metadata only,
Classic fan,fan:lldb-80,Master System Remakes.dat#3,INTIMIDATING(ish),100.12,low,,no verified win,bounded search or metadata only,
Classic fan,fan:lldb-80,Master System Remakes.dat#4,KEEP ON GOING FOR IT!,86.05,low,,no verified win,bounded search or metadata only,
Classic fan,fan:lldb-80,Master System Remakes.dat#5,Getting Closer...,106.38,low,,no verified win,bounded search or metadata only,
Classic fan,fan:lldb-80,Master System Remakes.dat#6,AVAGO,79.55,low,,no verified win,bounded search or metadata only,
Classic fan,fan:lldb-80,Master System Remakes.dat#7,MENACING,100.12,low,,no verified win,bounded search or metadata only,
Classic fan,fan:lldb-80,Master System Remakes.dat#8,Nearly There....,103.38,low,,no verified win,bounded search or metadata only,
Classic fan,fan:lldb-80,Master System Remakes.dat#9,Still an AWESOME level,90.9,low,,no verified win,bounded search or metadata only,
Classic fan,fan:lldb-81,AdamPack01.dat#0,Up!,107.78,low,,no verified win,bounded search or metadata only,
Classic fan,fan:lldb-81,AdamPack01.dat#1,Working my way back to you!,107.78,low,,no verified win,bounded search or metadata only,
Classic fan,fan:lldb-81,AdamPack01.dat#2,Get down on it.,79.5,low,,no verified win,bounded search or metadata only,
Classic fan,fan:lldb-81,AdamPack01.dat#3,Frustration,112.47,low,,no verified win,bounded search or metadata only,
Classic fan,fan:lldb-82,Yawg01.dat#0,Bubble Bath,95.1,low,,no verified win,bounded search or metadata only,
Classic fan,fan:lldb-82,Yawg01.dat#1,To Each His Own,91.2,low,,no verified win,bounded search or metadata only,
Classic fan,fan:lldb-82,Yawg01.dat#2,Number Eight,88.84,low,,no verified win,bounded search or metadata only,
Classic fan,fan:lldb-82,Yawg01.dat#3,Not The Bars Again!,118.7,low,,no verified win,bounded search or metadata only,
Classic fan,fan:lldb-82,Yawg01.dat#4,The Brick,81.5,low,,no verified win,bounded search or metadata only,
Classic fan,fan:lldb-82,Yawg01.dat#5,Two Sisters,90.9,low,,no verified win,bounded search or metadata only,
Classic fan,fan:lldb-82,Yawg01.dat#6,Up On the Cross,87.1,low,,no verified win,bounded search or metadata only,
Classic fan,fan:lldb-82,Yawg01.dat#7,Close Friends,88.05,low,,no verified win,bounded search or metadata only,
Classic fan,fan:lldb-82,Yawg01.dat#8,Lemmings In The Plumbing,77,low,,no verified win,bounded search or metadata only,
Classic fan,fan:lldb-82,Yawg01.dat#9,Remorseless,93.67,low,,no verified win,bounded search or metadata only,
Classic fan,fan:lldb-83,CSTame1.dat#0,Oh no! More challenges!,69,low,,no verified win,bounded search or metadata only,
Classic fan,fan:lldb-83,CSTame1.dat#1,Mined the gap,54.1,low,,no verified win,bounded search or metadata only,
Classic fan,fan:lldb-83,CSTame1.dat#2,Need I re-MINED you?,62.1,low,,no verified win,bounded search or metadata only,
Classic fan,fan:lldb-83,CSTame1.dat#3,Blue & Gold,62.75,low,,no verified win,bounded search or metadata only,
Classic fan,fan:lldb-83,CSTame1.dat#4,Now you're stuck,94,low,,no verified win,bounded search or metadata only,
Classic fan,fan:lldb-83,CSTame1.dat#5,Mining is serious business,54.75,low,,no verified win,bounded search or metadata only,
Classic fan,fan:lldb-83,CSTame1.dat#6,Finger? What the hell!,87.75,low,,no verified win,bounded search or metadata only,
Classic fan,fan:lldb-83,CSTame1.dat#7,Put it all on the line,69,low,,no verified win,bounded search or metadata only,
Classic fan,fan:lldb-83,CSTame1.dat#8,If only this were Lemmings 3...,62.75,low,,no verified win,bounded search or metadata only,
Classic fan,fan:lldb-83,CSTame1.dat#9,And again... upwards diggers?,61,low,,no verified win,bounded search or metadata only,
Classic fan,fan:lldb-84,CSTame2.dat#0,whITe ouT,73.95,low,,no verified win,bounded search or metadata only,
Classic fan,fan:lldb-84,CSTame2.dat#1,Keepin' it tight,69,low,,no verified win,bounded search or metadata only,
Classic fan,fan:lldb-84,CSTame2.dat#2,Go! Go! GOOOOOO!!!,106.5,low,,no verified win,bounded search or metadata only,
Classic fan,fan:lldb-84,CSTame2.dat#3,Hold up,54.75,low,,no verified win,bounded search or metadata only,
Classic fan,fan:lldb-84,CSTame2.dat#4,White mountain passage,73.3,low,,no verified win,bounded search or metadata only,
Classic fan,fan:lldb-84,CSTame2.dat#5,A lesson in efficiency,69,low,,no verified win,bounded search or metadata only,
Classic fan,fan:lldb-84,CSTame2.dat#6,The squares fight back!,87.1,low,,no verified win,bounded search or metadata only,
Classic fan,fan:lldb-84,CSTame2.dat#7,Lemmis XVIII,86,low,,no verified win,bounded search or metadata only,
Classic fan,fan:lldb-84,CSTame2.dat#8,Showtime!,106.5,low,,no verified win,bounded search or metadata only,
Classic fan,fan:lldb-84,CSTame2.dat#9,Speed run challenge!,106.5,low,,no verified win,bounded search or metadata only,
Classic fan,fan:lldb-85,Yawg02.dat#0,Episode 666,96.5,low,,no verified win,bounded search or metadata only,
Classic fan,fan:lldb-85,Yawg02.dat#1,A Timeless Mastrpiece,95.75,low,,no verified win,bounded search or metadata only,
Classic fan,fan:lldb-85,Yawg02.dat#2,Land of Confusion,104.15,low,,no verified win,bounded search or metadata only,
Classic fan,fan:lldb-85,Yawg02.dat#3,Dirt Nap,103.72,low,,no verified win,bounded search or metadata only,
Classic fan,fan:lldb-85,Yawg02.dat#4,The Journey of Lem,95.75,low,,no verified win,bounded search or metadata only,
Classic fan,fan:lldb-85,Yawg02.dat#5,Another Timeless Mastrpiece,77,low,,no verified win,bounded search or metadata only,
Classic fan,fan:lldb-85,Yawg02.dat#6,Three Good Reasons,98.55,low,,no verified win,bounded search or metadata only,
Classic fan,fan:lldb-85,Yawg02.dat#7,"Now, Where's my Umbrella?",81.5,low,,no verified win,bounded search or metadata only,
Classic fan,fan:lldb-85,Yawg02.dat#8,Minor Threat,85.6,low,,no verified win,bounded search or metadata only,
Classic fan,fan:lldb-85,Yawg02.dat#9,With A Little Help From...,297.6,medium,bf427574ab92171070cfceab2b7dcf3c2a5f6c5445005884c9dbd5cfcc957aeb,verified win,replay verified,
Classic fan,fan:lldb-86,epic01.dat#0,Attack of the Killer Toddlers,92.66,low,,no verified win,bounded search or metadata only,
Classic fan,fan:lldb-86,epic01.dat#1,Pseudo Bridge Time!,83.25,low,,no verified win,bounded search or metadata only,
Classic fan,fan:lldb-86,epic01.dat#2,Let's get up!,73.62,low,,no verified win,bounded search or metadata only,
Classic fan,fan:lldb-86,epic01.dat#3,The Ice Palace,81.5,low,,no verified win,bounded search or metadata only,
Classic fan,fan:lldb-86,epic01.dat#4,Up a Roof Lesson 1,69,low,,no verified win,bounded search or metadata only,
Classic fan,fan:lldb-86,epic01.dat#5,Up a Roof Lesson 2,67.12,low,,no verified win,bounded search or metadata only,
Classic fan,fan:lldb-86,epic01.dat#6,Menacing II:  The Revenge,56.21,low,,no verified win,bounded search or metadata only,
Classic fan,fan:lldb-86,epic01.dat#7,Mount Pillar,101.59,low,,no verified win,bounded search or metadata only,
Classic fan,fan:lldb-86,epic01.dat#8,SPLAT!,90.9,low,,no verified win,bounded search or metadata only,
Classic fan,fan:lldb-86,epic01.dat#9,The Lemmings Plead for Help,87.75,low,,no verified win,bounded search or metadata only,
Classic fan,fan:lldb-87,FleechPack(v1).dat#0,Four Lemmings And A Funeral,106.38,low,,no verified win,bounded search or metadata only,
Classic fan,fan:lldb-87,FleechPack(v1).dat#1,Hypothermia,105.69,low,,no verified win,bounded search or metadata only,
Classic fan,fan:lldb-87,FleechPack(v1).dat#2,How To Kill A Lemming,105.79,low,,no verified win,bounded search or metadata only,
Classic fan,fan:lldb-87,FleechPack(v1).dat#3,It's All In The Miner,89.5,low,,no verified win,bounded search or metadata only,
Classic fan,fan:lldb-87,FleechPack(v1).dat#4,Flat-Packed Lemmings,94.31,low,,no verified win,bounded search or metadata only,
Classic fan,fan:lldb-88,Timpack1.dat#0,Bash This,73.91,medium,e541a398b0ea05fc300b75a9935bb2ca5f4c14ba53f83500062bcb9e74c7fbae,verified win,replay verified,
Classic fan,fan:lldb-88,Timpack1.dat#1,Bomberman,46.5,low,,no verified win,bounded search or metadata only,
Classic fan,fan:lldb-88,Timpack1.dat#2,Up Up UP They Go,65.2,medium,d7455eba56c0f071a305a38407a2679a9b45d35482ff31a3ad4db13678aceed0,verified win,replay verified,
Classic fan,fan:lldb-88,Timpack1.dat#3,Slanted Bashers,46.5,low,,no verified win,bounded search or metadata only,
Classic fan,fan:lldb-88,Timpack1.dat#4,Step By Step Guide To Building,71.46,medium,f151abb7f1e177c58feac4a52c37d984e9e87416ea7fa715944033ca5ad274b6,verified win,replay verified,
Classic fan,fan:lldb-88,Timpack1.dat#5,Just Like Blockwork,46.5,low,,no verified win,bounded search or metadata only,
Classic fan,fan:lldb-88,Timpack1.dat#6,Wombat Hollow,46.5,low,,no verified win,bounded search or metadata only,
Classic fan,fan:lldb-88,Timpack1.dat#7,V For Vendetta,303.71,medium,f34616b24b9dfd8dcd1d08676b26a8f307075128e96e9f76258cf6137ea22f31,verified win,replay verified,
Classic fan,fan:lldb-88,Timpack1.dat#8,You Want Me To Go Where?,98.38,low,,no verified win,bounded search or metadata only,
Classic fan,fan:lldb-88,Timpack1.dat#9,Follow The Yellow Brick Road,90.25,low,,no verified win,bounded search or metadata only,
Classic fan,fan:lldb-89,Timpack2.dat#0,X-Lems,90.25,low,,no verified win,bounded search or metadata only,
Classic fan,fan:lldb-89,Timpack2.dat#1,Sydney Harbour Bridge,106.5,low,,no verified win,bounded search or metadata only,
Classic fan,fan:lldb-89,Timpack2.dat#2,Ripping Out The Floor,69,low,,no verified win,bounded search or metadata only,
Classic fan,fan:lldb-89,Timpack2.dat#3,Valley Of Fire,81.95,low,,no verified win,bounded search or metadata only,
Classic fan,fan:lldb-89,Timpack2.dat#4,Lemmings Roastin On An Open Fire,118.29,low,,no verified win,bounded search or metadata only,
Classic fan,fan:lldb-89,Timpack2.dat#5,Einy Meenie Mieny Moe,85.72,low,,no verified win,bounded search or metadata only,
Classic fan,fan:lldb-89,Timpack2.dat#6,Star Wars I: The Phantom Exit,78.25,low,,no verified win,bounded search or metadata only,
Classic fan,fan:lldb-89,Timpack2.dat#7,City Of The Damned,113.85,low,,no verified win,bounded search or metadata only,
Classic fan,fan:lldb-89,Timpack2.dat#8,How To Make A Lemming Quilt,102.44,low,,no verified win,bounded search or metadata only,
Classic fan,fan:lldb-89,Timpack2.dat#9,The Long Way Around,87.34,low,,no verified win,bounded search or metadata only,
Classic fan,fan:lldb-9,Mikepak04.dat#0,Welcome to PIPES-CITY !,94,low,,no verified win,bounded search or metadata only,
Classic fan,fan:lldb-9,Mikepak04.dat#1,PLEASE DO NOT DIG IN THIS AREA,79.47,low,,no verified win,bounded search or metadata only,
Classic fan,fan:lldb-9,Mikepak04.dat#2,The David Star,65.75,low,,no verified win,bounded search or metadata only,
Classic fan,fan:lldb-9,Mikepak04.dat#3,Stop it ! Stop it !,77,low,,no verified win,bounded search or metadata only,
Classic fan,fan:lldb-9,Mikepak04.dat#4,The pink wall,108.25,low,,no verified win,bounded search or metadata only,
Classic fan,fan:lldb-9,Mikepak04.dat#5,In the indian cimetery...,64.66,low,,no verified win,bounded search or metadata only,
Classic fan,fan:lldb-9,Mikepak04.dat#6,It's just clambering !,95.75,low,,no verified win,bounded search or metadata only,
Classic fan,fan:lldb-9,Mikepak04.dat#7,A strange manner to dig !,61.58,low,,no verified win,bounded search or metadata only,
Classic fan,fan:lldb-9,Mikepak04.dat#8,2 starts ! 1 Exit !,78.4,low,,no verified win,bounded search or metadata only,
Classic fan,fan:lldb-9,Mikepak04.dat#9,Easy when you know how !,103.4,low,,no verified win,bounded search or metadata only,
Classic fan,fan:lldb-90,Timpack3.dat#0,Rocket Power,105.69,low,,no verified win,bounded search or metadata only,
Classic fan,fan:lldb-90,Timpack3.dat#1,Get Up There,68.59,low,,no verified win,bounded search or metadata only,
Classic fan,fan:lldb-90,Timpack3.dat#2,Only One Shot,75.25,low,,no verified win,bounded search or metadata only,
Classic fan,fan:lldb-90,Timpack3.dat#3,Five Ways To Get Through,105.69,low,,no verified win,bounded search or metadata only,
Classic fan,fan:lldb-90,Timpack3.dat#4,Bomberman II,66.03,low,,no verified win,bounded search or metadata only,
Classic fan,fan:lldb-90,Timpack3.dat#5,Get It Right,61.53,low,,no verified win,bounded search or metadata only,
Classic fan,fan:lldb-90,Timpack3.dat#6,The Thin Blue Line,67.78,low,,no verified win,bounded search or metadata only,
Classic fan,fan:lldb-90,Timpack3.dat#7,Get Back,80.85,low,,no verified win,bounded search or metadata only,
Classic fan,fan:lldb-90,Timpack3.dat#8,Land Mines,58.69,low,,no verified win,bounded search or metadata only,
Classic fan,fan:lldb-90,Timpack3.dat#9,Build To The Top,74.44,low,,no verified win,bounded search or metadata only,
Classic fan,fan:lldb-91,Timpack4.dat#0,Raiders Of The Lost Lemmings,63.06,low,,no verified win,bounded search or metadata only,
Classic fan,fan:lldb-91,Timpack4.dat#1,Journey To The Mountain Top,99.84,low,,no verified win,bounded search or metadata only,
Classic fan,fan:lldb-91,Timpack4.dat#2,What Lies Beneath,87.34,low,,no verified win,bounded search or metadata only,
Classic fan,fan:lldb-91,Timpack4.dat#3,Fawlty Towers,69,low,,no verified win,bounded search or metadata only,
Classic fan,fan:lldb-91,Timpack4.dat#4,Humpty Dumpty Sat On A Wall,83.69,low,,no verified win,bounded search or metadata only,
Classic fan,fan:lldb-91,Timpack4.dat#5,The Power Of Three....,112.53,low,,no verified win,bounded search or metadata only,
Classic fan,fan:lldb-91,Timpack4.dat#6,...Will Set Us Free,106.5,low,,no verified win,bounded search or metadata only,
Classic fan,fan:lldb-91,Timpack4.dat#7,Walk The Plank,89.5,low,,no verified win,bounded search or metadata only,
Classic fan,fan:lldb-91,Timpack4.dat#8,StarWarsII:Attack Of The Lemming,95.75,low,,no verified win,bounded search or metadata only,
Classic fan,fan:lldb-91,Timpack4.dat#9,The Long And Winding Road,114.09,low,,no verified win,bounded search or metadata only,
Classic fan,fan:lldb-92,Timpack5.dat#0,Asteroids In Space,86.9,low,,no verified win,bounded search or metadata only,
Classic fan,fan:lldb-92,Timpack5.dat#1,Lethal Lemmings,59.15,low,,no verified win,bounded search or metadata only,
Classic fan,fan:lldb-92,Timpack5.dat#2,Make No Mistakes,75.25,low,,no verified win,bounded search or metadata only,
Classic fan,fan:lldb-92,Timpack5.dat#3,Work Through The Pain,101.19,low,,no verified win,bounded search or metadata only,
Classic fan,fan:lldb-92,Timpack5.dat#4,Lemming On A Wire,74.44,low,,no verified win,bounded search or metadata only,
Classic fan,fan:lldb-92,Timpack5.dat#5,The Two Towers,116.49,low,,no verified win,bounded search or metadata only,
Classic fan,fan:lldb-92,Timpack5.dat#6,Superbowl,68.75,low,,no verified win,bounded search or metadata only,
Classic fan,fan:lldb-92,Timpack5.dat#7,Round The Bend,81.09,low,,no verified win,bounded search or metadata only,
Classic fan,fan:lldb-92,Timpack5.dat#8,A Sticky Situation,76.22,low,,no verified win,bounded search or metadata only,
Classic fan,fan:lldb-92,Timpack5.dat#9,Gone Fishing,89.5,low,,no verified win,bounded search or metadata only,
Classic fan,fan:lldb-93,Timpack6.dat#0,Vertigo,75.56,low,,no verified win,bounded search or metadata only,
Classic fan,fan:lldb-93,Timpack6.dat#1,How To Cook Lemmings,97.74,low,,no verified win,bounded search or metadata only,
Classic fan,fan:lldb-93,Timpack6.dat#2,Tal Rashas Tomb,106.09,low,,no verified win,bounded search or metadata only,
Classic fan,fan:lldb-93,Timpack6.dat#3,Trapped In Many Ways,64.12,low,,no verified win,bounded search or metadata only,
Classic fan,fan:lldb-93,Timpack6.dat#4,Super Lemming All Stars,103.79,low,,no verified win,bounded search or metadata only,
Classic fan,fan:lldb-93,Timpack6.dat#5,No Holds Barred,83.69,low,,no verified win,bounded search or metadata only,
Classic fan,fan:lldb-93,Timpack6.dat#6,Tiptoe Travels,87.75,low,,no verified win,bounded search or metadata only,
Classic fan,fan:lldb-93,Timpack6.dat#7,Dont Pop Til You Get Enough,64.94,low,,no verified win,bounded search or metadata only,
Classic fan,fan:lldb-93,Timpack6.dat#8,Look Its The Alphabet,105.69,low,,no verified win,bounded search or metadata only,
Classic fan,fan:lldb-93,Timpack6.dat#9,War Of The Lemmmings,76.19,low,,no verified win,bounded search or metadata only,
Classic fan,fan:lldb-94,Timpack7.dat#0,The Abyss,106.5,low,,no verified win,bounded search or metadata only,
Classic fan,fan:lldb-94,Timpack7.dat#1,Labyrinth,75.25,low,,no verified win,bounded search or metadata only,
Classic fan,fan:lldb-94,Timpack7.dat#2,Bridge Over Troubled Water,83.25,low,,no verified win,bounded search or metadata only,
Classic fan,fan:lldb-94,Timpack7.dat#3,Exit Wounds,74.38,low,,no verified win,bounded search or metadata only,
Classic fan,fan:lldb-94,Timpack7.dat#4,Mountain Inn,77.03,low,,no verified win,bounded search or metadata only,
Classic fan,fan:lldb-94,Timpack7.dat#5,The Weight Of The World,102.18,low,,no verified win,bounded search or metadata only,
Classic fan,fan:lldb-94,Timpack7.dat#6,Mirror World,102.59,low,,no verified win,bounded search or metadata only,
Classic fan,fan:lldb-94,Timpack7.dat#7,Are You Insane?,105.69,low,,no verified win,bounded search or metadata only,
Classic fan,fan:lldb-94,Timpack7.dat#8,What the Hell?,101.19,low,,no verified win,bounded search or metadata only,
Classic fan,fan:lldb-94,Timpack7.dat#9,...Is All You Need,93.59,low,,no verified win,bounded search or metadata only,
Classic fan,fan:lldb-95,Timpack8.dat#0,Tee'd Off,96.34,low,,no verified win,bounded search or metadata only,
Classic fan,fan:lldb-95,Timpack8.dat#1,Mount Everest,113.69,low,,no verified win,bounded search or metadata only,
Classic fan,fan:lldb-95,Timpack8.dat#2,Danger Lemmings,91.49,low,,no verified win,bounded search or metadata only,
Classic fan,fan:lldb-95,Timpack8.dat#3,All The Lonely Lemmings,70.75,low,,no verified win,bounded search or metadata only,
Classic fan,fan:lldb-95,Timpack8.dat#4,Thunder Bolts Of Lightning,98.14,low,,no verified win,bounded search or metadata only,
Classic fan,fan:lldb-95,Timpack8.dat#5,Burn In Hell,96.34,low,,no verified win,bounded search or metadata only,
Classic fan,fan:lldb-95,Timpack8.dat#6,A Deeper Shade Of Red,103.99,low,,no verified win,bounded search or metadata only,
Classic fan,fan:lldb-95,Timpack8.dat#7,Take A Deep Breath,72.53,low,,no verified win,bounded search or metadata only,
Classic fan,fan:lldb-95,Timpack8.dat#8,An Epic Problem,89.5,low,,no verified win,bounded search or metadata only,
Classic fan,fan:lldb-95,Timpack8.dat#9,The Neverending Staircase,93.59,low,,no verified win,bounded search or metadata only,
Classic fan,fan:lldb-96,Timpack9.dat#0,Its As Easy As...,105.69,low,,no verified win,bounded search or metadata only,
Classic fan,fan:lldb-96,Timpack9.dat#1,Lemmingland: The Lost Empire,106.5,low,,no verified win,bounded search or metadata only,
Classic fan,fan:lldb-96,Timpack9.dat#2,The Weird Zone,74.84,low,,no verified win,bounded search or metadata only,
Classic fan,fan:lldb-96,Timpack9.dat#3,Picture Perfect,112.65,low,,no verified win,bounded search or metadata only,
Classic fan,fan:lldb-96,Timpack9.dat#4,A Small Problem,86.12,low,,no verified win,bounded search or metadata only,
Classic fan,fan:lldb-96,Timpack9.dat#5,The Long And Broken Road,80.2,low,,no verified win,bounded search or metadata only,
Classic fan,fan:lldb-96,Timpack9.dat#6,Stairway To Earth,48.12,high,d839a1fbe020baa8b17942b432477600fb618e126d2a18bc54f40788afa6bf19,verified win,replay verified,
Classic fan,fan:lldb-96,Timpack9.dat#7,The Graveyard,79.47,low,,no verified win,bounded search or metadata only,
Classic fan,fan:lldb-96,Timpack9.dat#8,Deep Impact,80.81,low,,no verified win,bounded search or metadata only,
Classic fan,fan:lldb-96,Timpack9.dat#9,Wall Of Nets,80.69,low,,no verified win,bounded search or metadata only,
Classic fan,fan:lldb-97,Timpack10.dat#0,A Slow Descent,74.6,low,,no verified win,bounded search or metadata only,
Classic fan,fan:lldb-97,Timpack10.dat#1,I Believe In You,94.12,low,,no verified win,bounded search or metadata only,
Classic fan,fan:lldb-97,Timpack10.dat#2,Snow Cone Factory,74.44,low,,no verified win,bounded search or metadata only,
Classic fan,fan:lldb-97,Timpack10.dat#3,Super Pillar Brothers,92.38,low,,no verified win,bounded search or metadata only,
Classic fan,fan:lldb-97,Timpack10.dat#4,Hack & Slash,85.88,low,,no verified win,bounded search or metadata only,
Classic fan,fan:lldb-97,Timpack10.dat#5,Escapology,78.25,low,,no verified win,bounded search or metadata only,
Classic fan,fan:lldb-97,Timpack10.dat#6,Think Outside The Box,68.75,low,,no verified win,bounded search or metadata only,
Classic fan,fan:lldb-97,Timpack10.dat#7,Chain Of Command,106.09,low,,no verified win,bounded search or metadata only,
Classic fan,fan:lldb-97,Timpack10.dat#8,Something About Lemmings,63.15,low,,no verified win,bounded search or metadata only,
Classic fan,fan:lldb-97,Timpack10.dat#9,Out Of Reach,105.28,low,,no verified win,bounded search or metadata only,
Classic fan,fan:lldb-98,Timpack11.dat#0,Unchained Melody,86.94,low,,no verified win,bounded search or metadata only,
Classic fan,fan:lldb-98,Timpack11.dat#1,Stairway To Nowhere,134.12,medium,32e2142d57267c8d87e8da8093caa5de550c87a9eedcd0876fd91b3e81398b8d,verified win,replay verified,
Classic fan,fan:lldb-98,Timpack11.dat#2,Its A Long Way Down,74.44,low,,no verified win,bounded search or metadata only,
Classic fan,fan:lldb-98,Timpack11.dat#3,Legend Of The Triforce,80.54,low,,no verified win,bounded search or metadata only,
Classic fan,fan:lldb-98,Timpack11.dat#4,Boxed In,83.69,low,,no verified win,bounded search or metadata only,
Classic fan,fan:lldb-98,Timpack11.dat#5,Alphabet Soup,88.28,low,,no verified win,bounded search or metadata only,
Classic fan,fan:lldb-98,Timpack11.dat#6,Lems In The Sky With Diamonds,106.09,low,,no verified win,bounded search or metadata only,
Classic fan,fan:lldb-98,Timpack11.dat#7,Spiderlem,66.97,low,,no verified win,bounded search or metadata only,
Classic fan,fan:lldb-99,TimpackA.dat#0,Merry Lemmings,149.84,medium,8e096cc0455b12ffbd129887cbc64d3bb25e4a5084c42baed211603621b499ae,verified win,replay verified,
Classic fan,fan:lldb-99,TimpackA.dat#1,It Takes Two To Tango,576.36,medium,73b9db2b304f6f1b8d7a4630e5bf6a2cce7b28c61c1cf8c263cdb299b27eef29,verified win,replay verified,
Classic fan,fan:lldb-99,TimpackA.dat#2,Pipe Dream,90.25,low,,no verified win,bounded search or metadata only,
Classic fan,fan:lldb-99,TimpackA.dat#3,The Green Mile,561.42,medium,23167802f548686a639ff473c885a90d1cfdeb4ad4b3ec4481e2b405b09c41fe,verified win,replay verified,
Classic fan,fan:lldb-99,TimpackA.dat#4,A Builders Job Is Never Done,90.25,low,,no verified win,bounded search or metadata only,
Classic fan,fan:lldb-99,TimpackA.dat#5,Frostbite,69.26,medium,1f8a5a9a37b77e77ca7d873c16e3638be19d74edf0c0186f8306dd648f7aacc2,verified win,replay verified,
Classic fan,fan:lldb-99,TimpackA.dat#6,Down Under,57.75,low,,no verified win,bounded search or metadata only,
Classic fan,fan:lldb-99,TimpackA.dat#7,What A Predicament,98.55,low,,no verified win,bounded search or metadata only,
Classic fan,fan:lldb-99,TimpackA.dat#8,The Sixth Lemming,98.5,low,,no verified win,bounded search or metadata only,
Classic fan,fan:lldb-99,TimpackA.dat#9,Top Of The World,78.94,low,,no verified win,bounded search or metadata only,
NeoLemmix,Lemmings_Redux,Lemmings_Redux/Gentle/A_Beast_of_a_level.nxlv,A_Beast_of_a_level,396.21,medium,931be109bbe0cd8cd0e20924c3623003133a8a2d38792f3cb06a50526b5cde1c,verified win,replay verified,
NeoLemmix,Lemmings_Redux,Lemmings_Redux/Gentle/A_Block_from_Home.nxlv,A_Block_from_Home,254.43,medium,1fc860d7961fd0fd2d4677d44f2a9ce5930af540741625d7a19c374c426e3ae3,verified win,replay verified,
NeoLemmix,Lemmings_Redux,Lemmings_Redux/Gentle/A_task_for_bombers.nxlv,A_task_for_bombers,102.43,medium,3db858f14ce46dd74f86422942396ec40779fa5d63a367b769ed0502abecfa2e,verified win,replay verified,
NeoLemmix,Lemmings_Redux,Lemmings_Redux/Gentle/Builders_will_help_you_here.nxlv,Builders_will_help_you_here,84.94,medium,fca0da1d96ffb39275dfb22cece85a73d06ab2fa4e74d7bfa5a4a96d7803ba0a,verified win,replay verified,
NeoLemmix,Lemmings_Redux,Lemmings_Redux/Gentle/Careless_clicking_costs_lives.nxlv,Careless_clicking_costs_lives,381.85,medium,60b4ce9080be0985f703cdd187ec428e73316fa1d95ebc72be69da8d0c4a0a6b,verified win,replay verified,
NeoLemmix,Lemmings_Redux,Lemmings_Redux/Gentle/Catch_more_floaters..nxlv,Catch_more_floaters.,580.31,medium,4c40545a656c6e181b7dde8d9c9a6add65ab6926d36d6fe8a8542451042bb9da,verified win,replay verified,
NeoLemmix,Lemmings_Redux,Lemmings_Redux/Gentle/CindyLand.nxlv,CindyLand,377.19,medium,4ce99198e332618d7102902bdf633db5cf93383851eba899de4049c50795c8e6,verified win,replay verified,
NeoLemmix,Lemmings_Redux,Lemmings_Redux/Gentle/Darkness_of_the_royal_family.nxlv,Darkness_of_the_royal_family,427.44,medium,4a4764ab44db188d030a0f917c89d7c98fce76b3a12501128e928f837453a660,verified win,replay verified,
NeoLemmix,Lemmings_Redux,Lemmings_Redux/Gentle/Doomsday.nxlv,Doomsday,331.2,medium,49c2f02fefc84f5db9fdf580d88e9823314523855b7b551f3f9837735ebe38b8,verified win,replay verified,
NeoLemmix,Lemmings_Redux,Lemmings_Redux/Gentle/Downwardly_Mobile_Lemmings.nxlv,Downwardly_Mobile_Lemmings,193.14,high,17c517bc1d382c814a8d69f6027d2dc3167ff757c735b46b4baf8ac3cbfdbbaf,verified win,replay verified,
NeoLemmix,Lemmings_Redux,Lemmings_Redux/Gentle/Get_a_little_extra_help.nxlv,Get_a_little_extra_help,171.48,medium,068061ae7b252299be3f2292f023b2dc058e8887221999a0a38bcc11414bd60b,verified win,replay verified,
NeoLemmix,Lemmings_Redux,Lemmings_Redux/Gentle/Going_Their_Separate_Ways.nxlv,Going_Their_Separate_Ways,472.55,medium,fbf9a35d78b255b91d90f3166b31a7c97d8a503c2dbf912ccdbd0ff8027bd392,verified win,replay verified,
NeoLemmix,Lemmings_Redux,Lemmings_Redux/Gentle/Just_dig!.nxlv,Just_dig!,75.63,high,02f6e60b7860fbf78ce662ad6f93f3cca1f8cd7f48cae4366c2256bb4f4a410f,verified win,replay verified,
NeoLemmix,Lemmings_Redux,"Lemmings_Redux/Gentle/Keep_your_hair_on,_Mr._Lemming.nxlv","Keep_your_hair_on,_Mr._Lemming",427.44,medium,0cb73a950b1be2169832de4426fa446a201bc04857cfdb8faf6cbb0f58a8a7b3,verified win,replay verified,
NeoLemmix,Lemmings_Redux,Lemmings_Redux/Gentle/Konnichiwa_Lemming-san.nxlv,Konnichiwa_Lemming-san,207.52,medium,869b7465f3f299cb599a6a55852abcb38f9d9a43b0e22a719307f0dac8f82578,verified win,replay verified,
NeoLemmix,Lemmings_Redux,Lemmings_Redux/Gentle/Lemming_toast.nxlv,Lemming_toast,336.93,medium,b8774e161b901e315a8d35a5acf62f56d0f0e4068db2aeaee3a3ca0443ecc496,verified win,replay verified,
NeoLemmix,Lemmings_Redux,Lemmings_Redux/Gentle/Lemmings_in_the_attic.nxlv,Lemmings_in_the_attic,517.75,medium,872799cb8056483bfc971b5ea6251bf6486a5b0f1a263a6e12d11fa707662da5,verified win,replay verified,
NeoLemmix,Lemmings_Redux,Lemmings_Redux/Gentle/Let's_be_careful_out_there.nxlv,Let's_be_careful_out_there,295.18,medium,5288614449912e102d7ec799825c7e08b8f8a37023562f7357d3b2a7e6be7a0c,verified win,replay verified,
NeoLemmix,Lemmings_Redux,Lemmings_Redux/Gentle/Let's_go_to_the_moon!.nxlv,Let's_go_to_the_moon!,291.18,medium,bbb33596917020141fb09f36bcac5d94ad628cc83e94109c88d23f2db0cf981f,verified win,replay verified,
NeoLemmix,Lemmings_Redux,Lemmings_Redux/Gentle/Now_use_miners_and_climbers.nxlv,Now_use_miners_and_climbers,226.41,medium,cd51775cb2ee2d25ece42bf6b34e95ee0a9593b03440fcfe05ae90eec1a5ba4b,verified win,replay verified,
NeoLemmix,Lemmings_Redux,Lemmings_Redux/Gentle/Only_floaters_can_survive_this.nxlv,Only_floaters_can_survive_this,152.32,medium,eddaed58d39ee9122fb76074f5b6bbe8897f07ee1daed5978afc01543f6f8c01,verified win,replay verified,
NeoLemmix,Lemmings_Redux,Lemmings_Redux/Gentle/Patience.nxlv,Patience,352.59,medium,9019dcdd2720eacbf29f2180bd0027d21fbac63ae9c98d75210766d24a5a1f1d,verified win,replay verified,
NeoLemmix,Lemmings_Redux,Lemmings_Redux/Gentle/Pillar_talking.nxlv,Pillar_talking,480.86,medium,daec1286f90d67a84b5813d3d5704c8ad2ed48cdda0dc88b299a2ffa721eddf8,verified win,replay verified,
NeoLemmix,Lemmings_Redux,Lemmings_Redux/Gentle/Quest_for_Kieran.nxlv,Quest_for_Kieran,335.85,medium,bcc37957a52c87cd00ccaf1349a79e40528dd79d88144e3f7d65e3e598c2a447,verified win,replay verified,
NeoLemmix,Lemmings_Redux,Lemmings_Redux/Gentle/Rainbow_Island.nxlv,Rainbow_Island,265.17,medium,9486137ef998a487add5978f083a01b501f8e58358a486d28d409c1c727231a4,verified win,replay verified,
NeoLemmix,Lemmings_Redux,Lemmings_Redux/Gentle/Snuggle_up_to_a_Lemming.nxlv,Snuggle_up_to_a_Lemming,140.75,medium,fd6f277136a7bb313c96a828e308d93b05748b90057c12db6d8021129c408ead,verified win,replay verified,
NeoLemmix,Lemmings_Redux,Lemmings_Redux/Gentle/Tailor-made_for_blockers.nxlv,Tailor-made_for_blockers,83.73,medium,9ea829e037369388780a60f666d4e005e709e757a71131b82935354b6e5dbd87,verified win,replay verified,
NeoLemmix,Lemmings_Redux,Lemmings_Redux/Gentle/The_Crankshaft.nxlv,The_Crankshaft,521.11,medium,687547337adb16a2ec70af2feff3a5d1d015e3343a1166578621558f14fcf568,verified win,replay verified,
NeoLemmix,Lemmings_Redux,"Lemmings_Redux/Gentle/Turn_around,_young_lemmings!.nxlv","Turn_around,_young_lemmings!",385.04,medium,82d78157d318c60d0c53e35632bbd4a5d688b48a656c22bb576535dee864343f,verified win,replay verified,
NeoLemmix,Lemmings_Redux,Lemmings_Redux/Gentle/Where_do_you_see_Lemmings_.nxlv,Where_do_you_see_Lemmings_,349.98,medium,ab4a84997bfecd18f017f6c0e7efa34c3ef745ac8fe21620e696718522e305c8,verified win,replay verified,
NeoLemmix,Lemmings_Redux,Lemmings_Redux/Gentle/You_Live_and_Lem.nxlv,You_Live_and_Lem,161.11,medium,2fc580a5e3878ca219063fa9e546e9f4f72cfcabf603312a11df78cd5382b9c1,verified win,replay verified,
NeoLemmix,Lemmings_Redux,Lemmings_Redux/Gentle/You_need_bashers_this_time.nxlv,You_need_bashers_this_time,81.52,medium,2e091bb2ef4f1919b2a367f45d2b9631a05a00a2887e45fc7d01abd8bf83bed1,verified win,replay verified,
NeoLemmix,Lemmings_Redux,Lemmings_Redux/Lunatic/Anxiety.nxlv,Anxiety,432.52,medium,b00fa94faeda0c800f6b23e8cd4403a7e08e563fa34df4d93128b3ecc696afb7,verified win,replay verified,
NeoLemmix,Lemmings_Redux,Lemmings_Redux/Lunatic/Be_more_than_just_a_number.nxlv,Be_more_than_just_a_number,339.33,medium,f02e4d55bd4c9b752315c670ba1dbe8107246dd05ecd4bf3afc44f18e11fe24c,verified win,replay verified,
NeoLemmix,Lemmings_Redux,Lemmings_Redux/Lunatic/Creature_Discomforts.nxlv,Creature_Discomforts,676.76,medium,f0cc195060f68cadf68d27d71e85d79bcaa70b87735dbbbbe3091d52795f31db,verified win,replay verified,
NeoLemmix,Lemmings_Redux,"Lemmings_Redux/Lunatic/Down,_along,_up,_in_that_order.nxlv","Down,_along,_up,_in_that_order",565.87,medium,af7e59e9e04555ec34a013b6adca9adc07dfa40f14071d1d4df525221691c02c,verified win,replay verified,
NeoLemmix,Lemmings_Redux,Lemmings_Redux/Lunatic/Evacuating_a_coal_mine.nxlv,Evacuating_a_coal_mine,490.31,medium,f5078a2a1f99d7d7102b626c9c672bf4e4d407c157adb0e43cb5b3f50bee1dbd,verified win,replay verified,
NeoLemmix,Lemmings_Redux,Lemmings_Redux/Lunatic/Everyone's_a_hard_nut..nxlv,Everyone's_a_hard_nut.,465.9,medium,dd8c97bd48d1caf27f61cc66c718424e91bbc6de039785f0a50dc2952d5d7144,verified win,replay verified,
NeoLemmix,Lemmings_Redux,Lemmings_Redux/Lunatic/Evil_whisper.nxlv,Evil_whisper,398.11,medium,dab2a0db241fe8997e4ae24288b923f4da8ddf1822020b4b951bf6b289fdc035,verified win,replay verified,
NeoLemmix,Lemmings_Redux,Lemmings_Redux/Lunatic/Fall_and_no_life_(Part_Two).nxlv,Fall_and_no_life_(Part_Two),582.89,medium,28596823b32981663a7acfd9967a80763153f3461658aa251023ca898c04dada,verified win,replay verified,
NeoLemmix,Lemmings_Redux,Lemmings_Redux/Lunatic/Final_impediment.nxlv,Final_impediment,311.26,medium,53b0c04905e140acb97ad60dd2f07fae5726407ca9f897cbd9fa45080d515f50,verified win,replay verified,
NeoLemmix,Lemmings_Redux,"Lemmings_Redux/Lunatic/Fix_the_road,_quick!.nxlv","Fix_the_road,_quick!",103.7,medium,a61f48bf29fcb4c8ef72a3839f110692780ccd4a1b8b8a1cd1087044f905ed23,verified win,replay verified,
NeoLemmix,Lemmings_Redux,Lemmings_Redux/Lunatic/Hello_John!_Got_a_New_Lemming_.nxlv,Hello_John!_Got_a_New_Lemming_,754.18,medium,53c2ae9a33cca74e3b47f77ea13f0facb88b0810ccb62bce949d85cac8ad583b,verified win,replay verified,
NeoLemmix,Lemmings_Redux,Lemmings_Redux/Lunatic/I_am_A.T..nxlv,I_am_A.T.,176.55,medium,dc5b7de8959c590ce3e3a8ff345266db7d101885261bd2a714f9a270a6bfe75f,verified win,replay verified,
NeoLemmix,Lemmings_Redux,Lemmings_Redux/Lunatic/It's_hero_time!.nxlv,It's_hero_time!,407.76,medium,c3c525179984a187eb90e435a02d8c44ba5103cb675383eec7bbf677310b1e2c,verified win,replay verified,
NeoLemmix,Lemmings_Redux,Lemmings_Redux/Lunatic/Lemming_about_town.nxlv,Lemming_about_town,473.97,medium,78a24108c8bece3f42a07b0bc4c4e5fbf7f7729ac19297c9a5f3ea18f9817843,verified win,replay verified,
NeoLemmix,Lemmings_Redux,Lemmings_Redux/Lunatic/Lemmings'_Ark.nxlv,Lemmings'_Ark,557.36,medium,b8a235154d90495b64556d8b007c3128fa0df21b24a7a31a2ccde98e8bc6287f,verified win,replay verified,
NeoLemmix,Lemmings_Redux,Lemmings_Redux/Lunatic/Lemmings_in_a_situation.nxlv,Lemmings_in_a_situation,623.78,medium,4461bd874808dbad1f293b8649062eda28def6e091437346c6be24af29317209,verified win,replay verified,
NeoLemmix,Lemmings_Redux,Lemmings_Redux/Lunatic/Let's_go_camping..nxlv,Let's_go_camping.,520.36,medium,67d774c35ac95c6da8dfd65b060a99f0294ab9679c811afa5977fdb478405070,verified win,replay verified,
NeoLemmix,Lemmings_Redux,Lemmings_Redux/Lunatic/Move_on_in_two_separate_groups..nxlv,Move_on_in_two_separate_groups.,498.01,medium,3232a8f754636abea19e2f81848bd9645c0a84f36e522aee72f353db6f5a662c,verified win,replay verified,
NeoLemmix,Lemmings_Redux,Lemmings_Redux/Lunatic/No_added_colours_or_Lemmings.nxlv,No_added_colours_or_Lemmings,301.92,medium,815ea33f4f28a1374cd28495bb1430b14b76145e5a9b9d6c5bdeb5349cbb8443,verified win,replay verified,
NeoLemmix,Lemmings_Redux,"Lemmings_Redux/Lunatic/No_hurry,_relax..nxlv","No_hurry,_relax.",514.15,medium,29d148cdd38a0647abd7b50d2c3af388e7a7703bf6cafb52d19a7107f32d159e,verified win,replay verified,
NeoLemmix,Lemmings_Redux,Lemmings_Redux/Lunatic/Private_room_available.nxlv,Private_room_available,429.14,medium,1b7b1709da8ef0cac9fef9da11d3b25d0e19cf76cd720431a6f88adb72c001e3,verified win,replay verified,
NeoLemmix,Lemmings_Redux,Lemmings_Redux/Lunatic/SEGA_Four.nxlv,SEGA_Four,550.86,medium,01068768266df91591e954a6f3d59911bdc561a7324dfbc27f6c96a9ce62431a,verified win,replay verified,
NeoLemmix,Lemmings_Redux,Lemmings_Redux/Lunatic/Save_Me.nxlv,Save_Me,573.27,medium,1f39e4e7e050dc74088a26fafcd62f1f8652617737b8ddd6242f6e09c37a9b1f,verified win,replay verified,
NeoLemmix,Lemmings_Redux,Lemmings_Redux/Lunatic/Scaling_the_Heights.nxlv,Scaling_the_Heights,414.87,medium,e3bc2436f2655d2414965f0ab1a73ee2dc69ce91e1e17c2f7b63c1834d4063af,verified win,replay verified,
NeoLemmix,Lemmings_Redux,Lemmings_Redux/Lunatic/The_Boiler_Room.nxlv,The_Boiler_Room,217.5,medium,33b27e38d5c25066d2a2bf4bcc9e351cba9483343045b164561d70d163b4dd3d,verified win,replay verified,
NeoLemmix,Lemmings_Redux,Lemmings_Redux/Lunatic/The_Great_Lemming_Caper.nxlv,The_Great_Lemming_Caper,552.22,medium,1d7892158348f9b7cff33383dc984e4593ecdfd15cfd179ccab73d10d23cde9e,verified win,replay verified,
NeoLemmix,Lemmings_Redux,Lemmings_Redux/Lunatic/The_Steel_Mines_of_Kessel.nxlv,The_Steel_Mines_of_Kessel,230.62,medium,e98f458d5012d6a6d5ac0f887f1271d89d4f84ba125644cb641bab2f38cc54fd,verified win,replay verified,
NeoLemmix,Lemmings_Redux,Lemmings_Redux/Lunatic/There's_madness_in_the_method.nxlv,There's_madness_in_the_method,415.37,medium,e28d355fe7a561d8cfb5dca59a29f893d8280669fcf6f17c75005a0c50f8d71a,verified win,replay verified,
NeoLemmix,Lemmings_Redux,Lemmings_Redux/Lunatic/This_Corrosion.nxlv,This_Corrosion,352.15,medium,e16436bd4006132afecf0784491a8289749bc8cd96ba1d5f71e36979eebef220,verified win,replay verified,
NeoLemmix,Lemmings_Redux,Lemmings_Redux/Lunatic/Watch_right_or_left_(Part_Two).nxlv,Watch_right_or_left_(Part_Two),229.24,medium,b38cba37dac835b6d4dc56520f8f2c4848cc6085b0c56b6a422511f093c981ef,verified win,replay verified,
NeoLemmix,Lemmings_Redux,Lemmings_Redux/Lunatic/Water_processing_plant.nxlv,Water_processing_plant,486.9,medium,8921969e9d2422a7e175fb88eba9ec24c941fe6ed6d725d543516b5105cad714,verified win,replay verified,
NeoLemmix,Lemmings_Redux,Lemmings_Redux/Lunatic/Which_one_are_you_trying_to_get_.nxlv,Which_one_are_you_trying_to_get_,517.17,medium,123bfa06d12d03f48bb9ad4527f222ae37927e3984587f9965726e227a7a0fca,verified win,replay verified,
NeoLemmix,Lemmings_Redux,Lemmings_Redux/Manic/AAAAAARRRRRRGGGGGGHHHHHH!!!!!!.nxlv,AAAAAARRRRRRGGGGGGHHHHHH!!!!!!,419.86,medium,ea75c5a93f793873c64a0a3376c15c90f0e30b2d559269b73545a5c1baa27964,verified win,replay verified,
NeoLemmix,Lemmings_Redux,Lemmings_Redux/Manic/A_BeastII_of_a_level.nxlv,A_BeastII_of_a_level,570.93,medium,f63d9cbe4606762148614847e543a3af1799c5457e55f98e9f961053591c1888,verified win,source-compatible replay verified,
NeoLemmix,Lemmings_Redux,Lemmings_Redux/Manic/Acrophobia.nxlv,Acrophobia,417.33,medium,24250e994d9fc8091397fae33770e64c3881094d3abf8d45f27a25d290db6646,verified win,replay verified,
NeoLemmix,Lemmings_Redux,Lemmings_Redux/Manic/Chill_out!.nxlv,Chill_out!,412.05,medium,5848913ab4867cb084449280f78e869adb897602db725d7a5eac847ed18b3f8c,verified win,replay verified,
NeoLemmix,Lemmings_Redux,Lemmings_Redux/Manic/Come_on_over_to_my_place.nxlv,Come_on_over_to_my_place,413.57,medium,ff63440d93b330e4c2d50efb30b232c7ef4aabcfd46f21594f78a189fd7384b2,verified win,replay verified,
NeoLemmix,Lemmings_Redux,Lemmings_Redux/Manic/Down_the_tube.nxlv,Down_the_tube,322.31,medium,421dd7dcd9a59b1e833349c08969156ae7ac67bc58e1e95b797a3ea2f80d037d,verified win,replay verified,
NeoLemmix,Lemmings_Redux,Lemmings_Redux/Manic/Electric_circuit.nxlv,Electric_circuit,372.93,medium,10c75500b07333071aa14f757bbc52ec27bd021cebfc3dec81f7b0ffe12fc46e,verified win,replay verified,
NeoLemmix,Lemmings_Redux,Lemmings_Redux/Manic/Fall_and_no_life..nxlv,Fall_and_no_life.,391.01,medium,5ea963b2085db6302e68ada267625ebc30d5d0f2520b84d5a5e0c4d4f7c02cfd,verified win,replay verified,
NeoLemmix,Lemmings_Redux,Lemmings_Redux/Manic/If_at_first_you_don't_succeed....nxlv,If_at_first_you_don't_succeed...,618.53,medium,6b1f273eda3f4ca51d669896eef824fd0be75809a938912a2e5983694b017405,verified win,replay verified,
NeoLemmix,Lemmings_Redux,Lemmings_Redux/Manic/Is_this_a_circus_.nxlv,Is_this_a_circus_,406.28,medium,bea34b1a3457932796a59b77ef94091ce79969fdcd754b7f61e84e302b4a8569,verified win,replay verified,
NeoLemmix,Lemmings_Redux,Lemmings_Redux/Manic/It's_not_over_till_it's_over.nxlv,It's_not_over_till_it's_over,482.34,medium,7dc5237e0f34b3c061aa370e60df4427171cc75d12941345c483b60ade2ae762,verified win,replay verified,
NeoLemmix,Lemmings_Redux,Lemmings_Redux/Manic/Just_a_Minute....nxlv,Just_a_Minute...,329.86,medium,d34b04a5cee24eccec6d3bf727e946fc8d00e8ddc725125d12d7250267d695ed,verified win,replay verified,
NeoLemmix,Lemmings_Redux,Lemmings_Redux/Manic/Just_a_Minute_(Part_Two).nxlv,Just_a_Minute_(Part_Two),433.06,medium,1bf8c6c6e34f2ef7f65f57fd5b76fd199d694380a533197870779a089d0b413e,verified win,replay verified,
NeoLemmix,Lemmings_Redux,Lemmings_Redux/Manic/Let's_get_together..nxlv,Let's_get_together.,436.37,medium,eecdf4761e74c7ef0ca17c8083e9adf04490bee2ba0a29b602b81f190818cc14,verified win,replay verified,
NeoLemmix,Lemmings_Redux,Lemmings_Redux/Manic/No_world_without_you.nxlv,No_world_without_you,462.22,medium,d1c1e92f6a415297859fe813d480f1e47f6ee380d5e64bf67e303d5116edbe30,verified win,replay verified,
NeoLemmix,Lemmings_Redux,Lemmings_Redux/Manic/Old_MacDonald_Had_a_Farm....nxlv,Old_MacDonald_Had_a_Farm...,339.21,medium,fffb17e761e6e43be2af79a155e7796bad336314d45e96ba7761b3cb46d7efb2,verified win,replay verified,
NeoLemmix,Lemmings_Redux,"Lemmings_Redux/Manic/Out,_away_from_the_tune.nxlv","Out,_away_from_the_tune",299.84,medium,ee25632f439adad72ff590292fe7cc82e1e0b310389e670f42aab7d9957a43c0,verified win,replay verified,
NeoLemmix,Lemmings_Redux,Lemmings_Redux/Manic/POOR_WEE_CREATURES!.nxlv,POOR_WEE_CREATURES!,393.52,medium,8603a2ad7dbd9776a335f44f2e7d919016edd036a3578a2dfff5c3d967b6b87c,verified win,replay verified,
NeoLemmix,Lemmings_Redux,Lemmings_Redux/Manic/Poles_Apart.nxlv,Poles_Apart,575.46,medium,593cc86deb3d1d48bfd453a09c15f79ac599089ef277af173726306eb860f074,verified win,replay verified,
NeoLemmix,Lemmings_Redux,Lemmings_Redux/Manic/ROCKY_VI.nxlv,ROCKY_VI,573.62,medium,003033fe43285377b6400c41e83de10b0706c2a499070707e73d110cbc575cc5,verified win,replay verified,
NeoLemmix,Lemmings_Redux,Lemmings_Redux/Manic/Steel_Block_Party.nxlv,Steel_Block_Party,442.57,medium,48144021cc3309ae3ad727a96d71d5ee1c2dc77f2cb7d95d8922b95e79de7f54,verified win,replay verified,
NeoLemmix,Lemmings_Redux,Lemmings_Redux/Manic/Synchronised_Lemming.nxlv,Synchronised_Lemming,630.24,medium,81815536526f905639c14bdb4577a3e349ff951ffc4f1386c51905194b7a0f28,verified win,replay verified,
NeoLemmix,Lemmings_Redux,Lemmings_Redux/Manic/THE_SILENCE_OF_THE_LEMMINGS.nxlv,THE_SILENCE_OF_THE_LEMMINGS,530.36,medium,df14b19eafa49359649dd235685cae3310cc9a4a4f7f150419f621f4cadf8b81,verified win,replay verified,
NeoLemmix,Lemmings_Redux,Lemmings_Redux/Manic/Temple_of_Love.nxlv,Temple_of_Love,470.4,medium,b237a898624115747ce884df09ba74187635f3539cd85da40567ed326a4745fb,verified win,replay verified,
NeoLemmix,Lemmings_Redux,Lemmings_Redux/Manic/The_Lemming_Funhouse.nxlv,The_Lemming_Funhouse,333.08,medium,00432f5eaaaddc7226aafc9bf7d0246737ab0ce055d66eb273a5587ae9ea39b1,verified win,replay verified,
NeoLemmix,Lemmings_Redux,Lemmings_Redux/Manic/The_gate_trap_Lemmings..nxlv,The_gate_trap_Lemmings.,441.37,medium,1a1c7b383fa5df9ced6c06dad81f1d19ab08a8cb50ccb3d1826242cca2b25f2b,verified win,replay verified,
NeoLemmix,Lemmings_Redux,Lemmings_Redux/Manic/The_race_against_cliches.nxlv,The_race_against_cliches,478.13,medium,db55515cf99224c88bea3af4556967fcf860dac581f9477ca588e2348167d7d5,verified win,replay verified,
NeoLemmix,Lemmings_Redux,Lemmings_Redux/Manic/Triple_Trouble.nxlv,Triple_Trouble,551.6,medium,f79b69cd0cae61ae2e5244af62f4d4e4a2c160ca9cb03f1441f72e2ac66e4a02,verified win,replay verified,
NeoLemmix,Lemmings_Redux,Lemmings_Redux/Manic/Upside-down_World.nxlv,Upside-down_World,488.41,medium,d3e69ca66eb1f3e001c92130e7fae14e6fa8c1368d8d3c95b3b2128415be8733,verified win,replay verified,
NeoLemmix,Lemmings_Redux,Lemmings_Redux/Manic/Watch_your_fingertip!.nxlv,Watch_your_fingertip!,471.69,medium,a5458616d68d4451e8bbe10a5e84db085d7ba2c41082aca095e32128196b2213,verified win,replay verified,
NeoLemmix,Lemmings_Redux,Lemmings_Redux/Manic/Where_Lemmings_Dare.nxlv,Where_Lemmings_Dare,432.51,medium,f589ac4fd36d803c5ffde2ae070bb8f28adeba7df39806dd1471ec7e169e1b75,verified win,replay verified,
NeoLemmix,Lemmings_Redux,"Lemmings_Redux/Manic/With_a_twist_of_lemming,_please.nxlv","With_a_twist_of_lemming,_please",522.99,medium,1e33e69678138844a131519efb0c1846a4e3859259b84ed2489fa171d07170a3,verified win,replay verified,
NeoLemmix,Lemmings_Redux,Lemmings_Redux/Quirky/A_Spot_of_Bother.nxlv,A_Spot_of_Bother,449.22,medium,0be9a97d9308017c7bd06ffb6aa74dd1e78c6786160f7e6ea92aecbf337951d0,verified win,replay verified,
NeoLemmix,Lemmings_Redux,Lemmings_Redux/Quirky/And_then_there_were_four....nxlv,And_then_there_were_four...,593.27,medium,877a41b8d705fdbde3e9093fa3f4c62fd86cfad4f650be6828fd0198ac58da7a,verified win,replay verified,
NeoLemmix,Lemmings_Redux,Lemmings_Redux/Quirky/Cascade.nxlv,Cascade,467.43,medium,310f5ccd508d6eefa48acaed590158b27b4c5ef0b256be44d246b32653d9ce63,verified win,replay verified,
NeoLemmix,Lemmings_Redux,Lemmings_Redux/Quirky/DON'T_PANIC.nxlv,DON'T_PANIC,503.62,medium,01f089121234895b286c2bbc1ad794359c7c81a97c40b757e6018969e6bd0bbb,verified win,replay verified,
NeoLemmix,Lemmings_Redux,Lemmings_Redux/Quirky/Emmings!__(No_L).nxlv,Emmings!__(No_L),536.72,medium,4797d1f28e339015556edbdead2e59f90700b709b4053c55e20e37f732c7ca9e,verified win,replay verified,
NeoLemmix,Lemmings_Redux,Lemmings_Redux/Quirky/Exodus!.nxlv,Exodus!,356.46,medium,672df28730340ea0f2e1f2b96c6ee73e61f6889d66639863a0b518928821dae7,verified win,replay verified,
NeoLemmix,Lemmings_Redux,Lemmings_Redux/Quirky/Go_for_it!.nxlv,Go_for_it!,368.89,medium,813d1257c9295a953818079c46314e432aeadd6014e12d5a1981b309a98ae319,verified win,replay verified,
NeoLemmix,Lemmings_Redux,Lemmings_Redux/Quirky/Haunted_botanical_garden.nxlv,Haunted_botanical_garden,336.49,medium,61f778f6b9b1ab45f41e2355a16398ca6352cdcb7ade00c3ee59d910281a2f29,verified win,replay verified,
NeoLemmix,Lemmings_Redux,"Lemmings_Redux/Quirky/It's_Lemmingentry,_Watson.nxlv","It's_Lemmingentry,_Watson",315.34,medium,12a642393436c0c21c4d77929a00ea9191ac75027e150016a82c1635571225e4,verified win,replay verified,
NeoLemmix,Lemmings_Redux,Lemmings_Redux/Quirky/Izzie_Wizzie_lemmings_get_busy.nxlv,Izzie_Wizzie_lemmings_get_busy,426.02,medium,97c9be44d0bc9c675d07a256d176c2a3188767708b0001de827ce2a142689645,verified win,replay verified,
NeoLemmix,Lemmings_Redux,Lemmings_Redux/Quirky/Just_a_Quicky.nxlv,Just_a_Quicky,295.88,medium,3ab0cfc7f3a76e7b0171777ba3aa4ee42564be512b7f04dd70b7f6d37c04b704,verified win,replay verified,
NeoLemmix,Lemmings_Redux,Lemmings_Redux/Quirky/Keep_all_enemies_out..nxlv,Keep_all_enemies_out.,423.57,medium,50df11c0b914c194f88d1344bee46988a48491be812ccb19c0438ec9a22ba25b,verified win,replay verified,
NeoLemmix,Lemmings_Redux,Lemmings_Redux/Quirky/Lunch_time.nxlv,Lunch_time,505.71,medium,d2b55bd03684054c89546613c1b5abb11a35393620f55cc9422514f4c3175384,verified win,replay verified,
NeoLemmix,Lemmings_Redux,Lemmings_Redux/Quirky/MENACING_!!.nxlv,MENACING_!!,324.89,medium,663b5062dd2a1f8cfb31ac554b4889b3385402fc7e212ffd8ce377f0493490c7,verified win,source-compatible replay verified,
NeoLemmix,Lemmings_Redux,Lemmings_Redux/Quirky/Meeting_Adjourned.nxlv,Meeting_Adjourned,437.9,medium,45fdeea7dbac3a9544c8a1e17a32698b1ac1e4649494c1dfdc62853e672310e9,verified win,replay verified,
NeoLemmix,Lemmings_Redux,Lemmings_Redux/Quirky/Mr_Lemmy_Lives_Next_Door.nxlv,Mr_Lemmy_Lives_Next_Door,366.4,medium,d5aec1630f60da704f1d88b05bea9bb10743a0bab96aef2ee3cbfbc5cda97fd4,verified win,replay verified,
NeoLemmix,Lemmings_Redux,Lemmings_Redux/Quirky/No_choice_but_to_follow_them.nxlv,No_choice_but_to_follow_them,322.27,medium,f8e0ad2028f6b7cb5aed79f55442477d9ec5c5e06c35f5dcc20a00ce6b3ae68a,verified win,replay verified,
NeoLemmix,Lemmings_Redux,Lemmings_Redux/Quirky/One_way_or_another.nxlv,One_way_or_another,323.33,medium,9f14cd84798adaa1c4906a2f94f8d6d8bb046297d306ebd842bd6e7f4135a962,verified win,replay verified,
NeoLemmix,Lemmings_Redux,Lemmings_Redux/Quirky/Over_the_wall.nxlv,Over_the_wall,398.33,medium,5b79305917b4a67aa1ee326cc1b9b144b6a469f8a8d1f2da40ca6f8212446f6b,verified win,replay verified,
NeoLemmix,Lemmings_Redux,Lemmings_Redux/Quirky/Perseverance.nxlv,Perseverance,420.92,medium,07f4f2840fd16ee408060be45848ae9568828e6ae70eabbaf3b368c43ae459c3,verified win,replay verified,
NeoLemmix,Lemmings_Redux,Lemmings_Redux/Quirky/Plethora_of_Presents.nxlv,Plethora_of_Presents,256.64,medium,40207f36e09d4998b2bf76c7c71e3679fb50661fbb9e2cdcc656356a35e27742,verified win,replay verified,
NeoLemmix,Lemmings_Redux,Lemmings_Redux/Quirky/PoP_YoR_ToP!!!.nxlv,PoP_YoR_ToP!!!,345.18,medium,8ed4787dc3983360bd08da5d5370818b94c0e8ffd14752914efad314f725cb2f,verified win,replay verified,
NeoLemmix,Lemmings_Redux,Lemmings_Redux/Quirky/Speed_Trap.nxlv,Speed_Trap,352.32,medium,ebda462ddc161b0104760642e03df137ac963fda28acd23cee4341d6fbb5157e,verified win,replay verified,
NeoLemmix,Lemmings_Redux,"Lemmings_Redux/Quirky/Take_care,_Sweetie.nxlv","Take_care,_Sweetie",305.51,medium,7dcda0984aca1634582e265bd3179e388c70abdaf888b76e33edea6c79e40e52,verified win,replay verified,
NeoLemmix,Lemmings_Redux,"Lemmings_Redux/Quirky/Tension_Sheet,_Good_Idea.nxlv","Tension_Sheet,_Good_Idea",529.53,medium,19ee2f2cb440871a2c1c26176255002ee95d88835b1af13d85e7deb280903375,verified win,replay verified,
NeoLemmix,Lemmings_Redux,Lemmings_Redux/Quirky/The_Far_Side.nxlv,The_Far_Side,527.37,medium,74b407977a1463d6718b55e4ad5fba3fa96948eba4b0e37cc221c6c5d5796d74,verified win,replay verified,
NeoLemmix,Lemmings_Redux,Lemmings_Redux/Quirky/The_Island_of_the_Wicker_people.nxlv,The_Island_of_the_Wicker_people,430.32,medium,79631f7111cd705cd6dd694bd058b46a76cb9cfcdbf0923800b963d4dca82187,verified win,replay verified,
NeoLemmix,Lemmings_Redux,Lemmings_Redux/Quirky/The_Long_Way_Around.nxlv,The_Long_Way_Around,264.3,medium,1e8b9f36f6c73d5cd22e3ee8117b935f5bc4b4e86c90543323fb6cf839ac2908,verified win,replay verified,
NeoLemmix,Lemmings_Redux,Lemmings_Redux/Quirky/The_Needs_of_the_Many....nxlv,The_Needs_of_the_Many...,487.13,medium,de344199066d2ce8960ac1ede9142f42ed4f6dda4f7d3ff600e0cdee2292eb78,verified win,replay verified,
NeoLemmix,Lemmings_Redux,Lemmings_Redux/Quirky/The_runaround.nxlv,The_runaround,252.47,medium,ac61ba5a0d6f00e929bc3a4d0385bbe70aa6134ea44ce1845db8b42145c40cd6,verified win,replay verified,
NeoLemmix,Lemmings_Redux,Lemmings_Redux/Quirky/Tunnel_vision.nxlv,Tunnel_vision,333.87,medium,e5a7666c7e62786712d48698ff05422e3fafe4164c34bcfeca01998d4f3cd3c5,verified win,replay verified,
NeoLemmix,Lemmings_Redux,Lemmings_Redux/Quirky/Vacation_in_Gemland.nxlv,Vacation_in_Gemland,360.02,medium,80f461879b3e6f816e3effaed3387b08ebf815f036c98f28560722fba5084f96,verified win,replay verified,
NeoLemmix,Lemmings_Redux,Lemmings_Redux/Zany/Across_the_Gap.nxlv,Across_the_Gap,496.75,medium,c5a5692e4c02726052bc6430118662de8f8e7bc8b240bca1837d02aad90deec7,verified win,replay verified,
NeoLemmix,Lemmings_Redux,Lemmings_Redux/Zany/Compression_Method_1.nxlv,Compression_Method_1,271.99,medium,0cdb94ecb55fe55280d5181b04580652c780b276b2e4f25542ddb802565d18ed,verified win,replay verified,
NeoLemmix,Lemmings_Redux,Lemmings_Redux/Zany/Dolly_Dimple.nxlv,Dolly_Dimple,234.18,medium,528c2cc04801df12a8d6b80c8e52ee6a6a1f401d39d9ccc7b1dbdb878e3a59fe,verified win,replay verified,
NeoLemmix,Lemmings_Redux,Lemmings_Redux/Zany/Don't_leave_any_Lemmings.nxlv,Don't_leave_any_Lemmings,159.96,medium,5e5c96d01b7c1c39fb68774517d0d280b1460d7d7316870e2ba295a9b11af5cc,verified win,replay verified,
NeoLemmix,Lemmings_Redux,Lemmings_Redux/Zany/Flow_Control.nxlv,Flow_Control,488.86,medium,a6ab83d19ef629e6e99e05a51b6260a77583ef0d87b65394516fda38d14b4785,verified win,replay verified,
NeoLemmix,Lemmings_Redux,Lemmings_Redux/Zany/Four_Play.nxlv,Four_Play,555.38,medium,c6c7b15934cb1866852330a2e30a14c1571df7bd8f28fa4d2e8c78e6860ab5ad,verified win,replay verified,
NeoLemmix,Lemmings_Redux,Lemmings_Redux/Zany/Got_anything..._Lemmingy___.nxlv,Got_anything..._Lemmingy___,276.05,medium,cc7b90aa6e8da7270d56eabbc36332ff5c16a6c269b5ea1ea4090f0ea9882b88,verified win,replay verified,
NeoLemmix,Lemmings_Redux,Lemmings_Redux/Zany/Have_a_nice_day!.nxlv,Have_a_nice_day!,605.82,medium,aef714882f242df4cd925158e2d4edef27eef798371e3328662d46092ab07f52,verified win,replay verified,
NeoLemmix,Lemmings_Redux,Lemmings_Redux/Zany/I_have_a_cunning_plan.nxlv,I_have_a_cunning_plan,263.08,medium,d8e146b1a83c89f416558560352998355be769bde3218fd4d0db22e5d46926a7,verified win,replay verified,
NeoLemmix,Lemmings_Redux,Lemmings_Redux/Zany/Jump_down!.nxlv,Jump_down!,393.93,medium,97f43ade549dbaf14835914d8ea5e686274359719b9c1bc5a76954a0bbaccbdc,verified win,replay verified,
NeoLemmix,Lemmings_Redux,Lemmings_Redux/Zany/KEEP_ON_TRUCKING.nxlv,KEEP_ON_TRUCKING,495.05,medium,e7c85c65f22cbdf0eaf011017fdef7991a2761409d3517bb8fb2e8c6fa717571,verified win,replay verified,
NeoLemmix,Lemmings_Redux,Lemmings_Redux/Zany/LEMTRIS.nxlv,LEMTRIS,641.61,medium,3906de1f5169abda3eec2c2f64b7e2e31a67a3d0878f54a6c46d18286a26ebe5,verified win,replay verified,
NeoLemmix,Lemmings_Redux,Lemmings_Redux/Zany/Last_one_out_is_a_rotten_egg!.nxlv,Last_one_out_is_a_rotten_egg!,457.08,medium,af5b58d2f0b33db5005a230e204689309c348a4a237fba4b50c930b2ec966a4d,verified win,replay verified,
NeoLemmix,Lemmings_Redux,Lemmings_Redux/Zany/LeMming_ToMato_KetchUp_fAcilitY.nxlv,LeMming_ToMato_KetchUp_fAcilitY,280.88,medium,f1e785b7752e98ba499fd61c8251c204c3dd59bf3c76eb31bdbed5b57b5faea9,verified win,replay verified,
NeoLemmix,Lemmings_Redux,Lemmings_Redux/Zany/Lemming_Lament.nxlv,Lemming_Lament,443.02,medium,557d9ea2d4042efd0a662f33beeb6533b086c3df06f4116c4789c1de859dda51,verified win,replay verified,
NeoLemmix,Lemmings_Redux,"Lemmings_Redux/Zany/Lemmy_in_the_cold,_cold_ground.nxlv","Lemmy_in_the_cold,_cold_ground",484.77,medium,683738103597b231dc8e32976705425cc523802f8ab00581c5ccbfaf56674218,verified win,replay verified,
NeoLemmix,Lemmings_Redux,Lemmings_Redux/Zany/Mutiny_on_the_Bounty.nxlv,Mutiny_on_the_Bounty,451.69,medium,038f8574750a4f94f16180faf1b9820713277bf1221a9a079bddccc61dcee0bc,verified win,replay verified,
NeoLemmix,Lemmings_Redux,Lemmings_Redux/Zany/No_justice_for_the_hero.nxlv,No_justice_for_the_hero,349.46,medium,6a723e716165e5532baea55cd1ef38019fa9fa9585c20bf2c763657ae355ce5f,verified win,replay verified,
NeoLemmix,Lemmings_Redux,Lemmings_Redux/Zany/No_time_for_a_detour.nxlv,No_time_for_a_detour,281.17,medium,6c358ea942f3cc9addcc4d4ed5508d06c5654e09e8d8682ebd8f8ce55ab9bc0c,verified win,replay verified,
NeoLemmix,Lemmings_Redux,Lemmings_Redux/Zany/ONWARD_AND_UPWARD.nxlv,ONWARD_AND_UPWARD,462.44,medium,f7c0fc03f7b04416df177fd349988fd92a573b463d354a9761c407370ba0ec7d,verified win,replay verified,
NeoLemmix,Lemmings_Redux,Lemmings_Redux/Zany/Pitfall.nxlv,Pitfall,463.37,medium,fe7b33ff35824ba0ae7b80c27e27b689d1665dee78b54feb12a63fd3a7bd903a,verified win,replay verified,
NeoLemmix,Lemmings_Redux,Lemmings_Redux/Zany/Postcard_from_Lemmingland.nxlv,Postcard_from_Lemmingland,468.77,medium,604479a2d8709fbf8de7ee37ff08155ba96e252d212e377e0d21d564e1e3c700,verified win,replay verified,
NeoLemmix,Lemmings_Redux,Lemmings_Redux/Zany/ROCKY_ROAD.nxlv,ROCKY_ROAD,564.42,medium,9d322120a723ca6003b96e17769fe34f3783fcd9844d9fb1d69b5a96fac1e65b,verified win,replay verified,
NeoLemmix,Lemmings_Redux,Lemmings_Redux/Zany/SNOW_JOKE.nxlv,SNOW_JOKE,389.86,medium,796d48d3d0236159f57ff890befa2d7c705e9dfadd2154dc4e28d084ea59e288,verified win,replay verified,
NeoLemmix,Lemmings_Redux,Lemmings_Redux/Zany/Temporary_peace.nxlv,Temporary_peace,312.23,medium,32627866fb2d0f8824b43badfc19b5cd011726297a882b6bac93c305119e55d5,verified win,replay verified,
NeoLemmix,Lemmings_Redux,Lemmings_Redux/Zany/The_North_Poles.nxlv,The_North_Poles,568.56,medium,d381abd26e55e7e73294965e792e4071446884a7bb3248044c136fdd62cee2a0,verified win,replay verified,
NeoLemmix,Lemmings_Redux,Lemmings_Redux/Zany/The_bridge_is_breaking_down..nxlv,The_bridge_is_breaking_down.,294.22,medium,c166630ed0af47d55bf9e9d4d4c15c3b133a0986a643a6d9f1d42ef03862a1dc,verified win,replay verified,
NeoLemmix,Lemmings_Redux,Lemmings_Redux/Zany/Twins.nxlv,Twins,307.37,medium,28daf9f417cec151622337a458773abe2a03b3d4d5ac5fffb4dd53df41e6db2b,verified win,replay verified,
NeoLemmix,Lemmings_Redux,"Lemmings_Redux/Zany/Watch_out,_there's_traps_about.nxlv","Watch_out,_there's_traps_about",558.6,medium,988825823640d983b5612a2dbf56fca55c904938dd59b3691f59a21b9c9ac16f,verified win,replay verified,
NeoLemmix,Lemmings_Redux,Lemmings_Redux/Zany/What_an_AWESOME_level.nxlv,What_an_AWESOME_level,440.81,medium,1656a6f7344274487faba8c68386ff39e63cc5a1e1997880189ca63fd27d7656,verified win,replay verified,
NeoLemmix,Lemmings_Redux,Lemmings_Redux/Zany/With_a_little_help_from_my_Lem.nxlv,With_a_little_help_from_my_Lem,363.57,medium,ea602023bcff451cfd6bf3c576e58f3cf345ed621b939468a04ecbfd88f78eb5,verified win,replay verified,
NeoLemmix,Lemmings_Redux,Lemmings_Redux/Zany/Worra_load_of_old_blocks!.nxlv,Worra_load_of_old_blocks!,241.24,medium,4bda92e6b08a785134699f5105d0d1a10db087295bdd3ebc53527f471e31270d,verified win,replay verified,
NeoLemmix,NeoLemmix_Introduction_Pack,NeoLemmix_Introduction_Pack/Advanced_Training/A_Different_Kind_Of_Space.nxlv,A_Different_Kind_Of_Space,81.2,low,,no verified win,replay analysis failed,frameBudgetExceeded
NeoLemmix,NeoLemmix_Introduction_Pack,NeoLemmix_Introduction_Pack/Advanced_Training/Beam_Up_The_Equipment!.nxlv,Beam_Up_The_Equipment!,98.55,low,,no verified win,replay analysis failed,frameBudgetExceeded
NeoLemmix,NeoLemmix_Introduction_Pack,NeoLemmix_Introduction_Pack/Advanced_Training/Bending_Bashers.nxlv,Bending_Bashers,384.47,medium,3dbf4a69e57d50566ede340fa67fe93717e72efd32c64b4caca754acdbedb616,verified win,replay verified,
NeoLemmix,NeoLemmix_Introduction_Pack,NeoLemmix_Introduction_Pack/Advanced_Training/Between_A_Stone_And_A_Hard_Place.nxlv,Between_A_Stone_And_A_Hard_Place,439.1,medium,cd8243ef9ca8354f36ea01051f573ca112c598760204a07b528b5de233de767b,verified win,replay verified,
NeoLemmix,NeoLemmix_Introduction_Pack,NeoLemmix_Introduction_Pack/Advanced_Training/Blocker's_Blindside.nxlv,Blocker's_Blindside,334.73,medium,91b5aa6026ad316ccef71e4c9d8d083e1cdabaf551839932f85e3291c4c51602,verified win,replay verified,
NeoLemmix,NeoLemmix_Introduction_Pack,NeoLemmix_Introduction_Pack/Advanced_Training/Caught_And_Released.nxlv,Caught_And_Released,102.32,low,,no verified win,not run,
NeoLemmix,NeoLemmix_Introduction_Pack,NeoLemmix_Introduction_Pack/Advanced_Training/Checkerboard's_Crossing.nxlv,Checkerboard's_Crossing,84.88,low,,no verified win,replay analysis failed,missingLemming(sequence: 8)
NeoLemmix,NeoLemmix_Introduction_Pack,NeoLemmix_Introduction_Pack/Advanced_Training/Curse_Of_The_Gold.nxlv,Curse_Of_The_Gold,87.65,low,,no verified win,replay analysis failed,frameBudgetExceeded
NeoLemmix,NeoLemmix_Introduction_Pack,NeoLemmix_Introduction_Pack/Advanced_Training/Edges_Of_Glory.nxlv,Edges_Of_Glory,551.94,medium,7def501b5470cf6001f9f3008bb2d9849c7726217ac39a58a0d15b7cd63c5fad,verified win,replay verified,
NeoLemmix,NeoLemmix_Introduction_Pack,NeoLemmix_Introduction_Pack/Advanced_Training/Higher_Levels_Of_Wisdom.nxlv,Higher_Levels_Of_Wisdom,615.5,medium,ba53f0d06f944a09bd9dcf2dba6d2a8ec4a1447f93e9e1505d2b5ae53d3756de,verified win,replay verified,
NeoLemmix,NeoLemmix_Introduction_Pack,NeoLemmix_Introduction_Pack/Advanced_Training/Jump_The_Sausage!.nxlv,Jump_The_Sausage!,102.63,low,,no verified win,not run,
NeoLemmix,NeoLemmix_Introduction_Pack,NeoLemmix_Introduction_Pack/Advanced_Training/Just_As_He_Was_About_To_Fall.nxlv,Just_As_He_Was_About_To_Fall,438.71,medium,8a90dfe22a1272482bc3c9159ac8e4ea11728d8d07c10c0b96aeeaf9bfd3aa2a,verified win,source-compatible replay verified,
NeoLemmix,NeoLemmix_Introduction_Pack,NeoLemmix_Introduction_Pack/Advanced_Training/Pharaoh's_Turnaround.nxlv,Pharaoh's_Turnaround,107.6,low,,no verified win,replay analysis failed,frameBudgetExceeded
NeoLemmix,NeoLemmix_Introduction_Pack,NeoLemmix_Introduction_Pack/Advanced_Training/Revenge_Of_The_Fiddler.nxlv,Revenge_Of_The_Fiddler,428.97,medium,28b5e7d8a490cb992213943ce112b4bb5dad881dfced6fb53c71a29330fc8f4d,verified win,replay verified,
NeoLemmix,NeoLemmix_Introduction_Pack,NeoLemmix_Introduction_Pack/Advanced_Training/Saving_Two_Lems_With_One_Bomb.nxlv,Saving_Two_Lems_With_One_Bomb,106.62,low,,no verified win,not run,
NeoLemmix,NeoLemmix_Introduction_Pack,NeoLemmix_Introduction_Pack/Advanced_Training/Shimmichanga.nxlv,Shimmichanga,110.5,low,,no verified win,replay analysis failed,unsupportedCommand(sequence: 21)
NeoLemmix,NeoLemmix_Introduction_Pack,"NeoLemmix_Introduction_Pack/Advanced_Training/Sorry,_Job_Already_Taken.nxlv","Sorry,_Job_Already_Taken",476.07,medium,9cc9e4c46c4980e603ab1b795a9a103561137db0f226d2810caef936a9668e0d,verified win,replay verified,
NeoLemmix,NeoLemmix_Introduction_Pack,NeoLemmix_Introduction_Pack/Advanced_Training/Stack_And_Step.nxlv,Stack_And_Step,94.94,low,,no verified win,not run,
NeoLemmix,NeoLemmix_Introduction_Pack,NeoLemmix_Introduction_Pack/Advanced_Training/Stacker_Of_The_Sky.nxlv,Stacker_Of_The_Sky,83.25,low,,no verified win,not run,
NeoLemmix,NeoLemmix_Introduction_Pack,NeoLemmix_Introduction_Pack/Advanced_Training/Stepping_Up_To_A_Higher_Level.nxlv,Stepping_Up_To_A_Higher_Level,625.85,medium,e5c080946b7b3a59596151a788d375c14f08b9da73d03bf60a4b9efd9011bf48,verified win,replay verified,
NeoLemmix,NeoLemmix_Introduction_Pack,NeoLemmix_Introduction_Pack/Advanced_Training/The_Detour.nxlv,The_Detour,468.83,medium,78c099d6817407731be173f59031f0db300e33e0c5e0edfc4bed03a2e0dec4a6,verified win,source-compatible replay verified,
NeoLemmix,NeoLemmix_Introduction_Pack,NeoLemmix_Introduction_Pack/Advanced_Training/The_Fiddler.nxlv,The_Fiddler,353.68,medium,099ed6119401857ecf0feda4d97e84555dcd36e9dc8ea5b2ae826bd0ed098709,verified win,replay verified,
NeoLemmix,NeoLemmix_Introduction_Pack,NeoLemmix_Introduction_Pack/Advanced_Training/The_Fiddler_2__Electric_Boogaloo.nxlv,The_Fiddler_2__Electric_Boogaloo,432.07,medium,7f6146bf7e9b5d75ce574b66425558e8b41ab0d0c77c0b494860e5543065f54a,verified win,replay verified,
NeoLemmix,NeoLemmix_Introduction_Pack,NeoLemmix_Introduction_Pack/Advanced_Training/Victory_Lap.nxlv,Victory_Lap,89.88,low,,no verified win,replay analysis failed,replayDidNotWin
NeoLemmix,NeoLemmix_Introduction_Pack,NeoLemmix_Introduction_Pack/Advanced_Training/Walking_Over_Dead_Bodies.nxlv,Walking_Over_Dead_Bodies,80,low,,no verified win,replay analysis failed,frameBudgetExceeded
NeoLemmix,NeoLemmix_Introduction_Pack,NeoLemmix_Introduction_Pack/Advanced_Training/Welcome_To_The_Crystal_Maze!.nxlv,Welcome_To_The_Crystal_Maze!,355.47,medium,1e92cb20fccb7eca2e10192a78cb8f53323d625b8d20e03eccc5797f4401d1d7,verified win,replay verified,
NeoLemmix,NeoLemmix_Introduction_Pack,NeoLemmix_Introduction_Pack/Advanced_Training/Welcome_To_The_Sliderdance!.nxlv,Welcome_To_The_Sliderdance!,102.32,low,,no verified win,not run,
NeoLemmix,NeoLemmix_Introduction_Pack,NeoLemmix_Introduction_Pack/Basic_Training_1/Airdrop_Incoming!.nxlv,Airdrop_Incoming!,625.9,medium,6246cbf39b3c7059c1e54402516b1a4a641f9488351fd8ad1626ac012265c46e,verified win,replay verified,
NeoLemmix,NeoLemmix_Introduction_Pack,NeoLemmix_Introduction_Pack/Basic_Training_1/Backup_Wall.nxlv,Backup_Wall,398.07,medium,59e69c04664fbb8c638d0d1b3b94151637a5bb4dbb2b7af0f190a7c4636fad92,verified win,source-compatible replay verified,
NeoLemmix,NeoLemmix_Introduction_Pack,NeoLemmix_Introduction_Pack/Basic_Training_1/Blastcrawler.nxlv,Blastcrawler,111.05,low,,no verified win,not run,
NeoLemmix,NeoLemmix_Introduction_Pack,NeoLemmix_Introduction_Pack/Basic_Training_1/Blocker_Rocker.nxlv,Blocker_Rocker,109.33,low,,no verified win,replay analysis failed,spawnedCountMismatch(sequence: 14)
NeoLemmix,NeoLemmix_Introduction_Pack,NeoLemmix_Introduction_Pack/Basic_Training_1/Central_Fear.nxlv,Central_Fear,419.68,medium,c114e706a33d6803718005daada7c34bc7ed66c762774c798ab2004affb64e18,verified win,replay verified,
NeoLemmix,NeoLemmix_Introduction_Pack,NeoLemmix_Introduction_Pack/Basic_Training_1/Chalk_Walk.nxlv,Chalk_Walk,207.82,medium,2054395acfb68bb5782f63eda6d0d874e35ab4778dad6ceb13efe11f36f8ec79,verified win,replay verified,
NeoLemmix,NeoLemmix_Introduction_Pack,NeoLemmix_Introduction_Pack/Basic_Training_1/Containment_Breach!.nxlv,Containment_Breach!,97.73,low,,no verified win,not run,
NeoLemmix,NeoLemmix_Introduction_Pack,NeoLemmix_Introduction_Pack/Basic_Training_1/Deepfreeze.nxlv,Deepfreeze,74.65,low,,no verified win,replay analysis failed,replayDidNotWin
NeoLemmix,NeoLemmix_Introduction_Pack,NeoLemmix_Introduction_Pack/Basic_Training_1/Delaying_The_Inevitable.nxlv,Delaying_The_Inevitable,392.86,medium,94c286d170dac91c02d29ec8ebeefa82722fce4a91f44eed4fccf5d4233750e8,verified win,replay verified,
NeoLemmix,NeoLemmix_Introduction_Pack,NeoLemmix_Introduction_Pack/Basic_Training_1/Distance_Control.nxlv,Distance_Control,89.5,low,,no verified win,not run,
NeoLemmix,NeoLemmix_Introduction_Pack,NeoLemmix_Introduction_Pack/Basic_Training_1/Fly_Traps.nxlv,Fly_Traps,439.32,medium,9eef864e1c462f1d93d7babfd171ec2e385ac2a950f32581c3fa45d69b3dd352,verified win,replay verified,
NeoLemmix,NeoLemmix_Introduction_Pack,NeoLemmix_Introduction_Pack/Basic_Training_1/Headbumper.nxlv,Headbumper,301.87,medium,4430236bbaf17c35cff1e2a3c17cb1d1a947eee1073277d2654d649d38195cc6,verified win,replay verified,
NeoLemmix,NeoLemmix_Introduction_Pack,NeoLemmix_Introduction_Pack/Basic_Training_1/It's_A_Stretch.nxlv,It's_A_Stretch,431.44,medium,6c2b7fa5b8c20fcd973c9192055ffc87b5a90f9232367b813a8d8a463dc65233,verified win,replay verified,
NeoLemmix,NeoLemmix_Introduction_Pack,NeoLemmix_Introduction_Pack/Basic_Training_1/King_Of_The_Sky.nxlv,King_Of_The_Sky,97.15,low,,no verified win,not run,
NeoLemmix,NeoLemmix_Introduction_Pack,NeoLemmix_Introduction_Pack/Basic_Training_1/Laboratory_Of_Explosions.nxlv,Laboratory_Of_Explosions,76.05,low,,no verified win,not run,
NeoLemmix,NeoLemmix_Introduction_Pack,NeoLemmix_Introduction_Pack/Basic_Training_1/Limited_Release.nxlv,Limited_Release,525.79,medium,28a2943f336567fea9b1d796c78a6bf83c6d2a73e50a4322e8635698165dfc61,verified win,source-compatible replay verified,
NeoLemmix,NeoLemmix_Introduction_Pack,NeoLemmix_Introduction_Pack/Basic_Training_1/Oil_Processing_Plant.nxlv,Oil_Processing_Plant,114.82,low,,no verified win,not run,
NeoLemmix,NeoLemmix_Introduction_Pack,NeoLemmix_Introduction_Pack/Basic_Training_1/PARKOUR_!.nxlv,PARKOUR_!,328.4,medium,d94a7d2d7ea5ebe2c00f6adb3d33b8d660bf4ca481739784436d2909a28c3f11,verified win,replay verified,
NeoLemmix,NeoLemmix_Introduction_Pack,NeoLemmix_Introduction_Pack/Basic_Training_1/Reacharound.nxlv,Reacharound,466.67,medium,14e0c4bd83aa50962f88bb155e5d1e740a00ecba6b39f2039db1dbc4b98ab16f,verified win,replay verified,
NeoLemmix,NeoLemmix_Introduction_Pack,NeoLemmix_Introduction_Pack/Basic_Training_1/Scrap_The_Buttons!.nxlv,Scrap_The_Buttons!,606.66,medium,593ecc9de9ef681acf839930ec14d336910b470159c156b9e8c08311151e2244,verified win,source-compatible replay verified,
NeoLemmix,NeoLemmix_Introduction_Pack,NeoLemmix_Introduction_Pack/Basic_Training_1/Slider's_Sacrifice.nxlv,Slider's_Sacrifice,101.75,low,,no verified win,not run,
NeoLemmix,NeoLemmix_Introduction_Pack,NeoLemmix_Introduction_Pack/Basic_Training_1/Spiraling_Out_Of_Control.nxlv,Spiraling_Out_Of_Control,476.78,medium,54c03804674c942129741ea7b803d879bdf914b1711a52feb526bfcdf938cc30,verified win,replay verified,
NeoLemmix,NeoLemmix_Introduction_Pack,NeoLemmix_Introduction_Pack/Basic_Training_1/Steely_Halls.nxlv,Steely_Halls,430.16,medium,5a5a9009df63077866b98c60b2d7c7d0e6502d9127eaf9b2994fc257ad580d27,verified win,replay verified,
NeoLemmix,NeoLemmix_Introduction_Pack,NeoLemmix_Introduction_Pack/Basic_Training_1/The_Builder_Drain.nxlv,The_Builder_Drain,189.24,medium,e134eb7a01cac282549dd7b71495a7a6395583364ed1044cdce58c205bf16f84,verified win,replay verified,
NeoLemmix,NeoLemmix_Introduction_Pack,NeoLemmix_Introduction_Pack/Basic_Training_1/The_Graveyard.nxlv,The_Graveyard,65.8,low,,no verified win,not run,
NeoLemmix,NeoLemmix_Introduction_Pack,NeoLemmix_Introduction_Pack/Basic_Training_1/The_Guardian.nxlv,The_Guardian,104.15,low,,no verified win,replay analysis failed,replayDidNotWin
NeoLemmix,NeoLemmix_Introduction_Pack,NeoLemmix_Introduction_Pack/Basic_Training_1/Top-Down_Approach.nxlv,Top-Down_Approach,474.86,medium,d7ec2ebea58388372e2ab4e4cc76cd9be57f8ff9dddae3f00efc09c88ddb041c,verified win,replay verified,
NeoLemmix,NeoLemmix_Introduction_Pack,NeoLemmix_Introduction_Pack/Basic_Training_1/Tower_Of_Training.nxlv,Tower_Of_Training,425.44,medium,d9811fba401f4d3c3f1a6d3a472745ca104dfb20b7241a43bdf7731ac633271c,verified win,replay verified,
NeoLemmix,NeoLemmix_Introduction_Pack,NeoLemmix_Introduction_Pack/Basic_Training_1/Weightless.nxlv,Weightless,109.65,low,,no verified win,not run,
NeoLemmix,NeoLemmix_Introduction_Pack,NeoLemmix_Introduction_Pack/Basic_Training_1/With_Minimal_Efforts.nxlv,With_Minimal_Efforts,84,low,,no verified win,replay analysis failed,frameBudgetExceeded
NeoLemmix,NeoLemmix_Introduction_Pack,NeoLemmix_Introduction_Pack/Basic_Training_2/A_Sudden_Change_In_Direction.nxlv,A_Sudden_Change_In_Direction,432.76,medium,4152b7a97ed431023eea3aa2c7d6840e832cf4364e7bca21c37acece8569f628,verified win,replay verified,
NeoLemmix,NeoLemmix_Introduction_Pack,NeoLemmix_Introduction_Pack/Basic_Training_2/Above_The_Nile.nxlv,Above_The_Nile,101.58,low,,no verified win,not run,
NeoLemmix,NeoLemmix_Introduction_Pack,NeoLemmix_Introduction_Pack/Basic_Training_2/Blocked_In_Your_Favor.nxlv,Blocked_In_Your_Favor,551.88,medium,286ba3b332810a4329c73d0acd2e330664c05e46acd56fdfbaf1477050ec4e06,verified win,replay verified,
NeoLemmix,NeoLemmix_Introduction_Pack,NeoLemmix_Introduction_Pack/Basic_Training_2/Combine_&_Conquer.nxlv,Combine_&_Conquer,599.32,medium,25d64a26ea4f8a3c191d36959099c38f9cfbed3926595cd27b7c1426adc2633b,verified win,replay verified,
NeoLemmix,NeoLemmix_Introduction_Pack,NeoLemmix_Introduction_Pack/Basic_Training_2/Concentrated_Force.nxlv,Concentrated_Force,286.72,medium,61dce7fdd79ddc85aaf1a08db11e31c70e0e10ab91d18af13af2519c4155c872,verified win,replay verified,
NeoLemmix,NeoLemmix_Introduction_Pack,NeoLemmix_Introduction_Pack/Basic_Training_2/Counterclockwise.nxlv,Counterclockwise,86.05,low,,no verified win,replay analysis failed,frameBudgetExceeded
NeoLemmix,NeoLemmix_Introduction_Pack,NeoLemmix_Introduction_Pack/Basic_Training_2/Cunning_Cycle.nxlv,Cunning_Cycle,79.8,low,,no verified win,not run,
NeoLemmix,NeoLemmix_Introduction_Pack,NeoLemmix_Introduction_Pack/Basic_Training_2/Dig_The_Trench!.nxlv,Dig_The_Trench!,489.37,medium,426b8904e445f286c84f27b51be3352c830edaaf47e53660408e67a4e246abd8,verified win,replay verified,
NeoLemmix,NeoLemmix_Introduction_Pack,NeoLemmix_Introduction_Pack/Basic_Training_2/Double_Down!.nxlv,Double_Down!,595.86,medium,d7d5b15eead9a337cf628c78fca2048d667297156c6efdcb61f015cfccaf2ff7,verified win,source-compatible replay verified,
NeoLemmix,NeoLemmix_Introduction_Pack,NeoLemmix_Introduction_Pack/Basic_Training_2/Equal_Distribution.nxlv,Equal_Distribution,577.86,medium,0b5286c1bb2230aacc4b2429587047718a93cc2d3eb6ea03f517fd133bc4339a,verified win,source-compatible replay verified,
NeoLemmix,NeoLemmix_Introduction_Pack,NeoLemmix_Introduction_Pack/Basic_Training_2/Fancy_Fencer.nxlv,Fancy_Fencer,486.27,medium,7bec1242ac05470b2688461bcfdac96db9c6eec79b3c369711c20f5c97960cce,verified win,replay verified,
NeoLemmix,NeoLemmix_Introduction_Pack,NeoLemmix_Introduction_Pack/Basic_Training_2/Hidden_Crystalline_Temple.nxlv,Hidden_Crystalline_Temple,70.5,low,,no verified win,replay analysis failed,replayDidNotWin
NeoLemmix,NeoLemmix_Introduction_Pack,NeoLemmix_Introduction_Pack/Basic_Training_2/Infinity.nxlv,Infinity,99.95,low,,no verified win,replay analysis failed,replayDidNotWin
NeoLemmix,NeoLemmix_Introduction_Pack,NeoLemmix_Introduction_Pack/Basic_Training_2/Keep_A_Tight_Grasp!.nxlv,Keep_A_Tight_Grasp!,94,low,,no verified win,not run,
NeoLemmix,NeoLemmix_Introduction_Pack,NeoLemmix_Introduction_Pack/Basic_Training_2/Lab_Workout.nxlv,Lab_Workout,109.43,low,,no verified win,replay analysis failed,frameBudgetExceeded
NeoLemmix,NeoLemmix_Introduction_Pack,NeoLemmix_Introduction_Pack/Basic_Training_2/Overruled.nxlv,Overruled,80.42,low,,no verified win,not run,
NeoLemmix,NeoLemmix_Introduction_Pack,NeoLemmix_Introduction_Pack/Basic_Training_2/Platstop.nxlv,Platstop,231.42,medium,6f0ab3de57640519c1f8ba2cef814d4f023a757b65bd806cfab58c1ed8f90a6e,verified win,replay verified,
NeoLemmix,NeoLemmix_Introduction_Pack,NeoLemmix_Introduction_Pack/Basic_Training_2/Pressure_Management.nxlv,Pressure_Management,79.8,low,,no verified win,not run,
NeoLemmix,NeoLemmix_Introduction_Pack,NeoLemmix_Introduction_Pack/Basic_Training_2/Rescue_Ralley.nxlv,Rescue_Ralley,100.16,low,,no verified win,not run,
NeoLemmix,NeoLemmix_Introduction_Pack,NeoLemmix_Introduction_Pack/Basic_Training_2/Rude_Interruption.nxlv,Rude_Interruption,90.13,low,,no verified win,not run,
NeoLemmix,NeoLemmix_Introduction_Pack,NeoLemmix_Introduction_Pack/Basic_Training_2/Sandy_Danger.nxlv,Sandy_Danger,619.85,medium,1510510b204ffb65c8207c8605a885647041f88fc4651a78777f0445f5ea92ed,verified win,replay verified,
NeoLemmix,NeoLemmix_Introduction_Pack,NeoLemmix_Introduction_Pack/Basic_Training_2/Shocking_Interruption.nxlv,Shocking_Interruption,80.43,low,,no verified win,not run,
NeoLemmix,NeoLemmix_Introduction_Pack,NeoLemmix_Introduction_Pack/Basic_Training_2/Snow_Splitter.nxlv,Snow_Splitter,109.88,low,,no verified win,not run,
NeoLemmix,NeoLemmix_Introduction_Pack,NeoLemmix_Introduction_Pack/Basic_Training_2/Special_Staircase.nxlv,Special_Staircase,529.75,medium,4f43ea2fd0a4683779c7f6e1337c3d6ed34f89bdf897a16295804d53f71e3edc,verified win,replay verified,
NeoLemmix,NeoLemmix_Introduction_Pack,NeoLemmix_Introduction_Pack/Basic_Training_2/Stepblocked.nxlv,Stepblocked,333.12,medium,a2b89cc6bb8d30400d3efc82de1eb5d842d4170d037e8c34a4ba96a8af61dc3c,verified win,replay verified,
NeoLemmix,NeoLemmix_Introduction_Pack,NeoLemmix_Introduction_Pack/Basic_Training_2/Stepping_Up_To_The_Stars.nxlv,Stepping_Up_To_The_Stars,639.7,medium,52497212bd365a62ce42ece98a5105500ce1ff63c8a97050cafb1407849f74c2,verified win,replay verified,
NeoLemmix,NeoLemmix_Introduction_Pack,NeoLemmix_Introduction_Pack/Basic_Training_2/Steps_And_Pixels.nxlv,Steps_And_Pixels,233.46,medium,43805745fe565c516c2fa3a6772620003c63d11f13f8701eadac455d4af9a1ed,verified win,replay verified,
NeoLemmix,NeoLemmix_Introduction_Pack,NeoLemmix_Introduction_Pack/Basic_Training_2/Stick_The_Landing!.nxlv,Stick_The_Landing!,359.24,medium,f7e9c53cb88bf8b48d4e9229cc54fb8fe986799582e0a164d956fc5485e71a2b,verified win,replay verified,
NeoLemmix,NeoLemmix_Introduction_Pack,NeoLemmix_Introduction_Pack/Basic_Training_2/That_Little_Extra_Help.nxlv,That_Little_Extra_Help,468.52,medium,42cae754e3488b23785fc9e03a4266bcba43590ffe9d69899c7729fe2ae90c29,verified win,replay verified,
NeoLemmix,NeoLemmix_Introduction_Pack,NeoLemmix_Introduction_Pack/Basic_Training_2/The_Joy_Of_Sorting.nxlv,The_Joy_Of_Sorting,83.25,low,,no verified win,replay analysis failed,replayDidNotWin
NeoLemmix,NeoLemmix_Introduction_Pack,NeoLemmix_Introduction_Pack/Basic_Training_2/The_Steepest_Slope.nxlv,The_Steepest_Slope,680.77,medium,d86e9942d7e425f3731232b905bc17ecf147dbd7fbaf6475bb73561b92223e15,verified win,replay verified,
NeoLemmix,NeoLemmix_Introduction_Pack,NeoLemmix_Introduction_Pack/Objects_&_Functions/A_New_Coat_Of_Paint.nxlv,A_New_Coat_Of_Paint,112.77,low,,no verified win,not run,
NeoLemmix,NeoLemmix_Introduction_Pack,NeoLemmix_Introduction_Pack/Objects_&_Functions/Beam_Them_Over.nxlv,Beam_Them_Over,76.62,low,,no verified win,replay analysis failed,frameBudgetExceeded
NeoLemmix,NeoLemmix_Introduction_Pack,NeoLemmix_Introduction_Pack/Objects_&_Functions/Big_Steps_Through_The_Snow.nxlv,Big_Steps_Through_The_Snow,286.2,medium,e09e03d371526f1383c3d24a470d0ad6cd2266f1fa6a439c612d85ea5d569cc1,verified win,replay verified,
NeoLemmix,NeoLemmix_Introduction_Pack,NeoLemmix_Introduction_Pack/Objects_&_Functions/Follow_The_Arrow!.nxlv,Follow_The_Arrow!,660,medium,5618be6d1823ba5cc10f55c8aaabf8c53dbf1416bcdc4554a552f62245005046,verified win,replay verified,
NeoLemmix,NeoLemmix_Introduction_Pack,NeoLemmix_Introduction_Pack/Objects_&_Functions/Getting_Into_Sorting.nxlv,Getting_Into_Sorting,234.16,medium,e4e298c9dcd10635c0ef138f3bced4b3b38804dda0425fdadf74b7eeee7916f3,verified win,replay verified,
NeoLemmix,NeoLemmix_Introduction_Pack,NeoLemmix_Introduction_Pack/Objects_&_Functions/Gravity_Lab.nxlv,Gravity_Lab,274.32,medium,b1c62a22432c72e51ff014eaa7883ce51790960a5c0038104459819993d4b40a,verified win,replay verified,
NeoLemmix,NeoLemmix_Introduction_Pack,NeoLemmix_Introduction_Pack/Objects_&_Functions/Highlights_With_A_Safety_Net.nxlv,Highlights_With_A_Safety_Net,715.85,medium,7f038aa26baae91279d6d2ea36b0ce0e66a31948677deb9e523dad77288d10f8,verified win,replay verified,
NeoLemmix,NeoLemmix_Introduction_Pack,NeoLemmix_Introduction_Pack/Objects_&_Functions/Index_Error_Out_Of_Bounds.nxlv,Index_Error_Out_Of_Bounds,58.17,low,,no verified win,replay analysis failed,replayDidNotWin
NeoLemmix,NeoLemmix_Introduction_Pack,NeoLemmix_Introduction_Pack/Objects_&_Functions/Iron_Anthill.nxlv,Iron_Anthill,641.96,medium,8def76fb842f8178fb707f42c32ac23f383acf89550ace1a30db8cc889dbf527,verified win,replay verified,
NeoLemmix,NeoLemmix_Introduction_Pack,NeoLemmix_Introduction_Pack/Objects_&_Functions/Neutral_Response.nxlv,Neutral_Response,364.16,medium,0825f81e7f598f45988742d0091e3499b8cf2d657d31d960ca654632507418cf,verified win,replay verified,
NeoLemmix,NeoLemmix_Introduction_Pack,NeoLemmix_Introduction_Pack/Objects_&_Functions/Night_Of_The_Living_Lems.nxlv,Night_Of_The_Living_Lems,55.6,low,,no verified win,replay analysis failed,replayDidNotWin
NeoLemmix,NeoLemmix_Introduction_Pack,NeoLemmix_Introduction_Pack/Objects_&_Functions/Pick_Them_Up_And_Push_Them_Down.nxlv,Pick_Them_Up_And_Push_Them_Down,673.45,medium,d138378afd6da63e6bf3580dea544d10d39057caf671a49475b1dbf85f0ecc5a,verified win,replay verified,
NeoLemmix,NeoLemmix_Introduction_Pack,NeoLemmix_Introduction_Pack/Objects_&_Functions/Set_Your_Priorities_Right!.nxlv,Set_Your_Priorities_Right!,290.51,medium,a0c388d1bf3a09cbc663ba178aeaf707193df12032414749db18ebbdd3082a8b,verified win,replay verified,
NeoLemmix,NeoLemmix_Introduction_Pack,NeoLemmix_Introduction_Pack/Objects_&_Functions/Split_And_Splat.nxlv,Split_And_Splat,262.42,medium,d4cc3eed7ea1bc88192f0446213cae3bb1778c3ca32a727c571ffb71f45ba62f,verified win,replay verified,
NeoLemmix,NeoLemmix_Introduction_Pack,"NeoLemmix_Introduction_Pack/Objects_&_Functions/Stop,_Rewind_And_Go!.nxlv","Stop,_Rewind_And_Go!",505.67,medium,15e1f47d24baeb5aed4e94c652a96abf233f5ad608296350da5e1cc7765554cb,verified win,replay verified,
NeoLemmix,NeoLemmix_Introduction_Pack,NeoLemmix_Introduction_Pack/Objects_&_Functions/Time_Crime.nxlv,Time_Crime,218.44,medium,0a2e28a9f80ee3eb00c9b68a2eba3a4453a56c2c1ca8689fd6195b9a71bf03a9,verified win,replay verified,
NeoLemmix,NeoLemmix_Introduction_Pack,NeoLemmix_Introduction_Pack/Objects_&_Functions/Trap_Roulette.nxlv,Trap_Roulette,315.34,medium,051fa04c9a0d5c6a77127ec1e2b7a41afd2041616e061948021c5241e3dd987c,verified win,replay verified,
NeoLemmix,NeoLemmix_Introduction_Pack,NeoLemmix_Introduction_Pack/Objects_&_Functions/Up_For_A_Walk_.nxlv,Up_For_A_Walk_,255.58,medium,6dfe288c3b87ee9ad17b01cea547b151c1462f8e65abef179fc231246a23426b,verified win,replay verified,
NeoLemmix,NeoLemmix_Introduction_Pack,"NeoLemmix_Introduction_Pack/Skills/A_Float,_A_Glide,_Puts_Any_Abyss_Aside!.nxlv","A_Float,_A_Glide,_Puts_Any_Abyss_Aside!",195.76,medium,3a4f245a2ed7985746825798fec1fefcced2f8a424880d86078b3ec4a036c4bf,verified win,replay verified,
NeoLemmix,NeoLemmix_Introduction_Pack,NeoLemmix_Introduction_Pack/Skills/Amphibious_Engineer_Squad.nxlv,Amphibious_Engineer_Squad,71.67,low,,no verified win,replay analysis failed,replayDidNotWin
NeoLemmix,NeoLemmix_Introduction_Pack,NeoLemmix_Introduction_Pack/Skills/Block_And_Blow_In_The_Snow.nxlv,Block_And_Blow_In_The_Snow,129.15,medium,3e23f4742fd00983a61bdb83c47c20ac9ee881b9cd46945933cd88915376ca91,verified win,replay verified,
NeoLemmix,NeoLemmix_Introduction_Pack,NeoLemmix_Introduction_Pack/Skills/Building_Flat_And_Building_High.nxlv,Building_Flat_And_Building_High,286.72,medium,a55395444863e620bf02a36c32ccaa0a4faecb7f2d62d87e0640f48e15d36baa,verified win,replay verified,
NeoLemmix,NeoLemmix_Introduction_Pack,"NeoLemmix_Introduction_Pack/Skills/Climb_Up,_Hang_On,_Get_Along!.nxlv","Climb_Up,_Hang_On,_Get_Along!",215.47,medium,3e19cc61d24168f7f2acf72fdea7778700c5ee5c8920232018afb4ef09f8c966,verified win,replay verified,
NeoLemmix,NeoLemmix_Introduction_Pack,NeoLemmix_Introduction_Pack/Skills/Fence_&Mine_For_A_Diagonal_Line.nxlv,Fence_&Mine_For_A_Diagonal_Line,206.57,medium,9050b6ec0027252bdac9909ed14209123c30b8f360501afe32bf3a6403ac87a9,verified win,replay verified,
NeoLemmix,NeoLemmix_Introduction_Pack,NeoLemmix_Introduction_Pack/Skills/Jumping_Lem_Flash.nxlv,Jumping_Lem_Flash,74.66,medium,3a608a8145e166e6e8d56449ea10b37bfd375fec21ac24af4edd10c642a3e985,verified win,replay verified,
NeoLemmix,NeoLemmix_Introduction_Pack,NeoLemmix_Introduction_Pack/Skills/Just_Digging_Into_NeoLemmix.nxlv,Just_Digging_Into_NeoLemmix,138.57,medium,8e046f66293afe983d8dd9687d999603b5ddbffd749e2c75cbcbebea630904bc,verified win,replay verified,
NeoLemmix,NeoLemmix_Introduction_Pack,NeoLemmix_Introduction_Pack/Skills/Just_Nuke_Them!.nxlv,Just_Nuke_Them!,36.65,low,,no verified win,replay analysis failed,frameBudgetExceeded
NeoLemmix,NeoLemmix_Introduction_Pack,NeoLemmix_Introduction_Pack/Skills/Laserslide.nxlv,Laserslide,58.17,low,,no verified win,not run,
NeoLemmix,NeoLemmix_Introduction_Pack,NeoLemmix_Introduction_Pack/Skills/Let's_Take_A_Bash_At_It!.nxlv,Let's_Take_A_Bash_At_It!,179.21,medium,e932bbe48f77fc140cdfcb9fdb9f6b08886fa8d9efe3eaea1813191c1f6bf1c5,verified win,replay verified,
NeoLemmix,NeoLemmix_Introduction_Pack,NeoLemmix_Introduction_Pack/Skills/Stacks_And_Stones_Saved_Our_Bones.nxlv,Stacks_And_Stones_Saved_Our_Bones,165.02,medium,1969bde2827d9a48ba26161be022d2ca7052b65383b12adb2cae85b3c305b1ad,verified win,replay verified,
NeoLemmix,NeoLemmix_Introduction_Pack,NeoLemmix_Introduction_Pack/Skills/They_Can't_Mash_Us_All!.nxlv,They_Can't_Mash_Us_All!,41.14,medium,27a7e4dcef43233df498df071bbcd0dcab840d13b464082c0617af040c52cd80,verified win,replay verified,
NeoLemmix,NeoLemmix_Introduction_Pack,NeoLemmix_Introduction_Pack/Skills/Walking_On_The_Cloner_Cliffs.nxlv,Walking_On_The_Cloner_Cliffs,282.73,medium,6c8e7a4b2ff710e856698bd516f05f59d92331d07cb96566a7a4b73beaed5cca,verified win,replay verified,
NeoLemmix,Original_Lemmings,Original_Lemmings/CovoxLemmings/Fun/01_The_COVOX_Level.nxlv,01_The_COVOX_Level,90.25,low,,no verified win,not run,
NeoLemmix,Original_Lemmings,Original_Lemmings/CovoxLemmings/Fun/02_Bridge_Away!.nxlv,02_Bridge_Away!,82.25,low,,no verified win,not run,
NeoLemmix,Original_Lemmings,Original_Lemmings/CovoxLemmings/Mayhem/01_How_do_we_get_down_there_.nxlv,01_How_do_we_get_down_there_,109.4,low,,no verified win,not run,
NeoLemmix,Original_Lemmings,Original_Lemmings/CovoxLemmings/Mayhem/02_JackLemmings.nxlv,02_JackLemmings,98.38,low,,no verified win,not run,
NeoLemmix,Original_Lemmings,Original_Lemmings/CovoxLemmings/Taxing/01_IceTown.nxlv,01_IceTown,90.65,low,,no verified win,not run,
NeoLemmix,Original_Lemmings,Original_Lemmings/CovoxLemmings/Taxing/02_Heaven_Can_Wait_II.nxlv,02_Heaven_Can_Wait_II,106.5,low,,no verified win,not run,
NeoLemmix,Original_Lemmings,Original_Lemmings/CovoxLemmings/Tricky/01_Animal_or_Vegetable_.nxlv,01_Animal_or_Vegetable_,112.88,low,,no verified win,not run,
NeoLemmix,Original_Lemmings,Original_Lemmings/CovoxLemmings/Tricky/02_Lots_of_Steel_crates!.nxlv,02_Lots_of_Steel_crates!,65.7,low,,no verified win,not run,
NeoLemmix,Original_Lemmings,Original_Lemmings/ExtraLevels/2P/01_There_can_be_only_one.nxlv,01_There_can_be_only_one,108.41,low,,no verified win,not run,
NeoLemmix,Original_Lemmings,Original_Lemmings/ExtraLevels/2P/02_We're_in_this_one_together.nxlv,02_We're_in_this_one_together,108.41,low,,no verified win,not run,
NeoLemmix,Original_Lemmings,Original_Lemmings/ExtraLevels/2P/03_Still_everything_to_play_for.nxlv,03_Still_everything_to_play_for,109.4,low,,no verified win,not run,
NeoLemmix,Original_Lemmings,Original_Lemmings/ExtraLevels/2P/04_May_the_craftiest_player_win.nxlv,04_May_the_craftiest_player_win,115.9,low,,no verified win,not run,
NeoLemmix,Original_Lemmings,Original_Lemmings/ExtraLevels/2P/05_and_the_winner_is......nxlv,05_and_the_winner_is.....,114.5,low,,no verified win,not run,
NeoLemmix,Original_Lemmings,Original_Lemmings/ExtraLevels/2P/06_In_the_thick_of_the_fray.nxlv,06_In_the_thick_of_the_fray,110.17,low,,no verified win,not run,
NeoLemmix,Original_Lemmings,Original_Lemmings/ExtraLevels/2P/07_Just_for_fun_or_to_the_death_.nxlv,07_Just_for_fun_or_to_the_death_,93.4,low,,no verified win,not run,
NeoLemmix,Original_Lemmings,Original_Lemmings/ExtraLevels/2P/08_Game_on!__Choose_your_tactics..nxlv,08_Game_on!__Choose_your_tactics.,114.5,low,,no verified win,not run,
NeoLemmix,Original_Lemmings,Original_Lemmings/ExtraLevels/2P/09_The_Passing_Place.nxlv,09_The_Passing_Place,102,low,,no verified win,not run,
NeoLemmix,Original_Lemmings,"Original_Lemmings/ExtraLevels/2P/10_Take_what_you_can,_when_you_can.nxlv","10_Take_what_you_can,_when_you_can",102,low,,no verified win,not run,
NeoLemmix,Original_Lemmings,Original_Lemmings/ExtraLevels/2P/11_Any_chance_of_a_truce_.nxlv,11_Any_chance_of_a_truce_,109.65,low,,no verified win,not run,
NeoLemmix,Original_Lemmings,Original_Lemmings/ExtraLevels/2P/12_Good_game!_Good_game!.nxlv,12_Good_game!_Good_game!,108.41,low,,no verified win,not run,
NeoLemmix,Original_Lemmings,Original_Lemmings/ExtraLevels/2P/13_The_Hammock....nxlv,13_The_Hammock...,106.4,low,,no verified win,not run,
NeoLemmix,Original_Lemmings,Original_Lemmings/ExtraLevels/2P/14_The_Pipe_Room....nxlv,14_The_Pipe_Room...,111.25,low,,no verified win,not run,
NeoLemmix,Original_Lemmings,Original_Lemmings/ExtraLevels/2P/15_Graffiti.nxlv,15_Graffiti,106.4,low,,no verified win,not run,
NeoLemmix,Original_Lemmings,Original_Lemmings/ExtraLevels/2P/16_The_Rubbish_Dump.nxlv,16_The_Rubbish_Dump,111.25,low,,no verified win,not run,
NeoLemmix,Original_Lemmings,Original_Lemmings/ExtraLevels/2P/17_The_Crystal_Cavern_Mark_II.nxlv,17_The_Crystal_Cavern_Mark_II,101.53,low,,no verified win,not run,
NeoLemmix,Original_Lemmings,Original_Lemmings/ExtraLevels/2P/18_The_Rope_Bridge.nxlv,18_The_Rope_Bridge,87.8,low,,no verified win,not run,
NeoLemmix,Original_Lemmings,Original_Lemmings/ExtraLevels/2P/19_Islands_in_the_Sky.nxlv,19_Islands_in_the_Sky,104.53,low,,no verified win,not run,
NeoLemmix,Original_Lemmings,Original_Lemmings/ExtraLevels/2P/20_Cross-over_Point.nxlv,20_Cross-over_Point,85.75,low,,no verified win,not run,
NeoLemmix,Original_Lemmings,Original_Lemmings/ExtraLevels/2P/21_Battle_at_Midway.nxlv,21_Battle_at_Midway,112.65,low,,no verified win,not run,
NeoLemmix,Original_Lemmings,Original_Lemmings/ExtraLevels/2P/22_The_Duel.nxlv,22_The_Duel,114.5,low,,no verified win,not run,
NeoLemmix,Original_Lemmings,Original_Lemmings/ExtraLevels/2P/23_Match_Of_The_Day.nxlv,23_Match_Of_The_Day,114.5,low,,no verified win,not run,
NeoLemmix,Original_Lemmings,Original_Lemmings/ExtraLevels/2P/24_Confrontation.nxlv,24_Confrontation,114.5,low,,no verified win,not run,
NeoLemmix,Original_Lemmings,Original_Lemmings/ExtraLevels/2P/25_The_Only_Way_Out.nxlv,25_The_Only_Way_Out,115.9,low,,no verified win,not run,
NeoLemmix,Original_Lemmings,Original_Lemmings/ExtraLevels/2P/26_Showdown!.nxlv,26_Showdown!,114.5,low,,no verified win,not run,
NeoLemmix,Original_Lemmings,Original_Lemmings/ExtraLevels/2P/27_Test_Of_Skill.nxlv,27_Test_Of_Skill,108.25,low,,no verified win,not run,
NeoLemmix,Original_Lemmings,Original_Lemmings/ExtraLevels/2P/28_Give_And_Take.nxlv,28_Give_And_Take,108.25,low,,no verified win,not run,
NeoLemmix,Original_Lemmings,Original_Lemmings/ExtraLevels/2P/29_Co-operation.nxlv,29_Co-operation,114.5,low,,no verified win,not run,
NeoLemmix,Original_Lemmings,Original_Lemmings/ExtraLevels/2P/30_One_On_One.nxlv,30_One_On_One,108.25,low,,no verified win,not run,
NeoLemmix,Original_Lemmings,Original_Lemmings/ExtraLevels/2P/31_I_Want_It_All.nxlv,31_I_Want_It_All,108.25,low,,no verified win,not run,
NeoLemmix,Original_Lemmings,Original_Lemmings/ExtraLevels/2P/32_Now_use_miners_and_climbers.nxlv,32_Now_use_miners_and_climbers,85.25,low,,no verified win,not run,
NeoLemmix,Original_Lemmings,Original_Lemmings/ExtraLevels/2P/33_A_task_for_blockers_and_bomber.nxlv,33_A_task_for_blockers_and_bomber,60.25,low,,no verified win,not run,
NeoLemmix,Original_Lemmings,Original_Lemmings/ExtraLevels/2P/34_A_task_for_blockers_and_bomber(1).nxlv,34_A_task_for_blockers_and_bomber(1),85.25,low,,no verified win,not run,
NeoLemmix,Original_Lemmings,Original_Lemmings/ExtraLevels/Genesis/01_Room_with_no_exit.nxlv,01_Room_with_no_exit,62.75,low,,no verified win,not run,
NeoLemmix,Original_Lemmings,Original_Lemmings/ExtraLevels/Genesis/02_Tea_time_in_the_ball_country.nxlv,02_Tea_time_in_the_ball_country,96.75,low,,no verified win,not run,
NeoLemmix,Original_Lemmings,Original_Lemmings/ExtraLevels/Genesis/03_Take_a_little_rest..nxlv,03_Take_a_little_rest.,100,low,,no verified win,not run,
NeoLemmix,Original_Lemmings,Original_Lemmings/ExtraLevels/Genesis/04_Catch_more_floaters..nxlv,04_Catch_more_floaters.,592.94,medium,4c40545a656c6e181b7dde8d9c9a6add65ab6926d36d6fe8a8542451042bb9da,verified win,replay verified,
NeoLemmix,Original_Lemmings,Original_Lemmings/ExtraLevels/Genesis/05_Lemmings_in_the_attic.nxlv,05_Lemmings_in_the_attic,70.75,low,,no verified win,not run,
NeoLemmix,Original_Lemmings,Original_Lemmings/ExtraLevels/Genesis/06_A_Beast_of_a_level.nxlv,06_A_Beast_of_a_level,92,low,,no verified win,replay analysis failed,"assignmentStateMismatch(sequence: 3, expectedPosition: NxlvKit.NeoLemmixPoint(x: 358, y: 130), actualPosition: NxlvKit.NeoLemmixPoint(x: 118, y: 141), expectedDirection: NxlvKit.NeoLemmixDirection.right, actualDirection: NxlvKit.NeoLemmixDirection.left, actualAction: NxlvKit.NeoLemmixAction.walking)"
NeoLemmix,Original_Lemmings,Original_Lemmings/ExtraLevels/Genesis/07_Under_construction.nxlv,07_Under_construction,76.25,low,,no verified win,not run,
NeoLemmix,Original_Lemmings,Original_Lemmings/ExtraLevels/Genesis/08_Dark_dawn.nxlv,08_Dark_dawn,96.75,low,,no verified win,not run,
NeoLemmix,Original_Lemmings,Original_Lemmings/ExtraLevels/Genesis/09_Test_map.nxlv,09_Test_map,66.33,low,,no verified win,not run,
NeoLemmix,Original_Lemmings,Original_Lemmings/ExtraLevels/Genesis/10_flag_test_map.nxlv,10_flag_test_map,82.33,low,,no verified win,not run,
NeoLemmix,Original_Lemmings,Original_Lemmings/ExtraLevels/Genesis/11_Where_do_you_see_Lemmings_.nxlv,11_Where_do_you_see_Lemmings_,105.2,low,,no verified win,replay analysis failed,spawnedCountMismatch(sequence: 8)
NeoLemmix,Original_Lemmings,Original_Lemmings/ExtraLevels/Genesis/12_Keep_Step.nxlv,12_Keep_Step,105.85,low,,no verified win,not run,
NeoLemmix,Original_Lemmings,Original_Lemmings/ExtraLevels/Genesis/13_Let's_go_to_the_moon!.nxlv,13_Let's_go_to_the_moon!,84,low,,no verified win,replay analysis failed,"assignmentRejected(sequence: 4, reason: NxlvKit.NeoLemmixAssignmentRejection.noSkillAvailable)"
NeoLemmix,Original_Lemmings,Original_Lemmings/ExtraLevels/Genesis/14_Go_out_for_a_walk_.nxlv,14_Go_out_for_a_walk_,65.25,low,,no verified win,not run,
NeoLemmix,Original_Lemmings,Original_Lemmings/ExtraLevels/Genesis/15_Salvage_boat.nxlv,15_Salvage_boat,75.25,low,,no verified win,not run,
NeoLemmix,Original_Lemmings,Original_Lemmings/ExtraLevels/Genesis/16_MENACING_!!.nxlv,16_MENACING_!!,82.25,low,,no verified win,replay analysis failed,spawnedCountMismatch(sequence: 13)
NeoLemmix,Original_Lemmings,Original_Lemmings/ExtraLevels/Genesis/17_Don't_leave_any_Lemmings.nxlv,17_Don't_leave_any_Lemmings,59,low,,no verified win,replay analysis failed,spawnedCountMismatch(sequence: 17)
NeoLemmix,Original_Lemmings,Original_Lemmings/ExtraLevels/Genesis/18_Everyone_turn_left.nxlv,18_Everyone_turn_left,70.75,low,,no verified win,not run,
NeoLemmix,Original_Lemmings,Original_Lemmings/ExtraLevels/Genesis/19_Konnichiwa_Lemming_san.nxlv,19_Konnichiwa_Lemming_san,69,low,,no verified win,replay analysis failed,"assignmentStateMismatch(sequence: 0, expectedPosition: NxlvKit.NeoLemmixPoint(x: 348, y: 109), actualPosition: NxlvKit.NeoLemmixPoint(x: 455, y: 76), expectedDirection: NxlvKit.NeoLemmixDirection.left, actualDirection: NxlvKit.NeoLemmixDirection.left, actualAction: NxlvKit.NeoLemmixAction.walking)"
NeoLemmix,Original_Lemmings,Original_Lemmings/ExtraLevels/Genesis/20_Don't_follow_me..nxlv,20_Don't_follow_me.,54.75,low,,no verified win,not run,
NeoLemmix,Original_Lemmings,Original_Lemmings/ExtraLevels/Genesis/21_The_bridge_is_breaking_down..nxlv,21_The_bridge_is_breaking_down.,346.92,medium,c166630ed0af47d55bf9e9d4d4c15c3b133a0986a643a6d9f1d42ef03862a1dc,verified win,replay verified,
NeoLemmix,Original_Lemmings,Original_Lemmings/ExtraLevels/Genesis/22_Temporary_peace.nxlv,22_Temporary_peace,75.25,low,,no verified win,replay analysis failed,spawnedCountMismatch(sequence: 11)
NeoLemmix,Original_Lemmings,Original_Lemmings/ExtraLevels/Genesis/23_No_choice_but_to_follow_them.nxlv,23_No_choice_but_to_follow_them,334.24,medium,f8e0ad2028f6b7cb5aed79f55442477d9ec5c5e06c35f5dcc20a00ce6b3ae68a,verified win,replay verified,
NeoLemmix,Original_Lemmings,Original_Lemmings/ExtraLevels/Genesis/24_Jump_down!.nxlv,24_Jump_down!,75.25,low,,no verified win,replay analysis failed,"completionFrameMismatch(expected: 2403, actual: nil)"
NeoLemmix,Original_Lemmings,Original_Lemmings/ExtraLevels/Genesis/25_Lemmings_search_for_treasure..nxlv,25_Lemmings_search_for_treasure.,81.5,low,,no verified win,not run,
NeoLemmix,Original_Lemmings,Original_Lemmings/ExtraLevels/Genesis/26_Walk_through_here_but_cautiously.nxlv,26_Walk_through_here_but_cautiously,86.45,low,,no verified win,not run,
NeoLemmix,Original_Lemmings,Original_Lemmings/ExtraLevels/Genesis/27_Value_each_moment.nxlv,27_Value_each_moment,75.7,low,,no verified win,not run,
NeoLemmix,Original_Lemmings,Original_Lemmings/ExtraLevels/Genesis/28_What_an_AWESOME_level.nxlv,28_What_an_AWESOME_level,92,low,,no verified win,not run,
NeoLemmix,Original_Lemmings,Original_Lemmings/ExtraLevels/Genesis/29_Lunch_time.nxlv,29_Lunch_time,98.75,low,,no verified win,replay analysis failed,"assignmentStateMismatch(sequence: 0, expectedPosition: NxlvKit.NeoLemmixPoint(x: 358, y: 136), actualPosition: NxlvKit.NeoLemmixPoint(x: 426, y: 136), expectedDirection: NxlvKit.NeoLemmixDirection.left, actualDirection: NxlvKit.NeoLemmixDirection.right, actualAction: NxlvKit.NeoLemmixAction.walking)"
NeoLemmix,Original_Lemmings,Original_Lemmings/ExtraLevels/Genesis/30_Fall_and_no_life..nxlv,30_Fall_and_no_life.,90.9,low,,no verified win,replay analysis failed,"assignmentStateMismatch(sequence: 0, expectedPosition: NxlvKit.NeoLemmixPoint(x: 337, y: 24), actualPosition: NxlvKit.NeoLemmixPoint(x: 319, y: 24), expectedDirection: NxlvKit.NeoLemmixDirection.right, actualDirection: NxlvKit.NeoLemmixDirection.right, actualAction: NxlvKit.NeoLemmixAction.walking)"
NeoLemmix,Original_Lemmings,Original_Lemmings/ExtraLevels/Genesis/31_Keep_all_enemies_out..nxlv,31_Keep_all_enemies_out.,449.92,medium,50df11c0b914c194f88d1344bee46988a48491be812ccb19c0438ec9a22ba25b,verified win,replay verified,
NeoLemmix,Original_Lemmings,Original_Lemmings/ExtraLevels/Genesis/32_Watch_right_and_left!.nxlv,32_Watch_right_and_left!,102.99,low,,no verified win,not run,
NeoLemmix,Original_Lemmings,Original_Lemmings/ExtraLevels/Genesis/33_Watch_your_fingertip!.nxlv,33_Watch_your_fingertip!,488.17,medium,a5458616d68d4451e8bbe10a5e84db085d7ba2c41082aca095e32128196b2213,verified win,replay verified,
NeoLemmix,Original_Lemmings,Original_Lemmings/ExtraLevels/Genesis/34_Watch_right_or_left!.nxlv,34_Watch_right_or_left!,81.08,low,,no verified win,not run,
NeoLemmix,Original_Lemmings,Original_Lemmings/ExtraLevels/Genesis/35_Let's_get_together..nxlv,35_Let's_get_together.,86.05,low,,no verified win,replay analysis failed,"completionFrameMismatch(expected: 1093, actual: nil)"
NeoLemmix,Original_Lemmings,Original_Lemmings/ExtraLevels/Genesis/36_Over_the_wall.nxlv,36_Over_the_wall,79.55,low,,no verified win,replay analysis failed,"assignmentStateMismatch(sequence: 0, expectedPosition: NxlvKit.NeoLemmixPoint(x: 117, y: 36), actualPosition: NxlvKit.NeoLemmixPoint(x: 139, y: 39), expectedDirection: NxlvKit.NeoLemmixDirection.left, actualDirection: NxlvKit.NeoLemmixDirection.right, actualAction: NxlvKit.NeoLemmixAction.walking)"
NeoLemmix,Original_Lemmings,Original_Lemmings/ExtraLevels/Genesis/37_Twins.nxlv,37_Twins,324.67,medium,28daf9f417cec151622337a458773abe2a03b3d4d5ac5fffb4dd53df41e6db2b,verified win,replay verified,
NeoLemmix,Original_Lemmings,Original_Lemmings/ExtraLevels/Genesis/38_Dangerous_balcony.nxlv,38_Dangerous_balcony,83.25,low,,no verified win,not run,
NeoLemmix,Original_Lemmings,Original_Lemmings/ExtraLevels/Genesis/39_Climb_and_fall._Fall_and_climb..nxlv,39_Climb_and_fall._Fall_and_climb.,55.8,low,,no verified win,not run,
NeoLemmix,Original_Lemmings,Original_Lemmings/ExtraLevels/Genesis/40_Two_ponds.nxlv,40_Two_ponds,89.5,low,,no verified win,not run,
NeoLemmix,Original_Lemmings,Original_Lemmings/ExtraLevels/Genesis/41_Two_different_worlds.nxlv,41_Two_different_worlds,96.5,low,,no verified win,not run,
NeoLemmix,Original_Lemmings,Original_Lemmings/ExtraLevels/Genesis/42_A_BeastII_of_a_level.nxlv,42_A_BeastII_of_a_level,93.62,low,,no verified win,not run,
NeoLemmix,Original_Lemmings,Original_Lemmings/ExtraLevels/Genesis/43_A_group_of_entrances.nxlv,43_A_group_of_entrances,108.35,low,,no verified win,not run,
NeoLemmix,Original_Lemmings,Original_Lemmings/ExtraLevels/Genesis/44_Lemming_eater.nxlv,44_Lemming_eater,98.55,low,,no verified win,not run,
NeoLemmix,Original_Lemmings,Original_Lemmings/ExtraLevels/Genesis/45_Leftovers_are_not_always_a_waste.nxlv,45_Leftovers_are_not_always_a_waste,85.6,low,,no verified win,not run,
NeoLemmix,Original_Lemmings,"Original_Lemmings/ExtraLevels/Genesis/46_No_hurry,_Relax..nxlv","46_No_hurry,_Relax.",85.38,low,,no verified win,replay analysis failed,"completionFrameMismatch(expected: 2519, actual: nil)"
NeoLemmix,Original_Lemmings,Original_Lemmings/ExtraLevels/Genesis/47_Lemmings'_Ark.nxlv,47_Lemmings'_Ark,87.75,low,,no verified win,replay analysis failed,spawnedCountMismatch(sequence: 11)
NeoLemmix,Original_Lemmings,Original_Lemmings/ExtraLevels/Other/01_One_Way_to_Freedom.nxlv,01_One_Way_to_Freedom,85.71,low,,no verified win,not run,
NeoLemmix,Original_Lemmings,Original_Lemmings/ExtraLevels/Other/02_The_Apple_Computer_Level.nxlv,02_The_Apple_Computer_Level,82.25,low,,no verified win,not run,
NeoLemmix,Original_Lemmings,Original_Lemmings/ExtraLevels/Other/03_Go_for_it!.nxlv,03_Go_for_it!,381.65,medium,813d1257c9295a953818079c46314e432aeadd6014e12d5a1981b309a98ae319,verified win,replay verified,
NeoLemmix,Original_Lemmings,Original_Lemmings/ExtraLevels/Other/04_Lemming_Lament.nxlv,04_Lemming_Lament,87.5,low,,no verified win,replay analysis failed,spawnedCountMismatch(sequence: 21)
NeoLemmix,Original_Lemmings,Original_Lemmings/ExtraLevels/Other/05_Through_the_graveyard.nxlv,05_Through_the_graveyard,95.5,low,,no verified win,not run,
NeoLemmix,Original_Lemmings,Original_Lemmings/ExtraLevels/Other/06_Going_Their_Separate_Ways.nxlv,06_Going_Their_Separate_Ways,75.25,low,,no verified win,not run,
NeoLemmix,Original_Lemmings,Original_Lemmings/ExtraLevels/Other/07_Ohayo_Lemming-san!.nxlv,07_Ohayo_Lemming-san!,98.38,low,,no verified win,not run,
NeoLemmix,Original_Lemmings,Original_Lemmings/ExtraLevels/Other/08_It's_not_over_'til_it's_over.nxlv,08_It's_not_over_'til_it's_over,73.5,low,,no verified win,replay analysis failed,"completionFrameMismatch(expected: 1723, actual: nil)"
NeoLemmix,Original_Lemmings,Original_Lemmings/ExtraLevels/Other/09_Something_weighing_on_your_mind_.nxlv,09_Something_weighing_on_your_mind_,111.03,low,,no verified win,not run,
NeoLemmix,Original_Lemmings,Original_Lemmings/ExtraLevels/Other/10_Don't_Make_The_Wrong_Choice!.nxlv,10_Don't_Make_The_Wrong_Choice!,97,low,,no verified win,not run,
NeoLemmix,Original_Lemmings,Original_Lemmings/ExtraLevels/Other/11_Vacation_in_Gemland.nxlv,11_Vacation_in_Gemland,81.5,low,,no verified win,replay analysis failed,"assignmentStateMismatch(sequence: 0, expectedPosition: NxlvKit.NeoLemmixPoint(x: 158, y: 107), actualPosition: NxlvKit.NeoLemmixPoint(x: 162, y: 107), expectedDirection: NxlvKit.NeoLemmixDirection.right, actualDirection: NxlvKit.NeoLemmixDirection.right, actualAction: NxlvKit.NeoLemmixAction.walking)"
NeoLemmix,Original_Lemmings,Original_Lemmings/ExtraLevels/PSP/01_Climb_to_victory.nxlv,01_Climb_to_victory,28.75,low,,no verified win,not run,
NeoLemmix,Original_Lemmings,Original_Lemmings/ExtraLevels/PSP/02_Save_the_Lemmings_with_Floaters.nxlv,02_Save_the_Lemmings_with_Floaters,35,low,,no verified win,not run,
NeoLemmix,Original_Lemmings,"Original_Lemmings/ExtraLevels/PSP/03_Dig_Down,_Bash_Across.nxlv","03_Dig_Down,_Bash_Across",41.25,low,,no verified win,not run,
NeoLemmix,Original_Lemmings,"Original_Lemmings/ExtraLevels/PSP/04_Block_first,_Explode_second.nxlv","04_Block_first,_Explode_second",44.62,low,,no verified win,not run,
NeoLemmix,Original_Lemmings,"Original_Lemmings/ExtraLevels/PSP/05_Bridge_Across,_Mine_Through.nxlv","05_Bridge_Across,_Mine_Through",44.75,low,,no verified win,not run,
NeoLemmix,Original_Lemmings,Original_Lemmings/ExtraLevels/PSP/06_Bash_in_the_Direction_of_the_Arrows.nxlv,06_Bash_in_the_Direction_of_the_Arrows,52.75,low,,no verified win,not run,
NeoLemmix,Original_Lemmings,Original_Lemmings/ExtraLevels/PSP/07_Crystal_point.nxlv,07_Crystal_point,90.75,low,,no verified win,not run,
NeoLemmix,Original_Lemmings,"Original_Lemmings/ExtraLevels/PSP/08_So_near,_so_far.nxlv","08_So_near,_so_far",73.5,low,,no verified win,not run,
NeoLemmix,Original_Lemmings,Original_Lemmings/ExtraLevels/PSP/09_Pillar_talking.nxlv,09_Pillar_talking,488.65,medium,daec1286f90d67a84b5813d3d5704c8ad2ed48cdda0dc88b299a2ffa721eddf8,verified win,replay verified,
NeoLemmix,Original_Lemmings,Original_Lemmings/ExtraLevels/PSP/10_Just_17.nxlv,10_Just_17,104.69,low,,no verified win,not run,
NeoLemmix,Original_Lemmings,Original_Lemmings/ExtraLevels/PSP/11_Down_the_line.nxlv,11_Down_the_line,61,low,,no verified win,not run,
NeoLemmix,Original_Lemmings,Original_Lemmings/ExtraLevels/PSP/12_A_to_B.nxlv,12_A_to_B,86,low,,no verified win,not run,
NeoLemmix,Original_Lemmings,Original_Lemmings/ExtraLevels/PSP/13_Chain_reaction.nxlv,13_Chain_reaction,49.75,low,,no verified win,not run,
NeoLemmix,Original_Lemmings,Original_Lemmings/ExtraLevels/PSP/14_Tunnel_vision.nxlv,14_Tunnel_vision,89.5,low,,no verified win,replay analysis failed,"assignmentStateMismatch(sequence: 2, expectedPosition: NxlvKit.NeoLemmixPoint(x: 282, y: 145), actualPosition: NxlvKit.NeoLemmixPoint(x: 323, y: 145), expectedDirection: NxlvKit.NeoLemmixDirection.left, actualDirection: NxlvKit.NeoLemmixDirection.left, actualAction: NxlvKit.NeoLemmixAction.walking)"
NeoLemmix,Original_Lemmings,Original_Lemmings/ExtraLevels/PSP/15_Two_good_friends.nxlv,15_Two_good_friends,67.25,low,,no verified win,not run,
NeoLemmix,Original_Lemmings,Original_Lemmings/ExtraLevels/PSP/16_One_man_does_all_the_hard_work.nxlv,16_One_man_does_all_the_hard_work,67.25,low,,no verified win,not run,
NeoLemmix,Original_Lemmings,Original_Lemmings/ExtraLevels/PSP/17_Release_is_the_word.nxlv,17_Release_is_the_word,73.38,low,,no verified win,not run,
NeoLemmix,Original_Lemmings,Original_Lemmings/ExtraLevels/PSP/18_The_run_around.nxlv,18_The_run_around,266.81,medium,ac61ba5a0d6f00e929bc3a4d0385bbe70aa6134ea44ce1845db8b42145c40cd6,verified win,replay verified,
NeoLemmix,Original_Lemmings,Original_Lemmings/ExtraLevels/PSP/19_Three_steps_to_heaven.nxlv,19_Three_steps_to_heaven,94,low,,no verified win,not run,
NeoLemmix,Original_Lemmings,Original_Lemmings/ExtraLevels/PSP/20_Lemming_toast.nxlv,20_Lemming_toast,344.27,medium,b8774e161b901e315a8d35a5acf62f56d0f0e4068db2aeaee3a3ca0443ecc496,verified win,replay verified,
NeoLemmix,Original_Lemmings,Original_Lemmings/ExtraLevels/PSP/21_Seeing_double!.nxlv,21_Seeing_double!,76.92,low,,no verified win,not run,
NeoLemmix,Original_Lemmings,Original_Lemmings/ExtraLevels/PSP/22_The_Wormery.nxlv,22_The_Wormery,52.75,low,,no verified win,not run,
NeoLemmix,Original_Lemmings,Original_Lemmings/ExtraLevels/PSP/23_The_Flood.nxlv,23_The_Flood,81.5,low,,no verified win,not run,
NeoLemmix,Original_Lemmings,Original_Lemmings/ExtraLevels/PSP/24_With_a_little_help_from_my_Lem.nxlv,24_With_a_little_help_from_my_Lem,75.25,low,,no verified win,replay analysis failed,replayDidNotWin
NeoLemmix,Original_Lemmings,Original_Lemmings/ExtraLevels/PSP/25_Not_as_easy_as_it_looks.nxlv,25_Not_as_easy_as_it_looks,61.12,low,,no verified win,not run,
NeoLemmix,Original_Lemmings,Original_Lemmings/ExtraLevels/PSP/26_Back_of_the_net!.nxlv,26_Back_of_the_net!,84.38,low,,no verified win,not run,
NeoLemmix,Original_Lemmings,Original_Lemmings/ExtraLevels/PSP/27_Wrong_points_of_view.nxlv,27_Wrong_points_of_view,71.62,low,,no verified win,not run,
NeoLemmix,Original_Lemmings,Original_Lemmings/ExtraLevels/PSP/28_Float_in_Light_at_Lemming_Head_Height.nxlv,28_Float_in_Light_at_Lemming_Head_Height,64.33,low,,no verified win,not run,
NeoLemmix,Original_Lemmings,Original_Lemmings/ExtraLevels/PSP/29_A_Bridge_Over_Lemming_Slaugter.nxlv,29_A_Bridge_Over_Lemming_Slaugter,90.75,low,,no verified win,not run,
NeoLemmix,Original_Lemmings,Original_Lemmings/ExtraLevels/PSP/30_The_stairs_are_not_floored.nxlv,30_The_stairs_are_not_floored,98.95,low,,no verified win,not run,
NeoLemmix,Original_Lemmings,Original_Lemmings/ExtraLevels/PSP/31_Quickly_now.nxlv,31_Quickly_now,59,low,,no verified win,not run,
NeoLemmix,Original_Lemmings,Original_Lemmings/ExtraLevels/PSP/32_Gather_round_and_break_away.nxlv,32_Gather_round_and_break_away,83,low,,no verified win,not run,
NeoLemmix,Original_Lemmings,Original_Lemmings/ExtraLevels/PSP/33_Cagey_business.nxlv,33_Cagey_business,75.25,low,,no verified win,not run,
NeoLemmix,Original_Lemmings,"Original_Lemmings/ExtraLevels/PSP/34_Born_a_blocker,_die_a_blocker.nxlv","34_Born_a_blocker,_die_a_blocker",47.75,low,,no verified win,not run,
NeoLemmix,Original_Lemmings,Original_Lemmings/ExtraLevels/PSP/35_No_justice_for_the_hero.nxlv,35_No_justice_for_the_hero,359.77,medium,6a723e716165e5532baea55cd1ef38019fa9fa9585c20bf2c763657ae355ce5f,verified win,replay verified,
NeoLemmix,Original_Lemmings,Original_Lemmings/ExtraLevels/PSP/36_Notch_what_you_think_it_is!.nxlv,36_Notch_what_you_think_it_is!,71.88,low,,no verified win,not run,
NeoLemmix,Original_Lemmings,Original_Lemmings/ExtraLevels/Present/01_Natural_life.nxlv,01_Natural_life,113.85,low,,no verified win,not run,
NeoLemmix,Original_Lemmings,Original_Lemmings/ExtraLevels/Present/02_Don't_leave_my_Lemmings..nxlv,02_Don't_leave_my_Lemmings.,68.75,low,,no verified win,not run,
NeoLemmix,Original_Lemmings,Original_Lemmings/ExtraLevels/Present/03_Let_me_get_out_of_here!.nxlv,03_Let_me_get_out_of_here!,106.5,low,,no verified win,not run,
NeoLemmix,Original_Lemmings,Original_Lemmings/ExtraLevels/Present/04_Lemmings_standing_on_the_earth.nxlv,04_Lemmings_standing_on_the_earth,112.65,low,,no verified win,not run,
NeoLemmix,Original_Lemmings,Original_Lemmings/ExtraLevels/Present/05_Darkness_of_the_royal_family.nxlv,05_Darkness_of_the_royal_family,100,low,,no verified win,replay analysis failed,"assignmentStateMismatch(sequence: 0, expectedPosition: NxlvKit.NeoLemmixPoint(x: 367, y: 67), actualPosition: NxlvKit.NeoLemmixPoint(x: 422, y: 119), expectedDirection: NxlvKit.NeoLemmixDirection.left, actualDirection: NxlvKit.NeoLemmixDirection.left, actualAction: NxlvKit.NeoLemmixAction.walking)"
NeoLemmix,Original_Lemmings,Original_Lemmings/ExtraLevels/Present/06_No_time_for_a_detour.nxlv,06_No_time_for_a_detour,281.17,medium,6c358ea942f3cc9addcc4d4ed5508d06c5654e09e8d8682ebd8f8ce55ab9bc0c,verified win,replay verified,
NeoLemmix,Original_Lemmings,Original_Lemmings/ExtraLevels/Present/07_Everyone_turn_Left!.nxlv,07_Everyone_turn_Left!,62.43,low,,no verified win,not run,
NeoLemmix,Original_Lemmings,Original_Lemmings/ExtraLevels/Present/08_Libra_(Part_two).nxlv,08_Libra_(Part_two),69,low,,no verified win,not run,
NeoLemmix,Original_Lemmings,"Original_Lemmings/ExtraLevels/Present/09_Fix_the_road,_quick!.nxlv","09_Fix_the_road,_quick!",50.85,low,,no verified win,replay analysis failed,"completionFrameMismatch(expected: 2781, actual: nil)"
NeoLemmix,Original_Lemmings,Original_Lemmings/ExtraLevels/Present/10_Where_are_you_heading_.nxlv,10_Where_are_you_heading_,59.5,low,,no verified win,not run,
NeoLemmix,Original_Lemmings,Original_Lemmings/ExtraLevels/Present/11_Field_athletics.nxlv,11_Field_athletics,61,low,,no verified win,not run,
NeoLemmix,Original_Lemmings,Original_Lemmings/ExtraLevels/Present/12_Balance_Beam.nxlv,12_Balance_Beam,83.25,low,,no verified win,not run,
NeoLemmix,Original_Lemmings,Original_Lemmings/ExtraLevels/Present/13_Watch_your_step_(Part_two)..nxlv,13_Watch_your_step_(Part_two).,69,low,,no verified win,not run,
NeoLemmix,Original_Lemmings,Original_Lemmings/ExtraLevels/Present/14_Like_an_overflowing_wave.nxlv,14_Like_an_overflowing_wave,61,low,,no verified win,not run,
NeoLemmix,Original_Lemmings,Original_Lemmings/ExtraLevels/Present/15_Evil_whisper.nxlv,15_Evil_whisper,407.53,medium,dab2a0db241fe8997e4ae24288b923f4da8ddf1822020b4b951bf6b289fdc035,verified win,replay verified,
NeoLemmix,Original_Lemmings,Original_Lemmings/ExtraLevels/Present/16_A_Trap_is_a_trap..nxlv,16_A_Trap_is_a_trap.,54,low,,no verified win,not run,
NeoLemmix,Original_Lemmings,Original_Lemmings/ExtraLevels/Present/17_Electric_circuit.nxlv,17_Electric_circuit,81.5,low,,no verified win,replay analysis failed,"assignmentStateMismatch(sequence: 4, expectedPosition: NxlvKit.NeoLemmixPoint(x: 409, y: 119), actualPosition: NxlvKit.NeoLemmixPoint(x: 410, y: 118), expectedDirection: NxlvKit.NeoLemmixDirection.right, actualDirection: NxlvKit.NeoLemmixDirection.right, actualAction: NxlvKit.NeoLemmixAction.walking)"
NeoLemmix,Original_Lemmings,Original_Lemmings/ExtraLevels/Present/18_King_of_Lemmings.nxlv,18_King_of_Lemmings,78.4,low,,no verified win,not run,
NeoLemmix,Original_Lemmings,Original_Lemmings/ExtraLevels/Present/19_Acrophobia.nxlv,19_Acrophobia,95.43,low,,no verified win,replay analysis failed,"assignmentStateMismatch(sequence: 6, expectedPosition: NxlvKit.NeoLemmixPoint(x: 345, y: 140), actualPosition: NxlvKit.NeoLemmixPoint(x: 344, y: 140), expectedDirection: NxlvKit.NeoLemmixDirection.left, actualDirection: NxlvKit.NeoLemmixDirection.left, actualAction: NxlvKit.NeoLemmixAction.falling)"
NeoLemmix,Original_Lemmings,Original_Lemmings/ExtraLevels/Present/20_Lemmings-preying_iron_plate.nxlv,20_Lemmings-preying_iron_plate,79.55,low,,no verified win,not run,
NeoLemmix,Original_Lemmings,Original_Lemmings/ExtraLevels/Present/21_Use_your_brain_better..nxlv,21_Use_your_brain_better.,75.25,low,,no verified win,not run,
NeoLemmix,Original_Lemmings,Original_Lemmings/ExtraLevels/Present/22_None_title.nxlv,22_None_title,57.75,low,,no verified win,not run,
NeoLemmix,Original_Lemmings,Original_Lemmings/ExtraLevels/Present/23_Precarious_oasis.nxlv,23_Precarious_oasis,81.5,low,,no verified win,not run,
NeoLemmix,Original_Lemmings,Original_Lemmings/ExtraLevels/Present/24_Everyone's_a_hard_nut..nxlv,24_Everyone's_a_hard_nut.,103.4,low,,no verified win,replay analysis failed,"assignmentRejected(sequence: 12, reason: NxlvKit.NeoLemmixAssignmentRejection.noSkillAvailable)"
NeoLemmix,Original_Lemmings,Original_Lemmings/ExtraLevels/Present/25_Underground_city.nxlv,25_Underground_city,83.25,low,,no verified win,not run,
NeoLemmix,Original_Lemmings,Original_Lemmings/ExtraLevels/Present/26_Pitfall.nxlv,26_Pitfall,84.65,low,,no verified win,replay analysis failed,"completionFrameMismatch(expected: 1765, actual: nil)"
NeoLemmix,Original_Lemmings,Original_Lemmings/ExtraLevels/Present/27_Try_anything_once..nxlv,27_Try_anything_once.,99.6,low,,no verified win,not run,
NeoLemmix,Original_Lemmings,Original_Lemmings/ExtraLevels/Present/28_Which_one_are_you_trying_to_get_.nxlv,28_Which_one_are_you_trying_to_get_,106.5,low,,no verified win,replay analysis failed,"assignmentStateMismatch(sequence: 8, expectedPosition: NxlvKit.NeoLemmixPoint(x: 121, y: 59), actualPosition: NxlvKit.NeoLemmixPoint(x: 264, y: 60), expectedDirection: NxlvKit.NeoLemmixDirection.right, actualDirection: NxlvKit.NeoLemmixDirection.right, actualAction: NxlvKit.NeoLemmixAction.walking)"
NeoLemmix,Original_Lemmings,Original_Lemmings/ExtraLevels/Present/29_Private_room_available.nxlv,29_Private_room_available,81.5,low,,no verified win,replay analysis failed,"assignmentStateMismatch(sequence: 1, expectedPosition: NxlvKit.NeoLemmixPoint(x: 357, y: 31), actualPosition: NxlvKit.NeoLemmixPoint(x: 357, y: 40), expectedDirection: NxlvKit.NeoLemmixDirection.right, actualDirection: NxlvKit.NeoLemmixDirection.right, actualAction: NxlvKit.NeoLemmixAction.walking)"
NeoLemmix,Original_Lemmings,Original_Lemmings/ExtraLevels/Present/30_Final_impediment.nxlv,30_Final_impediment,102,low,,no verified win,replay analysis failed,replayDidNotWin
NeoLemmix,Original_Lemmings,Original_Lemmings/ExtraLevels/Sega/01_SEGA_One.nxlv,01_SEGA_One,102.9,low,,no verified win,not run,
NeoLemmix,Original_Lemmings,Original_Lemmings/ExtraLevels/Sega/02_SEGA_Two.nxlv,02_SEGA_Two,115.9,low,,no verified win,not run,
NeoLemmix,Original_Lemmings,Original_Lemmings/ExtraLevels/Sega/03_Sixes_Not!.nxlv,03_Sixes_Not!,96.75,low,,no verified win,not run,
NeoLemmix,Original_Lemmings,Original_Lemmings/ExtraLevels/Sega/04_SEGA_Three.nxlv,04_SEGA_Three,99.65,low,,no verified win,not run,
NeoLemmix,Original_Lemmings,Original_Lemmings/ExtraLevels/Sega/05_SEGA_Four.nxlv,05_SEGA_Four,115.9,low,,no verified win,not run,
NeoLemmix,Original_Lemmings,Original_Lemmings/ExtraLevels/Sega/06_SEGA_Five.nxlv,06_SEGA_Five,114.5,low,,no verified win,not run,
NeoLemmix,Original_Lemmings,Original_Lemmings/ExtraLevels/Sega/07_SEGA_One(1).nxlv,07_SEGA_One(1),109.4,low,,no verified win,not run,
NeoLemmix,Original_Lemmings,Original_Lemmings/ExtraLevels/Sega/08_SEGA_Two(1).nxlv,08_SEGA_Two(1),115.9,low,,no verified win,not run,
NeoLemmix,Original_Lemmings,Original_Lemmings/ExtraLevels/Sega/09_SEGA_Three(1).nxlv,09_SEGA_Three(1),109.65,low,,no verified win,not run,
NeoLemmix,Original_Lemmings,Original_Lemmings/ExtraLevels/Sega/10_Stepping_Stones.nxlv,10_Stepping_Stones,87.38,low,,no verified win,not run,
NeoLemmix,Original_Lemmings,Original_Lemmings/ExtraLevels/Sega/11_SEGA_Four(1).nxlv,11_SEGA_Four(1),100.15,low,,no verified win,replay analysis failed,"assignmentStateMismatch(sequence: 0, expectedPosition: NxlvKit.NeoLemmixPoint(x: 787, y: 56), actualPosition: NxlvKit.NeoLemmixPoint(x: 813, y: 56), expectedDirection: NxlvKit.NeoLemmixDirection.left, actualDirection: NxlvKit.NeoLemmixDirection.right, actualAction: NxlvKit.NeoLemmixAction.walking)"
NeoLemmix,Original_Lemmings,Original_Lemmings/ExtraLevels/Sega/12_SEGA_Five(1).nxlv,12_SEGA_Five(1),108,low,,no verified win,not run,
NeoLemmix,Original_Lemmings,Original_Lemmings/ExtraLevels/Sunsoft/01_Rules_to_fall.nxlv,01_Rules_to_fall,60.75,low,,no verified win,not run,
NeoLemmix,Original_Lemmings,Original_Lemmings/ExtraLevels/Sunsoft/02_Inside_the_bone.nxlv,02_Inside_the_bone,61,low,,no verified win,not run,
NeoLemmix,Original_Lemmings,Original_Lemmings/ExtraLevels/Sunsoft/03_Anxiety.nxlv,03_Anxiety,444.13,medium,b00fa94faeda0c800f6b23e8cd4403a7e08e563fa34df4d93128b3ecc696afb7,verified win,replay verified,
NeoLemmix,Original_Lemmings,Original_Lemmings/ExtraLevels/Sunsoft/04_Train_your_body.nxlv,04_Train_your_body,83.25,low,,no verified win,not run,
NeoLemmix,Original_Lemmings,Original_Lemmings/ExtraLevels/Sunsoft/05_Watch_your_step.nxlv,05_Watch_your_step,80.85,low,,no verified win,not run,
NeoLemmix,Original_Lemmings,Original_Lemmings/ExtraLevels/Sunsoft/06_Libra.nxlv,06_Libra,62.5,low,,no verified win,not run,
NeoLemmix,Original_Lemmings,Original_Lemmings/ExtraLevels/Sunsoft/07_Everyone_turn_left_(Part_two).nxlv,07_Everyone_turn_left_(Part_two),70.75,low,,no verified win,not run,
NeoLemmix,Original_Lemmings,Original_Lemmings/ExtraLevels/Sunsoft/08_Is_this_a_circus_.nxlv,08_Is_this_a_circus_,442.65,medium,bea34b1a3457932796a59b77ef94091ce79969fdcd754b7f61e84e302b4a8569,verified win,replay verified,
NeoLemmix,Original_Lemmings,Original_Lemmings/ExtraLevels/Sunsoft/09_Evacuating_a_coal_mine.nxlv,09_Evacuating_a_coal_mine,89.5,low,,no verified win,replay analysis failed,"completionFrameMismatch(expected: 2612, actual: nil)"
NeoLemmix,Original_Lemmings,Original_Lemmings/ExtraLevels/Sunsoft/10_Spiral_staircase.nxlv,10_Spiral_staircase,93.35,low,,no verified win,not run,
NeoLemmix,Original_Lemmings,Original_Lemmings/ExtraLevels/Sunsoft/11_Turn_around_and_look..nxlv,11_Turn_around_and_look.,72,low,,no verified win,not run,
NeoLemmix,Original_Lemmings,Original_Lemmings/ExtraLevels/Sunsoft/12_Water_processing_plant.nxlv,12_Water_processing_plant,88.85,low,,no verified win,replay analysis failed,"completionFrameMismatch(expected: 2368, actual: nil)"
NeoLemmix,Original_Lemmings,Original_Lemmings/ExtraLevels/Sunsoft/13_Doomsday.nxlv,13_Doomsday,111.25,low,,no verified win,replay analysis failed,spawnedCountMismatch(sequence: 19)
NeoLemmix,Original_Lemmings,Original_Lemmings/ExtraLevels/Sunsoft/14_No_world_without_you.nxlv,14_No_world_without_you,90.9,low,,no verified win,replay analysis failed,replayDidNotWin
NeoLemmix,Original_Lemmings,Original_Lemmings/ExtraLevels/Sunsoft/15_Exodus!.nxlv,15_Exodus!,95.75,low,,no verified win,replay analysis failed,"completionFrameMismatch(expected: 1571, actual: nil)"
NeoLemmix,Original_Lemmings,Original_Lemmings/ExtraLevels/Sunsoft/16_Here_is_Mr.Lemming's_house.nxlv,16_Here_is_Mr.Lemming's_house,96.9,low,,no verified win,not run,
NeoLemmix,Original_Lemmings,Original_Lemmings/ExtraLevels/Sunsoft/17_Cave_quest.nxlv,17_Cave_quest,114.5,low,,no verified win,not run,
NeoLemmix,Original_Lemmings,Original_Lemmings/ExtraLevels/Sunsoft/18_SUNSOFT_Special.nxlv,18_SUNSOFT_Special,92,low,,no verified win,not run,
NeoLemmix,Original_Lemmings,Original_Lemmings/ExtraLevels/Sunsoft/19_Let's_go_camping..nxlv,19_Let's_go_camping.,103.4,low,,no verified win,replay analysis failed,"assignmentStateMismatch(sequence: 4, expectedPosition: NxlvKit.NeoLemmixPoint(x: 460, y: 116), actualPosition: NxlvKit.NeoLemmixPoint(x: 383, y: 128), expectedDirection: NxlvKit.NeoLemmixDirection.right, actualDirection: NxlvKit.NeoLemmixDirection.left, actualAction: NxlvKit.NeoLemmixAction.walking)"
NeoLemmix,Original_Lemmings,Original_Lemmings/ExtraLevels/Sunsoft/20_Haunted_botanical_garden.nxlv,20_Haunted_botanical_garden,87.21,low,,no verified win,replay analysis failed,"assignmentStateMismatch(sequence: 2, expectedPosition: NxlvKit.NeoLemmixPoint(x: 286, y: 65), actualPosition: NxlvKit.NeoLemmixPoint(x: 339, y: 69), expectedDirection: NxlvKit.NeoLemmixDirection.left, actualDirection: NxlvKit.NeoLemmixDirection.left, actualAction: NxlvKit.NeoLemmixAction.ascending)"
NeoLemmix,Original_Lemmings,Original_Lemmings/ExtraLevels/Sunsoft/21_Be_sure_to_be_a_builder..nxlv,21_Be_sure_to_be_a_builder.,97.15,low,,no verified win,not run,
NeoLemmix,Original_Lemmings,Original_Lemmings/ExtraLevels/Sunsoft/22_Watch_right_or_left_(Part_two).nxlv,22_Watch_right_or_left_(Part_two),86.9,low,,no verified win,replay analysis failed,"completionFrameMismatch(expected: 746, actual: nil)"
NeoLemmix,Original_Lemmings,Original_Lemmings/ExtraLevels/Sunsoft/23_Move_on_in_two_separate_groups..nxlv,23_Move_on_in_two_separate_groups.,83.25,low,,no verified win,replay analysis failed,spawnedCountMismatch(sequence: 11)
NeoLemmix,Original_Lemmings,"Original_Lemmings/ExtraLevels/Sunsoft/24_Out,_away_from_the_tune.nxlv","24_Out,_away_from_the_tune",72.85,low,,no verified win,replay analysis failed,"completionFrameMismatch(expected: 1753, actual: nil)"
NeoLemmix,Original_Lemmings,Original_Lemmings/ExtraLevels/Sunsoft/25_Stray_sheep.nxlv,25_Stray_sheep,109.4,low,,no verified win,not run,
NeoLemmix,Original_Lemmings,Original_Lemmings/ExtraLevels/Sunsoft/26_Just_a_minute_(Part_Three).nxlv,26_Just_a_minute_(Part_Three),89.5,low,,no verified win,not run,
NeoLemmix,Original_Lemmings,Original_Lemmings/ExtraLevels/Sunsoft/27_Two_heads_are_better....nxlv,27_Two_heads_are_better...,58.88,low,,no verified win,not run,
NeoLemmix,Original_Lemmings,Original_Lemmings/ExtraLevels/Sunsoft/28_The_gate_trap_Lemmings..nxlv,28_The_gate_trap_Lemmings.,103.4,low,,no verified win,replay analysis failed,"assignmentStateMismatch(sequence: 0, expectedPosition: NxlvKit.NeoLemmixPoint(x: 362, y: 72), actualPosition: NxlvKit.NeoLemmixPoint(x: 394, y: 80), expectedDirection: NxlvKit.NeoLemmixDirection.left, actualDirection: NxlvKit.NeoLemmixDirection.right, actualAction: NxlvKit.NeoLemmixAction.walking)"
NeoLemmix,Original_Lemmings,Original_Lemmings/ExtraLevels/Sunsoft/29_I_am_A.T..nxlv,29_I_am_A.T.,214.81,medium,dc5b7de8959c590ce3e3a8ff345266db7d101885261bd2a714f9a270a6bfe75f,verified win,replay verified,
NeoLemmix,Original_Lemmings,Original_Lemmings/ExtraLevels/Sunsoft/30_Fall_and_no_life_(Part_Two).nxlv,30_Fall_and_no_life_(Part_Two),90.9,low,,no verified win,replay analysis failed,"assignmentStateMismatch(sequence: 0, expectedPosition: NxlvKit.NeoLemmixPoint(x: 208, y: 48), actualPosition: NxlvKit.NeoLemmixPoint(x: 190, y: 48), expectedDirection: NxlvKit.NeoLemmixDirection.right, actualDirection: NxlvKit.NeoLemmixDirection.right, actualAction: NxlvKit.NeoLemmixAction.walking)"
NeoLemmix,Original_Lemmings,Original_Lemmings/HolidayLemmings/Blitz/01_Oogilemming!.nxlv,01_Oogilemming!,98.1,low,,no verified win,not run,
NeoLemmix,Original_Lemmings,Original_Lemmings/HolidayLemmings/Blitz/02_Lemmings_Up_High.nxlv,02_Lemmings_Up_High,67.25,low,,no verified win,not run,
NeoLemmix,Original_Lemmings,Original_Lemmings/HolidayLemmings/Blitz/03_Check_Your_Hints!.nxlv,03_Check_Your_Hints!,79.75,low,,no verified win,not run,
NeoLemmix,Original_Lemmings,Original_Lemmings/HolidayLemmings/Blitz/04_Santus_Lemmingus.nxlv,04_Santus_Lemmingus,109.65,low,,no verified win,not run,
NeoLemmix,Original_Lemmings,Original_Lemmings/HolidayLemmings/Blitz/05_It_Came_Upon_a_Lemnight_Clear.nxlv,05_It_Came_Upon_a_Lemnight_Clear,96.47,low,,no verified win,not run,
NeoLemmix,Original_Lemmings,Original_Lemmings/HolidayLemmings/Blitz/06_A_Single_Lemming....nxlv,06_A_Single_Lemming...,79.75,low,,no verified win,not run,
NeoLemmix,Original_Lemmings,Original_Lemmings/HolidayLemmings/Blitz/07_Break_on_through....nxlv,07_Break_on_through...,70.79,low,,no verified win,not run,
NeoLemmix,Original_Lemmings,Original_Lemmings/HolidayLemmings/Blitz/08_Presents_of_Mind_II.nxlv,08_Presents_of_Mind_II,61,low,,no verified win,not run,
NeoLemmix,Original_Lemmings,Original_Lemmings/HolidayLemmings/Blitz/09_Lemmings...The_Motion_Picture.nxlv,09_Lemmings...The_Motion_Picture,96.47,low,,no verified win,not run,
NeoLemmix,Original_Lemmings,Original_Lemmings/HolidayLemmings/Blitz/10_The_Wrath_of_Lem.nxlv,10_The_Wrath_of_Lem,87.75,low,,no verified win,not run,
NeoLemmix,Original_Lemmings,Original_Lemmings/HolidayLemmings/Blitz/11_The_Search_for_Lem.nxlv,11_The_Search_for_Lem,100.25,low,,no verified win,not run,
NeoLemmix,Original_Lemmings,Original_Lemmings/HolidayLemmings/Blitz/12_The_Voyage_Home....nxlv,12_The_Voyage_Home...,56.94,low,,no verified win,not run,
NeoLemmix,Original_Lemmings,Original_Lemmings/HolidayLemmings/Blitz/13_The_Final_Frontier.nxlv,13_The_Final_Frontier,104.18,low,,no verified win,not run,
NeoLemmix,Original_Lemmings,Original_Lemmings/HolidayLemmings/Blitz/14_The_Undiscovered_Country.nxlv,14_The_Undiscovered_Country,75.25,low,,no verified win,not run,
NeoLemmix,Original_Lemmings,Original_Lemmings/HolidayLemmings/Blitz/15_The_Needs_of_the_Many....nxlv,15_The_Needs_of_the_Many...,64.58,low,,no verified win,replay analysis failed,"assignmentStateMismatch(sequence: 0, expectedPosition: NxlvKit.NeoLemmixPoint(x: 30, y: 126), actualPosition: NxlvKit.NeoLemmixPoint(x: 30, y: 129), expectedDirection: NxlvKit.NeoLemmixDirection.right, actualDirection: NxlvKit.NeoLemmixDirection.right, actualAction: NxlvKit.NeoLemmixAction.falling)"
NeoLemmix,Original_Lemmings,Original_Lemmings/HolidayLemmings/Blitz/16_The_Next_Lemeration.nxlv,16_The_Next_Lemeration,77.8,low,,no verified win,not run,
NeoLemmix,Original_Lemmings,Original_Lemmings/HolidayLemmings/Flurry/01_Climbing_to_the_Top!.nxlv,01_Climbing_to_the_Top!,98.5,low,,no verified win,not run,
NeoLemmix,Original_Lemmings,Original_Lemmings/HolidayLemmings/Flurry/02_Floating_Lemming_Flurry.nxlv,02_Floating_Lemming_Flurry,106.38,low,,no verified win,not run,
NeoLemmix,Original_Lemmings,Original_Lemmings/HolidayLemmings/Flurry/03_Holiday_Mining.nxlv,03_Holiday_Mining,103.71,low,,no verified win,not run,
NeoLemmix,Original_Lemmings,Original_Lemmings/HolidayLemmings/Flurry/04_Lemming_Tracks_in_the_Snow!.nxlv,04_Lemming_Tracks_in_the_Snow!,111.25,low,,no verified win,not run,
NeoLemmix,Original_Lemmings,Original_Lemmings/HolidayLemmings/Flurry/05_Christmas_South_of_the_Equator.nxlv,05_Christmas_South_of_the_Equator,92.83,low,,no verified win,not run,
NeoLemmix,Original_Lemmings,Original_Lemmings/HolidayLemmings/Flurry/06_Lemming_Snowfall.nxlv,06_Lemming_Snowfall,90.25,low,,no verified win,not run,
NeoLemmix,Original_Lemmings,Original_Lemmings/HolidayLemmings/Flurry/07_Lemming_Snowjourn.nxlv,07_Lemming_Snowjourn,82.25,low,,no verified win,not run,
NeoLemmix,Original_Lemmings,Original_Lemmings/HolidayLemmings/Flurry/08_Clouds_of_Lemmings.nxlv,08_Clouds_of_Lemmings,110.44,low,,no verified win,not run,
NeoLemmix,Original_Lemmings,Original_Lemmings/HolidayLemmings/Flurry/09_A_Block_from_Home.nxlv,09_A_Block_from_Home,112.47,low,,no verified win,replay analysis failed,"assignmentStateMismatch(sequence: 0, expectedPosition: NxlvKit.NeoLemmixPoint(x: 55, y: 142), actualPosition: NxlvKit.NeoLemmixPoint(x: 54, y: 141), expectedDirection: NxlvKit.NeoLemmixDirection.left, actualDirection: NxlvKit.NeoLemmixDirection.left, actualAction: NxlvKit.NeoLemmixAction.walking)"
NeoLemmix,Original_Lemmings,Original_Lemmings/HolidayLemmings/Flurry/10_32_Lemmings_Below_Zero.nxlv,10_32_Lemmings_Below_Zero,108.79,low,,no verified win,not run,
NeoLemmix,Original_Lemmings,Original_Lemmings/HolidayLemmings/Flurry/11_At_Home_in_a_Cave.nxlv,11_At_Home_in_a_Cave,91.44,low,,no verified win,not run,
NeoLemmix,Original_Lemmings,Original_Lemmings/HolidayLemmings/Flurry/12_Presents_of_Mind.nxlv,12_Presents_of_Mind,59.78,low,,no verified win,not run,
NeoLemmix,Original_Lemmings,Original_Lemmings/HolidayLemmings/Flurry/13_Yo-yo_Lem-lem.nxlv,13_Yo-yo_Lem-lem,75.25,low,,no verified win,not run,
NeoLemmix,Original_Lemmings,Original_Lemmings/HolidayLemmings/Flurry/14_Marshmallow_Land.nxlv,14_Marshmallow_Land,96.47,low,,no verified win,not run,
NeoLemmix,Original_Lemmings,Original_Lemmings/HolidayLemmings/Flurry/15_Head_for_the_Hills!.nxlv,15_Head_for_the_Hills!,87.75,low,,no verified win,not run,
NeoLemmix,Original_Lemmings,Original_Lemmings/HolidayLemmings/Flurry/16_The_Long_Way_Around.nxlv,16_The_Long_Way_Around,90.75,low,,no verified win,replay analysis failed,"assignmentStateMismatch(sequence: 0, expectedPosition: NxlvKit.NeoLemmixPoint(x: 379, y: 69), actualPosition: NxlvKit.NeoLemmixPoint(x: 425, y: 54), expectedDirection: NxlvKit.NeoLemmixDirection.left, actualDirection: NxlvKit.NeoLemmixDirection.left, actualAction: NxlvKit.NeoLemmixAction.walking)"
NeoLemmix,Original_Lemmings,Original_Lemmings/HolidayLemmings/Frost/01_Chains_of_Command.nxlv,01_Chains_of_Command,98.5,low,,no verified win,not run,
NeoLemmix,Original_Lemmings,Original_Lemmings/HolidayLemmings/Frost/02_Ski_Jump!.nxlv,02_Ski_Jump!,115.25,low,,no verified win,not run,
NeoLemmix,Original_Lemmings,Original_Lemmings/HolidayLemmings/Frost/03_CindyLand.nxlv,03_CindyLand,96.47,low,,no verified win,replay analysis failed,"assignmentStateMismatch(sequence: 0, expectedPosition: NxlvKit.NeoLemmixPoint(x: 690, y: 139), actualPosition: NxlvKit.NeoLemmixPoint(x: 691, y: 139), expectedDirection: NxlvKit.NeoLemmixDirection.right, actualDirection: NxlvKit.NeoLemmixDirection.right, actualAction: NxlvKit.NeoLemmixAction.walking)"
NeoLemmix,Original_Lemmings,Original_Lemmings/HolidayLemmings/Frost/04_Separate_Ways.nxlv,04_Separate_Ways,72.85,low,,no verified win,not run,
NeoLemmix,Original_Lemmings,Original_Lemmings/HolidayLemmings/Frost/05_Lemming_Reunification.nxlv,05_Lemming_Reunification,98.5,low,,no verified win,not run,
NeoLemmix,Original_Lemmings,Original_Lemmings/HolidayLemmings/Frost/06_The_Land_of_the_Bizarre.nxlv,06_The_Land_of_the_Bizarre,87.29,low,,no verified win,not run,
NeoLemmix,Original_Lemmings,Original_Lemmings/HolidayLemmings/Frost/07_Happy_New_Year!.nxlv,07_Happy_New_Year!,71.5,low,,no verified win,not run,
NeoLemmix,Original_Lemmings,Original_Lemmings/HolidayLemmings/Frost/08_Division_Bell.nxlv,08_Division_Bell,96.47,low,,no verified win,not run,
NeoLemmix,Original_Lemmings,Original_Lemmings/HolidayLemmings/Frost/09_Quest_for_Kieran.nxlv,09_Quest_for_Kieran,95.75,low,,no verified win,replay analysis failed,"assignmentStateMismatch(sequence: 0, expectedPosition: NxlvKit.NeoLemmixPoint(x: 383, y: 115), actualPosition: NxlvKit.NeoLemmixPoint(x: 427, y: 101), expectedDirection: NxlvKit.NeoLemmixDirection.left, actualDirection: NxlvKit.NeoLemmixDirection.left, actualAction: NxlvKit.NeoLemmixAction.walking)"
NeoLemmix,Original_Lemmings,Original_Lemmings/HolidayLemmings/Frost/10_Four_Play.nxlv,10_Four_Play,555.38,medium,c6c7b15934cb1866852330a2e30a14c1571df7bd8f28fa4d2e8c78e6860ab5ad,verified win,replay verified,
NeoLemmix,Original_Lemmings,Original_Lemmings/HolidayLemmings/Frost/11_Maybe_not_such_a_doddle.nxlv,11_Maybe_not_such_a_doddle,98.5,low,,no verified win,not run,
NeoLemmix,Original_Lemmings,Original_Lemmings/HolidayLemmings/Frost/12_It's_Boxing_Day!.nxlv,12_It's_Boxing_Day!,74.44,low,,no verified win,not run,
NeoLemmix,Original_Lemmings,Original_Lemmings/HolidayLemmings/Frost/13_2_Minutes_before_midnight.nxlv,13_2_Minutes_before_midnight,61,low,,no verified win,not run,
NeoLemmix,Original_Lemmings,Original_Lemmings/HolidayLemmings/Frost/14_Happy_New_Year_II!.nxlv,14_Happy_New_Year_II!,71.9,low,,no verified win,not run,
NeoLemmix,Original_Lemmings,Original_Lemmings/HolidayLemmings/Frost/15_Plethora_of_Presents.nxlv,15_Plethora_of_Presents,95.1,low,,no verified win,replay analysis failed,"assignmentStateMismatch(sequence: 0, expectedPosition: NxlvKit.NeoLemmixPoint(x: 512, y: 67), actualPosition: NxlvKit.NeoLemmixPoint(x: 513, y: 66), expectedDirection: NxlvKit.NeoLemmixDirection.right, actualDirection: NxlvKit.NeoLemmixDirection.right, actualAction: NxlvKit.NeoLemmixAction.walking)"
NeoLemmix,Original_Lemmings,Original_Lemmings/HolidayLemmings/Frost/16_Up_on_the_Rooftops.nxlv,16_Up_on_the_Rooftops,79.34,low,,no verified win,not run,
NeoLemmix,Original_Lemmings,Original_Lemmings/HolidayLemmings/Hail/01_Go_Thataway!.nxlv,01_Go_Thataway!,103.4,low,,no verified win,not run,
NeoLemmix,Original_Lemmings,Original_Lemmings/HolidayLemmings/Hail/02_Break_On_Through.nxlv,02_Break_On_Through,93.72,low,,no verified win,not run,
NeoLemmix,Original_Lemmings,Original_Lemmings/HolidayLemmings/Hail/03_And_a_Happy_New_Year!.nxlv,03_And_a_Happy_New_Year!,98.25,low,,no verified win,not run,
NeoLemmix,Original_Lemmings,Original_Lemmings/HolidayLemmings/Hail/04_Lemmintaschen_.nxlv,04_Lemmintaschen_,91.44,low,,no verified win,not run,
NeoLemmix,Original_Lemmings,Original_Lemmings/HolidayLemmings/Hail/05_Get_the_Point_.nxlv,05_Get_the_Point_,73.09,low,,no verified win,not run,
NeoLemmix,Original_Lemmings,Original_Lemmings/HolidayLemmings/Hail/06_Surprise_Package_.nxlv,06_Surprise_Package_,33.22,low,,no verified win,not run,
NeoLemmix,Original_Lemmings,Original_Lemmings/HolidayLemmings/Hail/07_Steel_Ice_Span.nxlv,07_Steel_Ice_Span,61,low,,no verified win,not run,
NeoLemmix,Original_Lemmings,Original_Lemmings/HolidayLemmings/Hail/08_Sir_Edmund_Hilemming.nxlv,08_Sir_Edmund_Hilemming,79.75,low,,no verified win,not run,
NeoLemmix,Original_Lemmings,"Original_Lemmings/HolidayLemmings/Hail/09_Up,_up,_and_away!.nxlv","09_Up,_up,_and_away!",75.25,low,,no verified win,not run,
NeoLemmix,Original_Lemmings,"Original_Lemmings/HolidayLemmings/Hail/10_Lemmy_in_the_cold,_cold_ground.nxlv","10_Lemmy_in_the_cold,_cold_ground",87.75,low,,no verified win,replay analysis failed,"assignmentStateMismatch(sequence: 0, expectedPosition: NxlvKit.NeoLemmixPoint(x: 146, y: 147), actualPosition: NxlvKit.NeoLemmixPoint(x: 147, y: 151), expectedDirection: NxlvKit.NeoLemmixDirection.right, actualDirection: NxlvKit.NeoLemmixDirection.right, actualAction: NxlvKit.NeoLemmixAction.falling)"
NeoLemmix,Original_Lemmings,Original_Lemmings/HolidayLemmings/Hail/11_Emmings!__(No_L).nxlv,11_Emmings!__(No_L),100.25,low,,no verified win,replay analysis failed,"assignmentStateMismatch(sequence: 0, expectedPosition: NxlvKit.NeoLemmixPoint(x: 463, y: 65), actualPosition: NxlvKit.NeoLemmixPoint(x: 575, y: 132), expectedDirection: NxlvKit.NeoLemmixDirection.left, actualDirection: NxlvKit.NeoLemmixDirection.right, actualAction: NxlvKit.NeoLemmixAction.walking)"
NeoLemmix,Original_Lemmings,Original_Lemmings/HolidayLemmings/Hail/12_Merry_Christmaze.nxlv,12_Merry_Christmaze,54.75,low,,no verified win,not run,
NeoLemmix,Original_Lemmings,Original_Lemmings/HolidayLemmings/Hail/13_Polar_Expedition.nxlv,13_Polar_Expedition,92.25,low,,no verified win,not run,
NeoLemmix,Original_Lemmings,Original_Lemmings/HolidayLemmings/Hail/14_Rendezvous_II.nxlv,14_Rendezvous_II,92.25,low,,no verified win,not run,
NeoLemmix,Original_Lemmings,Original_Lemmings/HolidayLemmings/Hail/15_Steel_Block_Party.nxlv,15_Steel_Block_Party,94,low,,no verified win,replay analysis failed,"assignmentStateMismatch(sequence: 0, expectedPosition: NxlvKit.NeoLemmixPoint(x: 64, y: 100), actualPosition: NxlvKit.NeoLemmixPoint(x: 65, y: 100), expectedDirection: NxlvKit.NeoLemmixDirection.right, actualDirection: NxlvKit.NeoLemmixDirection.right, actualAction: NxlvKit.NeoLemmixAction.walking)"
NeoLemmix,Original_Lemmings,Original_Lemmings/HolidayLemmings/Hail/16_Peak_of_Performance.nxlv,16_Peak_of_Performance,106.5,low,,no verified win,not run,
NeoLemmix,Original_Lemmings,Original_Lemmings/Lemmings/Fun/01_Just_dig!.nxlv,01_Just_dig!,77.85,high,02f6e60b7860fbf78ce662ad6f93f3cca1f8cd7f48cae4366c2256bb4f4a410f,verified win,replay verified,
NeoLemmix,Original_Lemmings,Original_Lemmings/Lemmings/Fun/02_Only_floaters_can_survive_this.nxlv,02_Only_floaters_can_survive_this,154.29,medium,eddaed58d39ee9122fb76074f5b6bbe8897f07ee1daed5978afc01543f6f8c01,verified win,replay verified,
NeoLemmix,Original_Lemmings,Original_Lemmings/Lemmings/Fun/03_Tailor-made_for_blockers.nxlv,03_Tailor-made_for_blockers,83.97,medium,9ea829e037369388780a60f666d4e005e709e757a71131b82935354b6e5dbd87,verified win,replay verified,
NeoLemmix,Original_Lemmings,Original_Lemmings/Lemmings/Fun/04_Now_use_miners_and_climbers.nxlv,04_Now_use_miners_and_climbers,250.22,medium,cd51775cb2ee2d25ece42bf6b34e95ee0a9593b03440fcfe05ae90eec1a5ba4b,verified win,replay verified,
NeoLemmix,Original_Lemmings,Original_Lemmings/Lemmings/Fun/05_You_need_bashers_this_time.nxlv,05_You_need_bashers_this_time,91.69,medium,2e091bb2ef4f1919b2a367f45d2b9631a05a00a2887e45fc7d01abd8bf83bed1,verified win,replay verified,
NeoLemmix,Original_Lemmings,Original_Lemmings/Lemmings/Fun/06_A_task_for_bombers.nxlv,06_A_task_for_bombers,97.84,medium,3db858f14ce46dd74f86422942396ec40779fa5d63a367b769ed0502abecfa2e,verified win,replay verified,
NeoLemmix,Original_Lemmings,Original_Lemmings/Lemmings/Fun/07_Builders_will_help_you_here.nxlv,07_Builders_will_help_you_here,46.5,low,,no verified win,replay analysis failed,"completionFrameMismatch(expected: 1204, actual: nil)"
NeoLemmix,Original_Lemmings,Original_Lemmings/Lemmings/Fun/08_Not_as_complicated_as_it_looks.nxlv,08_Not_as_complicated_as_it_looks,104.88,low,,no verified win,not run,
NeoLemmix,Original_Lemmings,Original_Lemmings/Lemmings/Fun/09_As_long_as_you_try_your_best.nxlv,09_As_long_as_you_try_your_best,111.25,low,,no verified win,not run,
NeoLemmix,Original_Lemmings,Original_Lemmings/Lemmings/Fun/10_Smile_if_you_love_lemmings.nxlv,10_Smile_if_you_love_lemmings,90.25,low,,no verified win,not run,
NeoLemmix,Original_Lemmings,Original_Lemmings/Lemmings/Fun/11_Keep_your_hair_on_Mr._Lemming.nxlv,11_Keep_your_hair_on_Mr._Lemming,101.08,low,,no verified win,replay analysis failed,"completionFrameMismatch(expected: 1330, actual: nil)"
NeoLemmix,Original_Lemmings,Original_Lemmings/Lemmings/Fun/12_Patience.nxlv,12_Patience,353.68,medium,9019dcdd2720eacbf29f2180bd0027d21fbac63ae9c98d75210766d24a5a1f1d,verified win,replay verified,
NeoLemmix,Original_Lemmings,Original_Lemmings/Lemmings/Fun/13_We_all_fall_down.nxlv,13_We_all_fall_down,62.75,low,,no verified win,not run,
NeoLemmix,Original_Lemmings,Original_Lemmings/Lemmings/Fun/14_Origins_and_Lemmings.nxlv,14_Origins_and_Lemmings,98.38,low,,no verified win,not run,
NeoLemmix,Original_Lemmings,Original_Lemmings/Lemmings/Fun/15_Don't_let_your_eyes_deceive_you.nxlv,15_Don't_let_your_eyes_deceive_you,100,low,,no verified win,not run,
NeoLemmix,Original_Lemmings,Original_Lemmings/Lemmings/Fun/16_Don't_do_anything_too_hasty.nxlv,16_Don't_do_anything_too_hasty,94.31,low,,no verified win,not run,
NeoLemmix,Original_Lemmings,Original_Lemmings/Lemmings/Fun/17_Easy_when_you_know_how.nxlv,17_Easy_when_you_know_how,87,low,,no verified win,not run,
NeoLemmix,Original_Lemmings,Original_Lemmings/Lemmings/Fun/18_Let's_block_and_blow.nxlv,18_Let's_block_and_blow,59.71,low,,no verified win,not run,
NeoLemmix,Original_Lemmings,Original_Lemmings/Lemmings/Fun/19_Take_good_care_of_my_Lemmings.nxlv,19_Take_good_care_of_my_Lemmings,88.75,low,,no verified win,not run,
NeoLemmix,Original_Lemmings,Original_Lemmings/Lemmings/Fun/20_We_are_now_at_LEMCON_ONE.nxlv,20_We_are_now_at_LEMCON_ONE,101.5,low,,no verified win,not run,
NeoLemmix,Original_Lemmings,Original_Lemmings/Lemmings/Fun/21_You_Live_and_Lem.nxlv,21_You_Live_and_Lem,101.5,low,,no verified win,replay analysis failed,"completionFrameMismatch(expected: 1751, actual: nil)"
NeoLemmix,Original_Lemmings,Original_Lemmings/Lemmings/Fun/22_A_Beast_of_a_level.nxlv,22_A_Beast_of_a_level,92,low,,no verified win,not run,
NeoLemmix,Original_Lemmings,Original_Lemmings/Lemmings/Fun/23_I've_lost_that_Lemming_feeling.nxlv,23_I've_lost_that_Lemming_feeling,91.53,low,,no verified win,not run,
NeoLemmix,Original_Lemmings,Original_Lemmings/Lemmings/Fun/24_Konbanwa_Lemming_san.nxlv,24_Konbanwa_Lemming_san,105.07,low,,no verified win,not run,
NeoLemmix,Original_Lemmings,Original_Lemmings/Lemmings/Fun/25_Lemmings_Lemmings_everywhere.nxlv,25_Lemmings_Lemmings_everywhere,82.25,low,,no verified win,not run,
NeoLemmix,Original_Lemmings,Original_Lemmings/Lemmings/Fun/26_Nightmare_on_Lem_street.nxlv,26_Nightmare_on_Lem_street,114.5,low,,no verified win,not run,
NeoLemmix,Original_Lemmings,Original_Lemmings/Lemmings/Fun/27_Let's_be_careful_out_there.nxlv,27_Let's_be_careful_out_there,90.25,low,,no verified win,replay analysis failed,"completionFrameMismatch(expected: 1009, actual: nil)"
NeoLemmix,Original_Lemmings,Original_Lemmings/Lemmings/Fun/28_If_only_they_could_fly.nxlv,28_If_only_they_could_fly,104.3,low,,no verified win,not run,
NeoLemmix,Original_Lemmings,Original_Lemmings/Lemmings/Fun/29_worra_lorra_lemmings.nxlv,29_worra_lorra_lemmings,93.5,low,,no verified win,not run,
NeoLemmix,Original_Lemmings,Original_Lemmings/Lemmings/Fun/30_Lock_up_your_Lemmings.nxlv,30_Lock_up_your_Lemmings,103.67,low,,no verified win,not run,
NeoLemmix,Original_Lemmings,Original_Lemmings/Lemmings/Mayhem/01_Steel_Works.nxlv,01_Steel_Works,84.5,low,,no verified win,not run,
NeoLemmix,Original_Lemmings,Original_Lemmings/Lemmings/Mayhem/02_The_Boiler_Room.nxlv,02_The_Boiler_Room,92.5,low,,no verified win,replay analysis failed,"assignmentStateMismatch(sequence: 0, expectedPosition: NxlvKit.NeoLemmixPoint(x: 396, y: 100), actualPosition: NxlvKit.NeoLemmixPoint(x: 404, y: 100), expectedDirection: NxlvKit.NeoLemmixDirection.left, actualDirection: NxlvKit.NeoLemmixDirection.left, actualAction: NxlvKit.NeoLemmixAction.walking)"
NeoLemmix,Original_Lemmings,Original_Lemmings/Lemmings/Mayhem/03_It's_hero_time!.nxlv,03_It's_hero_time!,115.9,low,,no verified win,replay analysis failed,"completionFrameMismatch(expected: 1000, actual: nil)"
NeoLemmix,Original_Lemmings,Original_Lemmings/Lemmings/Mayhem/04_The_Crossroads.nxlv,04_The_Crossroads,61,low,,no verified win,not run,
NeoLemmix,Original_Lemmings,"Original_Lemmings/Lemmings/Mayhem/05_Down,_along,_up._In_that_order.nxlv","05_Down,_along,_up._In_that_order",102.93,low,,no verified win,replay analysis failed,"assignmentStateMismatch(sequence: 0, expectedPosition: NxlvKit.NeoLemmixPoint(x: 519, y: 45), actualPosition: NxlvKit.NeoLemmixPoint(x: 537, y: 45), expectedDirection: NxlvKit.NeoLemmixDirection.left, actualDirection: NxlvKit.NeoLemmixDirection.right, actualAction: NxlvKit.NeoLemmixAction.walking)"
NeoLemmix,Original_Lemmings,Original_Lemmings/Lemmings/Mayhem/06_One_way_or_another.nxlv,06_One_way_or_another,90.9,low,,no verified win,replay analysis failed,spawnedCountMismatch(sequence: 13)
NeoLemmix,Original_Lemmings,Original_Lemmings/Lemmings/Mayhem/07_Poles_Apart.nxlv,07_Poles_Apart,92.5,low,,no verified win,replay analysis failed,spawnedCountMismatch(sequence: 15)
NeoLemmix,Original_Lemmings,Original_Lemmings/Lemmings/Mayhem/08_Last_one_out_is_a_rotten_egg!.nxlv,08_Last_one_out_is_a_rotten_egg!,98.75,low,,no verified win,replay analysis failed,spawnedCountMismatch(sequence: 11)
NeoLemmix,Original_Lemmings,Original_Lemmings/Lemmings/Mayhem/09_Curse_of_the_Pharaohs.nxlv,09_Curse_of_the_Pharaohs,87.42,low,,no verified win,not run,
NeoLemmix,Original_Lemmings,Original_Lemmings/Lemmings/Mayhem/10_Pillars_of_Hercules.nxlv,10_Pillars_of_Hercules,89.42,low,,no verified win,not run,
NeoLemmix,Original_Lemmings,Original_Lemmings/Lemmings/Mayhem/11_We_all_fall_down.nxlv,11_We_all_fall_down,62.75,low,,no verified win,not run,
NeoLemmix,Original_Lemmings,Original_Lemmings/Lemmings/Mayhem/12_The_Far_Side.nxlv,12_The_Far_Side,86,low,,no verified win,replay analysis failed,"assignmentStateMismatch(sequence: 0, expectedPosition: NxlvKit.NeoLemmixPoint(x: 286, y: 72), actualPosition: NxlvKit.NeoLemmixPoint(x: 322, y: 72), expectedDirection: NxlvKit.NeoLemmixDirection.left, actualDirection: NxlvKit.NeoLemmixDirection.right, actualAction: NxlvKit.NeoLemmixAction.walking)"
NeoLemmix,Original_Lemmings,Original_Lemmings/Lemmings/Mayhem/13_The_Great_Lemming_Caper.nxlv,13_The_Great_Lemming_Caper,535.2,medium,1d7892158348f9b7cff33383dc984e4593ecdfd15cfd179ccab73d10d23cde9e,verified win,replay verified,
NeoLemmix,Original_Lemmings,Original_Lemmings/Lemmings/Mayhem/14_Pea_Soup.nxlv,14_Pea_Soup,79.47,low,,no verified win,not run,
NeoLemmix,Original_Lemmings,Original_Lemmings/Lemmings/Mayhem/15_The_Fast_Food_Kitchen....nxlv,15_The_Fast_Food_Kitchen...,113.2,low,,no verified win,not run,
NeoLemmix,Original_Lemmings,Original_Lemmings/Lemmings/Mayhem/16_Just_a_Minute....nxlv,16_Just_a_Minute...,331.26,medium,d34b04a5cee24eccec6d3bf727e946fc8d00e8ddc725125d12d7250267d695ed,verified win,replay verified,
NeoLemmix,Original_Lemmings,Original_Lemmings/Lemmings/Mayhem/17_Stepping_Stones.nxlv,17_Stepping_Stones,96.19,low,,no verified win,not run,
NeoLemmix,Original_Lemmings,Original_Lemmings/Lemmings/Mayhem/18_And_then_there_were_four.....nxlv,18_And_then_there_were_four....,97,low,,no verified win,replay analysis failed,"assignmentStateMismatch(sequence: 0, expectedPosition: NxlvKit.NeoLemmixPoint(x: 386, y: 154), actualPosition: NxlvKit.NeoLemmixPoint(x: 446, y: 154), expectedDirection: NxlvKit.NeoLemmixDirection.left, actualDirection: NxlvKit.NeoLemmixDirection.right, actualAction: NxlvKit.NeoLemmixAction.walking)"
NeoLemmix,Original_Lemmings,Original_Lemmings/Lemmings/Mayhem/19_Time_to_get_up!.nxlv,19_Time_to_get_up!,72.65,low,,no verified win,not run,
NeoLemmix,Original_Lemmings,Original_Lemmings/Lemmings/Mayhem/20_No_added_colours_or_Lemmings.nxlv,20_No_added_colours_or_Lemmings,365.64,medium,815ea33f4f28a1374cd28495bb1430b14b76145e5a9b9d6c5bdeb5349cbb8443,verified win,replay verified,
NeoLemmix,Original_Lemmings,Original_Lemmings/Lemmings/Mayhem/21_With_a_twist_of_lemming_please.nxlv,21_With_a_twist_of_lemming_please,79.75,low,,no verified win,replay analysis failed,"completionFrameMismatch(expected: 2816, actual: nil)"
NeoLemmix,Original_Lemmings,Original_Lemmings/Lemmings/Mayhem/22_A_BeastII_of_a_level.nxlv,22_A_BeastII_of_a_level,93.62,low,,no verified win,replay analysis failed,spawnedCountMismatch(sequence: 22)
NeoLemmix,Original_Lemmings,Original_Lemmings/Lemmings/Mayhem/23_Going_up........nxlv,23_Going_up.......,89.25,low,,no verified win,not run,
NeoLemmix,Original_Lemmings,Original_Lemmings/Lemmings/Mayhem/24_All_or_Nothing.nxlv,24_All_or_Nothing,70.75,low,,no verified win,not run,
NeoLemmix,Original_Lemmings,Original_Lemmings/Lemmings/Mayhem/25_Have_a_nice_day!.nxlv,25_Have_a_nice_day!,97,low,,no verified win,not run,
NeoLemmix,Original_Lemmings,Original_Lemmings/Lemmings/Mayhem/26_The_Steel_Mines_of_Kessel.nxlv,26_The_Steel_Mines_of_Kessel,80,low,,no verified win,replay analysis failed,"completionFrameMismatch(expected: 3965, actual: nil)"
NeoLemmix,Original_Lemmings,Original_Lemmings/Lemmings/Mayhem/27_Just_a_Minute_(Part_Two).nxlv,27_Just_a_Minute_(Part_Two),434.46,medium,1bf8c6c6e34f2ef7f65f57fd5b76fd199d694380a533197870779a089d0b413e,verified win,replay verified,
NeoLemmix,Original_Lemmings,Original_Lemmings/Lemmings/Mayhem/28_Mind_the_step......nxlv,28_Mind_the_step.....,83.25,low,,no verified win,not run,
NeoLemmix,Original_Lemmings,Original_Lemmings/Lemmings/Mayhem/29_Save_Me.nxlv,29_Save_Me,75,low,,no verified win,not run,
NeoLemmix,Original_Lemmings,Original_Lemmings/Lemmings/Mayhem/30_Rendezvous_at_the_Mountain.nxlv,30_Rendezvous_at_the_Mountain,110.58,low,,no verified win,not run,
NeoLemmix,Original_Lemmings,Original_Lemmings/Lemmings/Taxing/01_If_at_first_you_don't_succeed...nxlv,01_If_at_first_you_don't_succeed..,659.07,medium,6b1f273eda3f4ca51d669896eef824fd0be75809a938912a2e5983694b017405,verified win,replay verified,
NeoLemmix,Original_Lemmings,"Original_Lemmings/Lemmings/Taxing/02_Watch_out,_there's_traps_about.nxlv","02_Watch_out,_there's_traps_about",109.4,low,,no verified win,replay analysis failed,"completionFrameMismatch(expected: 1339, actual: nil)"
NeoLemmix,Original_Lemmings,Original_Lemmings/Lemmings/Taxing/03_Heaven_can_wait_(we_hope!!!!).nxlv,03_Heaven_can_wait_(we_hope!!!!),100.25,low,,no verified win,not run,
NeoLemmix,Original_Lemmings,Original_Lemmings/Lemmings/Taxing/04_Lend_a_helping_hand.....nxlv,04_Lend_a_helping_hand....,96.68,low,,no verified win,not run,
NeoLemmix,Original_Lemmings,Original_Lemmings/Lemmings/Taxing/05_The_Prison!.nxlv,05_The_Prison!,87.62,low,,no verified win,not run,
NeoLemmix,Original_Lemmings,Original_Lemmings/Lemmings/Taxing/06_Compression_Method_1.nxlv,06_Compression_Method_1,68.5,low,,no verified win,replay analysis failed,"assignmentStateMismatch(sequence: 3, expectedPosition: NxlvKit.NeoLemmixPoint(x: 96, y: 148), actualPosition: NxlvKit.NeoLemmixPoint(x: 95, y: 148), expectedDirection: NxlvKit.NeoLemmixDirection.left, actualDirection: NxlvKit.NeoLemmixDirection.left, actualAction: NxlvKit.NeoLemmixAction.walking)"
NeoLemmix,Original_Lemmings,Original_Lemmings/Lemmings/Taxing/07_Every_Lemming_for_himself!!!.nxlv,07_Every_Lemming_for_himself!!!,95.1,low,,no verified win,not run,
NeoLemmix,Original_Lemmings,Original_Lemmings/Lemmings/Taxing/08_The_Art_Gallery.nxlv,08_The_Art_Gallery,87.75,low,,no verified win,not run,
NeoLemmix,Original_Lemmings,Original_Lemmings/Lemmings/Taxing/09_Perseverance.nxlv,09_Perseverance,428.22,medium,07f4f2840fd16ee408060be45848ae9568828e6ae70eabbaf3b368c43ae459c3,verified win,replay verified,
NeoLemmix,Original_Lemmings,Original_Lemmings/Lemmings/Taxing/10_Izzie_Wizzie_lemmings_get_busy.nxlv,10_Izzie_Wizzie_lemmings_get_busy,438.69,medium,97c9be44d0bc9c675d07a256d176c2a3188767708b0001de827ce2a142689645,verified win,replay verified,
NeoLemmix,Original_Lemmings,Original_Lemmings/Lemmings/Taxing/11_The_ascending_pillar_scenario.nxlv,11_The_ascending_pillar_scenario,94,low,,no verified win,not run,
NeoLemmix,Original_Lemmings,Original_Lemmings/Lemmings/Taxing/12_Livin'_On_The_Edge.nxlv,12_Livin'_On_The_Edge,109.4,low,,no verified win,not run,
NeoLemmix,Original_Lemmings,Original_Lemmings/Lemmings/Taxing/13_Upsidedown_World.nxlv,13_Upsidedown_World,107.93,low,,no verified win,replay analysis failed,spawnedCountMismatch(sequence: 10)
NeoLemmix,Original_Lemmings,Original_Lemmings/Lemmings/Taxing/14_Hunt_the_Nessy.....nxlv,14_Hunt_the_Nessy....,92.38,low,,no verified win,not run,
NeoLemmix,Original_Lemmings,Original_Lemmings/Lemmings/Taxing/15_What_an_AWESOME_level.nxlv,15_What_an_AWESOME_level,92,low,,no verified win,replay analysis failed,spawnedCountMismatch(sequence: 14)
NeoLemmix,Original_Lemmings,Original_Lemmings/Lemmings/Taxing/16_Mary_Poppins'_land.nxlv,16_Mary_Poppins'_land,80.53,low,,no verified win,not run,
NeoLemmix,Original_Lemmings,Original_Lemmings/Lemmings/Taxing/17_X_marks_the_spot.nxlv,17_X_marks_the_spot,93.9,low,,no verified win,not run,
NeoLemmix,Original_Lemmings,Original_Lemmings/Lemmings/Taxing/18_Tribute_to_M.C.Escher.nxlv,18_Tribute_to_M.C.Escher,77.17,low,,no verified win,not run,
NeoLemmix,Original_Lemmings,Original_Lemmings/Lemmings/Taxing/19_Bomboozal.nxlv,19_Bomboozal,59.96,low,,no verified win,not run,
NeoLemmix,Original_Lemmings,Original_Lemmings/Lemmings/Taxing/20_Walk_the_web_rope.nxlv,20_Walk_the_web_rope,94.89,low,,no verified win,not run,
NeoLemmix,Original_Lemmings,Original_Lemmings/Lemmings/Taxing/21_Feel_the_heat!.nxlv,21_Feel_the_heat!,114.5,low,,no verified win,not run,
NeoLemmix,Original_Lemmings,Original_Lemmings/Lemmings/Taxing/22_Come_on_over_to_my_place.nxlv,22_Come_on_over_to_my_place,94,low,,no verified win,replay analysis failed,"completionFrameMismatch(expected: 868, actual: nil)"
NeoLemmix,Original_Lemmings,Original_Lemmings/Lemmings/Taxing/23_King_of_the_castle.nxlv,23_King_of_the_castle,61.12,low,,no verified win,not run,
NeoLemmix,Original_Lemmings,Original_Lemmings/Lemmings/Taxing/24_Take_a_running_jump......nxlv,24_Take_a_running_jump.....,62.43,low,,no verified win,not run,
NeoLemmix,Original_Lemmings,Original_Lemmings/Lemmings/Taxing/25_Follow_the_leader....nxlv,25_Follow_the_leader...,64,low,,no verified win,not run,
NeoLemmix,Original_Lemmings,Original_Lemmings/Lemmings/Taxing/26_Triple_Trouble.nxlv,26_Triple_Trouble,115.58,low,,no verified win,replay analysis failed,"assignmentStateMismatch(sequence: 0, expectedPosition: NxlvKit.NeoLemmixPoint(x: 175, y: 36), actualPosition: NxlvKit.NeoLemmixPoint(x: 185, y: 36), expectedDirection: NxlvKit.NeoLemmixDirection.right, actualDirection: NxlvKit.NeoLemmixDirection.right, actualAction: NxlvKit.NeoLemmixAction.walking)"
NeoLemmix,Original_Lemmings,Original_Lemmings/Lemmings/Taxing/27_Call_in_the_bomb_squad.nxlv,27_Call_in_the_bomb_squad,62.25,low,,no verified win,not run,
NeoLemmix,Original_Lemmings,Original_Lemmings/Lemmings/Taxing/28_POOR_WEE_CREATURES!.nxlv,28_POOR_WEE_CREATURES!,98.5,low,,no verified win,replay analysis failed,"completionFrameMismatch(expected: 3141, actual: nil)"
NeoLemmix,Original_Lemmings,Original_Lemmings/Lemmings/Taxing/29_How_do_I_dig_up_the_way_.nxlv,29_How_do_I_dig_up_the_way_,104.88,low,,no verified win,not run,
NeoLemmix,Original_Lemmings,Original_Lemmings/Lemmings/Taxing/30_We_all_fall_down.nxlv,30_We_all_fall_down,62.75,low,,no verified win,not run,
NeoLemmix,Original_Lemmings,Original_Lemmings/Lemmings/Tricky/01_This_should_be_a_doddle!.nxlv,01_This_should_be_a_doddle!,82.25,low,,no verified win,not run,
NeoLemmix,Original_Lemmings,Original_Lemmings/Lemmings/Tricky/02_We_all_fall_down.nxlv,02_We_all_fall_down,62.75,low,,no verified win,not run,
NeoLemmix,Original_Lemmings,Original_Lemmings/Lemmings/Tricky/03_A_ladder_would_be_handy.nxlv,03_A_ladder_would_be_handy,90.25,low,,no verified win,not run,
NeoLemmix,Original_Lemmings,Original_Lemmings/Lemmings/Tricky/04_Here's_one_I_prepared_earlier.nxlv,04_Here's_one_I_prepared_earlier,88.5,low,,no verified win,not run,
NeoLemmix,Original_Lemmings,Original_Lemmings/Lemmings/Tricky/05_Careless_clicking_costs_lives.nxlv,05_Careless_clicking_costs_lives,402.14,medium,60b4ce9080be0985f703cdd187ec428e73316fa1d95ebc72be69da8d0c4a0a6b,verified win,replay verified,
NeoLemmix,Original_Lemmings,Original_Lemmings/Lemmings/Tricky/06_Lemmingology.nxlv,06_Lemmingology,108,low,,no verified win,not run,
NeoLemmix,Original_Lemmings,"Original_Lemmings/Lemmings/Tricky/07_Been_there,_seen_it,_done_it.nxlv","07_Been_there,_seen_it,_done_it",97.83,low,,no verified win,not run,
NeoLemmix,Original_Lemmings,Original_Lemmings/Lemmings/Tricky/08_Lemming_sanctuary_in_sight.nxlv,08_Lemming_sanctuary_in_sight,56,low,,no verified win,not run,
NeoLemmix,Original_Lemmings,Original_Lemmings/Lemmings/Tricky/09_They_just_keep_on_coming.nxlv,09_They_just_keep_on_coming,113.73,low,,no verified win,not run,
NeoLemmix,Original_Lemmings,Original_Lemmings/Lemmings/Tricky/10_There's_a_lot_of_them_about.nxlv,10_There's_a_lot_of_them_about,112.55,low,,no verified win,not run,
NeoLemmix,Original_Lemmings,Original_Lemmings/Lemmings/Tricky/11_Lemmings_in_the_attic.nxlv,11_Lemmings_in_the_attic,101.3,low,,no verified win,replay analysis failed,spawnedCountMismatch(sequence: 24)
NeoLemmix,Original_Lemmings,Original_Lemmings/Lemmings/Tricky/12_Bitter_Lemming.nxlv,12_Bitter_Lemming,92,low,,no verified win,not run,
NeoLemmix,Original_Lemmings,Original_Lemmings/Lemmings/Tricky/13_Lemming_Drops.nxlv,13_Lemming_Drops,96.75,low,,no verified win,not run,
NeoLemmix,Original_Lemmings,Original_Lemmings/Lemmings/Tricky/14_MENACING_!!.nxlv,14_MENACING_!!,94.44,low,,no verified win,not run,
NeoLemmix,Original_Lemmings,Original_Lemmings/Lemmings/Tricky/15_Ozone_friendly_Lemmings.nxlv,15_Ozone_friendly_Lemmings,41.75,low,,no verified win,not run,
NeoLemmix,Original_Lemmings,Original_Lemmings/Lemmings/Tricky/16_Luvly_Jubly.nxlv,16_Luvly_Jubly,68.75,low,,no verified win,not run,
NeoLemmix,Original_Lemmings,Original_Lemmings/Lemmings/Tricky/17_Diet_Lemmingaid.nxlv,17_Diet_Lemmingaid,69.45,low,,no verified win,not run,
NeoLemmix,Original_Lemmings,Original_Lemmings/Lemmings/Tricky/18_It's_Lemmingentry_Watson.nxlv,18_It's_Lemmingentry_Watson,328.59,medium,12a642393436c0c21c4d77929a00ea9191ac75027e150016a82c1635571225e4,verified win,replay verified,
NeoLemmix,Original_Lemmings,Original_Lemmings/Lemmings/Tricky/19_Postcard_from_Lemmingland.nxlv,19_Postcard_from_Lemmingland,94,low,,no verified win,replay analysis failed,"completionFrameMismatch(expected: 1311, actual: nil)"
NeoLemmix,Original_Lemmings,Original_Lemmings/Lemmings/Tricky/20_One_way_digging_to_freedom.nxlv,20_One_way_digging_to_freedom,112.88,low,,no verified win,not run,
NeoLemmix,Original_Lemmings,Original_Lemmings/Lemmings/Tricky/21_All_the_6's_.........nxlv,21_All_the_6's_........,95.67,low,,no verified win,not run,
NeoLemmix,Original_Lemmings,Original_Lemmings/Lemmings/Tricky/22_Turn_around_young_lemmings!.nxlv,22_Turn_around_young_lemmings!,78.25,low,,no verified win,replay analysis failed,spawnedCountMismatch(sequence: 17)
NeoLemmix,Original_Lemmings,Original_Lemmings/Lemmings/Tricky/23_From_The_Boundary_Line.nxlv,23_From_The_Boundary_Line,73,low,,no verified win,not run,
NeoLemmix,Original_Lemmings,Original_Lemmings/Lemmings/Tricky/24_Tightrope_City.nxlv,24_Tightrope_City,96.47,low,,no verified win,not run,
NeoLemmix,Original_Lemmings,Original_Lemmings/Lemmings/Tricky/25_Cascade.nxlv,25_Cascade,481.22,medium,310f5ccd508d6eefa48acaed590158b27b4c5ef0b256be44d246b32653d9ce63,verified win,replay verified,
NeoLemmix,Original_Lemmings,Original_Lemmings/Lemmings/Tricky/26_I_have_a_cunning_plan.nxlv,26_I_have_a_cunning_plan,267.92,medium,d8e146b1a83c89f416558560352998355be769bde3218fd4d0db22e5d46926a7,verified win,replay verified,
NeoLemmix,Original_Lemmings,Original_Lemmings/Lemmings/Tricky/27_The_Island_of_the_Wicker_people.nxlv,27_The_Island_of_the_Wicker_people,105,low,,no verified win,replay analysis failed,spawnedCountMismatch(sequence: 11)
NeoLemmix,Original_Lemmings,Original_Lemmings/Lemmings/Tricky/28_Lost_something_.nxlv,28_Lost_something_,103.25,low,,no verified win,not run,
NeoLemmix,Original_Lemmings,Original_Lemmings/Lemmings/Tricky/29_Rainbow_Island.nxlv,29_Rainbow_Island,106.17,low,,no verified win,replay analysis failed,"completionFrameMismatch(expected: 1953, actual: nil)"
NeoLemmix,Original_Lemmings,Original_Lemmings/Lemmings/Tricky/30_The_Crankshaft.nxlv,30_The_Crankshaft,97,low,,no verified win,replay analysis failed,"completionFrameMismatch(expected: 3543, actual: nil)"
NeoLemmix,Original_Lemmings,Original_Lemmings/OhNoMoreLemmings/Crazy/01_Quote___That's_a_good_level_.nxlv,01_Quote___That's_a_good_level_,86.45,low,,no verified win,not run,
NeoLemmix,Original_Lemmings,Original_Lemmings/OhNoMoreLemmings/Crazy/02_Dolly_Dimple.nxlv,02_Dolly_Dimple,67.25,low,,no verified win,replay analysis failed,"assignmentStateMismatch(sequence: 0, expectedPosition: NxlvKit.NeoLemmixPoint(x: 139, y: 50), actualPosition: NxlvKit.NeoLemmixPoint(x: 197, y: 50), expectedDirection: NxlvKit.NeoLemmixDirection.left, actualDirection: NxlvKit.NeoLemmixDirection.right, actualAction: NxlvKit.NeoLemmixAction.walking)"
NeoLemmix,Original_Lemmings,Original_Lemmings/OhNoMoreLemmings/Crazy/03_Many_Lemmings_make_level_work.nxlv,03_Many_Lemmings_make_level_work,67.7,low,,no verified win,not run,
NeoLemmix,Original_Lemmings,Original_Lemmings/OhNoMoreLemmings/Crazy/04_Lemming_Express.nxlv,04_Lemming_Express,83.25,low,,no verified win,not run,
NeoLemmix,Original_Lemmings,Original_Lemmings/OhNoMoreLemmings/Crazy/05_24_hour_Lemathon.nxlv,05_24_hour_Lemathon,61,low,,no verified win,not run,
NeoLemmix,Original_Lemmings,Original_Lemmings/OhNoMoreLemmings/Crazy/06_The_Stack.nxlv,06_The_Stack,75.25,low,,no verified win,not run,
NeoLemmix,Original_Lemmings,"Original_Lemmings/OhNoMoreLemmings/Crazy/07_And_now,_the_end_is_near....nxlv","07_And_now,_the_end_is_near...",95.75,low,,no verified win,not run,
NeoLemmix,Original_Lemmings,Original_Lemmings/OhNoMoreLemmings/Crazy/08_KEEP_ON_TRUCKING.nxlv,08_KEEP_ON_TRUCKING,99.97,low,,no verified win,replay analysis failed,"completionFrameMismatch(expected: 2551, actual: nil)"
NeoLemmix,Original_Lemmings,Original_Lemmings/OhNoMoreLemmings/Crazy/09_On_the_Antarctic_Coast.nxlv,09_On_the_Antarctic_Coast,117.3,low,,no verified win,not run,
NeoLemmix,Original_Lemmings,Original_Lemmings/OhNoMoreLemmings/Crazy/10_ROCKY_VI.nxlv,10_ROCKY_VI,104.39,low,,no verified win,replay analysis failed,"completionFrameMismatch(expected: 2175, actual: nil)"
NeoLemmix,Original_Lemmings,Original_Lemmings/OhNoMoreLemmings/Crazy/11_No_Problemming!.nxlv,11_No_Problemming!,31.75,low,,no verified win,not run,
NeoLemmix,Original_Lemmings,Original_Lemmings/OhNoMoreLemmings/Crazy/12_Lemming_Friendly.nxlv,12_Lemming_Friendly,71.47,low,,no verified win,not run,
NeoLemmix,Original_Lemmings,Original_Lemmings/OhNoMoreLemmings/Crazy/13_It's_a_trade_off.nxlv,13_It's_a_trade_off,63.5,low,,no verified win,not run,
NeoLemmix,Original_Lemmings,Original_Lemmings/OhNoMoreLemmings/Crazy/14_Time_waits_for_no_Lemming.nxlv,14_Time_waits_for_no_Lemming,82.75,low,,no verified win,not run,
NeoLemmix,Original_Lemmings,Original_Lemmings/OhNoMoreLemmings/Crazy/15_Worra_load_of_old_blocks!.nxlv,15_Worra_load_of_old_blocks!,85.6,low,,no verified win,replay analysis failed,"assignmentStateMismatch(sequence: 1, expectedPosition: NxlvKit.NeoLemmixPoint(x: 451, y: 65), actualPosition: NxlvKit.NeoLemmixPoint(x: 424, y: 63), expectedDirection: NxlvKit.NeoLemmixDirection.right, actualDirection: NxlvKit.NeoLemmixDirection.right, actualAction: NxlvKit.NeoLemmixAction.removed)"
NeoLemmix,Original_Lemmings,Original_Lemmings/OhNoMoreLemmings/Crazy/16_Across_The_Gap.nxlv,16_Across_The_Gap,504.26,medium,c5a5692e4c02726052bc6430118662de8f8e7bc8b240bca1837d02aad90deec7,verified win,replay verified,
NeoLemmix,Original_Lemmings,Original_Lemmings/OhNoMoreLemmings/Crazy/17_DIGGING_FOR_VICTORY.nxlv,17_DIGGING_FOR_VICTORY,87.1,low,,no verified win,not run,
NeoLemmix,Original_Lemmings,Original_Lemmings/OhNoMoreLemmings/Crazy/18_NO_PROBLEM.nxlv,18_NO_PROBLEM,102.95,low,,no verified win,not run,
NeoLemmix,Original_Lemmings,Original_Lemmings/OhNoMoreLemmings/Crazy/19_DON'T_PANIC.nxlv,19_DON'T_PANIC,109.2,low,,no verified win,replay analysis failed,spawnedCountMismatch(sequence: 9)
NeoLemmix,Original_Lemmings,Original_Lemmings/OhNoMoreLemmings/Crazy/20_Ice_Ice_Lemming.nxlv,20_Ice_Ice_Lemming,65.25,low,,no verified win,not run,
NeoLemmix,Original_Lemmings,Original_Lemmings/OhNoMoreLemmings/Havoc/01_Tubular_Lemmings.nxlv,01_Tubular_Lemmings,94.12,low,,no verified win,not run,
NeoLemmix,Original_Lemmings,Original_Lemmings/OhNoMoreLemmings/Havoc/02_Be_more_than_just_a_number.nxlv,02_Be_more_than_just_a_number,78.67,low,,no verified win,replay analysis failed,"assignmentStateMismatch(sequence: 0, expectedPosition: NxlvKit.NeoLemmixPoint(x: 112, y: 42), actualPosition: NxlvKit.NeoLemmixPoint(x: 144, y: 42), expectedDirection: NxlvKit.NeoLemmixDirection.left, actualDirection: NxlvKit.NeoLemmixDirection.right, actualAction: NxlvKit.NeoLemmixAction.walking)"
NeoLemmix,Original_Lemmings,Original_Lemmings/OhNoMoreLemmings/Havoc/03_It's_the_price_you_have_to_pay.nxlv,03_It's_the_price_you_have_to_pay,109.65,low,,no verified win,not run,
NeoLemmix,Original_Lemmings,Original_Lemmings/OhNoMoreLemmings/Havoc/04_The_race_against_cliches.nxlv,04_The_race_against_cliches,87.75,low,,no verified win,replay analysis failed,"assignmentStateMismatch(sequence: 0, expectedPosition: NxlvKit.NeoLemmixPoint(x: 843, y: 147), actualPosition: NxlvKit.NeoLemmixPoint(x: 901, y: 150), expectedDirection: NxlvKit.NeoLemmixDirection.left, actualDirection: NxlvKit.NeoLemmixDirection.right, actualAction: NxlvKit.NeoLemmixAction.walking)"
NeoLemmix,Original_Lemmings,Original_Lemmings/OhNoMoreLemmings/Havoc/05_There's_madness_in_the_method.nxlv,05_There's_madness_in_the_method,463.97,medium,e28d355fe7a561d8cfb5dca59a29f893d8280669fcf6f17c75005a0c50f8d71a,verified win,replay verified,
NeoLemmix,Original_Lemmings,Original_Lemmings/OhNoMoreLemmings/Havoc/06_Now_get_out_of_that!.nxlv,06_Now_get_out_of_that!,75.25,low,,no verified win,not run,
NeoLemmix,Original_Lemmings,Original_Lemmings/OhNoMoreLemmings/Havoc/07_Creature_Discomforts.nxlv,07_Creature_Discomforts,90.38,low,,no verified win,replay analysis failed,"assignmentStateMismatch(sequence: 1, expectedPosition: NxlvKit.NeoLemmixPoint(x: 572, y: 148), actualPosition: NxlvKit.NeoLemmixPoint(x: 612, y: 148), expectedDirection: NxlvKit.NeoLemmixDirection.left, actualDirection: NxlvKit.NeoLemmixDirection.right, actualAction: NxlvKit.NeoLemmixAction.walking)"
NeoLemmix,Original_Lemmings,Original_Lemmings/OhNoMoreLemmings/Havoc/08_Lemming_about_town.nxlv,08_Lemming_about_town,84.5,low,,no verified win,replay analysis failed,spawnedCountMismatch(sequence: 12)
NeoLemmix,Original_Lemmings,Original_Lemmings/OhNoMoreLemmings/Havoc/09_AAAAAARRRRRRGGGGGGHHHHHH!!!!!!.nxlv,09_AAAAAARRRRRRGGGGGGHHHHHH!!!!!!,434.13,medium,ea75c5a93f793873c64a0a3376c15c90f0e30b2d559269b73545a5c1baa27964,verified win,replay verified,
NeoLemmix,Original_Lemmings,Original_Lemmings/OhNoMoreLemmings/Havoc/10_Flow_Control.nxlv,10_Flow_Control,499.71,medium,a6ab83d19ef629e6e99e05a51b6260a77583ef0d87b65394516fda38d14b4785,verified win,replay verified,
NeoLemmix,Original_Lemmings,"Original_Lemmings/OhNoMoreLemmings/Havoc/11_Welcome_to_the_party,_pal!.nxlv","11_Welcome_to_the_party,_pal!",73.5,low,,no verified win,not run,
NeoLemmix,Original_Lemmings,Original_Lemmings/OhNoMoreLemmings/Havoc/12_It's_all_a_matter_of_timing.nxlv,12_It's_all_a_matter_of_timing,54.75,low,,no verified win,not run,
NeoLemmix,Original_Lemmings,Original_Lemmings/OhNoMoreLemmings/Havoc/13_HIGHLAND_FLING.nxlv,13_HIGHLAND_FLING,93.72,low,,no verified win,not run,
NeoLemmix,Original_Lemmings,Original_Lemmings/OhNoMoreLemmings/Havoc/14_Synchronised_Lemming.nxlv,14_Synchronised_Lemming,81.5,low,,no verified win,replay analysis failed,"assignmentStateMismatch(sequence: 3, expectedPosition: NxlvKit.NeoLemmixPoint(x: 142, y: 147), actualPosition: NxlvKit.NeoLemmixPoint(x: 168, y: 147), expectedDirection: NxlvKit.NeoLemmixDirection.left, actualDirection: NxlvKit.NeoLemmixDirection.right, actualAction: NxlvKit.NeoLemmixAction.walking)"
NeoLemmix,Original_Lemmings,Original_Lemmings/OhNoMoreLemmings/Havoc/15_Have_an_ice_day.nxlv,15_Have_an_ice_day,92.05,low,,no verified win,not run,
NeoLemmix,Original_Lemmings,Original_Lemmings/OhNoMoreLemmings/Havoc/16_Scaling_the_Heights.nxlv,16_Scaling_the_Heights,86.25,low,,no verified win,replay analysis failed,spawnedCountMismatch(sequence: 12)
NeoLemmix,Original_Lemmings,Original_Lemmings/OhNoMoreLemmings/Havoc/17_Where_Lemmings_Dare.nxlv,17_Where_Lemmings_Dare,110.24,low,,no verified win,replay analysis failed,"completionFrameMismatch(expected: 1640, actual: nil)"
NeoLemmix,Original_Lemmings,Original_Lemmings/OhNoMoreLemmings/Havoc/18_Lemmings_in_a_situation.nxlv,18_Lemmings_in_a_situation,99.32,low,,no verified win,replay analysis failed,"completionFrameMismatch(expected: 3271, actual: nil)"
NeoLemmix,Original_Lemmings,Original_Lemmings/OhNoMoreLemmings/Havoc/19_Looks_a_Bit_Nippy_Out_There.nxlv,19_Looks_a_Bit_Nippy_Out_There,98.55,low,,no verified win,not run,
NeoLemmix,Original_Lemmings,Original_Lemmings/OhNoMoreLemmings/Havoc/20_LOoK_BeFoRe_YoU_LeAp!.nxlv,20_LOoK_BeFoRe_YoU_LeAp!,76.08,low,,no verified win,not run,
NeoLemmix,Original_Lemmings,Original_Lemmings/OhNoMoreLemmings/Tame/01_Down_And_Out_Lemmings.nxlv,01_Down_And_Out_Lemmings,82.25,low,,no verified win,not run,
NeoLemmix,Original_Lemmings,Original_Lemmings/OhNoMoreLemmings/Tame/02_Rent-a-Lemming.nxlv,02_Rent-a-Lemming,82.25,low,,no verified win,not run,
NeoLemmix,Original_Lemmings,Original_Lemmings/OhNoMoreLemmings/Tame/03_Undercover_Lemming.nxlv,03_Undercover_Lemming,90.25,low,,no verified win,not run,
NeoLemmix,Original_Lemmings,Original_Lemmings/OhNoMoreLemmings/Tame/04_Downwardly_Mobile_Lemmings.nxlv,04_Downwardly_Mobile_Lemmings,90.25,low,,no verified win,replay analysis failed,"completionFrameMismatch(expected: 728, actual: nil)"
NeoLemmix,Original_Lemmings,Original_Lemmings/OhNoMoreLemmings/Tame/05_Snuggle_up_to_a_Lemming.nxlv,05_Snuggle_up_to_a_Lemming,82.25,low,,no verified win,replay analysis failed,"assignmentStateMismatch(sequence: 0, expectedPosition: NxlvKit.NeoLemmixPoint(x: 779, y: 62), actualPosition: NxlvKit.NeoLemmixPoint(x: 885, y: 62), expectedDirection: NxlvKit.NeoLemmixDirection.left, actualDirection: NxlvKit.NeoLemmixDirection.right, actualAction: NxlvKit.NeoLemmixAction.walking)"
NeoLemmix,Original_Lemmings,Original_Lemmings/OhNoMoreLemmings/Tame/06_Intsy-Wintsy...Lemming_.nxlv,06_Intsy-Wintsy...Lemming_,82.25,low,,no verified win,not run,
NeoLemmix,Original_Lemmings,Original_Lemmings/OhNoMoreLemmings/Tame/07_Who's_That_Lemming.nxlv,07_Who's_That_Lemming,90.25,low,,no verified win,not run,
NeoLemmix,Original_Lemmings,Original_Lemmings/OhNoMoreLemmings/Tame/08_Dangerzone.nxlv,08_Dangerzone,90.25,low,,no verified win,not run,
NeoLemmix,Original_Lemmings,Original_Lemmings/OhNoMoreLemmings/Tame/09_And_now_this....nxlv,09_And_now_this...,82.25,low,,no verified win,not run,
NeoLemmix,Original_Lemmings,Original_Lemmings/OhNoMoreLemmings/Tame/10_New_Lemmings_On_The_Block.nxlv,10_New_Lemmings_On_The_Block,82.25,low,,no verified win,not run,
NeoLemmix,Original_Lemmings,Original_Lemmings/OhNoMoreLemmings/Tame/11_With_Compliments.nxlv,11_With_Compliments,90.25,low,,no verified win,not run,
NeoLemmix,Original_Lemmings,Original_Lemmings/OhNoMoreLemmings/Tame/12_Citizen_Lemming.nxlv,12_Citizen_Lemming,90.25,low,,no verified win,not run,
NeoLemmix,Original_Lemmings,Original_Lemmings/OhNoMoreLemmings/Tame/13_Thunder-Lemmings_are_go!.nxlv,13_Thunder-Lemmings_are_go!,82.25,low,,no verified win,not run,
NeoLemmix,Original_Lemmings,Original_Lemmings/OhNoMoreLemmings/Tame/14_Get_a_little_extra_help.nxlv,14_Get_a_little_extra_help,82.25,low,,no verified win,replay analysis failed,"completionFrameMismatch(expected: 2972, actual: nil)"
NeoLemmix,Original_Lemmings,Original_Lemmings/OhNoMoreLemmings/Tame/15_Not_just_a_pretty_Lemming.nxlv,15_Not_just_a_pretty_Lemming,90.25,low,,no verified win,not run,
NeoLemmix,Original_Lemmings,Original_Lemmings/OhNoMoreLemmings/Tame/16_Gone_With_The_Lemming.nxlv,16_Gone_With_The_Lemming,90.25,low,,no verified win,not run,
NeoLemmix,Original_Lemmings,"Original_Lemmings/OhNoMoreLemmings/Tame/17_Honey,_I_Saved_The_Lemmings.nxlv","17_Honey,_I_Saved_The_Lemmings",82.25,low,,no verified win,not run,
NeoLemmix,Original_Lemmings,Original_Lemmings/OhNoMoreLemmings/Tame/18_Lemmings_For_Presidents!.nxlv,18_Lemmings_For_Presidents!,82.25,low,,no verified win,not run,
NeoLemmix,Original_Lemmings,Original_Lemmings/OhNoMoreLemmings/Tame/19_Lemming_Productions_Present....nxlv,19_Lemming_Productions_Present...,90.25,low,,no verified win,not run,
NeoLemmix,Original_Lemmings,Original_Lemmings/OhNoMoreLemmings/Tame/20_Custom_built_for_Lemmings.nxlv,20_Custom_built_for_Lemmings,90.25,low,,no verified win,not run,
NeoLemmix,Original_Lemmings,Original_Lemmings/OhNoMoreLemmings/Wicked/01_LeMming_ToMato_KetchUp_fAcilitY.nxlv,01_LeMming_ToMato_KetchUp_fAcilitY,96.9,low,,no verified win,replay analysis failed,"completionFrameMismatch(expected: 900, actual: nil)"
NeoLemmix,Original_Lemmings,Original_Lemmings/OhNoMoreLemmings/Wicked/02_Inroducing_SUPERLEMMING.nxlv,02_Inroducing_SUPERLEMMING,79.75,low,,no verified win,not run,
NeoLemmix,Original_Lemmings,Original_Lemmings/OhNoMoreLemmings/Wicked/03_This_Corrosion.nxlv,03_This_Corrosion,73.5,low,,no verified win,replay analysis failed,spawnedCountMismatch(sequence: 13)
NeoLemmix,Original_Lemmings,Original_Lemmings/OhNoMoreLemmings/Wicked/04_Oh_No!_It's_the_4TH_DIMENSION!.nxlv,04_Oh_No!_It's_the_4TH_DIMENSION!,82.75,low,,no verified win,not run,
NeoLemmix,Original_Lemmings,Original_Lemmings/OhNoMoreLemmings/Wicked/05_Chill_out!.nxlv,05_Chill_out!,435.75,medium,5848913ab4867cb084449280f78e869adb897602db725d7a5eac847ed18b3f8c,verified win,replay verified,
NeoLemmix,Original_Lemmings,Original_Lemmings/OhNoMoreLemmings/Wicked/06_PoP_TiL_YoU_DrOp!.nxlv,06_PoP_TiL_YoU_DrOp!,69.19,low,,no verified win,not run,
NeoLemmix,Original_Lemmings,Original_Lemmings/OhNoMoreLemmings/Wicked/07_Last_Lemming_To_Lemmingcentral.nxlv,07_Last_Lemming_To_Lemmingcentral,57.75,low,,no verified win,not run,
NeoLemmix,Original_Lemmings,Original_Lemmings/OhNoMoreLemmings/Wicked/08_A_TOWERING_PROBLEM.nxlv,08_A_TOWERING_PROBLEM,76.5,low,,no verified win,not run,
NeoLemmix,Original_Lemmings,Original_Lemmings/OhNoMoreLemmings/Wicked/09_How_on_Earth_.nxlv,09_How_on_Earth_,72,low,,no verified win,not run,
NeoLemmix,Original_Lemmings,Original_Lemmings/OhNoMoreLemmings/Wicked/10_Temple_of_Love.nxlv,10_Temple_of_Love,92.7,low,,no verified win,replay analysis failed,"completionFrameMismatch(expected: 2708, actual: nil)"
NeoLemmix,Original_Lemmings,Original_Lemmings/OhNoMoreLemmings/Wicked/11_ROCKY_ROAD.nxlv,11_ROCKY_ROAD,96.9,low,,no verified win,replay analysis failed,"completionFrameMismatch(expected: 3484, actual: nil)"
NeoLemmix,Original_Lemmings,Original_Lemmings/OhNoMoreLemmings/Wicked/12_Suicidal_Tendencies.nxlv,12_Suicidal_Tendencies,80.69,low,,no verified win,not run,
NeoLemmix,Original_Lemmings,Original_Lemmings/OhNoMoreLemmings/Wicked/13_Almost_Nearly_Virtual_Reality.nxlv,13_Almost_Nearly_Virtual_Reality,88.19,low,,no verified win,not run,
NeoLemmix,Original_Lemmings,Original_Lemmings/OhNoMoreLemmings/Wicked/14_The_Lemming_Learning_Curve.nxlv,14_The_Lemming_Learning_Curve,85.59,low,,no verified win,not run,
NeoLemmix,Original_Lemmings,"Original_Lemmings/OhNoMoreLemmings/Wicked/15_SPAM,SPAM,SPAM,EGG_AND_LEMMING.nxlv","15_SPAM,SPAM,SPAM,EGG_AND_LEMMING",103.15,low,,no verified win,not run,
NeoLemmix,Original_Lemmings,Original_Lemmings/OhNoMoreLemmings/Wicked/16_Five_Alive.nxlv,16_Five_Alive,74.33,low,,no verified win,not run,
NeoLemmix,Original_Lemmings,Original_Lemmings/OhNoMoreLemmings/Wicked/17_Down_the_tube.nxlv,17_Down_the_tube,88.42,low,,no verified win,replay analysis failed,"completionFrameMismatch(expected: 820, actual: nil)"
NeoLemmix,Original_Lemmings,Original_Lemmings/OhNoMoreLemmings/Wicked/18_LoTs_moRe_wHeRe_TheY_caMe_fRom.nxlv,18_LoTs_moRe_wHeRe_TheY_caMe_fRom,91.73,low,,no verified win,not run,
NeoLemmix,Original_Lemmings,"Original_Lemmings/OhNoMoreLemmings/Wicked/19_Up,_Down_or_Round_and_Round.nxlv","19_Up,_Down_or_Round_and_Round",71.15,low,,no verified win,not run,
NeoLemmix,Original_Lemmings,Original_Lemmings/OhNoMoreLemmings/Wicked/20_The_Lemming_Funhouse.nxlv,20_The_Lemming_Funhouse,88.57,low,,no verified win,replay analysis failed,"completionFrameMismatch(expected: 1287, actual: nil)"
NeoLemmix,Original_Lemmings,Original_Lemmings/OhNoMoreLemmings/Wild/01_PoP_YoR_ToP!!!.nxlv,01_PoP_YoR_ToP!!!,85.71,low,,no verified win,replay analysis failed,"assignmentStateMismatch(sequence: 0, expectedPosition: NxlvKit.NeoLemmixPoint(x: 253, y: 33), actualPosition: NxlvKit.NeoLemmixPoint(x: 267, y: 32), expectedDirection: NxlvKit.NeoLemmixDirection.left, actualDirection: NxlvKit.NeoLemmixDirection.right, actualAction: NxlvKit.NeoLemmixAction.walking)"
NeoLemmix,Original_Lemmings,Original_Lemmings/OhNoMoreLemmings/Wild/02_Lemming_Hotel.nxlv,02_Lemming_Hotel,98.38,low,,no verified win,not run,
NeoLemmix,Original_Lemmings,Original_Lemmings/OhNoMoreLemmings/Wild/03_Lemming_Rhythms.nxlv,03_Lemming_Rhythms,79.91,low,,no verified win,not run,
NeoLemmix,Original_Lemmings,Original_Lemmings/OhNoMoreLemmings/Wild/04_Meeting_Adjourned.nxlv,04_Meeting_Adjourned,86,low,,no verified win,replay analysis failed,"completionFrameMismatch(expected: 3064, actual: nil)"
NeoLemmix,Original_Lemmings,Original_Lemmings/OhNoMoreLemmings/Wild/05_Lemming_Head.nxlv,05_Lemming_Head,70.38,low,,no verified win,not run,
NeoLemmix,Original_Lemmings,Original_Lemmings/OhNoMoreLemmings/Wild/06_Just_A_Quicky.nxlv,06_Just_A_Quicky,87.75,low,,no verified win,replay analysis failed,"completionFrameMismatch(expected: 837, actual: nil)"
NeoLemmix,Original_Lemmings,Original_Lemmings/OhNoMoreLemmings/Wild/07_You_Take_the_High_Road.nxlv,07_You_Take_the_High_Road,73.5,low,,no verified win,not run,
NeoLemmix,Original_Lemmings,Original_Lemmings/OhNoMoreLemmings/Wild/08_It's_a_tight_fit!.nxlv,08_It's_a_tight_fit!,79.75,low,,no verified win,not run,
NeoLemmix,Original_Lemmings,Original_Lemmings/OhNoMoreLemmings/Wild/09_Ice_Station_Lemming.nxlv,09_Ice_Station_Lemming,81.5,low,,no verified win,not run,
NeoLemmix,Original_Lemmings,Original_Lemmings/OhNoMoreLemmings/Wild/10_Higgledy_Piggledy.nxlv,10_Higgledy_Piggledy,59.12,low,,no verified win,not run,
NeoLemmix,Original_Lemmings,Original_Lemmings/OhNoMoreLemmings/Wild/11_Mutiny_On_The_Bounty.nxlv,11_Mutiny_On_The_Bounty,93.35,low,,no verified win,replay analysis failed,spawnedCountMismatch(sequence: 12)
NeoLemmix,Original_Lemmings,Original_Lemmings/OhNoMoreLemmings/Wild/12_SNOW_JOKE.nxlv,12_SNOW_JOKE,92.05,low,,no verified win,replay analysis failed,spawnedCountMismatch(sequence: 17)
NeoLemmix,Original_Lemmings,Original_Lemmings/OhNoMoreLemmings/Wild/13_ONWARD_AND_UPWARD.nxlv,13_ONWARD_AND_UPWARD,506.48,medium,f7c0fc03f7b04416df177fd349988fd92a573b463d354a9761c407370ba0ec7d,verified win,replay verified,
NeoLemmix,Original_Lemmings,Original_Lemmings/OhNoMoreLemmings/Wild/14_ICE_SPY.nxlv,14_ICE_SPY,100.74,low,,no verified win,not run,
NeoLemmix,Original_Lemmings,Original_Lemmings/OhNoMoreLemmings/Wild/15_THE_SILENCE_OF_THE_LEMMINGS.nxlv,15_THE_SILENCE_OF_THE_LEMMINGS,547.98,medium,df14b19eafa49359649dd235685cae3310cc9a4a4f7f150419f621f4cadf8b81,verified win,replay verified,
NeoLemmix,Original_Lemmings,"Original_Lemmings/OhNoMoreLemmings/Wild/16_Take_care,_Sweetie.nxlv","16_Take_care,_Sweetie",319.85,medium,7dcda0984aca1634582e265bd3179e388c70abdaf888b76e33edea6c79e40e52,verified win,replay verified,
NeoLemmix,Original_Lemmings,Original_Lemmings/OhNoMoreLemmings/Wild/17_The_Chain_with_no_name.nxlv,17_The_Chain_with_no_name,86,low,,no verified win,not run,
NeoLemmix,Original_Lemmings,Original_Lemmings/OhNoMoreLemmings/Wild/18_Dr_Lemminggood.nxlv,18_Dr_Lemminggood,68.88,low,,no verified win,not run,
NeoLemmix,Original_Lemmings,Original_Lemmings/OhNoMoreLemmings/Wild/19_Lemmingdelica.nxlv,19_Lemmingdelica,81.66,low,,no verified win,not run,
NeoLemmix,Original_Lemmings,Original_Lemmings/OhNoMoreLemmings/Wild/20_Got_anything....Lemmingy___.nxlv,20_Got_anything....Lemmingy___,80.42,low,,no verified win,replay analysis failed,"completionFrameMismatch(expected: 960, actual: nil)"
NeoLemmix,Original_Lemmings,Original_Lemmings/PrimaLemmings/Fun/01_Digger_Conversions.nxlv,01_Digger_Conversions,63.19,low,,no verified win,not run,
NeoLemmix,Original_Lemmings,"Original_Lemmings/PrimaLemmings/Fun/02_For_Every_Lemming,_Turn,_Turn....nxlv","02_For_Every_Lemming,_Turn,_Turn...",93.59,low,,no verified win,not run,
NeoLemmix,Original_Lemmings,Original_Lemmings/PrimaLemmings/Fun/03_Alternate_Route.nxlv,03_Alternate_Route,98.38,low,,no verified win,not run,
NeoLemmix,Original_Lemmings,Original_Lemmings/PrimaLemmings/Fun/04_Bridge_Delay!.nxlv,04_Bridge_Delay!,89.5,low,,no verified win,not run,
NeoLemmix,Original_Lemmings,Original_Lemmings/PrimaLemmings/Mayhem/01_Dolly_Dimple_.nxlv,01_Dolly_Dimple_,108.25,low,,no verified win,not run,
NeoLemmix,Original_Lemmings,Original_Lemmings/PrimaLemmings/Mayhem/02_Which_Way_Do_We_Go_.nxlv,02_Which_Way_Do_We_Go_,106.5,low,,no verified win,not run,
NeoLemmix,Original_Lemmings,Original_Lemmings/PrimaLemmings/Mayhem/03_Old_MacDonald_Had_a_Farm....nxlv,03_Old_MacDonald_Had_a_Farm...,79.88,low,,no verified win,replay analysis failed,spawnedCountMismatch(sequence: 14)
NeoLemmix,Original_Lemmings,Original_Lemmings/PrimaLemmings/Mayhem/04_Congratulations!.nxlv,04_Congratulations!,94.44,low,,no verified win,not run,
NeoLemmix,Original_Lemmings,Original_Lemmings/PrimaLemmings/Taxing/01_Wild_World_of_Lemmings!.nxlv,01_Wild_World_of_Lemmings!,105.69,low,,no verified win,not run,
NeoLemmix,Original_Lemmings,Original_Lemmings/PrimaLemmings/Taxing/02_Winter_Lemmingland.nxlv,02_Winter_Lemmingland,95.75,low,,no verified win,not run,
NeoLemmix,Original_Lemmings,Original_Lemmings/PrimaLemmings/Taxing/03_Oh_No!__Squish..nxlv,03_Oh_No!__Squish.,106.5,low,,no verified win,not run,
NeoLemmix,Original_Lemmings,Original_Lemmings/PrimaLemmings/Taxing/04_Watch_Your_Step!.nxlv,04_Watch_Your_Step!,97.69,low,,no verified win,not run,
NeoLemmix,Original_Lemmings,Original_Lemmings/PrimaLemmings/Tricky/01_The_Prima_Publishing_Level.nxlv,01_The_Prima_Publishing_Level,98.38,low,,no verified win,not run,
NeoLemmix,Original_Lemmings,Original_Lemmings/PrimaLemmings/Tricky/02_Lemming_Excavation.nxlv,02_Lemming_Excavation,56.94,low,,no verified win,not run,
NeoLemmix,Original_Lemmings,Original_Lemmings/PrimaLemmings/Tricky/03_Lets_Go_Sledding!!.nxlv,03_Lets_Go_Sledding!!,81.09,low,,no verified win,not run,
NeoLemmix,Original_Lemmings,Original_Lemmings/PrimaLemmings/Tricky/04_The_Pipeline.nxlv,04_The_Pipeline,94,low,,no verified win,not run,
NeoLemmix,Original_Lemmings,Original_Lemmings/XmasLemmings/Xmas_91/01_Merry_Christmas_Mr_Lemming.nxlv,01_Merry_Christmas_Mr_Lemming,102.45,low,,no verified win,not run,
NeoLemmix,Original_Lemmings,Original_Lemmings/XmasLemmings/Xmas_91/02_Christmas_Bonus.nxlv,02_Christmas_Bonus,101.05,low,,no verified win,not run,
NeoLemmix,Original_Lemmings,Original_Lemmings/XmasLemmings/Xmas_92/01_Jingle_Lemming.nxlv,01_Jingle_Lemming,55.9,low,,no verified win,not run,
NeoLemmix,Original_Lemmings,Original_Lemmings/XmasLemmings/Xmas_92/02_Happy_Holidays_Mr_Lemming!.nxlv,02_Happy_Holidays_Mr_Lemming!,102.14,low,,no verified win,not run,
NeoLemmix,Original_Lemmings,Original_Lemmings/XmasLemmings/Xmas_92/03_A_Lemming_Holiday.nxlv,03_A_Lemming_Holiday,118.7,low,,no verified win,not run,
NeoLemmix,Original_Lemmings,Original_Lemmings/XmasLemmings/Xmas_92/04_The_North_Poles.nxlv,04_The_North_Poles,106.2,low,,no verified win,replay analysis failed,"assignmentStateMismatch(sequence: 0, expectedPosition: NxlvKit.NeoLemmixPoint(x: 126, y: 64), actualPosition: NxlvKit.NeoLemmixPoint(x: 623, y: 68), expectedDirection: NxlvKit.NeoLemmixDirection.right, actualDirection: NxlvKit.NeoLemmixDirection.right, actualAction: NxlvKit.NeoLemmixAction.falling)"
