position,pack,level,official,score,grade,confidence,playable,concepts,issue,pack_id,level_id
1,Lemmings,Just dig!,True,44.74,Beginner,high,True,digger,,lemmings-LEVEL-120,0:Fun:1:9:1
2,Lemmings,Only floaters can survive this,True,121.12,Easy,medium,True,floater,,lemmings-LEVEL-120,1:Fun:2:9:5
3,Lemmings,Tailor-made for blockers,True,188.6,Easy,medium,True,blocker,,lemmings-LEVEL-120,2:Fun:3:9:6
4,Lemmings,Now use miners and climbers,True,194.62,Easy,medium,True,climber;miner,,lemmings-LEVEL-120,3:Fun:4:9:2
5,Lemmings,You need bashers this time,True,67.67,Beginner,medium,True,basher,,lemmings-LEVEL-120,4:Fun:5:9:3
6,Lemmings,A task for blockers and bombers,True,129.82,Easy,medium,True,blocker;bomber,,lemmings-LEVEL-120,5:Fun:6:9:4
7,Lemmings,Builders will help you here,True,155.98,Easy,medium,True,builder;multiple-worker-coordination,,lemmings-LEVEL-120,6:Fun:7:9:7
8,Lemmings,Not as complicated as it looks,True,149.97,Easy,medium,True,basher;builder,,lemmings-LEVEL-120,7:Fun:8:0:6
9,Lemmings,As long as you try your best,True,296.53,Moderate,medium,True,basher;builder;digger;miner,,lemmings-LEVEL-120,8:Fun:9:1:2
10,Lemmings,Smile if you love lemmings,True,234.36,Moderate,medium,True,basher;builder;floater;miner,,lemmings-LEVEL-120,9:Fun:10:3:2
11,Lemmings,Keep your hair on Mr. Lemming,True,427.47,Challenging,medium,True,builder;digger,,lemmings-LEVEL-120,10:Fun:11:4:2
12,Lemmings,Patience,True,421.98,Challenging,medium,True,blocker;builder;climber;digger;floater;miner;multiple-worker-coordination,,lemmings-LEVEL-120,11:Fun:12:0:7
13,Lemmings,We all fall down,True,157.63,Easy,medium,True,digger,,lemmings-LEVEL-120,12:Fun:13:1:6
14,Lemmings,Origins and Lemmings,True,501.55,Hard,medium,True,basher;blocker;builder;climber;digger;floater;multiple-worker-coordination,,lemmings-LEVEL-120,13:Fun:14:1:7
15,Lemmings,Don't let your eyes deceive you,True,488.66,Challenging,medium,True,blocker;builder;climber;digger;floater;miner;multiple-worker-coordination,,lemmings-LEVEL-120,14:Fun:15:2:2
16,Lemmings,Don't do anything too hasty,True,442.35,Challenging,medium,True,basher;blocker;builder;climber;digger;miner,,lemmings-LEVEL-120,15:Fun:16:2:4
17,Lemmings,Easy when you know how,True,256.86,Moderate,medium,True,basher;builder;digger;multiple-worker-coordination,,lemmings-LEVEL-120,16:Fun:17:2:7
18,Lemmings,Let's block and blow,True,67.41,Beginner,medium,True,bomber,,lemmings-LEVEL-120,17:Fun:18:4:3
19,Lemmings,Take good care of my Lemmings,True,190.08,Easy,medium,True,basher;builder;multiple-worker-coordination,,lemmings-LEVEL-120,18:Fun:19:5:1
20,Lemmings,We are now at LEMCON ONE,True,273.12,Moderate,medium,True,basher;builder;digger;multiple-worker-coordination,,lemmings-LEVEL-120,19:Fun:20:6:3
21,Lemmings,You Live and Lem,True,202.83,Moderate,medium,True,basher;builder;miner,,lemmings-LEVEL-120,20:Fun:21:8:4
22,Lemmings,A Beast of a level,True,325.32,Tricky,medium,True,basher;blocker;builder;digger;miner,,lemmings-LEVEL-120,21:Fun:22:1:3
23,Lemmings,I've lost that Lemming feeling,True,356.12,Tricky,medium,True,basher;digger,,lemmings-LEVEL-120,22:Fun:23:4:1
24,Lemmings,Konbanwa Lemming san,True,271.56,Moderate,medium,True,blocker;builder;digger;floater;miner,,lemmings-LEVEL-120,23:Fun:24:5:7
25,Lemmings,Lemmings Lemmings everywhere,True,71.79,Beginner,medium,True,basher,,lemmings-LEVEL-120,24:Fun:25:6:0
26,Lemmings,Nightmare on Lem street,True,365.98,Tricky,medium,True,basher;builder;digger,,lemmings-LEVEL-120,25:Fun:26:7:1
27,Lemmings,Let's be careful out there,True,288.66,Moderate,medium,True,builder;digger;floater;miner;multiple-worker-coordination,,lemmings-LEVEL-120,26:Fun:27:4:6
28,Lemmings,If only they could fly,True,198.34,Easy,medium,True,builder;climber;digger;floater,,lemmings-LEVEL-120,27:Fun:28:6:1
29,Lemmings,worra lorra lemmings,True,240.62,Moderate,medium,True,basher;blocker;builder;miner,,lemmings-LEVEL-120,28:Fun:29:6:5
30,Lemmings,Lock up your Lemmings,True,283.85,Moderate,medium,True,builder;digger;multiple-worker-coordination,,lemmings-LEVEL-120,29:Fun:30:8:2
31,Lemmings,This should be a doddle!,True,299.58,Moderate,medium,True,basher;blocker;builder;miner;multiple-worker-coordination,,lemmings-LEVEL-120,30:Tricky:1:0:0
32,Lemmings,We all fall down,True,170.09,Easy,medium,True,digger,,lemmings-LEVEL-120,31:Tricky:2:1:6
33,Lemmings,A ladder would be handy,True,394.92,Tricky,medium,True,basher;builder;climber;digger;floater;miner;multiple-worker-coordination,,lemmings-LEVEL-120,32:Tricky:3:2:1
34,Lemmings,Here's one I prepared earlier,True,426.91,Challenging,medium,True,builder;climber;digger;floater;multiple-worker-coordination,,lemmings-LEVEL-120,33:Tricky:4:3:0
35,Lemmings,Careless clicking costs lives,True,190.58,Easy,medium,True,basher;builder;multiple-worker-coordination,,lemmings-LEVEL-120,34:Tricky:5:3:1
36,Lemmings,Lemmingology,True,381.74,Tricky,medium,True,basher;blocker;builder;digger;miner,,lemmings-LEVEL-120,35:Tricky:6:3:3
37,Lemmings,"Been there, seen it, done it",True,536.62,Hard,medium,True,basher;blocker;builder;climber;digger;floater;multiple-worker-coordination,,lemmings-LEVEL-120,36:Tricky:7:3:4
38,Lemmings,Lemming sanctuary in sight,True,146.54,Easy,medium,True,builder;multiple-worker-coordination,,lemmings-LEVEL-120,37:Tricky:8:4:7
39,Lemmings,They just keep on coming,True,361.83,Tricky,medium,True,builder;digger;miner,,lemmings-LEVEL-120,38:Tricky:9:6:2
40,Lemmings,There's a lot of them about,True,446.37,Challenging,medium,True,blocker;builder;climber;miner;multiple-worker-coordination,,lemmings-LEVEL-120,39:Tricky:10:7:3
41,Lemmings,Lemmings in the attic,True,309.71,Tricky,medium,True,basher;builder;climber;miner;multiple-worker-coordination,,lemmings-LEVEL-120,40:Tricky:11:7:7
42,Lemmings,Bitter Lemming,True,239.79,Moderate,medium,True,basher;builder;digger;floater,,lemmings-LEVEL-120,41:Tricky:12:8:0
43,Lemmings,Lemming Drops,True,418.77,Challenging,medium,True,basher;blocker;builder;climber;digger;floater,,lemmings-LEVEL-120,42:Tricky:13:8:3
44,Lemmings,MENACING !!,True,565.1,Hard,medium,True,basher;blocker;builder;climber;digger;miner;multiple-worker-coordination,,lemmings-LEVEL-120,43:Tricky:14:0:2
45,Lemmings,Ozone friendly Lemmings,True,194.92,Easy,medium,True,bomber,,lemmings-LEVEL-120,44:Tricky:15:9:1
46,Lemmings,Luvly Jubly,True,205.59,Moderate,medium,True,basher;bomber;miner,,lemmings-LEVEL-120,45:Tricky:16:9:3
47,Lemmings,Diet Lemmingaid,True,144.5,Easy,medium,True,bomber,,lemmings-LEVEL-120,46:Tricky:17:9:4
48,Lemmings,It's Lemmingentry Watson,True,216.7,Moderate,medium,True,builder;digger;floater,,lemmings-LEVEL-120,47:Tricky:18:9:5
49,Lemmings,Postcard from Lemmingland,True,346.74,Tricky,medium,True,basher;builder;climber;digger;floater;miner,,lemmings-LEVEL-120,48:Tricky:19:9:7
50,Lemmings,One way digging to freedom,True,368.42,Tricky,medium,True,basher;builder;climber;digger;floater,,lemmings-LEVEL-120,49:Tricky:20:0:3
51,Lemmings,All the 6`s ........,True,374.38,Tricky,medium,True,basher;blocker;builder;miner,,lemmings-LEVEL-120,50:Tricky:21:0:5
52,Lemmings,Turn around young lemmings!,True,180.25,Easy,medium,True,basher;builder,,lemmings-LEVEL-120,51:Tricky:22:0:6
53,Lemmings,From The Boundary Line,True,518.09,Hard,medium,True,basher;builder;climber;digger;floater;miner;multiple-worker-coordination,,lemmings-LEVEL-120,52:Tricky:23:0:7
54,Lemmings,Tightrope City,True,264.39,Moderate,medium,True,basher;blocker;builder;digger,,lemmings-LEVEL-120,53:Tricky:24:1:0
55,Lemmings,Cascade,True,407.8,Challenging,medium,True,basher;builder;digger;floater;miner;multiple-worker-coordination,,lemmings-LEVEL-120,54:Tricky:25:1:1
56,Lemmings,I have a cunning plan,True,416.66,Challenging,medium,True,basher;blocker;builder;digger;miner,,lemmings-LEVEL-120,55:Tricky:26:1:2
57,Lemmings,The Island of the Wicker people,True,413.26,Challenging,medium,True,basher;builder;climber;digger;miner,,lemmings-LEVEL-120,56:Tricky:27:1:4
58,Lemmings,Lost something?,True,148.88,Easy,medium,True,basher;builder;miner,,lemmings-LEVEL-120,57:Tricky:28:1:5
59,Lemmings,Rainbow Island,True,301.05,Tricky,medium,True,basher;blocker;builder;multiple-worker-coordination,,lemmings-LEVEL-120,58:Tricky:29:2:0
60,Lemmings,The Crankshaft,True,537.25,Hard,medium,True,blocker;builder;climber;digger;floater;miner;multiple-worker-coordination,,lemmings-LEVEL-120,59:Tricky:30:1:7
61,Lemmings,If at first you don`t succeed..,True,238.73,Moderate,medium,True,basher;builder;digger,,lemmings-LEVEL-120,60:Taxing:1:2:2
62,Lemmings,"Watch out, there`s traps about",True,537.81,Hard,medium,True,basher;blocker;builder;digger;miner;multiple-worker-coordination,,lemmings-LEVEL-120,61:Taxing:2:2:3
63,Lemmings,Heaven can wait (we hope!!!!),True,281.82,Moderate,medium,True,builder;multiple-worker-coordination,,lemmings-LEVEL-120,62:Taxing:3:2:4
64,Lemmings,Lend a helping hand....,True,353.52,Tricky,medium,True,basher;blocker;builder;digger;miner;multiple-worker-coordination,,lemmings-LEVEL-120,63:Taxing:4:2:5
65,Lemmings,The Prison!,True,349.2,Tricky,medium,True,basher;blocker;builder;digger,,lemmings-LEVEL-120,64:Taxing:5:2:6
66,Lemmings,Compression Method 1,True,318.21,Tricky,medium,True,basher;digger,,lemmings-LEVEL-120,65:Taxing:6:2:7
67,Lemmings,Every Lemming for himself!!!,True,360.25,Tricky,medium,True,basher;bomber;builder;climber;multiple-worker-coordination,,lemmings-LEVEL-120,66:Taxing:7:3:0
68,Lemmings,The Art Gallery,True,226.89,Moderate,medium,True,basher;builder;multiple-worker-coordination,,lemmings-LEVEL-120,67:Taxing:8:3:1
69,Lemmings,Perseverance,True,320.77,Tricky,medium,True,basher;builder;floater;miner,,lemmings-LEVEL-120,68:Taxing:9:3:2
70,Lemmings,Izzie Wizzie lemmings get busy,True,434.67,Challenging,medium,True,basher;blocker;builder;digger;miner,,lemmings-LEVEL-120,69:Taxing:10:3:3
71,Lemmings,The ascending pillar scenario,True,506.15,Hard,medium,True,basher;builder;climber;digger;floater;miner;multiple-worker-coordination,,lemmings-LEVEL-120,70:Taxing:11:3:4
72,Lemmings,Livin` On The Edge,True,318.94,Tricky,medium,True,basher;builder;multiple-worker-coordination,,lemmings-LEVEL-120,71:Taxing:12:3:5
73,Lemmings,Upsidedown World,True,423.24,Challenging,medium,True,basher;blocker;builder;climber;digger;miner,,lemmings-LEVEL-120,72:Taxing:13:3:6
74,Lemmings,Hunt the Nessy....,True,410.57,Challenging,medium,True,basher;builder;digger;miner;multiple-worker-coordination,,lemmings-LEVEL-120,73:Taxing:14:3:7
75,Lemmings,What an AWESOME level,True,184.84,Easy,medium,True,builder;multiple-worker-coordination,,lemmings-LEVEL-120,74:Taxing:15:0:1
76,Lemmings,Mary Poppins` land,True,338.28,Tricky,medium,True,builder;floater;multiple-worker-coordination,,lemmings-LEVEL-120,75:Taxing:16:4:0
77,Lemmings,X marks the spot,True,443.6,Challenging,medium,True,builder;climber;miner;multiple-worker-coordination,,lemmings-LEVEL-120,76:Taxing:17:4:1
78,Lemmings,Tribute to M.C.Escher,True,320.79,Tricky,medium,True,basher;builder;floater;multiple-worker-coordination,,lemmings-LEVEL-120,77:Taxing:18:4:2
79,Lemmings,Bomboozal,True,83.79,Beginner,medium,True,bomber,,lemmings-LEVEL-120,78:Taxing:19:4:3
80,Lemmings,Walk the web rope,True,350.04,Tricky,medium,True,basher;builder;climber;digger;multiple-worker-coordination,,lemmings-LEVEL-120,79:Taxing:20:4:4
81,Lemmings,Feel the heat!,True,346.04,Tricky,medium,True,basher;blocker;builder;digger;miner;multiple-worker-coordination,,lemmings-LEVEL-120,80:Taxing:21:4:5
82,Lemmings,Come on over to my place,True,380.13,Tricky,medium,True,basher;blocker;builder;digger;floater;miner,,lemmings-LEVEL-120,81:Taxing:22:4:6
83,Lemmings,King of the castle,True,170.33,Easy,medium,True,builder;multiple-worker-coordination,,lemmings-LEVEL-120,82:Taxing:23:4:7
84,Lemmings,Take a running jump.....,True,244.56,Moderate,medium,True,builder;multiple-worker-coordination,,lemmings-LEVEL-120,83:Taxing:24:5:0
85,Lemmings,Follow the leader...,True,215.15,Moderate,medium,True,basher;builder;multiple-worker-coordination,,lemmings-LEVEL-120,84:Taxing:25:5:1
86,Lemmings,Triple Trouble,True,341.86,Tricky,medium,True,basher;builder;climber;digger;multiple-worker-coordination,,lemmings-LEVEL-120,85:Taxing:26:5:2
87,Lemmings,Call in the bomb squad,True,288.44,Moderate,medium,True,blocker;bomber;builder;multiple-worker-coordination,,lemmings-LEVEL-120,86:Taxing:27:5:3
88,Lemmings,POOR WEE CREATURES!,True,460.8,Challenging,medium,True,basher;blocker;bomber;builder;climber;floater;miner,,lemmings-LEVEL-120,87:Taxing:28:5:4
89,Lemmings,How do I dig up the way?,True,419.2,Challenging,medium,True,basher;builder;climber;digger;floater;miner;multiple-worker-coordination,,lemmings-LEVEL-120,88:Taxing:29:2:1
90,Lemmings,We all fall down,True,159.45,Easy,medium,True,digger,,lemmings-LEVEL-120,89:Taxing:30:6:7
91,Lemmings,Steel Works,True,333.15,Tricky,medium,True,blocker;builder;digger;floater;multiple-worker-coordination,,lemmings-LEVEL-120,90:Mayhem:1:5:5
92,Lemmings,The Boiler Room,True,230.65,Moderate,medium,True,builder;climber;floater,,lemmings-LEVEL-120,91:Mayhem:2:5:6
93,Lemmings,It`s hero time!,True,373.02,Tricky,medium,True,blocker;builder;digger;floater;miner,,lemmings-LEVEL-120,92:Mayhem:3:5:7
94,Lemmings,The Crossroads,True,180.36,Easy,medium,True,basher,,lemmings-LEVEL-120,93:Mayhem:4:6:0
95,Lemmings,"Down, along, up. In that order",True,331.74,Tricky,medium,True,blocker;builder;digger;multiple-worker-coordination,,lemmings-LEVEL-120,94:Mayhem:5:6:1
96,Lemmings,One way or another,True,397.09,Tricky,medium,True,builder;digger;miner,,lemmings-LEVEL-120,95:Mayhem:6:6:2
97,Lemmings,Poles Apart,True,349.15,Tricky,medium,True,basher;builder;digger;multiple-worker-coordination,,lemmings-LEVEL-120,96:Mayhem:7:6:3
98,Lemmings,Last one out is a rotten egg!,True,398.22,Tricky,medium,True,builder;climber;digger;miner,,lemmings-LEVEL-120,97:Mayhem:8:6:4
99,Lemmings,Curse of the Pharaohs,True,314.49,Tricky,medium,True,basher;blocker;builder;digger,,lemmings-LEVEL-120,98:Mayhem:9:6:5
100,Lemmings,Pillars of Hercules,True,554.17,Hard,medium,True,basher;blocker;builder;climber;digger;floater;multiple-worker-coordination,,lemmings-LEVEL-120,99:Mayhem:10:6:6
101,Lemmings,We all fall down,True,162.96,Easy,medium,True,digger,,lemmings-LEVEL-120,100:Mayhem:11:6:7
102,Lemmings,The Far Side,True,417.09,Challenging,medium,True,basher;builder;climber;digger;miner,,lemmings-LEVEL-120,101:Mayhem:12:7:0
103,Lemmings,The Great Lemming Caper,True,342.9,Tricky,medium,True,basher;builder;climber;floater;multiple-worker-coordination,,lemmings-LEVEL-120,102:Mayhem:13:7:1
104,Lemmings,Pea Soup,True,98.34,Beginner,medium,True,builder,,lemmings-LEVEL-120,103:Mayhem:14:7:2
105,Lemmings,The Fast Food Kitchen...,True,562.66,Hard,medium,True,basher;blocker;builder;climber;digger;floater;miner;multiple-worker-coordination,,lemmings-LEVEL-120,104:Mayhem:15:7:3
106,Lemmings,Just a Minute...,True,312.01,Tricky,medium,True,basher;digger,,lemmings-LEVEL-120,105:Mayhem:16:7:4
107,Lemmings,Stepping Stones,True,457.22,Challenging,medium,True,basher;blocker;builder;climber;digger;miner,,lemmings-LEVEL-120,106:Mayhem:17:7:5
108,Lemmings,And then there were four....,True,569.32,Hard,medium,True,basher;blocker;builder;climber;miner;multiple-worker-coordination,,lemmings-LEVEL-120,107:Mayhem:18:7:6
109,Lemmings,Time to get up!,True,319.74,Tricky,medium,True,bomber;builder;climber;multiple-worker-coordination,,lemmings-LEVEL-120,108:Mayhem:19:7:7
110,Lemmings,No added colours or Lemmings,True,364.2,Tricky,medium,True,basher;blocker;builder;climber;miner,,lemmings-LEVEL-120,109:Mayhem:20:9:2
111,Lemmings,With a twist of lemming please,True,304.53,Tricky,medium,True,basher;builder;digger;floater,,lemmings-LEVEL-120,110:Mayhem:21:8:0
112,Lemmings,A BeastII of a level,True,450.37,Challenging,medium,True,basher;builder;climber;digger;miner,,lemmings-LEVEL-120,111:Mayhem:22:0:4
113,Lemmings,Going up.......,True,292.2,Moderate,medium,True,basher;builder;multiple-worker-coordination,,lemmings-LEVEL-120,112:Mayhem:23:8:1
114,Lemmings,All or Nothing,True,265.22,Moderate,medium,True,basher,,lemmings-LEVEL-120,113:Mayhem:24:8:2
115,Lemmings,Have a nice day!,True,449.58,Challenging,medium,True,basher;blocker;builder;digger;floater;miner;multiple-worker-coordination,,lemmings-LEVEL-120,114:Mayhem:25:8:3
116,Lemmings,The Steel Mines of Kessel,True,212.48,Moderate,medium,True,blocker;bomber;builder,,lemmings-LEVEL-120,115:Mayhem:26:8:4
117,Lemmings,Just a Minute (Part Two),True,212.3,Moderate,medium,True,basher;digger,,lemmings-LEVEL-120,116:Mayhem:27:8:5
118,Lemmings,Mind the step.....,True,199.18,Easy,medium,True,basher;builder;digger,,lemmings-LEVEL-120,117:Mayhem:28:8:6
119,Lemmings,Save Me,True,393.27,Tricky,medium,True,basher;blocker;builder;digger,,lemmings-LEVEL-120,118:Mayhem:29:8:7
120,Lemmings,Rendezvous at the Mountain,True,536.15,Hard,medium,True,builder;climber;digger;miner;multiple-worker-coordination,,lemmings-LEVEL-120,119:Mayhem:30:9:0
121,Xmas Lemmings 1991,Merry Christmas Mr Lemming,True,385.8,Tricky,medium,True,basher;builder;climber;digger;miner,,xmasLemmings1991-LEVEL-4,0:Xmas:1:0:0
122,Xmas Lemmings 1991,Christmas Bonus,True,364.92,Tricky,medium,True,basher;builder;climber;digger,,xmasLemmings1991-LEVEL-4,1:Xmas:2:0:1
123,Xmas Lemmings 1991,Time waits for no Lemming,True,397.45,Tricky,medium,True,basher;blocker;builder;digger;multiple-worker-coordination;release-rate-manipulation,,xmasLemmings1991-LEVEL-4,2:Xmas:3:0:2
124,Xmas Lemmings 1991,This Corrosion,True,342.84,Tricky,medium,True,builder;digger;multiple-worker-coordination;release-rate-manipulation,,xmasLemmings1991-LEVEL-4,3:Xmas:4:0:3
125,Oh No! More Lemmings,Down And Out Lemmings,True,215.08,Moderate,medium,True,blocker;digger;miner,,ohNoMoreLemmings-DLVEL-100,0:Tame:1:10:0
126,Oh No! More Lemmings,Rent-a-Lemming,True,319.26,Tricky,medium,True,basher;builder;digger;miner;multiple-worker-coordination,,ohNoMoreLemmings-DLVEL-100,1:Tame:2:10:1
127,Oh No! More Lemmings,Undercover Lemming,True,252.68,Moderate,medium,True,basher;digger;miner,,ohNoMoreLemmings-DLVEL-100,2:Tame:3:10:2
128,Oh No! More Lemmings,Downwardly Mobile Lemmings,True,160.51,Easy,high,True,basher,,ohNoMoreLemmings-DLVEL-100,3:Tame:4:10:3
129,Oh No! More Lemmings,Snuggle up to a Lemming,True,480.11,Challenging,medium,True,basher;blocker;bomber;climber;digger;floater;miner;multiple-worker-coordination,,ohNoMoreLemmings-DLVEL-100,4:Tame:5:10:4
130,Oh No! More Lemmings,Intsy-Wintsy...Lemming?,True,132.74,Easy,high,True,basher,,ohNoMoreLemmings-DLVEL-100,5:Tame:6:10:5
131,Oh No! More Lemmings,Who`s That Lemming,True,373.34,Tricky,medium,True,basher;blocker;bomber;builder;climber;floater;miner,,ohNoMoreLemmings-DLVEL-100,6:Tame:7:10:6
132,Oh No! More Lemmings,Dangerzone,True,240.43,Moderate,medium,True,basher;bomber;digger;miner,,ohNoMoreLemmings-DLVEL-100,7:Tame:8:10:7
133,Oh No! More Lemmings,And now this...,True,396.84,Tricky,medium,True,basher;blocker;bomber;builder;climber;digger;floater,,ohNoMoreLemmings-DLVEL-100,8:Tame:9:11:0
134,Oh No! More Lemmings,New Lemmings On The Block,True,161.16,Easy,high,True,basher,,ohNoMoreLemmings-DLVEL-100,9:Tame:10:11:1
135,Oh No! More Lemmings,With Compliments,True,231.34,Moderate,medium,True,basher;digger;miner,,ohNoMoreLemmings-DLVEL-100,10:Tame:11:11:2
136,Oh No! More Lemmings,Citizen Lemming,True,80.86,Beginner,medium,True,basher,,ohNoMoreLemmings-DLVEL-100,11:Tame:12:11:3
137,Oh No! More Lemmings,Thunder-Lemmings are go!,True,151.62,Easy,medium,True,basher;builder,,ohNoMoreLemmings-DLVEL-100,12:Tame:13:11:4
138,Oh No! More Lemmings,Get a little extra help,True,120.08,Easy,medium,True,basher;builder,,ohNoMoreLemmings-DLVEL-100,13:Tame:14:11:5
139,Oh No! More Lemmings,Not just a pretty Lemming,True,468.85,Challenging,medium,True,basher;blocker;bomber;builder;climber;floater;miner;multiple-worker-coordination,,ohNoMoreLemmings-DLVEL-100,14:Tame:15:11:6
140,Oh No! More Lemmings,Gone With The Lemming,True,216.33,Moderate,medium,True,basher;digger;miner,,ohNoMoreLemmings-DLVEL-100,15:Tame:16:11:7
141,Oh No! More Lemmings,"Honey, I Saved The Lemmings",True,132.06,Easy,high,True,miner,,ohNoMoreLemmings-DLVEL-100,16:Tame:17:12:0
142,Oh No! More Lemmings,Lemmings For Presidents!,True,114.93,Easy,medium,True,basher;miner,,ohNoMoreLemmings-DLVEL-100,17:Tame:18:12:1
143,Oh No! More Lemmings,Lemming Productions Present...,True,424.9,Challenging,medium,True,basher;blocker;bomber;builder;climber;miner;multiple-worker-coordination,,ohNoMoreLemmings-DLVEL-100,18:Tame:19:12:2
144,Oh No! More Lemmings,Custom built for Lemmings,True,166.54,Easy,medium,True,basher;builder,,ohNoMoreLemmings-DLVEL-100,19:Tame:20:12:3
145,Oh No! More Lemmings,"Quote: ""That`s a good level""",True,271.74,Moderate,medium,True,blocker;bomber;release-rate-manipulation,,ohNoMoreLemmings-DLVEL-100,20:Crazy:1:0:1
146,Oh No! More Lemmings,Dolly Dimple,True,312.59,Tricky,medium,True,builder;climber;digger;multiple-worker-coordination,,ohNoMoreLemmings-DLVEL-100,21:Crazy:2:1:0
147,Oh No! More Lemmings,Many Lemmings make level work,True,149.29,Easy,medium,True,bomber;builder,,ohNoMoreLemmings-DLVEL-100,22:Crazy:3:1:4
148,Oh No! More Lemmings,Lemming Express,True,182.04,Easy,medium,True,builder,,ohNoMoreLemmings-DLVEL-100,23:Crazy:4:2:0
149,Oh No! More Lemmings,24 hour Lemathon,True,328.41,Tricky,medium,True,builder;digger;multiple-worker-coordination;release-rate-manipulation,,ohNoMoreLemmings-DLVEL-100,24:Crazy:5:2:1
150,Oh No! More Lemmings,The Stack,True,429.63,Challenging,medium,True,builder;climber;digger;multiple-worker-coordination,,ohNoMoreLemmings-DLVEL-100,25:Crazy:6:3:0
151,Oh No! More Lemmings,"And now, the end is near...",True,320.71,Tricky,medium,True,basher;builder;climber;floater,,ohNoMoreLemmings-DLVEL-100,26:Crazy:7:3:1
152,Oh No! More Lemmings,KEEP ON TRUCKING,True,434.9,Challenging,medium,True,basher;blocker;builder;digger;miner;multiple-worker-coordination;release-rate-manipulation,,ohNoMoreLemmings-DLVEL-100,27:Crazy:8:3:5
153,Oh No! More Lemmings,On the Antarctic Coast,True,362.75,Tricky,medium,True,basher;builder;miner;multiple-worker-coordination;release-rate-manipulation,,ohNoMoreLemmings-DLVEL-100,28:Crazy:9:5:1
154,Oh No! More Lemmings,ROCKY VI,True,310.79,Tricky,medium,True,basher;bomber;builder;release-rate-manipulation,,ohNoMoreLemmings-DLVEL-100,29:Crazy:10:5:4
155,Oh No! More Lemmings,No Problemming!,True,260.16,Moderate,medium,True,builder;floater;multiple-worker-coordination,,ohNoMoreLemmings-DLVEL-100,30:Crazy:11:5:7
156,Oh No! More Lemmings,Lemming Friendly,True,253.66,Moderate,medium,True,basher;builder;release-rate-manipulation,,ohNoMoreLemmings-DLVEL-100,31:Crazy:12:6:7
157,Oh No! More Lemmings,It`s a trade off,True,272.03,Moderate,medium,True,builder;digger;miner;release-rate-manipulation,,ohNoMoreLemmings-DLVEL-100,32:Crazy:13:0:4
158,Oh No! More Lemmings,Time waits for no Lemming,True,397.45,Tricky,medium,True,basher;blocker;builder;digger;multiple-worker-coordination;release-rate-manipulation,,ohNoMoreLemmings-DLVEL-100,33:Crazy:14:1:5
159,Oh No! More Lemmings,Worra load of old blocks!,True,363.16,Tricky,medium,True,builder;climber;digger;release-rate-manipulation,,ohNoMoreLemmings-DLVEL-100,34:Crazy:15:1:6
160,Oh No! More Lemmings,Across The Gap,True,555.35,Hard,medium,True,basher;blocker;builder;climber;digger;miner;multiple-worker-coordination,,ohNoMoreLemmings-DLVEL-100,35:Crazy:16:2:6
161,Oh No! More Lemmings,DIGGING FOR VICTORY,True,396.34,Tricky,medium,True,basher;blocker;bomber;builder;digger;release-rate-manipulation,,ohNoMoreLemmings-DLVEL-100,36:Crazy:17:3:4
162,Oh No! More Lemmings,NO PROBLEM,True,388.48,Tricky,medium,True,basher;builder;miner;release-rate-manipulation,,ohNoMoreLemmings-DLVEL-100,37:Crazy:18:3:7
163,Oh No! More Lemmings,DON`T PANIC,True,325.48,Tricky,medium,True,basher;builder;digger;release-rate-manipulation,,ohNoMoreLemmings-DLVEL-100,38:Crazy:19:4:3
164,Oh No! More Lemmings,Ice Ice Lemming,True,262.47,Moderate,medium,True,basher;builder;multiple-worker-coordination,,ohNoMoreLemmings-DLVEL-100,39:Crazy:20:6:4
165,Oh No! More Lemmings,PoP YoR ToP!!!,True,329.66,Tricky,medium,True,basher;builder;miner;multiple-worker-coordination;release-rate-manipulation,,ohNoMoreLemmings-DLVEL-100,40:Wild:1:9:2
166,Oh No! More Lemmings,Lemming Hotel,True,242.86,Moderate,medium,True,bomber;builder;release-rate-manipulation,,ohNoMoreLemmings-DLVEL-100,41:Wild:2:7:0
167,Oh No! More Lemmings,Lemming Rhythms,True,394.96,Tricky,medium,True,basher;builder;miner;release-rate-manipulation,,ohNoMoreLemmings-DLVEL-100,42:Wild:3:7:1
168,Oh No! More Lemmings,Meeting Adjourned,True,269.12,Moderate,medium,True,basher;builder;digger;multiple-worker-coordination,,ohNoMoreLemmings-DLVEL-100,43:Wild:4:7:2
169,Oh No! More Lemmings,Lemming Head,True,297.54,Moderate,medium,True,blocker;bomber;builder;release-rate-manipulation,,ohNoMoreLemmings-DLVEL-100,44:Wild:5:7:3
170,Oh No! More Lemmings,Just A Quicky,True,439.03,Challenging,medium,True,basher;builder;digger;miner;release-rate-manipulation,,ohNoMoreLemmings-DLVEL-100,45:Wild:6:7:5
171,Oh No! More Lemmings,You Take the High Road,True,383.35,Tricky,medium,True,basher;builder;climber;digger;multiple-worker-coordination,,ohNoMoreLemmings-DLVEL-100,46:Wild:7:8:6
172,Oh No! More Lemmings,It`s a tight fit!,True,442.87,Challenging,medium,True,builder;climber;floater;release-rate-manipulation,,ohNoMoreLemmings-DLVEL-100,47:Wild:8:0:7
173,Oh No! More Lemmings,Ice Station Lemming,True,243.02,Moderate,medium,True,basher;builder;digger,,ohNoMoreLemmings-DLVEL-100,48:Wild:9:2:2
174,Oh No! More Lemmings,Higgledy Piggledy,True,316.87,Tricky,medium,True,basher;builder;release-rate-manipulation,,ohNoMoreLemmings-DLVEL-100,49:Wild:10:2:5
175,Oh No! More Lemmings,Mutiny On The Bounty,True,329.91,Tricky,medium,True,basher;builder;miner;multiple-worker-coordination;release-rate-manipulation,,ohNoMoreLemmings-DLVEL-100,50:Wild:11:3:3
176,Oh No! More Lemmings,SNOW JOKE,True,266.41,Moderate,medium,True,basher;builder;release-rate-manipulation,,ohNoMoreLemmings-DLVEL-100,51:Wild:12:3:6
177,Oh No! More Lemmings,ONWARD AND UPWARD,True,507.97,Hard,medium,True,basher;blocker;bomber;builder;climber;miner;release-rate-manipulation,,ohNoMoreLemmings-DLVEL-100,52:Wild:13:4:0
178,Oh No! More Lemmings,ICE SPY,True,398.26,Tricky,medium,True,basher;builder;digger;miner;release-rate-manipulation,,ohNoMoreLemmings-DLVEL-100,53:Wild:14:4:2
179,Oh No! More Lemmings,THE SILENCE OF THE LEMMINGS,True,481.37,Challenging,medium,True,basher;blocker;bomber;builder;digger;multiple-worker-coordination;release-rate-manipulation,,ohNoMoreLemmings-DLVEL-100,54:Wild:15:4:4
180,Oh No! More Lemmings,"Take care, Sweetie",True,338.92,Tricky,medium,True,builder;climber,,ohNoMoreLemmings-DLVEL-100,55:Wild:16:5:0
181,Oh No! More Lemmings,The Chain with no name,True,315.68,Tricky,medium,True,basher;builder;miner;multiple-worker-coordination;release-rate-manipulation,,ohNoMoreLemmings-DLVEL-100,56:Wild:17:6:3
182,Oh No! More Lemmings,Dr Lemminggood,True,252.87,Moderate,medium,True,bomber;builder;multiple-worker-coordination;release-rate-manipulation,,ohNoMoreLemmings-DLVEL-100,57:Wild:18:6:5
183,Oh No! More Lemmings,Lemmingdelica,True,267.48,Moderate,medium,True,basher;builder;multiple-worker-coordination;release-rate-manipulation,,ohNoMoreLemmings-DLVEL-100,58:Wild:19:6:6
184,Oh No! More Lemmings,Got anything....Lemmingy???,True,322.96,Tricky,medium,True,builder;digger;multiple-worker-coordination;release-rate-manipulation,,ohNoMoreLemmings-DLVEL-100,59:Wild:20:4:7
185,Oh No! More Lemmings,LeMming ToMato KetchUp fAcilitY,True,326.42,Tricky,medium,True,basher;bomber;climber;digger;miner;release-rate-manipulation,,ohNoMoreLemmings-DLVEL-100,60:Wicked:1:9:6
186,Oh No! More Lemmings,Inroducing SUPERLEMMING,True,366.73,Tricky,medium,True,basher;builder;climber;digger;miner,,ohNoMoreLemmings-DLVEL-100,61:Wicked:2:4:6
187,Oh No! More Lemmings,This Corrosion,True,342.84,Tricky,medium,True,builder;digger;multiple-worker-coordination;release-rate-manipulation,,ohNoMoreLemmings-DLVEL-100,62:Wicked:3:9:0
188,Oh No! More Lemmings,Oh No! It`s the 4TH DIMENSION!,True,332.18,Tricky,medium,True,basher;bomber;builder;multiple-worker-coordination;release-rate-manipulation,,ohNoMoreLemmings-DLVEL-100,63:Wicked:4:9:1
189,Oh No! More Lemmings,Chill out!,True,558.37,Hard,medium,True,basher;builder;climber;digger;multiple-worker-coordination;release-rate-manipulation,,ohNoMoreLemmings-DLVEL-100,64:Wicked:5:0:5
190,Oh No! More Lemmings,PoP TiL YoU DrOp!,True,233.05,Moderate,medium,True,miner;release-rate-manipulation,,ohNoMoreLemmings-DLVEL-100,65:Wicked:6:9:4
191,Oh No! More Lemmings,Last Lemming To Lemmingcentral,True,190.08,Easy,medium,True,blocker;bomber;release-rate-manipulation,,ohNoMoreLemmings-DLVEL-100,66:Wicked:7:6:1
192,Oh No! More Lemmings,A TOWERING PROBLEM,True,304.89,Tricky,medium,True,bomber;builder;climber;release-rate-manipulation,,ohNoMoreLemmings-DLVEL-100,67:Wicked:8:0:6
193,Oh No! More Lemmings,How on Earth?,True,327.66,Tricky,medium,True,blocker;builder;multiple-worker-coordination;release-rate-manipulation,,ohNoMoreLemmings-DLVEL-100,68:Wicked:9:1:2
194,Oh No! More Lemmings,Temple of Love,True,408.92,Challenging,medium,True,blocker;builder;climber;digger;floater;release-rate-manipulation,,ohNoMoreLemmings-DLVEL-100,69:Wicked:10:8:7
195,Oh No! More Lemmings,ROCKY ROAD,True,413.29,Challenging,medium,True,basher;builder;digger;miner;release-rate-manipulation,,ohNoMoreLemmings-DLVEL-100,70:Wicked:11:4:1
196,Oh No! More Lemmings,Suicidal Tendencies,True,318.35,Tricky,medium,True,blocker;bomber;builder;miner;release-rate-manipulation,,ohNoMoreLemmings-DLVEL-100,71:Wicked:12:5:5
197,Oh No! More Lemmings,Almost Nearly Virtual Reality,True,305.6,Tricky,medium,True,basher;builder;digger;multiple-worker-coordination;release-rate-manipulation,,ohNoMoreLemmings-DLVEL-100,72:Wicked:13:6:0
198,Oh No! More Lemmings,The Lemming Learning Curve,True,325.11,Tricky,medium,True,basher;builder;climber;miner;multiple-worker-coordination,,ohNoMoreLemmings-DLVEL-100,73:Wicked:14:6:2
199,Oh No! More Lemmings,"SPAM,SPAM,SPAM,EGG AND LEMMING",True,414.48,Challenging,medium,True,basher;blocker;bomber;builder;floater;miner;release-rate-manipulation,,ohNoMoreLemmings-DLVEL-100,74:Wicked:15:7:7
200,Oh No! More Lemmings,Five Alive,True,330.16,Tricky,medium,True,bomber;builder;climber;floater;miner,,ohNoMoreLemmings-DLVEL-100,75:Wicked:16:8:1
201,Oh No! More Lemmings,Down the tube,True,327.06,Tricky,medium,True,bomber;builder;multiple-worker-coordination;release-rate-manipulation,,ohNoMoreLemmings-DLVEL-100,76:Wicked:17:9:7
202,Oh No! More Lemmings,LoTs moRe wHeRe TheY caMe fRom,True,423.9,Challenging,medium,True,builder;climber;miner;multiple-worker-coordination;release-rate-manipulation,,ohNoMoreLemmings-DLVEL-100,77:Wicked:18:9:3
203,Oh No! More Lemmings,"Up, Down or Round and Round",True,242.67,Moderate,medium,True,basher;builder;release-rate-manipulation,,ohNoMoreLemmings-DLVEL-100,78:Wicked:19:8:0
204,Oh No! More Lemmings,The Lemming Funhouse,True,448.11,Challenging,medium,True,builder;digger;multiple-worker-coordination;release-rate-manipulation,,ohNoMoreLemmings-DLVEL-100,79:Wicked:20:7:6
205,Oh No! More Lemmings,Tubular Lemmings,True,481.59,Challenging,medium,True,builder;digger;multiple-worker-coordination;release-rate-manipulation,,ohNoMoreLemmings-DLVEL-100,80:Havoc:1:7:4
206,Oh No! More Lemmings,Be more than just a number,True,435.18,Challenging,medium,True,blocker;builder;digger;multiple-worker-coordination;release-rate-manipulation,,ohNoMoreLemmings-DLVEL-100,81:Havoc:2:5:3
207,Oh No! More Lemmings,It`s the price you have to pay,True,452.11,Challenging,medium,True,basher;builder;digger;miner;multiple-worker-coordination;release-rate-manipulation,,ohNoMoreLemmings-DLVEL-100,82:Havoc:3:3:2
208,Oh No! More Lemmings,The race against cliches,True,433.13,Challenging,medium,True,basher;builder;digger;release-rate-manipulation,,ohNoMoreLemmings-DLVEL-100,83:Havoc:4:2:7
209,Oh No! More Lemmings,There`s madness in the method,True,391.12,Tricky,medium,True,basher;builder;climber;miner,,ohNoMoreLemmings-DLVEL-100,84:Havoc:5:2:4
210,Oh No! More Lemmings,Now get out of that!,True,293.69,Moderate,medium,True,miner;release-rate-manipulation,,ohNoMoreLemmings-DLVEL-100,85:Havoc:6:2:3
211,Oh No! More Lemmings,Creature Discomforts,True,517.87,Hard,medium,True,basher;blocker;bomber;builder;climber;digger;miner;multiple-worker-coordination,,ohNoMoreLemmings-DLVEL-100,86:Havoc:7:5:2
212,Oh No! More Lemmings,Lemming about town,True,321.74,Tricky,medium,True,builder;climber;digger;miner,,ohNoMoreLemmings-DLVEL-100,87:Havoc:8:1:7
213,Oh No! More Lemmings,AAAAAARRRRRRGGGGGGHHHHHH!!!!!!,True,477.17,Challenging,medium,True,builder;climber;miner;multiple-worker-coordination;release-rate-manipulation,,ohNoMoreLemmings-DLVEL-100,88:Havoc:9:1:1
214,Oh No! More Lemmings,Flow Control,True,249.06,Moderate,high,True,builder;release-rate-manipulation,,ohNoMoreLemmings-DLVEL-100,89:Havoc:10:0:3
215,Oh No! More Lemmings,"Welcome to the party, pal!",True,366.96,Tricky,medium,True,basher;builder;miner;multiple-worker-coordination;release-rate-manipulation,,ohNoMoreLemmings-DLVEL-100,90:Havoc:11:0:2
216,Oh No! More Lemmings,It`s all a matter of timing,True,299.52,Moderate,medium,True,builder;multiple-worker-coordination;release-rate-manipulation,,ohNoMoreLemmings-DLVEL-100,91:Havoc:12:0:0
217,Oh No! More Lemmings,HIGHLAND FLING,True,400.72,Challenging,medium,True,basher;blocker;bomber;builder;miner;release-rate-manipulation,,ohNoMoreLemmings-DLVEL-100,92:Havoc:13:4:5
218,Oh No! More Lemmings,Synchronised Lemming,True,565.1,Hard,medium,True,basher;builder;climber;digger;multiple-worker-coordination;release-rate-manipulation,,ohNoMoreLemmings-DLVEL-100,93:Havoc:14:8:5
219,Oh No! More Lemmings,Have an ice day,True,284.08,Moderate,medium,True,basher;builder;digger;release-rate-manipulation,,ohNoMoreLemmings-DLVEL-100,94:Havoc:15:1:3
220,Oh No! More Lemmings,Scaling the Heights,True,372.17,Tricky,medium,True,blocker;builder;climber;miner;multiple-worker-coordination,,ohNoMoreLemmings-DLVEL-100,95:Havoc:16:8:2
221,Oh No! More Lemmings,Where Lemmings Dare,True,497.36,Challenging,medium,True,basher;blocker;builder;digger;miner;multiple-worker-coordination;release-rate-manipulation,,ohNoMoreLemmings-DLVEL-100,96:Havoc:17:8:3
222,Oh No! More Lemmings,Lemmings in a situation,True,457.29,Challenging,medium,True,basher;bomber;builder;climber;digger;floater,,ohNoMoreLemmings-DLVEL-100,97:Havoc:18:5:6
223,Oh No! More Lemmings,Looks a Bit Nippy Out There,True,271.14,Moderate,medium,True,basher;builder;release-rate-manipulation,,ohNoMoreLemmings-DLVEL-100,98:Havoc:19:8:4
224,Oh No! More Lemmings,LOoK BeFoRe YoU LeAp!,True,296.68,Moderate,medium,True,bomber;climber;floater;miner,,ohNoMoreLemmings-DLVEL-100,99:Havoc:20:9:5
225,Xmas Lemmings 1992,Jingle Lemming,True,109.7,Easy,high,True,basher,,xmasLemmings1992-LEVEL-4,0:Xmas:1:0:0
226,Xmas Lemmings 1992,Happy Holidays Mr Lemming!,True,179.6,Easy,medium,True,builder;digger,,xmasLemmings1992-LEVEL-4,1:Xmas:2:0:1
227,Xmas Lemmings 1992,A Lemming Holiday,True,426.15,Challenging,medium,True,basher;builder;climber;digger;floater;miner,,xmasLemmings1992-LEVEL-4,2:Xmas:3:0:2
228,Xmas Lemmings 1992,The North Poles,True,292.83,Moderate,medium,True,builder;climber;digger,,xmasLemmings1992-LEVEL-4,3:Xmas:4:0:3
229,Holiday Lemmings 1993,Climbing to the Top!,True,240.38,Moderate,medium,True,basher;builder;release-rate-manipulation,,holidayLemmings1993-MACLEVL-32,0:Flurry:1:4:0
230,Holiday Lemmings 1993,Floating Lemming Flurry,True,146.74,Easy,medium,True,basher;floater,,holidayLemmings1993-MACLEVL-32,1:Flurry:2:4:1
231,Holiday Lemmings 1993,Holiday Mining,True,71.37,Beginner,high,True,basher,,holidayLemmings1993-MACLEVL-32,2:Flurry:3:4:2
232,Holiday Lemmings 1993,Lemming Tracks in the Snow!,True,239.12,Moderate,medium,True,basher;blocker;miner;multiple-worker-coordination,,holidayLemmings1993-MACLEVL-32,3:Flurry:4:4:3
233,Holiday Lemmings 1993,Christmas South of the Equator,True,124.08,Easy,high,True,miner,,holidayLemmings1993-MACLEVL-32,4:Flurry:5:4:4
234,Holiday Lemmings 1993,Lemming Snowfall,True,141.84,Easy,medium,True,basher;builder,,holidayLemmings1993-MACLEVL-32,5:Flurry:6:4:5
235,Holiday Lemmings 1993,Lemming Snowjourn,True,189.31,Easy,medium,True,basher;digger,,holidayLemmings1993-MACLEVL-32,6:Flurry:7:4:6
236,Holiday Lemmings 1993,Clouds of Lemmings,True,209.58,Moderate,medium,True,basher;blocker;builder,,holidayLemmings1993-MACLEVL-32,7:Flurry:8:4:7
237,Holiday Lemmings 1993,A Block from Home,True,348.4,Tricky,medium,True,basher;builder;digger;multiple-worker-coordination,,holidayLemmings1993-MACLEVL-32,8:Flurry:9:5:0
238,Holiday Lemmings 1993,32 Lemmings Below Zero,True,181.88,Easy,medium,True,builder;digger;miner,,holidayLemmings1993-MACLEVL-32,9:Flurry:10:5:1
239,Holiday Lemmings 1993,At Home in a Cave,True,142.14,Easy,medium,True,basher;digger,,holidayLemmings1993-MACLEVL-32,10:Flurry:11:5:2
240,Holiday Lemmings 1993,Presents of Mind,True,337.94,Tricky,medium,True,basher;builder;multiple-worker-coordination;release-rate-manipulation,,holidayLemmings1993-MACLEVL-32,11:Flurry:12:5:3
241,Holiday Lemmings 1993,Yo-yo Lem-lem,True,246.94,Moderate,medium,True,builder;climber;multiple-worker-coordination,,holidayLemmings1993-MACLEVL-32,12:Flurry:13:5:4
242,Holiday Lemmings 1993,Marshmallow Land,True,346.8,Tricky,medium,True,basher;builder;multiple-worker-coordination;release-rate-manipulation,,holidayLemmings1993-MACLEVL-32,13:Flurry:14:5:5
243,Holiday Lemmings 1993,Head for the Hills!,True,270.77,Moderate,medium,True,builder,,holidayLemmings1993-MACLEVL-32,14:Flurry:15:5:6
244,Holiday Lemmings 1993,The Long Way Around,True,305.15,Tricky,medium,True,basher;blocker;builder;release-rate-manipulation,,holidayLemmings1993-MACLEVL-32,15:Flurry:16:5:7
245,Holiday Lemmings 1993,Oogilemming!,True,497.2,Challenging,medium,True,basher;blocker;builder;climber;digger;floater;multiple-worker-coordination;release-rate-manipulation,,holidayLemmings1993-MACLEVL-32,16:Blizzard:1:6:0
246,Holiday Lemmings 1993,Lemmings Up High,True,236.12,Moderate,medium,True,basher;builder;release-rate-manipulation,,holidayLemmings1993-MACLEVL-32,17:Blizzard:2:6:1
247,Holiday Lemmings 1993,Check Your Hints!,True,297.28,Moderate,high,True,digger;release-rate-manipulation,,holidayLemmings1993-MACLEVL-32,18:Blizzard:3:6:2
248,Holiday Lemmings 1993,Santus Lemmingus,True,345.95,Tricky,medium,True,basher;builder;climber;digger;floater,,holidayLemmings1993-MACLEVL-32,19:Blizzard:4:6:3
249,Holiday Lemmings 1993,It Came Upon a Lemnight Clear,True,557.79,Hard,medium,True,basher;blocker;bomber;builder;climber;digger;miner;multiple-worker-coordination;release-rate-manipulation,,holidayLemmings1993-MACLEVL-32,20:Blizzard:5:6:4
250,Holiday Lemmings 1993,A Single Lemming...,True,296.68,Moderate,medium,True,builder;digger;release-rate-manipulation,,holidayLemmings1993-MACLEVL-32,21:Blizzard:6:6:5
251,Holiday Lemmings 1993,Break on through...,True,297.68,Moderate,medium,True,basher;builder;release-rate-manipulation,,holidayLemmings1993-MACLEVL-32,22:Blizzard:7:6:6
252,Holiday Lemmings 1993,Presents of Mind II,True,321.7,Tricky,medium,True,basher;builder;multiple-worker-coordination,,holidayLemmings1993-MACLEVL-32,23:Blizzard:8:6:7
253,Holiday Lemmings 1993,Lemmings...The Motion Picture,True,398.87,Tricky,medium,True,basher;blocker;builder;digger;release-rate-manipulation,,holidayLemmings1993-MACLEVL-32,24:Blizzard:9:7:0
254,Holiday Lemmings 1993,The Wrath of Lem,True,260.08,Moderate,medium,True,basher;builder,,holidayLemmings1993-MACLEVL-32,25:Blizzard:10:7:1
255,Holiday Lemmings 1993,The Search for Lem,True,443.1,Challenging,medium,True,basher;builder;climber;digger;miner;multiple-worker-coordination;release-rate-manipulation,,holidayLemmings1993-MACLEVL-32,26:Blizzard:11:7:2
256,Holiday Lemmings 1993,The Voyage Home...,True,257.2,Moderate,medium,True,bomber;digger,,holidayLemmings1993-MACLEVL-32,27:Blizzard:12:7:3
257,Holiday Lemmings 1993,The Final Frontier,True,275.78,Moderate,medium,True,blocker;bomber;builder;release-rate-manipulation,,holidayLemmings1993-MACLEVL-32,28:Blizzard:13:7:4
258,Holiday Lemmings 1993,The Undiscovered Country,True,159.71,Easy,medium,True,digger;miner,,holidayLemmings1993-MACLEVL-32,29:Blizzard:14:7:5
259,Holiday Lemmings 1993,The Needs of the Many...,True,479.8,Challenging,medium,True,basher;bomber;builder;climber;floater,,holidayLemmings1993-MACLEVL-32,30:Blizzard:15:7:6
260,Holiday Lemmings 1993,The Next Lemeration,True,339.35,Tricky,medium,True,basher;blocker;bomber;builder;miner;release-rate-manipulation,,holidayLemmings1993-MACLEVL-32,31:Blizzard:16:7:7
261,Oh Yes! More Lemmings!,There can be only one,True,135.13,Easy,high,True,builder,,ohYesMoreLemmings-OHYES-60,0:Lemmings Versus:1:0:0
262,Oh Yes! More Lemmings!,We`re in this one together,True,500.45,Hard,medium,True,basher;blocker;builder;digger;miner;multiple-worker-coordination,,ohYesMoreLemmings-OHYES-60,1:Lemmings Versus:2:0:1
263,Oh Yes! More Lemmings!,Still everything to play for,True,71.69,Beginner,medium,True,basher,,ohYesMoreLemmings-OHYES-60,2:Lemmings Versus:3:0:2
264,Oh Yes! More Lemmings!,May the craftiest player win,True,626.68,Very Hard,medium,True,basher;blocker;builder;climber;digger;floater;miner;multiple-worker-coordination,,ohYesMoreLemmings-OHYES-60,3:Lemmings Versus:4:0:3
265,Oh Yes! More Lemmings!,and the winner is.....,True,132.21,Easy,medium,True,basher;builder,,ohYesMoreLemmings-OHYES-60,4:Lemmings Versus:5:0:4
266,Oh Yes! More Lemmings!,In the thick of the fray,True,79.18,Beginner,medium,True,builder,,ohYesMoreLemmings-OHYES-60,5:Lemmings Versus:6:0:5
267,Oh Yes! More Lemmings!,Just for fun or to the death?,True,278.95,Moderate,medium,True,basher;builder;digger;multiple-worker-coordination,,ohYesMoreLemmings-OHYES-60,6:Lemmings Versus:7:0:6
268,Oh Yes! More Lemmings!,Game on!  Choose your tactics.,True,314.25,Tricky,medium,True,basher;builder;digger;miner;multiple-worker-coordination,,ohYesMoreLemmings-OHYES-60,7:Lemmings Versus:8:0:7
269,Oh Yes! More Lemmings!,The Passing Place,True,283.69,Moderate,medium,True,builder;multiple-worker-coordination,,ohYesMoreLemmings-OHYES-60,8:Lemmings Versus:9:0:8
270,Oh Yes! More Lemmings!,"Take what you can, when you can",True,202.02,Moderate,medium,True,basher;builder;digger,,ohYesMoreLemmings-OHYES-60,9:Lemmings Versus:10:0:9
271,Oh Yes! More Lemmings!,Any chance of a truce?,True,172.53,Easy,medium,True,miner,,ohYesMoreLemmings-OHYES-60,10:Lemmings Versus:11:0:10
272,Oh Yes! More Lemmings!,Good game! Good game!,True,277.4,Moderate,medium,True,basher;blocker;bomber;builder;release-rate-manipulation,,ohYesMoreLemmings-OHYES-60,11:Lemmings Versus:12:0:11
273,Oh Yes! More Lemmings!,The Hammock...,True,343.44,Tricky,medium,True,basher;blocker;bomber;builder;digger,,ohYesMoreLemmings-OHYES-60,12:Lemmings Versus:13:0:12
274,Oh Yes! More Lemmings!,The Pipe Room...,True,44.05,Beginner,high,True,,,ohYesMoreLemmings-OHYES-60,13:Lemmings Versus:14:0:13
275,Oh Yes! More Lemmings!,Graffiti,True,342.14,Tricky,medium,True,basher;blocker;bomber;builder;miner;release-rate-manipulation,,ohYesMoreLemmings-OHYES-60,14:Lemmings Versus:15:0:14
276,Oh Yes! More Lemmings!,The Rubbish Dump,True,158.18,Easy,medium,True,basher;digger,,ohYesMoreLemmings-OHYES-60,15:Lemmings Versus:16:0:15
277,Oh Yes! More Lemmings!,The Crystal Cavern Mark II,True,342.02,Tricky,medium,True,basher;builder;multiple-worker-coordination,,ohYesMoreLemmings-OHYES-60,16:Lemmings Versus:17:0:16
278,Oh Yes! More Lemmings!,The Rope Bridge,True,264.85,Moderate,medium,True,builder,,ohYesMoreLemmings-OHYES-60,17:Lemmings Versus:18:0:17
279,Oh Yes! More Lemmings!,Islands in the Sky,True,94.4,Beginner,high,True,blocker,,ohYesMoreLemmings-OHYES-60,18:Lemmings Versus:19:0:18
280,Oh Yes! More Lemmings!,Cross-over Point,True,330.95,Tricky,medium,True,basher;builder;digger;floater;multiple-worker-coordination,,ohYesMoreLemmings-OHYES-60,19:Lemmings Versus:20:0:19
281,Oh Yes! More Lemmings!,The Duel,True,142.43,Easy,medium,True,basher;builder,,ohYesMoreLemmings-OHYES-60,20:Oh No! More Lemmings Versus:1:0:20
282,Oh Yes! More Lemmings!,Match Of The Day,True,83.57,Beginner,medium,True,basher,,ohYesMoreLemmings-OHYES-60,21:Oh No! More Lemmings Versus:2:0:21
283,Oh Yes! More Lemmings!,Confrontation,True,164.2,Easy,high,True,basher,,ohYesMoreLemmings-OHYES-60,22:Oh No! More Lemmings Versus:3:0:22
284,Oh Yes! More Lemmings!,The Only Way Out,True,181.57,Easy,medium,True,basher;builder,,ohYesMoreLemmings-OHYES-60,23:Oh No! More Lemmings Versus:4:0:23
285,Oh Yes! More Lemmings!,Showdown!,True,319.77,Tricky,medium,True,blocker;builder;climber;miner;multiple-worker-coordination,,ohYesMoreLemmings-OHYES-60,24:Oh No! More Lemmings Versus:5:0:24
286,Oh Yes! More Lemmings!,Test Of Skill,True,48.52,Beginner,high,True,,,ohYesMoreLemmings-OHYES-60,25:Oh No! More Lemmings Versus:6:0:25
287,Oh Yes! More Lemmings!,Give And Take,True,47.91,Beginner,high,True,,,ohYesMoreLemmings-OHYES-60,26:Oh No! More Lemmings Versus:7:0:26
288,Oh Yes! More Lemmings!,Co-operation,True,306.56,Tricky,medium,True,basher;blocker;builder,,ohYesMoreLemmings-OHYES-60,27:Oh No! More Lemmings Versus:8:0:27
289,Oh Yes! More Lemmings!,One On One,True,275.38,Moderate,medium,True,builder;digger;multiple-worker-coordination,,ohYesMoreLemmings-OHYES-60,28:Oh No! More Lemmings Versus:9:0:28
290,Oh Yes! More Lemmings!,I Want It All,True,121.01,Easy,medium,True,builder;miner,,ohYesMoreLemmings-OHYES-60,29:Oh No! More Lemmings Versus:10:0:29
291,Oh Yes! More Lemmings!,Rules to fall,True,208.05,Moderate,medium,True,digger;floater,,ohYesMoreLemmings-OHYES-60,30:Mega Drive Sunsoft:1:0:30
292,Oh Yes! More Lemmings!,Inside the bone,True,330.59,Tricky,medium,True,basher;builder;multiple-worker-coordination,,ohYesMoreLemmings-OHYES-60,31:Mega Drive Sunsoft:2:0:31
293,Oh Yes! More Lemmings!,Anxiety,True,261.73,Moderate,medium,True,builder;miner;release-rate-manipulation,,ohYesMoreLemmings-OHYES-60,32:Mega Drive Sunsoft:3:0:32
294,Oh Yes! More Lemmings!,Train your body,True,269.76,Moderate,medium,True,basher;builder;digger,,ohYesMoreLemmings-OHYES-60,33:Mega Drive Sunsoft:4:0:33
295,Oh Yes! More Lemmings!,Watch your step,True,308.23,Tricky,medium,True,basher;blocker;bomber;builder;release-rate-manipulation,,ohYesMoreLemmings-OHYES-60,34:Mega Drive Sunsoft:5:0:34
296,Oh Yes! More Lemmings!,Libra,True,287.44,Moderate,medium,True,blocker;bomber,,ohYesMoreLemmings-OHYES-60,35:Mega Drive Sunsoft:6:0:35
297,Oh Yes! More Lemmings!,Everyone turn left (Part two),True,86.77,Beginner,medium,True,miner,,ohYesMoreLemmings-OHYES-60,36:Mega Drive Sunsoft:7:0:36
298,Oh Yes! More Lemmings!,Is this a circus?,True,239.53,Moderate,medium,True,basher;builder,,ohYesMoreLemmings-OHYES-60,37:Mega Drive Sunsoft:8:0:37
299,Oh Yes! More Lemmings!,Evacuating a coal mine,True,331.06,Tricky,medium,True,basher;builder;climber;miner,,ohYesMoreLemmings-OHYES-60,38:Mega Drive Sunsoft:9:0:38
300,Oh Yes! More Lemmings!,Spiral staircase,True,278.68,Moderate,medium,True,blocker;bomber;builder;digger,,ohYesMoreLemmings-OHYES-60,39:Mega Drive Sunsoft:10:0:39
301,Oh Yes! More Lemmings!,Turn around and look.,True,218.5,Moderate,medium,True,builder;miner,,ohYesMoreLemmings-OHYES-60,40:Mega Drive Sunsoft:11:0:40
302,Oh Yes! More Lemmings!,Water processing plant,True,431.98,Challenging,medium,True,basher;builder;floater;miner;multiple-worker-coordination;release-rate-manipulation,,ohYesMoreLemmings-OHYES-60,41:Mega Drive Sunsoft:12:0:41
303,Oh Yes! More Lemmings!,Doomsday,True,321.34,Tricky,medium,True,blocker;bomber;builder;climber,,ohYesMoreLemmings-OHYES-60,42:Mega Drive Sunsoft:13:0:42
304,Oh Yes! More Lemmings!,No world without you,True,382.47,Tricky,medium,True,basher;builder;climber;digger;multiple-worker-coordination,,ohYesMoreLemmings-OHYES-60,43:Mega Drive Sunsoft:14:0:43
305,Oh Yes! More Lemmings!,Exodus!,True,378.92,Tricky,medium,True,basher;builder;climber;floater;release-rate-manipulation,,ohYesMoreLemmings-OHYES-60,44:Mega Drive Sunsoft:15:0:44
306,Oh Yes! More Lemmings!,Here is Mr.Lemming's house,True,311.52,Tricky,medium,True,basher;blocker;bomber;builder;digger;miner,,ohYesMoreLemmings-OHYES-60,45:Mega Drive Sunsoft:16:0:45
307,Oh Yes! More Lemmings!,Cave quest,True,355.21,Tricky,medium,True,basher;blocker;builder;digger,,ohYesMoreLemmings-OHYES-60,46:Mega Drive Sunsoft:17:0:46
308,Oh Yes! More Lemmings!,SUNSOFT Special,True,389.0,Tricky,medium,True,basher;blocker;bomber;builder;digger;release-rate-manipulation,,ohYesMoreLemmings-OHYES-60,47:Mega Drive Sunsoft:18:0:47
309,Oh Yes! More Lemmings!,Let's go camping.,True,211.4,Moderate,medium,True,builder;digger,,ohYesMoreLemmings-OHYES-60,48:Mega Drive Sunsoft:19:0:48
310,Oh Yes! More Lemmings!,Haunted botanical garden,True,343.01,Tricky,medium,True,builder;digger;miner;multiple-worker-coordination,,ohYesMoreLemmings-OHYES-60,49:Mega Drive Sunsoft:20:0:49
311,Oh Yes! More Lemmings!,Be sure to be a builder.,True,302.66,Tricky,medium,True,basher;blocker;builder;miner,,ohYesMoreLemmings-OHYES-60,50:Mega Drive Sunsoft:21:0:50
312,Oh Yes! More Lemmings!,Watch right or left (Part two),True,357.49,Tricky,medium,True,basher;bomber;builder;digger;release-rate-manipulation,,ohYesMoreLemmings-OHYES-60,51:Mega Drive Sunsoft:22:0:51
313,Oh Yes! More Lemmings!,Move on in two separate groups.,True,421.14,Challenging,medium,True,basher;blocker;builder;multiple-worker-coordination,,ohYesMoreLemmings-OHYES-60,52:Mega Drive Sunsoft:23:0:52
314,Oh Yes! More Lemmings!,"Out, away from the tune",True,340.13,Tricky,medium,True,basher;blocker;bomber;builder,,ohYesMoreLemmings-OHYES-60,53:Mega Drive Sunsoft:24:0:53
315,Oh Yes! More Lemmings!,Stray sheep,True,352.12,Tricky,medium,True,basher;blocker;builder;digger;miner;release-rate-manipulation,,ohYesMoreLemmings-OHYES-60,54:Mega Drive Sunsoft:25:0:54
316,Oh Yes! More Lemmings!,Just a minute (Part Three),True,446.95,Challenging,medium,True,basher;climber;digger;miner;multiple-worker-coordination;release-rate-manipulation,,ohYesMoreLemmings-OHYES-60,55:Mega Drive Sunsoft:26:0:55
317,Oh Yes! More Lemmings!,Two heads are better...,True,265.3,Moderate,medium,True,bomber;climber;floater,,ohYesMoreLemmings-OHYES-60,56:Mega Drive Sunsoft:27:0:56
318,Oh Yes! More Lemmings!,The gate trap Lemmings.,True,425.62,Challenging,medium,True,basher;blocker;builder;digger;multiple-worker-coordination,,ohYesMoreLemmings-OHYES-60,57:Mega Drive Sunsoft:28:0:57
319,Oh Yes! More Lemmings!,I am A.T.,True,232.62,Moderate,medium,True,builder;digger;release-rate-manipulation,,ohYesMoreLemmings-OHYES-60,58:Mega Drive Sunsoft:29:0:58
320,Oh Yes! More Lemmings!,Fall and no life (Part Two),True,513.76,Hard,medium,True,basher;builder;floater;miner;multiple-worker-coordination,,ohYesMoreLemmings-OHYES-60,59:Mega Drive Sunsoft:30:0:59
321,Holiday Lemmings 1994,Chains of Command,True,160.98,Easy,medium,True,basher,,holidayLemmings1994-MACLEVL-32,0:Frost:1:0:0
322,Holiday Lemmings 1994,Ski Jump!,True,170.09,Easy,medium,True,floater,,holidayLemmings1994-MACLEVL-32,1:Frost:2:0:1
323,Holiday Lemmings 1994,CindyLand,True,298.86,Moderate,medium,True,basher;blocker;multiple-worker-coordination;release-rate-manipulation,,holidayLemmings1994-MACLEVL-32,2:Frost:3:0:2
324,Holiday Lemmings 1994,Separate Ways,True,182.16,Easy,medium,True,basher;builder,,holidayLemmings1994-MACLEVL-32,3:Frost:4:0:3
325,Holiday Lemmings 1994,Lemming Reunification,True,289.34,Moderate,medium,True,basher;miner;multiple-worker-coordination,,holidayLemmings1994-MACLEVL-32,4:Frost:5:0:4
326,Holiday Lemmings 1994,The Land of the Bizarre,True,271.8,Moderate,medium,True,blocker;bomber;builder;release-rate-manipulation,,holidayLemmings1994-MACLEVL-32,5:Frost:6:0:5
327,Holiday Lemmings 1994,Happy New Year!,True,415.14,Challenging,medium,True,basher;blocker;bomber;builder;multiple-worker-coordination,,holidayLemmings1994-MACLEVL-32,6:Frost:7:0:6
328,Holiday Lemmings 1994,Division Bell,True,96.03,Beginner,high,True,digger,,holidayLemmings1994-MACLEVL-32,7:Frost:8:0:7
329,Holiday Lemmings 1994,Quest for Kieran,True,288.5,Moderate,medium,True,builder;miner;multiple-worker-coordination;release-rate-manipulation,,holidayLemmings1994-MACLEVL-32,8:Frost:9:1:0
330,Holiday Lemmings 1994,Four Play,True,550.15,Hard,medium,True,basher;builder;digger;multiple-worker-coordination;release-rate-manipulation,,holidayLemmings1994-MACLEVL-32,9:Frost:10:1:1
331,Holiday Lemmings 1994,Maybe not such a doddle,True,289.29,Moderate,medium,True,blocker;builder;digger;miner;multiple-worker-coordination,,holidayLemmings1994-MACLEVL-32,10:Frost:11:1:2
332,Holiday Lemmings 1994,It's Boxing Day!,True,357.3,Tricky,medium,True,basher;builder;digger;release-rate-manipulation,,holidayLemmings1994-MACLEVL-32,11:Frost:12:1:3
333,Holiday Lemmings 1994,2 Minutes before midnight,True,202.25,Moderate,medium,True,basher;builder;release-rate-manipulation,,holidayLemmings1994-MACLEVL-32,12:Frost:13:1:4
334,Holiday Lemmings 1994,Happy New Year II!,True,441.86,Challenging,medium,True,basher;builder;multiple-worker-coordination,,holidayLemmings1994-MACLEVL-32,13:Frost:14:1:5
335,Holiday Lemmings 1994,Plethora of Presents,True,236.95,Moderate,medium,True,basher;builder;miner,,holidayLemmings1994-MACLEVL-32,14:Frost:15:1:6
336,Holiday Lemmings 1994,Up on the Rooftops,True,412.84,Challenging,medium,True,builder;climber;floater;multiple-worker-coordination;release-rate-manipulation,,holidayLemmings1994-MACLEVL-32,15:Frost:16:1:7
337,Holiday Lemmings 1994,Go Thataway!,True,441.67,Challenging,medium,True,basher;builder;climber;floater;release-rate-manipulation,,holidayLemmings1994-MACLEVL-32,16:Hail:1:2:0
338,Holiday Lemmings 1994,Break On Through,True,292.72,Moderate,medium,True,blocker;bomber,,holidayLemmings1994-MACLEVL-32,17:Hail:2:2:1
339,Holiday Lemmings 1994,And a Happy New Year!,True,382.54,Tricky,medium,True,basher;builder;miner;release-rate-manipulation,,holidayLemmings1994-MACLEVL-32,18:Hail:3:2:2
340,Holiday Lemmings 1994,Lemmintaschen?,True,474.65,Challenging,medium,True,basher;blocker;bomber;miner,,holidayLemmings1994-MACLEVL-32,19:Hail:4:2:3
341,Holiday Lemmings 1994,Get the Point?,True,553.2,Hard,medium,True,blocker;builder;digger;floater;multiple-worker-coordination;release-rate-manipulation,,holidayLemmings1994-MACLEVL-32,20:Hail:5:2:4
342,Holiday Lemmings 1994,Surprise Package?,True,32.93,Beginner,high,True,,,holidayLemmings1994-MACLEVL-32,21:Hail:6:2:5
343,Holiday Lemmings 1994,Steel Ice Span,True,308.87,Tricky,medium,True,builder;climber;multiple-worker-coordination;release-rate-manipulation,,holidayLemmings1994-MACLEVL-32,22:Hail:7:2:6
344,Holiday Lemmings 1994,Sir Edmund Hilemming,True,423.19,Challenging,medium,True,builder;digger;miner;multiple-worker-coordination;release-rate-manipulation,,holidayLemmings1994-MACLEVL-32,23:Hail:8:2:7
345,Holiday Lemmings 1994,"Up, up, and away!",True,305.48,Tricky,medium,True,basher;builder;multiple-worker-coordination;release-rate-manipulation,,holidayLemmings1994-MACLEVL-32,24:Hail:9:3:0
346,Holiday Lemmings 1994,"Lemmy in the cold, cold ground",True,359.03,Tricky,medium,True,basher;builder;multiple-worker-coordination,,holidayLemmings1994-MACLEVL-32,25:Hail:10:3:1
347,Holiday Lemmings 1994,Emmings!  (No L),True,479.42,Challenging,medium,True,builder;climber;digger;miner;multiple-worker-coordination;release-rate-manipulation,,holidayLemmings1994-MACLEVL-32,26:Hail:11:3:2
348,Holiday Lemmings 1994,Merry Christmaze,True,286.14,Moderate,medium,True,builder;multiple-worker-coordination,,holidayLemmings1994-MACLEVL-32,27:Hail:12:3:3
349,Holiday Lemmings 1994,Polar Expedition,True,467.57,Challenging,medium,True,basher;builder;climber;digger;floater;multiple-worker-coordination;release-rate-manipulation,,holidayLemmings1994-MACLEVL-32,28:Hail:13:3:4
350,Holiday Lemmings 1994,Rendezvous II,True,410.1,Challenging,medium,True,basher;builder;multiple-worker-coordination,,holidayLemmings1994-MACLEVL-32,29:Hail:14:3:5
351,Holiday Lemmings 1994,Steel Block Party,True,204.01,Moderate,medium,True,basher;builder;digger,,holidayLemmings1994-MACLEVL-32,30:Hail:15:3:6
352,Holiday Lemmings 1994,Peak of Performance,True,262.66,Moderate,medium,True,basher;blocker;builder;floater,,holidayLemmings1994-MACLEVL-32,31:Hail:16:3:7
353,geooPk0,Simple warm-up,False,91.4,Beginner,low,True,,,fan:lldb-1,geooPk0.dat#0
354,geooPk0,Everything you don't need,False,85.59,Beginner,low,True,,,fan:lldb-1,geooPk0.dat#1
355,geooPk0,crossing stairs,False,94,Beginner,low,True,,,fan:lldb-1,geooPk0.dat#2
356,geooPk0,Down the cliff,False,86.45,Beginner,low,True,,,fan:lldb-1,geooPk0.dat#3
357,geooPk0,There`s a method in the madness,False,94,Beginner,low,True,,,fan:lldb-1,geooPk0.dat#4
358,geooPk0,Increasing step heights,False,103.38,Easy,low,True,,,fan:lldb-1,geooPk0.dat#5
359,geooPk0,Through the thicket,False,86,Beginner,low,True,,,fan:lldb-1,geooPk0.dat#6
360,geooPk0,Finding a place to stay,False,95.85,Beginner,low,True,,,fan:lldb-1,geooPk0.dat#7
361,geooPk0,Mission at max-fall 60,False,106.5,Easy,low,True,,,fan:lldb-1,geooPk0.dat#8
362,geooPk0,High-tech or Low-tech,False,97,Beginner,low,True,,,fan:lldb-1,geooPk0.dat#9
363,geooPk1,Upset Lemming,False,98.75,Beginner,low,True,,,fan:lldb-2,geooPk1.dat#0
364,geooPk1,Twice the same?,False,71.19,Beginner,low,True,,,fan:lldb-2,geooPk1.dat#1
365,geooPk1,Supaplex Tricks...,False,106.5,Easy,low,True,,,fan:lldb-2,geooPk1.dat#2
366,geooPk1,The way up,False,106.5,Easy,low,True,,,fan:lldb-2,geooPk1.dat#3
367,geooPk1,More 'No Builder Problems',False,103.4,Easy,low,True,,,fan:lldb-2,geooPk1.dat#4
368,geooPk1,Follow Me,False,80.25,Beginner,low,True,,,fan:lldb-2,geooPk1.dat#5
369,geooPk1,Palace o/t once-hacked Lemmings,False,120.1,Easy,low,True,,,fan:lldb-2,geooPk1.dat#6
370,geooPk1,Prepairing their ways,False,88.6,Beginner,low,True,,,fan:lldb-2,geooPk1.dat#7
371,geooPk1,Trading and Cooperating,False,115.9,Easy,low,True,,,fan:lldb-2,geooPk1.dat#8
372,geooPk1,Don't Stop Me Now!,False,90.75,Beginner,low,True,,,fan:lldb-2,geooPk1.dat#9
373,Anatol00,The Arctic,False,106.62,Easy,low,True,,,fan:lldb-3,Anatol00.dat#0
374,Anatol00,Egypt Fall,False,79,Beginner,low,True,,,fan:lldb-3,Anatol00.dat#1
375,Anatol00,Let's get out of here!,False,67.92,Beginner,low,True,,,fan:lldb-3,Anatol00.dat#3
376,Anatol00,Lemming Roast,False,98.87,Beginner,low,True,,,fan:lldb-3,Anatol00.dat#4
377,Anatol00,Bubble Bath,False,95.53,Beginner,low,True,,,fan:lldb-3,Anatol00.dat#5
378,Anatol00,The Chain Gang,False,94,Beginner,low,True,,,fan:lldb-3,Anatol00.dat#6
379,Anatol00,Bricks Away,False,87.75,Beginner,low,True,,,fan:lldb-3,Anatol00.dat#7
380,Anatol00,Crystmas,False,104.58,Easy,low,True,,,fan:lldb-3,Anatol00.dat#8
381,Anatol00,Amazonian,False,93.7,Beginner,low,True,,,fan:lldb-3,Anatol00.dat#9
382,Eymerich02,"The Great Wall, part two",False,81.08,Beginner,low,True,,,fan:lldb-4,Eymerich02.dat#0
383,Eymerich02,Tomorrow Ends Today,False,86.25,Beginner,low,True,,,fan:lldb-4,Eymerich02.dat#1
384,Eymerich02,Wait. I have a plan.,False,90.9,Beginner,low,True,,,fan:lldb-4,Eymerich02.dat#2
385,Eymerich02,Lemming Clichè,False,81.5,Beginner,low,True,,,fan:lldb-4,Eymerich02.dat#3
386,Eymerich02,We still all fall down,False,92.5,Beginner,low,True,,,fan:lldb-4,Eymerich02.dat#4
387,Eymerich02,Lem for Vendetta,False,104.03,Easy,low,True,,,fan:lldb-4,Eymerich02.dat#5
388,Eymerich02,Brokeback Mountain,False,108.21,Easy,low,True,,,fan:lldb-4,Eymerich02.dat#6
389,Eymerich02,Clockwork Pink Revisited,False,88.53,Beginner,low,True,,,fan:lldb-4,Eymerich02.dat#7
390,Eymerich02,There's thrill in the Method,False,99.95,Beginner,low,True,,,fan:lldb-4,Eymerich02.dat#8
391,Eymerich02,Dungeons & Lemmings,False,112.65,Easy,low,True,,,fan:lldb-4,Eymerich02.dat#9
392,Mikepak00,Only practice,False,110.58,Easy,low,True,,,fan:lldb-5,Mikepak00.dat#0
393,Mikepak00,It's easy !,False,95.75,Beginner,low,True,,,fan:lldb-5,Mikepak00.dat#1
394,Mikepak00,Only clambering !,False,106.38,Easy,low,True,,,fan:lldb-5,Mikepak00.dat#2
395,Mikepak00,In the Artical Base...,False,107.78,Easy,low,True,,,fan:lldb-5,Mikepak00.dat#3
396,Mikepak00,In the cavern...,False,106.38,Easy,low,True,,,fan:lldb-5,Mikepak00.dat#4
397,Mikepak00,Welcome in the HOT cavern !,False,111.88,Easy,low,True,,,fan:lldb-5,Mikepak00.dat#5
398,Mikepak00,Lemmings on the boat,False,81.38,Beginner,low,True,,,fan:lldb-5,Mikepak00.dat#6
399,Mikepak00,Palace Midas,False,109.08,Easy,low,True,,,fan:lldb-5,Mikepak00.dat#7
400,Mikepak00,Need some tools ?,False,69,Beginner,low,True,,,fan:lldb-5,Mikepak00.dat#8
401,Mikepak00,In the swamp...,False,90.9,Beginner,low,True,,,fan:lldb-5,Mikepak00.dat#9
402,Mikepak01,The mini-labyrinth,False,80.54,Beginner,low,True,,,fan:lldb-6,Mikepak01.dat#0
403,Mikepak01,All with 0 and 1,False,106.5,Easy,low,True,,,fan:lldb-6,Mikepak01.dat#1
404,Mikepak01,The strange spiral,False,77,Beginner,low,True,,,fan:lldb-6,Mikepak01.dat#2
405,Mikepak01,The ice labyrinth!,False,102.44,Easy,low,True,,,fan:lldb-6,Mikepak01.dat#3
406,Mikepak01,In the center of the earth,False,111.98,Easy,low,True,,,fan:lldb-6,Mikepak01.dat#4
407,Mikepak01,Welcome to HELL!,False,89.03,Beginner,low,True,,,fan:lldb-6,Mikepak01.dat#5
408,Mikepak01,Welcome to Athens!,False,65.5,Beginner,low,True,,,fan:lldb-6,Mikepak01.dat#6
409,Mikepak01,Climbers and bombers,False,74.56,Beginner,low,True,,,fan:lldb-6,Mikepak01.dat#7
410,Mikepak01,On icy ropes,False,62.75,Beginner,low,True,,,fan:lldb-6,Mikepak01.dat#8
411,Mikepak01,Let's climb!,False,68.88,Beginner,low,True,,,fan:lldb-6,Mikepak01.dat#9
412,Mikepak02,Rescue on the dangerous lake!,False,97.15,Beginner,low,True,,,fan:lldb-7,Mikepak02.dat#0
413,Mikepak02,Impossible ?,False,95.3,Beginner,low,True,,,fan:lldb-7,Mikepak02.dat#1
414,Mikepak02,The steel can be destroyed,False,77.44,Beginner,low,True,,,fan:lldb-7,Mikepak02.dat#2
415,Mikepak02,The clambering,False,89.09,Beginner,low,True,,,fan:lldb-7,Mikepak02.dat#3
416,Mikepak02,What is the steel ?,False,102.44,Easy,low,True,,,fan:lldb-7,Mikepak02.dat#4
417,Mikepak02,The big stair !,False,75.25,Beginner,low,True,,,fan:lldb-7,Mikepak02.dat#5
418,Mikepak02,The small factory !,False,112.61,Easy,low,True,,,fan:lldb-7,Mikepak02.dat#6
419,Mikepak02,EMERGENCY 1,False,101.59,Easy,low,True,,,fan:lldb-7,Mikepak02.dat#7
420,Mikepak02,The invisible level !,False,99.97,Beginner,low,True,,,fan:lldb-7,Mikepak02.dat#8
421,Mikepak02,All with 6 ! (Except builder!),False,105.71,Easy,low,True,,,fan:lldb-7,Mikepak02.dat#9
422,Mikepak03,It's possible !,False,95.75,Beginner,low,True,,,fan:lldb-8,Mikepak03.dat#0
423,Mikepak03,The diagonal bridge,False,108.25,Easy,low,True,,,fan:lldb-8,Mikepak03.dat#1
424,Mikepak03,The way is not above...,False,104.19,Easy,low,True,,,fan:lldb-8,Mikepak03.dat#2
425,Mikepak03,EMERGENCY 2,False,95.75,Beginner,low,True,,,fan:lldb-8,Mikepak03.dat#3
426,Mikepak03,PONT  SUSPENDU,False,89.5,Beginner,low,True,,,fan:lldb-8,Mikepak03.dat#4
427,Mikepak03,It's lunch time !,False,102,Easy,low,True,,,fan:lldb-8,Mikepak03.dat#5
428,Mikepak03,The pyramid of water,False,115.49,Easy,low,True,,,fan:lldb-8,Mikepak03.dat#6
429,Mikepak03,In icy cavern...,False,94.31,Beginner,low,True,,,fan:lldb-8,Mikepak03.dat#7
430,Mikepak03,It's more easy now !,False,93.09,Beginner,low,True,,,fan:lldb-8,Mikepak03.dat#8
431,Mikepak03,Triple trouble,False,102.44,Easy,low,True,,,fan:lldb-8,Mikepak03.dat#9
432,Mikepak04,Welcome to PIPES-CITY !,False,94,Beginner,low,True,,,fan:lldb-9,Mikepak04.dat#0
433,Mikepak04,PLEASE DO NOT DIG IN THIS AREA,False,79.47,Beginner,low,True,,,fan:lldb-9,Mikepak04.dat#1
434,Mikepak04,The David Star,False,65.75,Beginner,low,True,,,fan:lldb-9,Mikepak04.dat#2
435,Mikepak04,Stop it ! Stop it !,False,77,Beginner,low,True,,,fan:lldb-9,Mikepak04.dat#3
436,Mikepak04,The pink wall,False,108.25,Easy,low,True,,,fan:lldb-9,Mikepak04.dat#4
437,Mikepak04,In the indian cimetery...,False,64.66,Beginner,low,True,,,fan:lldb-9,Mikepak04.dat#5
438,Mikepak04,It's just clambering !,False,95.75,Beginner,low,True,,,fan:lldb-9,Mikepak04.dat#6
439,Mikepak04,A strange manner to dig !,False,61.58,Beginner,low,True,,,fan:lldb-9,Mikepak04.dat#7
440,Mikepak04,2 starts ! 1 Exit !,False,78.4,Beginner,low,True,,,fan:lldb-9,Mikepak04.dat#8
441,Mikepak04,Easy when you know how !,False,103.4,Easy,low,True,,,fan:lldb-9,Mikepak04.dat#9
442,Mikepak05,The small jail !,False,90.9,Beginner,low,True,,,fan:lldb-10,Mikepak05.dat#0
443,Mikepak05,Under the snow,False,98.14,Beginner,low,True,,,fan:lldb-10,Mikepak05.dat#1
444,Mikepak05,The big palace !,False,113.87,Easy,low,True,,,fan:lldb-10,Mikepak05.dat#2
445,Mikepak05,LEMMINGS,False,98.38,Beginner,low,True,,,fan:lldb-10,Mikepak05.dat#3
446,Mikepak05,Chains-mania !,False,78.4,Beginner,low,True,,,fan:lldb-10,Mikepak05.dat#4
447,Mikepak05,Easy ?,False,90.09,Beginner,low,True,,,fan:lldb-10,Mikepak05.dat#5
448,Mikepak05,With stairs !,False,89.5,Beginner,low,True,,,fan:lldb-10,Mikepak05.dat#6
449,Mikepak05,Not so simple !,False,90.49,Beginner,low,True,,,fan:lldb-10,Mikepak05.dat#7
450,Mikepak05,The impassable wall 1,False,82.62,Beginner,low,True,,,fan:lldb-10,Mikepak05.dat#8
451,Mikepak05,The impassable wall 2,False,111.84,Easy,low,True,,,fan:lldb-10,Mikepak05.dat#9
452,Mikepak06,A little bit of clambering,False,78.4,Beginner,low,True,,,fan:lldb-11,Mikepak06.dat#0
453,Mikepak06,Search and found !,False,112.2,Easy,low,True,,,fan:lldb-11,Mikepak06.dat#1
454,Mikepak06,1 and 2 !,False,101.05,Easy,low,True,,,fan:lldb-11,Mikepak06.dat#2
455,Mikepak06,Double clambering !,False,106.38,Easy,low,True,,,fan:lldb-11,Mikepak06.dat#3
456,Mikepak06,Diamonds land !,False,111.84,Easy,low,True,,,fan:lldb-11,Mikepak06.dat#4
457,Mikepak06,Introduction in the building !,False,116.67,Easy,low,True,,,fan:lldb-11,Mikepak06.dat#5
458,Mikepak06,Lemmings on the boat 2,False,114.09,Easy,low,True,,,fan:lldb-11,Mikepak06.dat#6
459,Mikepak06,The diving!,False,95.34,Beginner,low,True,,,fan:lldb-11,Mikepak06.dat#7
460,Mikepak06,Caution to the Nessy !,False,113.87,Easy,low,True,,,fan:lldb-11,Mikepak06.dat#8
461,Mikepak06,THANKS FOR PLAYING MY LEVELS !,False,89.94,Beginner,low,True,,,fan:lldb-11,Mikepak06.dat#9
462,Mikepak07,PRACTICE: DIGGER,False,33.5,Beginner,low,True,,,fan:lldb-12,Mikepak07.dat#0
463,Mikepak07,PRACTICE: MINER,False,33.5,Beginner,low,True,,,fan:lldb-12,Mikepak07.dat#1
464,Mikepak07,PRACTICE: BASHER,False,41.5,Beginner,low,True,,,fan:lldb-12,Mikepak07.dat#2
465,Mikepak07,PRACTICE: BUILDER,False,25.5,Beginner,low,True,,,fan:lldb-12,Mikepak07.dat#3
466,Mikepak07,PRACTICE: BLOCKER,False,44.3,Beginner,low,True,,,fan:lldb-12,Mikepak07.dat#4
467,Mikepak07,PRACTICE: EXPLODER,False,41.5,Beginner,low,True,,,fan:lldb-12,Mikepak07.dat#5
468,Mikepak07,PRACTICE: FLOATER,False,25.5,Beginner,low,True,,,fan:lldb-12,Mikepak07.dat#6
469,Mikepak07,PRACTICE: CLIMBER,False,41.5,Beginner,low,True,,,fan:lldb-12,Mikepak07.dat#7
470,Mikepak07,PRACTICE: DIRECTIONNAL ARROWS,False,106.38,Easy,low,True,,,fan:lldb-12,Mikepak07.dat#8
471,Mikepak07,PRACTICE: STEEL,False,98.38,Beginner,low,True,,,fan:lldb-12,Mikepak07.dat#9
472,Mikepak08,Do you know how to aim ?,False,91.97,Beginner,low,True,,,fan:lldb-13,Mikepak08.dat#0
473,Mikepak08,PIPES-MANIA !,False,79.5,Beginner,low,True,,,fan:lldb-13,Mikepak08.dat#1
474,Mikepak08,It's not a PRACTICE this time !,False,94.94,Beginner,low,True,,,fan:lldb-13,Mikepak08.dat#2
475,Mikepak08,Lem-monkeys!,False,75.25,Beginner,low,True,,,fan:lldb-13,Mikepak08.dat#3
476,Mikepak08,Welcome to Night-City!,False,115.45,Easy,low,True,,,fan:lldb-13,Mikepak08.dat#4
477,Mikepak08,The hero !,False,79.62,Beginner,low,True,,,fan:lldb-13,Mikepak08.dat#5
478,Mikepak08,The puzzle !,False,89.5,Beginner,low,True,,,fan:lldb-13,Mikepak08.dat#6
479,Mikepak08,Do not break your face #1,False,73.55,Beginner,low,True,,,fan:lldb-13,Mikepak08.dat#7
480,Mikepak08,Do not break your face #2,False,81.09,Beginner,low,True,,,fan:lldb-13,Mikepak08.dat#8
481,Mikepak08,More easy now !,False,83.25,Beginner,low,True,,,fan:lldb-13,Mikepak08.dat#9
482,Mikepak09,Let's play with stairs !,False,96.61,Beginner,low,True,,,fan:lldb-14,Mikepak09.dat#0
483,Mikepak09,Lemmings on the tree !,False,110.48,Easy,low,True,,,fan:lldb-14,Mikepak09.dat#1
484,Mikepak09,SYMMETRICAL,False,103.4,Easy,low,True,,,fan:lldb-14,Mikepak09.dat#2
485,Mikepak09,Under the rocks,False,109.08,Easy,low,True,,,fan:lldb-14,Mikepak09.dat#3
486,Mikepak09,Some challenges for lemmings !,False,98.38,Beginner,low,True,,,fan:lldb-14,Mikepak09.dat#4
487,Mikepak09,Alone in the jungle !,False,73.5,Beginner,low,True,,,fan:lldb-14,Mikepak09.dat#5
488,Mikepak09,On the green diamonds,False,61,Beginner,low,True,,,fan:lldb-14,Mikepak09.dat#6
489,Mikepak09,Lemmings-ball machine,False,60.88,Beginner,low,True,,,fan:lldb-14,Mikepak09.dat#7
490,Mikepak09,Special 3 for 1,False,95.75,Beginner,low,True,,,fan:lldb-14,Mikepak09.dat#8
491,Mikepak09,Under the bricks,False,70.25,Beginner,low,True,,,fan:lldb-14,Mikepak09.dat#9
492,Mikepak10,Know that ?,False,61.94,Beginner,low,True,,,fan:lldb-15,Mikepak10.dat#0
493,Mikepak10,The snow palace,False,77.77,Beginner,low,True,,,fan:lldb-15,Mikepak10.dat#1
494,Mikepak10,UPSIDE-DOWN!,False,84.92,Beginner,low,True,,,fan:lldb-15,Mikepak10.dat#2
495,Mikepak10,It's time to climb,False,82.72,Beginner,low,True,,,fan:lldb-15,Mikepak10.dat#3
496,Mikepak10,The lake of the fear !,False,110.44,Easy,low,True,,,fan:lldb-15,Mikepak10.dat#4
497,Mikepak10,* HELP *,False,81.38,Beginner,low,True,,,fan:lldb-15,Mikepak10.dat#5
498,Mikepak10,The diagonal prison !,False,81.5,Beginner,low,True,,,fan:lldb-15,Mikepak10.dat#6
499,Mikepak10,Don't be desesperate !,False,62.75,Beginner,low,True,,,fan:lldb-15,Mikepak10.dat#7
500,Mikepak10,Bombs mania !,False,54.62,Beginner,low,True,,,fan:lldb-15,Mikepak10.dat#8
501,Mikepak10,Let's play with stairs !,False,72.15,Beginner,low,True,,,fan:lldb-15,Mikepak10.dat#9
502,Mikepak11,On the snow house,False,84.65,Beginner,low,True,,,fan:lldb-16,Mikepak11.dat#0
503,Mikepak11,Easy when you know the trick!,False,95.89,Beginner,low,True,,,fan:lldb-16,Mikepak11.dat#1
504,Mikepak11,HAPPY NEW YEAR,False,112.47,Easy,low,True,,,fan:lldb-16,Mikepak11.dat#2
505,Mikepak11,UZI-BOOM,False,40,Beginner,low,True,,,fan:lldb-16,Mikepak11.dat#3
506,Mikepak11,Search and find !,False,93.7,Beginner,low,True,,,fan:lldb-16,Mikepak11.dat#4
507,Mikepak11,The giant snow-ball !,False,110.44,Easy,low,True,,,fan:lldb-16,Mikepak11.dat#5
508,Mikepak11,Christmas tree in the night,False,91.67,Beginner,low,True,,,fan:lldb-16,Mikepak11.dat#6
509,Mikepak11,Only with stairs,False,74.95,Beginner,low,True,,,fan:lldb-16,Mikepak11.dat#7
510,Mikepak11,It's time to work in the ground,False,89.5,Beginner,low,True,,,fan:lldb-16,Mikepak11.dat#8
511,Mikepak11,Stalactites and stalagmites!,False,80.63,Beginner,low,True,,,fan:lldb-16,Mikepak11.dat#9
512,Mikepak12,The stairs have another utility,False,81.2,Beginner,low,True,,,fan:lldb-17,Mikepak12.dat#0
513,Mikepak12,Easy ?,False,89.09,Beginner,low,True,,,fan:lldb-17,Mikepak12.dat#1
514,Mikepak12,How ?,False,102.59,Easy,low,True,,,fan:lldb-17,Mikepak12.dat#2
515,Mikepak12,The snow bridge,False,78.4,Beginner,low,True,,,fan:lldb-17,Mikepak12.dat#3
516,Mikepak12,"Let's block, explode and bash!",False,82.79,Beginner,low,True,,,fan:lldb-17,Mikepak12.dat#4
517,Mikepak12,The PEPSI christmas tree factory,False,102.75,Easy,low,True,,,fan:lldb-17,Mikepak12.dat#5
518,Mikepak12,The christmas prison,False,92.3,Beginner,low,True,,,fan:lldb-17,Mikepak12.dat#6
519,Mikepak12,The snake of snow,False,110.44,Easy,low,True,,,fan:lldb-17,Mikepak12.dat#7
520,Mikepak12,The christmas hurry up !,False,87.45,Beginner,low,True,,,fan:lldb-17,Mikepak12.dat#8
521,Mikepak12,How ? 2,False,91.49,Beginner,low,True,,,fan:lldb-17,Mikepak12.dat#9
522,Mikepak13,Oh no! Level 1 more difficult!,False,83.25,Beginner,low,True,,,fan:lldb-18,Mikepak13.dat#0
523,Mikepak13,Oh no! Level 2 more difficult!,False,54.75,Beginner,low,True,,,fan:lldb-18,Mikepak13.dat#1
524,Mikepak13,Oh no! Level 3 more difficult!,False,81.5,Beginner,low,True,,,fan:lldb-18,Mikepak13.dat#2
525,Mikepak13,Oh no! Level 4 more difficult!,False,60.8,Beginner,low,True,,,fan:lldb-18,Mikepak13.dat#3
526,Mikepak13,Oh no! Level 5 more difficult!,False,92.3,Beginner,low,True,,,fan:lldb-18,Mikepak13.dat#4
527,Mikepak13,Oh no! Level 6 more difficult!,False,62.75,Beginner,low,True,,,fan:lldb-18,Mikepak13.dat#5
528,Mikepak13,Oh no! Level 7 more difficult!,False,90.9,Beginner,low,True,,,fan:lldb-18,Mikepak13.dat#6
529,Mikepak13,Oh no! Level 8 more difficult!,False,80.85,Beginner,low,True,,,fan:lldb-18,Mikepak13.dat#7
530,Mikepak13,Oh no! Level 9 more difficult!,False,81.5,Beginner,low,True,,,fan:lldb-18,Mikepak13.dat#8
531,Mikepak13,Oh no! Level 10 more difficult!,False,54.75,Beginner,low,True,,,fan:lldb-18,Mikepak13.dat#9
532,Mikepak14,Oh no! Level 11 more difficult!,False,84.65,Beginner,low,True,,,fan:lldb-19,Mikepak14.dat#0
533,Mikepak14,Oh no! Level 12 more difficult!,False,83.25,Beginner,low,True,,,fan:lldb-19,Mikepak14.dat#1
534,Mikepak14,Oh no! Level 13 more difficult!,False,62.75,Beginner,low,True,,,fan:lldb-19,Mikepak14.dat#2
535,Mikepak14,Oh no! Level 14 more difficult!,False,61,Beginner,low,True,,,fan:lldb-19,Mikepak14.dat#3
536,Mikepak14,Oh no! Level 15 more difficult!,False,92.3,Beginner,low,True,,,fan:lldb-19,Mikepak14.dat#4
537,Mikepak14,Oh no! Level 16 more difficult!,False,75.25,Beginner,low,True,,,fan:lldb-19,Mikepak14.dat#5
538,Mikepak14,Oh no! Level 17 more difficult!,False,89.5,Beginner,low,True,,,fan:lldb-19,Mikepak14.dat#6
539,Mikepak14,Oh no! Level 18 more difficult!,False,87.45,Beginner,low,True,,,fan:lldb-19,Mikepak14.dat#7
540,Mikepak14,Oh no! Level 19 more difficult!,False,47.15,Beginner,low,True,,,fan:lldb-19,Mikepak14.dat#8
541,Mikepak14,Oh no! Level 20 more difficult!,False,69,Beginner,low,True,,,fan:lldb-19,Mikepak14.dat#9
542,ISteve01,Rhapsody,False,114.28,Easy,low,True,,,fan:lldb-20,ISteve01.DAT#0
543,ISteve01,The Thin Red Line (Colorblind),False,87.25,Beginner,low,True,,,fan:lldb-20,ISteve01.DAT#1
544,ISteve01,"It's not that easy, I'm afraid",False,98.62,Beginner,low,True,,,fan:lldb-20,ISteve01.DAT#2
545,ISteve01,Turning around demo #172,False,115.9,Easy,low,True,,,fan:lldb-20,ISteve01.DAT#3
546,ISteve01,BLEEEEEEEEEGGGGGGH!!!,False,99.32,Beginner,low,True,,,fan:lldb-20,ISteve01.DAT#4
547,ISteve01,Catch-22,False,71.75,Beginner,low,True,,,fan:lldb-20,ISteve01.DAT#5
548,ISteve01,>>>>wAy Up YoNdEr<<<<,False,89.12,Beginner,low,True,,,fan:lldb-20,ISteve01.DAT#6
549,ISteve01,Watch Ye Step!,False,112.06,Easy,low,True,,,fan:lldb-20,ISteve01.DAT#7
550,ISteve01,Having fun yet? Good.,False,87.5,Beginner,low,True,,,fan:lldb-20,ISteve01.DAT#8
551,ISteve01,Why can't they just run?,False,102,Easy,low,True,,,fan:lldb-20,ISteve01.DAT#9
552,ISteve03,The Texas Lemming Massacre,False,112.88,Easy,low,True,,,fan:lldb-21,ISteve03.dat#0
553,ISteve03,The Loser's Loop,False,62.5,Beginner,low,True,,,fan:lldb-21,ISteve03.dat#1
554,ISteve03,The Plight of Icarus,False,100.25,Easy,low,True,,,fan:lldb-21,ISteve03.dat#2
555,ISteve03,A Towering Proposition,False,86.45,Beginner,low,True,,,fan:lldb-21,ISteve03.dat#3
556,ISteve03,Bitter-er Lemming,False,103.25,Easy,low,True,,,fan:lldb-21,ISteve03.dat#4
557,ISteve03,The Unprofessional Looking Level,False,108.03,Easy,low,True,,,fan:lldb-21,ISteve03.dat#5
558,ISteve03,The Narrows,False,98.62,Beginner,low,True,,,fan:lldb-21,ISteve03.dat#6
559,ISteve03,Split Complementaries,False,99.9,Beginner,low,True,,,fan:lldb-21,ISteve03.dat#7
560,ISteve03,The Shaft,False,112.88,Easy,low,True,,,fan:lldb-21,ISteve03.dat#8
561,ISteve03,4 Pixels (or so) from Victory,False,49.41,Beginner,low,True,,,fan:lldb-21,ISteve03.dat#9
562,ISteve08,They Just Won't Climb the Wall,False,112.65,Easy,low,True,,,fan:lldb-22,ISteve08.dat#0
563,ISteve08,Agitator,False,86.05,Beginner,low,True,,,fan:lldb-22,ISteve08.dat#1
564,ISteve08,3\4,False,109.18,Easy,low,True,,,fan:lldb-22,ISteve08.dat#2
565,ISteve08,STEEL BALL DA-DA-DA!,False,87.5,Beginner,low,True,,,fan:lldb-22,ISteve08.dat#3
566,ISteve08,A Tribute to Masonry,False,86.12,Beginner,low,True,,,fan:lldb-22,ISteve08.dat#4
567,ISteve08,A Tribute to Masonry (Part 2),False,84.5,Beginner,low,True,,,fan:lldb-22,ISteve08.dat#5
568,ISteve08,The Perch,False,114.5,Easy,low,True,,,fan:lldb-22,ISteve08.dat#6
569,ISteve08,Separation Anxiety,False,75,Beginner,low,True,,,fan:lldb-22,ISteve08.dat#7
570,ISteve08,Betcha can't lose just one!,False,106.38,Easy,low,True,,,fan:lldb-22,ISteve08.dat#8
571,ISteve08,I Traded Them for Climbers,False,101.53,Easy,low,True,,,fan:lldb-22,ISteve08.dat#9
572,ISteve02,A Tribute to Flagpole Sitting,False,101.62,Easy,low,True,,,fan:lldb-23,ISteve02.dat#0
573,ISteve02,Flugtag!,False,114.5,Easy,low,True,,,fan:lldb-23,ISteve02.dat#1
574,ISteve02,The Razor's Edge,False,93.46,Beginner,low,True,,,fan:lldb-23,ISteve02.dat#2
575,ISteve02,Back With Ye!,False,62.75,Beginner,low,True,,,fan:lldb-23,ISteve02.dat#3
576,ISteve02,-->  Wrong Way!  -->,False,111.25,Easy,low,True,,,fan:lldb-23,ISteve02.dat#4
577,ISteve02,Is So Easy!,False,103.25,Easy,low,True,,,fan:lldb-23,ISteve02.dat#5
578,ISteve02,Rip your hair out Mr. Lemming,False,114.5,Easy,low,True,,,fan:lldb-23,ISteve02.dat#6
579,ISteve02,Multi-Task Lemmings,False,102,Easy,low,True,,,fan:lldb-23,ISteve02.dat#7
580,ISteve02,Betcha can't save just one!,False,90.12,Beginner,low,True,,,fan:lldb-23,ISteve02.dat#8
581,ISteve02,The Magician's Secret,False,94,Beginner,low,True,,,fan:lldb-23,ISteve02.dat#9
582,ISteve04,The Shaft (Part 2),False,109.4,Easy,low,True,,,fan:lldb-24,ISteve04.dat#0
583,ISteve04,The Placement is the Key,False,69,Beginner,low,True,,,fan:lldb-24,ISteve04.dat#1
584,ISteve04,The Nifty Fifty,False,106.5,Easy,low,True,,,fan:lldb-24,ISteve04.dat#2
585,ISteve04,The Joke's on You!,False,101.5,Easy,low,True,,,fan:lldb-24,ISteve04.dat#3
586,ISteve04,Mass Pandemonium,False,93.65,Beginner,low,True,,,fan:lldb-24,ISteve04.dat#4
587,ISteve04,Herzeleid,False,89.28,Beginner,low,True,,,fan:lldb-24,ISteve04.dat#5
588,ISteve04,Go Yaffa!,False,81,Beginner,low,True,,,fan:lldb-24,ISteve04.dat#6
589,ISteve04,Vertically Challenged Lemmings,False,99.44,Beginner,low,True,,,fan:lldb-24,ISteve04.dat#7
590,ISteve04,Athena's Revenge,False,109.65,Easy,low,True,,,fan:lldb-24,ISteve04.dat#8
591,ISteve04,I Challenge You to a Dual!,False,114.5,Easy,low,True,,,fan:lldb-24,ISteve04.dat#9
592,ISteve05,Preventative Maintenance,False,114.5,Easy,low,True,,,fan:lldb-25,ISteve05.dat#0
593,ISteve05,The decending pillar scenario,False,94,Beginner,low,True,,,fan:lldb-25,ISteve05.dat#1
594,ISteve05,... Now what?,False,107.6,Easy,low,True,,,fan:lldb-25,ISteve05.dat#2
595,ISteve05,Annoyance,False,94,Beginner,low,True,,,fan:lldb-25,ISteve05.dat#3
596,ISteve05,The Lemming Mental Institution,False,84.5,Beginner,low,True,,,fan:lldb-25,ISteve05.dat#4
597,ISteve05,Bolero,False,87.08,Beginner,low,True,,,fan:lldb-25,ISteve05.dat#5
598,ISteve05,Irregularly Placed Pole Level,False,104.88,Easy,low,True,,,fan:lldb-25,ISteve05.dat#6
599,ISteve05,Split Complementaries (Part 2),False,111.05,Easy,low,True,,,fan:lldb-25,ISteve05.dat#7
600,ISteve05,I am I.S.,False,87.24,Beginner,low,True,,,fan:lldb-25,ISteve05.dat#8
601,ISteve05,Let's see what you've learned,False,94,Beginner,low,True,,,fan:lldb-25,ISteve05.dat#9
602,ISteve06,It's Hammer Time!,False,106.62,Easy,low,True,,,fan:lldb-26,ISteve06.dat#0
603,ISteve06,Hanukkah Lemmings,False,95.25,Beginner,low,True,,,fan:lldb-26,ISteve06.dat#1
604,ISteve06,Time is of the Essence,False,103.25,Easy,low,True,,,fan:lldb-26,ISteve06.dat#2
605,ISteve06,A BeastIII of a level,False,104.88,Easy,low,True,,,fan:lldb-26,ISteve06.dat#3
606,ISteve06,Out of Luck,False,79.28,Beginner,low,True,,,fan:lldb-26,ISteve06.dat#4
607,ISteve06,Out of Luck Again,False,80.9,Beginner,low,True,,,fan:lldb-26,ISteve06.dat#5
608,ISteve06,Out of Luck Yet Again,False,93.9,Beginner,low,True,,,fan:lldb-26,ISteve06.dat#6
609,ISteve06,3 Separate Paths,False,102,Easy,low,True,,,fan:lldb-26,ISteve06.dat#7
610,ISteve06,Leave your sanity at the door!,False,109.4,Easy,low,True,,,fan:lldb-26,ISteve06.dat#8
611,ISteve06,The Razor's Edge (Part 2),False,75.25,Beginner,low,True,,,fan:lldb-26,ISteve06.dat#9
612,ISteve07,Give a Little Bit of Help,False,81.25,Beginner,low,True,,,fan:lldb-27,ISteve07.dat#0
613,ISteve07,_-=~Up In The Stars~=-_,False,78.25,Beginner,low,True,,,fan:lldb-27,ISteve07.dat#1
614,ISteve07,4 Pillars and a Trap,False,112.88,Easy,low,True,,,fan:lldb-27,ISteve07.dat#2
615,ISteve07,The Annoying 1-pixel Gap,False,97,Beginner,low,True,,,fan:lldb-27,ISteve07.dat#3
616,ISteve07,A JUGAR!,False,91.35,Beginner,low,True,,,fan:lldb-27,ISteve07.dat#4
617,ISteve07,Surrealism,False,97,Beginner,low,True,,,fan:lldb-27,ISteve07.dat#5
618,ISteve07,Annoyance (Part 2),False,87.75,Beginner,low,True,,,fan:lldb-27,ISteve07.dat#6
619,ISteve07,Mental Process,False,106.4,Easy,low,True,,,fan:lldb-27,ISteve07.dat#7
620,ISteve07,Bash and no time,False,46.38,Beginner,low,True,,,fan:lldb-27,ISteve07.dat#8
621,ISteve07,If only they could swim,False,114.28,Easy,low,True,,,fan:lldb-27,ISteve07.dat#9
622,ISteve09,Wood Puzzle,False,92.5,Beginner,low,True,,,fan:lldb-28,ISteve09.dat#0
623,ISteve09,Level F. Random Terrain Pieces,False,110.8,Easy,low,True,,,fan:lldb-28,ISteve09.dat#1
624,ISteve09,A BeastIV of a level,False,98.62,Beginner,low,True,,,fan:lldb-28,ISteve09.dat#2
625,ISteve09,Undermined,False,68.75,Beginner,low,True,,,fan:lldb-28,ISteve09.dat#3
626,ISteve09,The Razor's Edge (Part 3),False,71.75,Beginner,low,True,,,fan:lldb-28,ISteve09.dat#4
627,ISteve09,NO MAS!,False,102,Easy,low,True,,,fan:lldb-28,ISteve09.dat#5
628,ISteve09,Requiem in A Minor,False,98.5,Beginner,low,True,,,fan:lldb-28,ISteve09.dat#6
629,ISteve09,?,False,103.72,Easy,low,True,,,fan:lldb-28,ISteve09.dat#7
630,ISteve09,"Honey, I shrunk the Levels...",False,105.59,Easy,low,True,,,fan:lldb-28,ISteve09.dat#8
631,ISteve09,Not My Hardest 10th Level,False,103.25,Easy,low,True,,,fan:lldb-28,ISteve09.dat#9
632,QBeez01,Sitting Ducks,False,90.58,Beginner,low,True,,,fan:lldb-29,QBeez01.dat#0
633,QBeez01,Preactor of the Plains,False,89.18,Beginner,low,True,,,fan:lldb-29,QBeez01.dat#1
634,QBeez01,Pharaoh's Tomb,False,75.25,Beginner,low,True,,,fan:lldb-29,QBeez01.dat#2
635,QBeez01,Downtown Lemmingopolis,False,93.03,Beginner,low,True,,,fan:lldb-29,QBeez01.dat#3
636,QBeez01,D'OH!,False,83.25,Beginner,low,True,,,fan:lldb-29,QBeez01.dat#4
637,QBeez01,The Main Pillars of Daedalem,False,80.85,Beginner,low,True,,,fan:lldb-29,QBeez01.dat#5
638,QBeez01,Lemmings Rescue Squad,False,75.25,Beginner,low,True,,,fan:lldb-29,QBeez01.dat#6
639,QBeez01,The Core of Lemmingland,False,93.67,Beginner,low,True,,,fan:lldb-29,QBeez01.dat#7
640,QBeez01,Argos Khaos,False,87.1,Beginner,low,True,,,fan:lldb-29,QBeez01.dat#8
641,QBeez01,Do ju it on?,False,94.45,Beginner,low,True,,,fan:lldb-29,QBeez01.dat#9
642,QBeez02,Don't judge me!,False,84.65,Beginner,low,True,,,fan:lldb-30,QBeez02.dat#0
643,QBeez02,Snakebitten!,False,77,Beginner,low,True,,,fan:lldb-30,QBeez02.dat#1
644,QBeez02,It only looks easy...,False,89.5,Beginner,low,True,,,fan:lldb-30,QBeez02.dat#2
645,QBeez02,None shall pass!,False,79.55,Beginner,low,True,,,fan:lldb-30,QBeez02.dat#3
646,QBeez02,Spygate,False,77,Beginner,low,True,,,fan:lldb-30,QBeez02.dat#4
647,QBeez02,Heheheheheh...,False,87.75,Beginner,low,True,,,fan:lldb-30,QBeez02.dat#5
648,QBeez02,Save as many as you can,False,59,Beginner,low,True,,,fan:lldb-30,QBeez02.dat#6
649,QBeez02,YOWCH! Level,False,76.68,Beginner,low,True,,,fan:lldb-30,QBeez02.dat#7
650,QBeez02,Gulp the Lemmings,False,86.05,Beginner,low,True,,,fan:lldb-30,QBeez02.dat#8
651,QBeez02,Three Lines? Hmmmmmm...,False,70.38,Beginner,low,True,,,fan:lldb-30,QBeez02.dat#9
652,Siergiej01,Turn loose the lemmings,False,90.36,Beginner,low,True,,,fan:lldb-31,Siergiej01.dat#0
653,Siergiej01,Stairway to nothingness,False,97.15,Beginner,low,True,,,fan:lldb-31,Siergiej01.dat#1
654,Siergiej01,Tower of insomnia,False,108.77,Easy,low,True,,,fan:lldb-31,Siergiej01.dat#2
655,Siergiej01,Discipline is essential,False,104.39,Easy,low,True,,,fan:lldb-31,Siergiej01.dat#3
656,Siergiej01,The sacrifice of the hero,False,91.89,Beginner,low,True,,,fan:lldb-31,Siergiej01.dat#4
657,Siergiej01,The ephemeral labyrinth,False,82.44,Beginner,low,True,,,fan:lldb-31,Siergiej01.dat#5
658,Siergiej01,The scaffold,False,90.9,Beginner,low,True,,,fan:lldb-31,Siergiej01.dat#6
659,Siergiej01,And how to get through that...??,False,87.34,Beginner,low,True,,,fan:lldb-31,Siergiej01.dat#7
660,Siergiej01,No frame to waste,False,81.5,Beginner,low,True,,,fan:lldb-31,Siergiej01.dat#8
661,Siergiej01,A long way up,False,95.97,Beginner,low,True,,,fan:lldb-31,Siergiej01.dat#9
662,ClamSpam01,"Hello, Goodbye",False,105.79,Easy,low,True,,,fan:lldb-32,ClamSpam01.dat#0
663,ClamSpam01,Lemming Recycling Plant,False,103.36,Easy,low,True,,,fan:lldb-32,ClamSpam01.dat#1
664,ClamSpam01,FALL AND DIE,False,95.75,Beginner,low,True,,,fan:lldb-32,ClamSpam01.dat#2
665,ClamSpam01,The Square Route of Lemmings,False,108.41,Easy,low,True,,,fan:lldb-32,ClamSpam01.dat#3
666,ClamSpam01,Dig This!,False,90.9,Beginner,low,True,,,fan:lldb-32,ClamSpam01.dat#4
667,ClamSpam01,Catch Your Death,False,87.65,Beginner,low,True,,,fan:lldb-32,ClamSpam01.dat#5
668,ClamSpam01,Leaky Building Syndrome,False,94.12,Beginner,low,True,,,fan:lldb-32,ClamSpam01.dat#6
669,ClamSpam01,Rounds and Swingabouts,False,94.85,Beginner,low,True,,,fan:lldb-32,ClamSpam01.dat#7
670,ClamSpam01,Singular Squish,False,73.75,Beginner,low,True,,,fan:lldb-32,ClamSpam01.dat#8
671,ClamSpam01,Escape From Alcatraz!,False,97.15,Beginner,low,True,,,fan:lldb-32,ClamSpam01.dat#9
672,QBeez03,Cannondrum,False,97.12,Beginner,low,True,,,fan:lldb-33,QBeez03.dat#0
673,QBeez03,Pizza Machine,False,95.75,Beginner,low,True,,,fan:lldb-33,QBeez03.dat#1
674,QBeez03,The hunt is on!,False,102,Easy,low,True,,,fan:lldb-33,QBeez03.dat#2
675,QBeez03,DO NOT ENTER,False,95.75,Beginner,low,True,,,fan:lldb-33,QBeez03.dat#3
676,QBeez03,I ain't got a clue!,False,87.75,Beginner,low,True,,,fan:lldb-33,QBeez03.dat#4
677,QBeez03,Attack of the Mutant Sombreros!,False,99.6,Beginner,low,True,,,fan:lldb-33,QBeez03.dat#5
678,QBeez03,ThE oNe WaY lEvEl,False,88.53,Beginner,low,True,,,fan:lldb-33,QBeez03.dat#6
679,QBeez03,Sockhead,False,92.3,Beginner,low,True,,,fan:lldb-33,QBeez03.dat#7
680,QBeez03,Construction Site,False,81.5,Beginner,low,True,,,fan:lldb-33,QBeez03.dat#8
681,QBeez03,Blank Reality,False,101.68,Easy,low,True,,,fan:lldb-33,QBeez03.dat#9
682,levelpack1,blokers are for sissies,False,63.55,Beginner,low,True,,,fan:lldb-34,levelpack1.dat#0
683,levelpack1,blow up the ground you dumbbroad,False,76.53,Beginner,low,True,,,fan:lldb-34,levelpack1.dat#1
684,levelpack1,the accending water scenario,False,110.21,Easy,low,True,,,fan:lldb-34,levelpack1.dat#2
685,levelpack1,garden of fire,False,112.45,Easy,low,True,,,fan:lldb-34,levelpack1.dat#3
686,levelpack1,what everybody loves most,False,58.81,Beginner,low,True,,,fan:lldb-34,levelpack1.dat#4
687,levelpack1,are you kidding me?,False,96.2,Beginner,low,True,,,fan:lldb-34,levelpack1.dat#5
688,levelpack1,horray for lemmings,False,104.8,Easy,low,True,,,fan:lldb-34,levelpack1.dat#6
689,levelpack1,the tree tops=D,False,67.92,Beginner,low,True,,,fan:lldb-34,levelpack1.dat#7
690,1tseug,Slipping,False,102,Easy,low,True,,,fan:lldb-35,1tseug.dat#0
691,1tseug,In Need Of Scenery,False,75.25,Beginner,low,True,,,fan:lldb-35,1tseug.dat#1
692,1tseug,Ups and Downs,False,87.88,Beginner,low,True,,,fan:lldb-35,1tseug.dat#2
693,1tseug,Not Quite...,False,108.25,Easy,low,True,,,fan:lldb-35,1tseug.dat#3
694,1tseug,The Gr8 Escape,False,77,Beginner,low,True,,,fan:lldb-35,1tseug.dat#4
695,1tseug,"Oh No, Not Again!",False,100.25,Easy,low,True,,,fan:lldb-35,1tseug.dat#5
696,1tseug,Stuff In The Way,False,100.25,Easy,low,True,,,fan:lldb-35,1tseug.dat#6
697,1tseug,NULL,False,99.44,Beginner,low,True,,,fan:lldb-35,1tseug.dat#7
698,1tseug,Rush Hour,False,89.5,Beginner,low,True,,,fan:lldb-35,1tseug.dat#8
699,1tseug,More Steel Works,False,81.5,Beginner,low,True,,,fan:lldb-35,1tseug.dat#9
700,BulletRide1,The Underground Secret,False,95.75,Beginner,low,True,,,fan:lldb-36,BulletRide1.dat#0
701,BulletRide1,A Once Great Place,False,97.15,Beginner,low,True,,,fan:lldb-36,BulletRide1.dat#1
702,BulletRide1,Ignition,False,75.47,Beginner,low,True,,,fan:lldb-36,BulletRide1.dat#2
703,BulletRide1,Bridges and Shading,False,83.84,Beginner,low,True,,,fan:lldb-36,BulletRide1.dat#3
704,BulletRide1,Dead Eternity,False,103.18,Easy,low,True,,,fan:lldb-36,BulletRide1.dat#4
705,BulletRide1,Lets Get To The Bottom Of This!,False,92.7,Beginner,low,True,,,fan:lldb-36,BulletRide1.dat#5
706,BulletRide1,Food For The Gods,False,103.4,Easy,low,True,,,fan:lldb-36,BulletRide1.dat#6
707,BulletRide1,Subterranean,False,80.2,Beginner,low,True,,,fan:lldb-36,BulletRide1.dat#7
708,BulletRide1,A Bid Farewell,False,93.8,Beginner,low,True,,,fan:lldb-36,BulletRide1.dat#8
709,BulletRide1,Lemmings in a Cage,False,81.5,Beginner,low,True,,,fan:lldb-36,BulletRide1.dat#9
710,BulletRide2,Final Call,False,83.57,Beginner,low,True,,,fan:lldb-37,BulletRide2.dat#0
711,BulletRide2,Wing It,False,97.74,Beginner,low,True,,,fan:lldb-37,BulletRide2.dat#1
712,BulletRide2,Jotun,False,94.45,Beginner,low,True,,,fan:lldb-37,BulletRide2.dat#2
713,BulletRide2,The Ruins of Old,False,103.5,Easy,low,True,,,fan:lldb-37,BulletRide2.dat#3
714,BulletRide2,Dead Eternity (part 2),False,104.8,Easy,low,True,,,fan:lldb-37,BulletRide2.dat#4
715,BulletRide2,Deep Six,False,89.5,Beginner,low,True,,,fan:lldb-37,BulletRide2.dat#5
716,BulletRide2,The Factory (part 2),False,107.7,Easy,low,True,,,fan:lldb-37,BulletRide2.dat#6
717,BulletRide2,A Long Way Down (Part 2),False,80.2,Beginner,low,True,,,fan:lldb-37,BulletRide2.dat#7
718,BulletRide2,Wayfaerer,False,97.15,Beginner,low,True,,,fan:lldb-37,BulletRide2.dat#8
719,BulletRide2,Deep Six (part 2),False,95.75,Beginner,low,True,,,fan:lldb-37,BulletRide2.dat#9
720,BulletRide3,Clay Man,False,89.5,Beginner,low,True,,,fan:lldb-38,BulletRide3.dat#0
721,BulletRide3,Almost Easy,False,109.65,Easy,low,True,,,fan:lldb-38,BulletRide3.dat#1
722,BulletRide3,The Silent Circus,False,90.9,Beginner,low,True,,,fan:lldb-38,BulletRide3.dat#2
723,BulletRide3,Sun of Nothing,False,102.75,Easy,low,True,,,fan:lldb-38,BulletRide3.dat#3
724,BulletRide3,Complex,False,82.7,Beginner,low,True,,,fan:lldb-38,BulletRide3.dat#4
725,BulletRide3,Alaska,False,111.8,Easy,low,True,,,fan:lldb-38,BulletRide3.dat#5
726,BulletRide3,Lemmings in a Cage (part 2),False,79.55,Beginner,low,True,,,fan:lldb-38,BulletRide3.dat#6
727,BulletRide3,Just a Reverse Minute,False,95.75,Beginner,low,True,,,fan:lldb-38,BulletRide3.dat#7
728,BulletRide3,Bullet Ride,False,113.2,Easy,low,True,,,fan:lldb-38,BulletRide3.dat#8
729,BulletRide3,Bullet Ride (part 2),False,100.7,Easy,low,True,,,fan:lldb-38,BulletRide3.dat#9
730,BulletRide4,Clay Man (part 2),False,102,Easy,low,True,,,fan:lldb-39,BulletRide4.dat#0
731,BulletRide4,Raiders of the Lem Ark,False,93.9,Beginner,low,True,,,fan:lldb-39,BulletRide4.dat#1
732,BulletRide4,Bad Lemmings,False,79.35,Beginner,low,True,,,fan:lldb-39,BulletRide4.dat#2
733,BulletRide4,"Stop, Drop and Blow",False,92.5,Beginner,low,True,,,fan:lldb-39,BulletRide4.dat#3
734,BulletRide4,Lem and Die,False,110.4,Easy,low,True,,,fan:lldb-39,BulletRide4.dat#4
735,BulletRide4,Dont Leave Me Hanging!,False,95.75,Beginner,low,True,,,fan:lldb-39,BulletRide4.dat#5
736,BulletRide4,Badder Lemmings,False,93.8,Beginner,low,True,,,fan:lldb-39,BulletRide4.dat#6
737,BulletRide4,When Life Gives You Lemmings V2,False,95.95,Beginner,low,True,,,fan:lldb-39,BulletRide4.dat#7
738,BulletRide4,Pyramid Puzzle,False,99.6,Beginner,low,True,,,fan:lldb-39,BulletRide4.dat#8
739,BulletRide4,Arsonist,False,99.95,Beginner,low,True,,,fan:lldb-39,BulletRide4.dat#9
740,lemmings,your fired,False,112.65,Easy,low,True,,,fan:lldb-40,lemmings .dat#0
741,lemmings,horray for lemmings,False,104.8,Easy,low,True,,,fan:lldb-40,lemmings .dat#1
742,lemmings,the desending pillar scenario,False,115.25,Easy,low,True,,,fan:lldb-40,lemmings .dat#2
743,lemmings,the accending water scenario,False,110.21,Easy,low,True,,,fan:lldb-40,lemmings .dat#3
744,lemmings,lol,False,114.5,Easy,low,True,,,fan:lldb-40,lemmings .dat#4
745,lemmings,no what thats what,False,118.7,Easy,low,True,,,fan:lldb-40,lemmings .dat#5
746,lemmings,garden of fire,False,112.45,Easy,low,True,,,fan:lldb-40,lemmings .dat#6
747,lemmings,sorry not enough floaters,False,92.05,Beginner,low,True,,,fan:lldb-40,lemmings .dat#7
748,lemmings,blokers are for sissies,False,63.55,Beginner,low,True,,,fan:lldb-40,lemmings .dat#8
749,lemmings,are you kidding me?,False,96.2,Beginner,low,True,,,fan:lldb-40,lemmings .dat#9
750,lemmings,just under the fire COME ON,False,98.55,Beginner,low,True,,,fan:lldb-40,lemmings .dat#10
751,lemmings,easy when you dont know how,False,115.9,Easy,low,True,,,fan:lldb-40,lemmings .dat#11
752,lm set01,Bash to Victory,False,86.31,Beginner,low,True,,,fan:lldb-41,lm_set01.dat#0
753,lm set01,Square World,False,94.06,Beginner,low,True,,,fan:lldb-41,lm_set01.dat#1
754,lm set01,The Marked Wall,False,71.19,Beginner,low,True,,,fan:lldb-41,lm_set01.dat#2
755,lm set01,Six Helpful Lemmings,False,76.92,Beginner,low,True,,,fan:lldb-41,lm_set01.dat#3
756,lm set01,Builderless work,False,97.33,Beginner,low,True,,,fan:lldb-41,lm_set01.dat#4
757,lm set01,The Assistance,False,101.5,Easy,low,True,,,fan:lldb-41,lm_set01.dat#5
758,lm set01,More Builderless work,False,81.17,Beginner,low,True,,,fan:lldb-41,lm_set01.dat#6
759,lm set01,LEMTRIS,False,100,Easy,low,True,,,fan:lldb-41,lm_set01.dat#7
760,lm set01,Fired up my lonely friend?,False,104.8,Easy,low,True,,,fan:lldb-41,lm_set01.dat#8
761,lm set01,Where do I dig next?,False,97.15,Beginner,low,True,,,fan:lldb-41,lm_set01.dat#9
762,lm set02,100 Ton Trap,False,109.62,Easy,low,True,,,fan:lldb-42,lm_set02.dat#0
763,lm set02,Do something else first!,False,72.6,Beginner,low,True,,,fan:lldb-42,lm_set02.dat#1
764,lm set02,The Squeeze Machine,False,113.87,Easy,low,True,,,fan:lldb-42,lm_set02.dat#2
765,lm set02,Twice as nice!,False,106.5,Easy,low,True,,,fan:lldb-42,lm_set02.dat#3
766,lm set02,It's hero time in the snow!,False,115.09,Easy,low,True,,,fan:lldb-42,lm_set02.dat#4
767,lm set02,What the hell?,False,115.09,Easy,low,True,,,fan:lldb-42,lm_set02.dat#5
768,lm set02,Stolen Goods,False,94.87,Beginner,low,True,,,fan:lldb-42,lm_set02.dat#6
769,lm set02,Deja vu,False,81.5,Beginner,low,True,,,fan:lldb-42,lm_set02.dat#7
770,lm set02,Crossing the chains,False,114.5,Easy,low,True,,,fan:lldb-42,lm_set02.dat#8
771,lm set02,Feels like a maze in here.,False,106.5,Easy,low,True,,,fan:lldb-42,lm_set02.dat#9
772,lm set03,The New way out,False,82.6,Beginner,low,True,,,fan:lldb-43,lm_set03.dat#0
773,lm set03,The Booby Trap,False,90.09,Beginner,low,True,,,fan:lldb-43,lm_set03.dat#1
774,lm set03,Use the grey matter for this one,False,93.9,Beginner,low,True,,,fan:lldb-43,lm_set03.dat#2
775,lm set03,tiny HUGE Area,False,86.94,Beginner,low,True,,,fan:lldb-43,lm_set03.dat#3
776,lm set03,Satan has 2 paths,False,118.29,Easy,low,True,,,fan:lldb-43,lm_set03.dat#4
777,lm set03,Lemmings' Diagonal snow blower,False,93.5,Beginner,low,True,,,fan:lldb-43,lm_set03.dat#5
778,lm set03,Abyss-mal,False,112.65,Easy,low,True,,,fan:lldb-43,lm_set03.dat#6
779,lm set03,Wild at the corner...,False,109.4,Easy,low,True,,,fan:lldb-43,lm_set03.dat#7
780,lm set03,Crazy Cave.,False,113.87,Easy,low,True,,,fan:lldb-43,lm_set03.dat#8
781,lm set03,If only that tree wasn't there,False,65.22,Beginner,low,True,,,fan:lldb-43,lm_set03.dat#9
782,lm set04,The creepy tentacle monster,False,114.09,Easy,low,True,,,fan:lldb-44,lm_set04.dat#0
783,lm set04,Upsidedown Islands,False,88.69,Beginner,low,True,,,fan:lldb-44,lm_set04.dat#1
784,lm set04,Who can do the rest?,False,94.94,Beginner,low,True,,,fan:lldb-44,lm_set04.dat#2
785,lm set04,Think about it,False,115.9,Easy,low,True,,,fan:lldb-44,lm_set04.dat#3
786,lm set04,Now you're stalking,False,110.24,Easy,low,True,,,fan:lldb-44,lm_set04.dat#4
787,lm set04,The three ramps,False,106.5,Easy,low,True,,,fan:lldb-44,lm_set04.dat#5
788,lm set04,The purpose of the builders,False,70.75,Beginner,low,True,,,fan:lldb-44,lm_set04.dat#6
789,lm set04,The Weasel's planned barbecue,False,115.49,Easy,low,True,,,fan:lldb-44,lm_set04.dat#7
790,lm set04,Safety on the Love Ship,False,114.09,Easy,low,True,,,fan:lldb-44,lm_set04.dat#8
791,lm set04,The Strangest Dream,False,114.5,Easy,low,True,,,fan:lldb-44,lm_set04.dat#9
792,lm set05,All bashed up and ready to go!,False,74.44,Beginner,low,True,,,fan:lldb-45,lm_set05.dat#0
793,lm set05,We need an emergency bridge,False,93.72,Beginner,low,True,,,fan:lldb-45,lm_set05.dat#1
794,lm set05,Four lemmings and a funeral,False,87.62,Beginner,low,True,,,fan:lldb-45,lm_set05.dat#2
795,lm set05,Last time we had three...,False,95.75,Beginner,low,True,,,fan:lldb-45,lm_set05.dat#3
796,lm set05,Long walks vs. Doomed digging,False,85.72,Beginner,low,True,,,fan:lldb-45,lm_set05.dat#4
797,lm set05,Cave with sharp teeth,False,90.09,Beginner,low,True,,,fan:lldb-45,lm_set05.dat#5
798,lm set05,Wrong points of view,False,105.28,Easy,low,True,,,fan:lldb-45,lm_set05.dat#6
799,lm set05,Now we're cooking on gas,False,93.7,Beginner,low,True,,,fan:lldb-45,lm_set05.dat#7
800,lm set05,A Spot of Bother,False,115.49,Easy,low,True,,,fan:lldb-45,lm_set05.dat#8
801,lm set05,You have been fooled!,False,104.88,Easy,low,True,,,fan:lldb-45,lm_set05.dat#9
802,lm set06,A mere staircase,False,62.75,Beginner,low,True,,,fan:lldb-46,lm_set06.dat#0
803,lm set06,"Lucky Seven, Unlucky Three",False,73.82,Beginner,low,True,,,fan:lldb-46,lm_set06.dat#1
804,lm set06,Follow the yellow brick road,False,98.75,Beginner,low,True,,,fan:lldb-46,lm_set06.dat#2
805,lm set06,Bars of one way,False,109.24,Easy,low,True,,,fan:lldb-46,lm_set06.dat#3
806,lm set06,Bridge the gaps and wait,False,89.28,Beginner,low,True,,,fan:lldb-46,lm_set06.dat#4
807,lm set06,The Arctic Circle,False,108,Easy,low,True,,,fan:lldb-46,lm_set06.dat#5
808,lm set06,Out of the icy cave,False,102.99,Easy,low,True,,,fan:lldb-46,lm_set06.dat#6
809,lm set06,Lemmings in action,False,114.5,Easy,low,True,,,fan:lldb-46,lm_set06.dat#7
810,lm set06,Tougher Egyptian Level,False,97.15,Beginner,low,True,,,fan:lldb-46,lm_set06.dat#8
811,lm set06,X marks the spot (Revised),False,98.14,Beginner,low,True,,,fan:lldb-46,lm_set06.dat#9
812,lm set07,Down the middle we go!,False,80,Beginner,low,True,,,fan:lldb-47,lm_set07.dat#0
813,lm set07,It's easy to save 100%!,False,115.9,Easy,low,True,,,fan:lldb-47,lm_set07.dat#1
814,lm set07,The Diving Board (without water),False,78.06,Beginner,low,True,,,fan:lldb-47,lm_set07.dat#2
815,lm set07,Hello Mr. Nice Guy!,False,85.25,Beginner,low,True,,,fan:lldb-47,lm_set07.dat#3
816,lm set07,No more Mr. Nice Guy...,False,114.5,Easy,low,True,,,fan:lldb-47,lm_set07.dat#4
817,lm set07,The Quarry,False,98.75,Beginner,low,True,,,fan:lldb-47,lm_set07.dat#5
818,lm set07,Thinking caps on please.,False,99.44,Beginner,low,True,,,fan:lldb-47,lm_set07.dat#6
819,lm set07,Rocky Rescue Team.,False,103.4,Easy,low,True,,,fan:lldb-47,lm_set07.dat#7
820,lm set07,"Wild West, Evergreen East",False,113.24,Easy,low,True,,,fan:lldb-47,lm_set07.dat#8
821,lm set07,The two builder Magic Trick,False,70.75,Beginner,low,True,,,fan:lldb-47,lm_set07.dat#9
822,lm set08,The new (but frozen) boiler!,False,114.09,Easy,low,True,,,fan:lldb-48,lm_set08.dat#0
823,lm set08,The Green world (Spooky?),False,93.75,Beginner,low,True,,,fan:lldb-48,lm_set08.dat#1
824,lm set08,The diagonal barriers,False,110.44,Easy,low,True,,,fan:lldb-48,lm_set08.dat#2
825,lm set08,Paid for stamina,False,109.4,Easy,low,True,,,fan:lldb-48,lm_set08.dat#3
826,lm set08,How do I get up that wall?,False,92.38,Beginner,low,True,,,fan:lldb-48,lm_set08.dat#4
827,lm set08,Going their separate ways,False,83.25,Beginner,low,True,,,fan:lldb-48,lm_set08.dat#5
828,lm set08,The Crossing,False,74.97,Beginner,low,True,,,fan:lldb-48,lm_set08.dat#6
829,lm set08,Brick layered lemming house,False,105.69,Easy,low,True,,,fan:lldb-48,lm_set08.dat#7
830,lm set08,Leave me alone.,False,114.5,Easy,low,True,,,fan:lldb-48,lm_set08.dat#8
831,lm set08,Now we get a little harder!,False,113.28,Easy,low,True,,,fan:lldb-48,lm_set08.dat#9
832,QBeez04,Maybe you should just give up...,False,80.53,Beginner,low,True,,,fan:lldb-49,QBeez04.dat#0
833,QBeez04,Welcome to the PITS!,False,76.7,Beginner,low,True,,,fan:lldb-49,QBeez04.dat#1
834,QBeez04,The Devil's Lair,False,87.88,Beginner,low,True,,,fan:lldb-49,QBeez04.dat#2
835,QBeez04,The Turnaround!,False,95.75,Beginner,low,True,,,fan:lldb-49,QBeez04.dat#3
836,QBeez04,Lemming Clowns,False,89.5,Beginner,low,True,,,fan:lldb-49,QBeez04.dat#4
837,QBeez04,If my name isn't Shadow Box.....,False,75.25,Beginner,low,True,,,fan:lldb-49,QBeez04.dat#5
838,QBeez04,InTeRnEt l33tSpEaK,False,114.5,Easy,low,True,,,fan:lldb-49,QBeez04.dat#6
839,QBeez04,The Big Stair,False,95.75,Beginner,low,True,,,fan:lldb-49,QBeez04.dat#7
840,QBeez04,The Trojan Horse,False,81.5,Beginner,low,True,,,fan:lldb-49,QBeez04.dat#8
841,QBeez04,CHERRY GET!,False,104.85,Easy,low,True,,,fan:lldb-49,QBeez04.dat#9
842,lm set09,Don't dig yet,False,102.18,Easy,low,True,,,fan:lldb-50,lm_set09.dat#0
843,lm set09,Don't just sit there,False,100.25,Easy,low,True,,,fan:lldb-50,lm_set09.dat#1
844,lm set09,Trapdoor Tragedy,False,108,Easy,low,True,,,fan:lldb-50,lm_set09.dat#2
845,lm set09,Four different sections,False,98.75,Beginner,low,True,,,fan:lldb-50,lm_set09.dat#3
846,lm set09,Spiky Horror,False,103.25,Easy,low,True,,,fan:lldb-50,lm_set09.dat#4
847,lm set09,Revenge of the steel blocks,False,111.25,Easy,low,True,,,fan:lldb-50,lm_set09.dat#5
848,lm set09,"Lemmings have coats, you know",False,115.9,Easy,low,True,,,fan:lldb-50,lm_set09.dat#6
849,lm set09,Lack of Imagination,False,81.5,Beginner,low,True,,,fan:lldb-50,lm_set09.dat#7
850,lm set09,The Dirty work,False,67.12,Beginner,low,True,,,fan:lldb-50,lm_set09.dat#8
851,lm set09,We're nearly there!,False,89.5,Beginner,low,True,,,fan:lldb-50,lm_set09.dat#9
852,lm set10,The little trick,False,105.28,Easy,low,True,,,fan:lldb-51,lm_set10.dat#0
853,lm set10,The Road to Boneland,False,112.88,Easy,low,True,,,fan:lldb-51,lm_set10.dat#1
854,lm set10,Broken Bridges,False,114.5,Easy,low,True,,,fan:lldb-51,lm_set10.dat#2
855,lm set10,"The ""Inverted Y"" method",False,101.19,Easy,low,True,,,fan:lldb-51,lm_set10.dat#3
856,lm set10,Two ponds,False,70.75,Beginner,low,True,,,fan:lldb-51,lm_set10.dat#4
857,lm set10,Up the Docks,False,115.09,Easy,low,True,,,fan:lldb-51,lm_set10.dat#5
858,lm set10,A crash mat would be handy,False,87.47,Beginner,low,True,,,fan:lldb-51,lm_set10.dat#6
859,lm set10,Exhaustion at the training room,False,89.09,Beginner,low,True,,,fan:lldb-51,lm_set10.dat#7
860,lm set10,We all fall down and SPLAT!,False,90.25,Beginner,low,True,,,fan:lldb-51,lm_set10.dat#8
861,lm set10,Making Life hard for yourself,False,56.94,Beginner,low,True,,,fan:lldb-51,lm_set10.dat#9
862,QBeez1,Sitting Ducks,False,90.58,Beginner,low,True,,,fan:lldb-52,QBeez1.dat#0
863,QBeez1,Preactor of the Plains,False,89.18,Beginner,low,True,,,fan:lldb-52,QBeez1.dat#1
864,QBeez1,Pharaoh's Tomb,False,75.25,Beginner,low,True,,,fan:lldb-52,QBeez1.dat#2
865,QBeez1,Downtown Lemmingopolis,False,93.03,Beginner,low,True,,,fan:lldb-52,QBeez1.dat#3
866,QBeez1,The Core of Lemmingland,False,93.67,Beginner,low,True,,,fan:lldb-52,QBeez1.dat#4
867,extreme,CRYSTALS NOOOOOOOOO!,False,112.45,Easy,low,True,,,fan:lldb-53,extreme.dat#0
868,extreme,teh evil happy faces,False,109.65,Easy,low,True,,,fan:lldb-53,extreme.dat#1
869,extreme,smile,False,97.15,Beginner,low,True,,,fan:lldb-53,extreme.dat#2
870,extreme,ties that bind,False,79.8,Beginner,low,True,,,fan:lldb-53,extreme.dat#3
871,extreme,its hero time(part 2),False,95.75,Beginner,low,True,,,fan:lldb-53,extreme.dat#4
872,extreme,be happy,False,92.3,Beginner,low,True,,,fan:lldb-53,extreme.dat#5
873,extreme,water maze,False,89.5,Beginner,low,True,,,fan:lldb-53,extreme.dat#6
874,extreme,dig i tell you dig,False,77,Beginner,low,True,,,fan:lldb-53,extreme.dat#7
875,BulletRide5,The Jester Race,False,97.15,Beginner,low,True,,,fan:lldb-54,BulletRide5(ver3).dat#0
876,BulletRide5,Present Push,False,94.45,Beginner,low,True,,,fan:lldb-54,BulletRide5(ver3).dat#1
877,BulletRide5,The Necromancer,False,92.25,Beginner,low,True,,,fan:lldb-54,BulletRide5(ver3).dat#2
878,BulletRide5,Cut to the Quick,False,57.25,Beginner,low,True,,,fan:lldb-54,BulletRide5(ver3).dat#3
879,BulletRide5,The Quiet Place,False,102.1,Easy,low,True,,,fan:lldb-54,BulletRide5(ver3).dat#4
880,BulletRide5,A Fair Old Lick,False,105.55,Easy,low,True,,,fan:lldb-54,BulletRide5(ver3).dat#5
881,BulletRide5,The Chainheart Machine,False,103.5,Easy,low,True,,,fan:lldb-54,BulletRide5(ver3).dat#6
882,BulletRide5,Beastial Oblivion,False,109,Easy,low,True,,,fan:lldb-54,BulletRide5(ver3).dat#7
883,BulletRide5,Beastial Oblivion (part 2),False,107.7,Easy,low,True,,,fan:lldb-54,BulletRide5(ver3).dat#8
884,BulletRide5,Fall Guy,False,107.8,Easy,low,True,,,fan:lldb-54,BulletRide5(ver3).dat#9
885,Mad00,The Destiny,False,98.25,Beginner,low,True,,,fan:lldb-55,Mad00.dat#0
886,Mad00,Lee Myung-bak,False,100,Easy,low,True,,,fan:lldb-55,Mad00.dat#1
887,Mad00,Ultra Compression,False,111.25,Easy,low,True,,,fan:lldb-55,Mad00.dat#2
888,Mad00,Swastika,False,100,Easy,low,True,,,fan:lldb-55,Mad00.dat#3
889,Mad00,The Curse of Devil,False,115.9,Easy,low,True,,,fan:lldb-55,Mad00.dat#4
890,Mad00,Super Junior,False,78.4,Beginner,low,True,,,fan:lldb-55,Mad00.dat#5
891,Mad00,Sunjungmanhwa,False,114.5,Easy,low,True,,,fan:lldb-55,Mad00.dat#6
892,Mad00,VANDALISM !!,False,33.5,Beginner,low,True,,,fan:lldb-55,Mad00.dat#7
893,Mad00Dos,The Destiny,False,98.25,Beginner,low,True,,,fan:lldb-56,Mad00Dos.dat#0
894,Mad00Dos,Lee Myung-bak,False,98.38,Beginner,low,True,,,fan:lldb-56,Mad00Dos.dat#1
895,Mad00Dos,Ultra Compression,False,111.25,Easy,low,True,,,fan:lldb-56,Mad00Dos.dat#2
896,Mad00Dos,Swastika,False,100,Easy,low,True,,,fan:lldb-56,Mad00Dos.dat#3
897,Mad00Dos,Embargo,False,83.25,Beginner,low,True,,,fan:lldb-56,Mad00Dos.dat#4
898,Mad00Dos,Super Junior,False,78.4,Beginner,low,True,,,fan:lldb-56,Mad00Dos.dat#5
899,Mad00Dos,Sunjungmanhwa,False,114.5,Easy,low,True,,,fan:lldb-56,Mad00Dos.dat#6
900,Mad00Dos,VANDALISM !!,False,33.5,Beginner,low,True,,,fan:lldb-56,Mad00Dos.dat#7
901,lm set11,One-way climbed obstacle,False,94.34,Beginner,low,True,,,fan:lldb-57,lm_set11.dat#0
902,lm set11,Float and Explode,False,73.3,Beginner,low,True,,,fan:lldb-57,lm_set11.dat#1
903,lm set11,Getting your hands dirty,False,103.25,Easy,low,True,,,fan:lldb-57,lm_set11.dat#2
904,lm set11,Go elsewhere for drinking water,False,96.74,Beginner,low,True,,,fan:lldb-57,lm_set11.dat#3
905,lm set11,We fall down in groups,False,70.75,Beginner,low,True,,,fan:lldb-57,lm_set11.dat#4
906,lm set11,Who will free that blocker?,False,108.25,Easy,low,True,,,fan:lldb-57,lm_set11.dat#5
907,lm set11,Fooled again Haha!,False,102,Easy,low,True,,,fan:lldb-57,lm_set11.dat#6
908,lm set11,If only I had a basher,False,103.38,Easy,low,True,,,fan:lldb-57,lm_set11.dat#7
909,lm set11,The brain again...,False,112.65,Easy,low,True,,,fan:lldb-57,lm_set11.dat#8
910,lm set11,Sparkling Lollipops,False,111.25,Easy,low,True,,,fan:lldb-57,lm_set11.dat#9
911,lm set12,What a beautiful night,False,87.34,Beginner,low,True,,,fan:lldb-58,lm_set12.dat#0
912,lm set12,"Touch the ground, turn around",False,82.84,Beginner,low,True,,,fan:lldb-58,lm_set12.dat#1
913,lm set12,The searing chill!!,False,104.06,Easy,low,True,,,fan:lldb-58,lm_set12.dat#2
914,lm set12,It's dark out here!,False,67.12,Beginner,low,True,,,fan:lldb-58,lm_set12.dat#3
915,lm set12,Pythagoras' Pyramid,False,96.47,Beginner,low,True,,,fan:lldb-58,lm_set12.dat#4
916,lm set12,The Rock Peaks,False,54.75,Beginner,low,True,,,fan:lldb-58,lm_set12.dat#5
917,lm set12,Try this in a group now.,False,90.9,Beginner,low,True,,,fan:lldb-58,lm_set12.dat#6
918,lm set12,Rock Hard,False,93.59,Beginner,low,True,,,fan:lldb-58,lm_set12.dat#7
919,lm set12,Life on different surfaces,False,100,Easy,low,True,,,fan:lldb-58,lm_set12.dat#8
920,lm set12,What a stinker!,False,106.5,Easy,low,True,,,fan:lldb-58,lm_set12.dat#9
921,lm set13,Life in the THIRD DIMENSION!,False,99.44,Beginner,low,True,,,fan:lldb-59,lm_set13.dat#0
922,lm set13,The platform panic,False,80.54,Beginner,low,True,,,fan:lldb-59,lm_set13.dat#1
923,lm set13,Tower of Ice,False,116.49,Easy,low,True,,,fan:lldb-59,lm_set13.dat#2
924,lm set13,Under the fire,False,101.59,Easy,low,True,,,fan:lldb-59,lm_set13.dat#3
925,lm set13,Climbing Rocks,False,88.25,Beginner,low,True,,,fan:lldb-59,lm_set13.dat#4
926,lm set13,Left right splitter,False,101.78,Easy,low,True,,,fan:lldb-59,lm_set13.dat#5
927,lm set13,A little mix up,False,93.5,Beginner,low,True,,,fan:lldb-59,lm_set13.dat#6
928,lm set13,Have you seen this level before?,False,104.88,Easy,low,True,,,fan:lldb-59,lm_set13.dat#7
929,lm set13,It looks pretty simple,False,108.25,Easy,low,True,,,fan:lldb-59,lm_set13.dat#8
930,lm set13,Between a rock and a hard place,False,84.5,Beginner,low,True,,,fan:lldb-59,lm_set13.dat#9
931,lm set14,Steep hill Antics,False,113.69,Easy,low,True,,,fan:lldb-60,lm_set14.dat#0
932,lm set14,Weapons of World War 3,False,112.43,Easy,low,True,,,fan:lldb-60,lm_set14.dat#1
933,lm set14,The right click helps here.,False,70.75,Beginner,low,True,,,fan:lldb-60,lm_set14.dat#2
934,lm set14,"Born a blocker, die a blocker",False,47.75,Beginner,low,True,,,fan:lldb-60,lm_set14.dat#3
935,lm set14,A problemming with the grid,False,108,Easy,low,True,,,fan:lldb-60,lm_set14.dat#4
936,lm set14,The Windmill,False,87.5,Beginner,low,True,,,fan:lldb-60,lm_set14.dat#5
937,lm set14,The Golden Dream,False,108.84,Easy,low,True,,,fan:lldb-60,lm_set14.dat#6
938,lm set14,Ten pin bowling,False,112.65,Easy,low,True,,,fan:lldb-60,lm_set14.dat#7
939,lm set14,A torchin' thru da rock,False,103.15,Easy,low,True,,,fan:lldb-60,lm_set14.dat#8
940,lm set14,The Witch's Glitches,False,69.19,Beginner,low,True,,,fan:lldb-60,lm_set14.dat#9
941,lm set15,Even more of a kafuffle,False,65.38,Beginner,low,True,,,fan:lldb-61,lm_set15.dat#0
942,lm set15,"Sorry, it can't be helped",False,54.75,Beginner,low,True,,,fan:lldb-61,lm_set15.dat#1
943,lm set15,Ice till haven't got it yet,False,103.4,Easy,low,True,,,fan:lldb-61,lm_set15.dat#2
944,lm set15,A break in the pillar,False,99.6,Beginner,low,True,,,fan:lldb-61,lm_set15.dat#3
945,lm set15,Maybe diving breaks that bone?,False,81.22,Beginner,low,True,,,fan:lldb-61,lm_set15.dat#4
946,lm set15,Let's go round again,False,82.84,Beginner,low,True,,,fan:lldb-61,lm_set15.dat#5
947,lm set15,Blind Builder,False,72.5,Beginner,low,True,,,fan:lldb-61,lm_set15.dat#6
948,lm set15,The bombers challenge,False,57.88,Beginner,low,True,,,fan:lldb-61,lm_set15.dat#7
949,lm set15,On cloud nine,False,103.25,Easy,low,True,,,fan:lldb-61,lm_set15.dat#8
950,lm set15,Engage your brain,False,102,Easy,low,True,,,fan:lldb-61,lm_set15.dat#9
951,ClamSpam02,Bumpy Ride,False,77,Beginner,low,True,,,fan:lldb-62,ClamSpam02.dat#0
952,ClamSpam02,The Christmas Rush,False,93.7,Beginner,low,True,,,fan:lldb-62,ClamSpam02.dat#1
953,ClamSpam02,Cut the Red Wire,False,49.75,Beginner,low,True,,,fan:lldb-62,ClamSpam02.dat#2
954,ClamSpam02,Times Four (circular clicking),False,98.55,Beginner,low,True,,,fan:lldb-62,ClamSpam02.dat#3
955,ClamSpam02,Get Out of the Pool!,False,65.88,Beginner,low,True,,,fan:lldb-62,ClamSpam02.dat#4
956,ClamSpam02,Go Fetch!,False,102.81,Easy,low,True,,,fan:lldb-62,ClamSpam02.dat#5
957,ClamSpam02,Brick Replacement Therapy,False,81.56,Beginner,low,True,,,fan:lldb-62,ClamSpam02.dat#6
958,ClamSpam02,A.T. on an Angle,False,68.9,Beginner,low,True,,,fan:lldb-62,ClamSpam02.dat#7
959,ClamSpam02,About Face!,False,61,Beginner,low,True,,,fan:lldb-62,ClamSpam02.dat#8
960,ClamSpam02,Stay Out of the Pool!!!,False,69.94,Beginner,low,True,,,fan:lldb-62,ClamSpam02.dat#9
961,Lemmy556 Statues,Angry German kid in crystal!,False,106.5,Easy,low,True,,,fan:lldb-63,Lemmy556 Statues.dat#0
962,Lemmy556 Statues,CHEESE!,False,83.25,Beginner,low,True,,,fan:lldb-63,Lemmy556 Statues.dat#1
963,Lemmy556 Statues,Dog from hell!!!!!!!!!!,False,98.55,Beginner,low,True,,,fan:lldb-63,Lemmy556 Statues.dat#2
964,Lemmy556 Statues,Groke!!!!!,False,102.59,Easy,low,True,,,fan:lldb-63,Lemmy556 Statues.dat#3
965,Lemmy556 Statues,Groke!!!!!SUPER!!!!!!!!,False,102.59,Easy,low,True,,,fan:lldb-63,Lemmy556 Statues.dat#4
966,Lemmy556 Statues,Nessy needs you!,False,102.59,Easy,low,True,,,fan:lldb-63,Lemmy556 Statues.dat#5
967,Lemmy556 Statues,Lemon lime,False,83.56,Beginner,low,True,,,fan:lldb-63,Lemmy556 Statues.dat#6
968,Lemmy556 Statues,Pacman,False,81.5,Beginner,low,True,,,fan:lldb-63,Lemmy556 Statues.dat#7
969,Lemmy556 Statues,Lem statue,False,113.69,Easy,low,True,,,fan:lldb-63,Lemmy556 Statues.dat#8
970,Lemmy556 Statues,Lemmings statues 2,False,81.5,Beginner,low,True,,,fan:lldb-63,Lemmy556 Statues.dat#9
971,Lemmy556 Statues,Lem statues 3,False,94.31,Beginner,low,True,,,fan:lldb-63,Lemmy556 Statues.dat#10
972,Lemmy556 Ismo,Ismo,False,110.44,Easy,low,True,,,fan:lldb-64,Lemmy556 Ismo.dat#0
973,Lemmy556 Ismo,Ismo dirt,False,68.25,Beginner,low,True,,,fan:lldb-64,Lemmy556 Ismo.dat#1
974,Lemmy556 Ismo,Ismo laitela hell,False,88.24,Beginner,low,True,,,fan:lldb-64,Lemmy556 Ismo.dat#2
975,Lemmy556 Ismo,Ismo marble,False,106.5,Easy,low,True,,,fan:lldb-64,Lemmy556 Ismo.dat#3
976,Lemmy556 Ismo,Ismo pillar,False,98.25,Beginner,low,True,,,fan:lldb-64,Lemmy556 Ismo.dat#4
977,Lemmy556 My little levels,2 lemmings,False,62.75,Beginner,low,True,,,fan:lldb-65,Lemmy556 My little levels.dat#0
978,Lemmy556 My little levels,4 prisoners,False,97.15,Beginner,low,True,,,fan:lldb-65,Lemmy556 My little levels.dat#1
979,Lemmy556 My little levels,BAD EXITS,False,72.15,Beginner,low,True,,,fan:lldb-65,Lemmy556 My little levels.dat#2
980,Lemmy556 My little levels,Block hero,False,62.34,Beginner,low,True,,,fan:lldb-65,Lemmy556 My little levels.dat#3
981,Lemmy556 My little levels,Blood level,False,102.31,Easy,low,True,,,fan:lldb-65,Lemmy556 My little levels.dat#4
982,Lemmy556 My little levels,BOMB!!!!!!!!!,False,39.75,Beginner,low,True,,,fan:lldb-65,Lemmy556 My little levels.dat#5
983,Lemmy556 My little levels,Bomboozal,False,40.57,Beginner,low,True,,,fan:lldb-65,Lemmy556 My little levels.dat#6
984,Lemmy556 My little levels,Bombs and builders,False,63.06,Beginner,low,True,,,fan:lldb-65,Lemmy556 My little levels.dat#7
985,Lemmy556 My little levels,Building day!Can you solve?Yes!,False,96.34,Beginner,low,True,,,fan:lldb-65,Lemmy556 My little levels.dat#8
986,Lemmy556 My little levels,Crystal castle(Ten!!!),False,115.9,Easy,low,True,,,fan:lldb-65,Lemmy556 My little levels.dat#9
987,Lemmy556 My little levels,Dear Lemmings lost in hell!,False,99.54,Beginner,low,True,,,fan:lldb-65,Lemmy556 My little levels.dat#10
988,Lemmy556 My little levels,One way digging to freedom bad,False,114.28,Easy,low,True,,,fan:lldb-65,Lemmy556 My little levels.dat#11
989,Lemmy556 My little levels,Do or fire,False,77,Beginner,low,True,,,fan:lldb-65,Lemmy556 My little levels.dat#12
990,Lemmy556 My little levels,Do the Lemmys way!,False,96.19,Beginner,low,True,,,fan:lldb-65,Lemmy556 My little levels.dat#13
991,Lemmy556 My little levels,BOSS LEVEL 1,False,107.78,Easy,low,True,,,fan:lldb-65,Lemmy556 My little levels.dat#14
992,Lemmy556 My little levels 2,Home turned doom!,False,77.31,Beginner,low,True,,,fan:lldb-66,Lemmy556 My little levels 2.dat#0
993,Lemmy556 My little levels 2,Dragons!,False,105.55,Easy,low,True,,,fan:lldb-66,Lemmy556 My little levels 2.dat#1
994,Lemmy556 My little levels 2,EEEK! DO IT HURRY!,False,62.75,Beginner,low,True,,,fan:lldb-66,Lemmy556 My little levels 2.dat#2
995,Lemmy556 My little levels 2,Only floaters can survive this,False,30.66,Beginner,low,True,,,fan:lldb-66,Lemmy556 My little levels 2.dat#3
996,Lemmy556 My little levels 2,Heaven can wait (we hope!!!!),False,100.25,Easy,low,True,,"replay saved mismatch: expected 80, got 0",fan:lldb-66,Lemmy556 My little levels 2.dat#4
997,Lemmy556 My little levels 2,If you find star you find exit,False,86.84,Beginner,low,True,,,fan:lldb-66,Lemmy556 My little levels 2.dat#5
998,Lemmy556 My little levels 2,Lemming soul,False,82.44,Beginner,low,True,,,fan:lldb-66,Lemmy556 My little levels 2.dat#6
999,Lemmy556 My little levels 2,Classic lems find new home(Lem3),False,70.75,Beginner,low,True,,,fan:lldb-66,Lemmy556 My little levels 2.dat#7
1000,Lemmy556 My little levels 2,Lemmings jumps,False,95.34,Beginner,low,True,,,fan:lldb-66,Lemmy556 My little levels 2.dat#8
1001,Lemmy556 My little levels 2,Lemmy is here!,False,96.5,Beginner,low,True,,,fan:lldb-66,Lemmy556 My little levels 2.dat#9
1002,Lemmy556 My little levels 2,"Little,but hard!",False,69,Beginner,low,True,,,fan:lldb-66,Lemmy556 My little levels 2.dat#10
1003,Lemmy556 My little levels 2,Mayhemian Lem,False,87.62,Beginner,low,True,,,fan:lldb-66,Lemmy556 My little levels 2.dat#11
1004,Lemmy556 My little levels 2,Mazeeeeeee!!!ARRGGGG!Part 2,False,89.5,Beginner,low,True,,,fan:lldb-66,Lemmy556 My little levels 2.dat#12
1005,Lemmy556 My little levels 2,Mr Lemming and his family,False,96.5,Beginner,low,True,,,fan:lldb-66,Lemmy556 My little levels 2.dat#13
1006,Lemmy556 My little levels 2,Shadow of beasts other problem!,False,89.94,Beginner,low,True,,,fan:lldb-66,Lemmy556 My little levels 2.dat#14
1007,Lemmy556 My little levels 2,Pancake lems,False,64.81,Beginner,low,True,,,fan:lldb-66,Lemmy556 My little levels 2.dat#15
1008,Ninja Lems,Ninja Lems escape in city part 1,False,105.39,Easy,low,True,,,fan:lldb-67,Ninja Lems.dat#0
1009,Ninja Lems,Ninja Lems escape in city part 2,False,86.05,Beginner,low,True,,,fan:lldb-67,Ninja Lems.dat#1
1010,Ninja Lems,Ninja Lems part 3 (New hide),False,106.2,Easy,low,True,,,fan:lldb-67,Ninja Lems.dat#2
1011,Lemmy556 More levels,Pillars and builders,False,72.15,Beginner,low,True,,,fan:lldb-68,Lemmy556 More levels.dat#0
1012,Lemmy556 More levels,RISKY DAY!,False,69,Beginner,low,True,,,fan:lldb-68,Lemmy556 More levels.dat#1
1013,Lemmy556 More levels,team working,False,104.19,Easy,low,True,,,fan:lldb-68,Lemmy556 More levels.dat#2
1014,Lemmy556 More levels,Simple lemminga level,False,68.4,Beginner,low,True,,,fan:lldb-68,Lemmy556 More levels.dat#3
1015,Lemmy556 More levels,Oh God!This is slow!,False,86.05,Beginner,low,True,,,fan:lldb-68,Lemmy556 More levels.dat#4
1016,Lemmy556 More levels,Some words(Finnish),False,62.75,Beginner,low,True,,,fan:lldb-68,Lemmy556 More levels.dat#5
1017,Lemmy556 More levels,Story of little Lem,False,96.5,Beginner,low,True,,,fan:lldb-68,Lemmy556 More levels.dat#6
1018,Lemmy556 More levels,My stupid idea!,False,98.55,Beginner,low,True,,,fan:lldb-68,Lemmy556 More levels.dat#7
1019,Lemmy556 More levels,Take new Lemmings!,False,83.25,Beginner,low,True,,,fan:lldb-68,Lemmy556 More levels.dat#8
1020,Lemmy556 More levels,THIS IS NOT ARMY!,False,97.46,Beginner,low,True,,,fan:lldb-68,Lemmy556 More levels.dat#9
1021,Lemmy556 More levels,Lemmings toybox,False,93.7,Beginner,low,True,,,fan:lldb-68,Lemmy556 More levels.dat#10
1022,Lemmy556 More levels,Traps and Lemmings,False,112.07,Easy,low,True,,,fan:lldb-68,Lemmy556 More levels.dat#11
1023,Lemmy556 More levels,Trippy...,False,62.75,Beginner,low,True,,,fan:lldb-68,Lemmy556 More levels.dat#12
1024,Lemmy556 More levels,Now you use bombs and builders,False,52.75,Beginner,low,True,,,fan:lldb-68,Lemmy556 More levels.dat#13
1025,Lemmy556 More levels,Lemmings san!Use builder!,False,62.75,Beginner,low,True,,,fan:lldb-68,Lemmy556 More levels.dat#14
1026,Lemmy556 More levels,Water in menacing???,False,99.65,Beginner,low,True,,,fan:lldb-68,Lemmy556 More levels.dat#15
1027,Many more levels,New weird pancake factory....,False,40.28,Beginner,low,True,,,fan:lldb-69,Many more levels.dat#0
1028,Many more levels,Weird world,False,72.94,Beginner,low,True,,,fan:lldb-69,Many more levels.dat#1
1029,Many more levels,What the.....,False,73.25,Beginner,low,True,,,fan:lldb-69,Many more levels.dat#2
1030,Many more levels,Working in eyes...,False,73.69,Beginner,low,True,,,fan:lldb-69,Many more levels.dat#3
1031,Many more levels,XD (Stupid little level),False,70.75,Beginner,low,True,,,fan:lldb-69,Many more levels.dat#4
1032,Many more levels,You and flags,False,102,Easy,low,True,,,fan:lldb-69,Many more levels.dat#5
1033,fishthekiller99,Mazeeeeeee!!!ARRGGGG!,False,83.25,Beginner,low,True,,,fan:lldb-71,fishthekiller99.dat#0
1034,fishthekiller99,LEMMINGS,False,94.31,Beginner,low,True,,,fan:lldb-71,fishthekiller99.dat#1
1035,Lemmy 556 My last dos level pack,SNOW MINING,False,75.25,Beginner,low,True,,,fan:lldb-72,Lemmy 556 My last dos level pack.dat#0
1036,Lemmy 556 My last dos level pack,don't tell a lie,False,83.25,Beginner,low,True,,,fan:lldb-72,Lemmy 556 My last dos level pack.dat#1
1037,Lemmy 556 My last dos level pack,no NO NOOOOOOOOOOOOOO!,False,87.75,Beginner,low,True,,,fan:lldb-72,Lemmy 556 My last dos level pack.dat#2
1038,Lemmy 556 My last dos level pack,ARE YOU KIDDING ME,False,98.5,Beginner,low,True,,,fan:lldb-72,Lemmy 556 My last dos level pack.dat#3
1039,ClamSpam03,Barrel o' Laughs,False,69,Beginner,low,True,,,fan:lldb-73,ClamSpam03.dat#0
1040,ClamSpam03,RABBIX,False,83.25,Beginner,low,True,,,fan:lldb-73,ClamSpam03.dat#1
1041,ClamSpam03,Who lives... and who dies,False,91.8,Beginner,low,True,,,fan:lldb-73,ClamSpam03.dat#2
1042,ClamSpam03,Crevasse,False,74.75,Beginner,low,True,,,fan:lldb-73,ClamSpam03.dat#3
1043,ClamSpam03,Turning the Screws,False,68.88,Beginner,low,True,,,fan:lldb-73,ClamSpam03.dat#4
1044,ClamSpam03,Nothing to lose,False,79.8,Beginner,low,True,,,fan:lldb-73,ClamSpam03.dat#5
1045,ClamSpam03,Pillars of Hades,False,97.15,Beginner,low,True,,,fan:lldb-73,ClamSpam03.dat#6
1046,ClamSpam03,The Other Side,False,80.63,Beginner,low,True,,,fan:lldb-73,ClamSpam03.dat#7
1047,ClamSpam03,Lem ramp scam,False,83.93,Beginner,low,True,,,fan:lldb-73,ClamSpam03.dat#8
1048,ClamSpam03,The Dying Seconds,False,83,Beginner,low,True,,,fan:lldb-73,ClamSpam03.dat#9
1049,elfpak01,Give a helping brick!,False,87.75,Beginner,low,True,,,fan:lldb-74,elfpak01.dat#0
1050,elfpak01,Miniature (part I),False,112.65,Easy,low,True,,,fan:lldb-74,elfpak01.dat#1
1051,elfpak01,Gyps Isles,False,102,Easy,low,True,,,fan:lldb-74,elfpak01.dat#2
1052,elfpak01,Miniature (part II),False,111.03,Easy,low,True,,,fan:lldb-74,elfpak01.dat#3
1053,elfpak01,Greek fire,False,84.15,Beginner,low,True,,,fan:lldb-74,elfpak01.dat#4
1054,elfpak01,Miniature (part III),False,114.28,Easy,low,True,,,fan:lldb-74,elfpak01.dat#5
1055,elfpak01,BL CK  FR ME,False,90.9,Beginner,low,True,,,fan:lldb-74,elfpak01.dat#6
1056,elfpak01,The house of the lost staircase,False,82.88,Beginner,low,True,,,fan:lldb-74,elfpak01.dat#7
1057,elfpak01,The specialists,False,102,Easy,low,True,,,fan:lldb-74,elfpak01.dat#8
1058,elfpak01,Fortress 13,False,109.2,Easy,low,True,,,fan:lldb-74,elfpak01.dat#9
1059,JHIsan1,It's Fictional,False,85.72,Beginner,low,True,,,fan:lldb-75,JHIsan1.dat#0
1060,JHIsan1,The Barber Shop Quartet,False,87.75,Beginner,low,True,,,fan:lldb-75,JHIsan1.dat#1
1061,JHIsan1,This Frozen Landscape,False,86.12,Beginner,low,True,,,fan:lldb-75,JHIsan1.dat#2
1062,JHIsan1,Go Climb in the Emerald Mine!!,False,79.1,Beginner,low,True,,,fan:lldb-75,JHIsan1.dat#3
1063,JHIsan1,Nostaligia Terms,False,104.23,Easy,low,True,,,fan:lldb-75,JHIsan1.dat#4
1064,JHIsan1,The Cold Zone,False,100.38,Easy,low,True,,,fan:lldb-75,JHIsan1.dat#5
1065,JHIsan1,WOAH!! Easy Tiger......,False,87.75,Beginner,low,True,,,fan:lldb-75,JHIsan1.dat#6
1066,JHIsan1,The Climbing Frame,False,99.7,Beginner,low,True,,,fan:lldb-75,JHIsan1.dat#7
1067,JHIsan1,Standard Method Required?,False,108.25,Easy,low,True,,,fan:lldb-75,JHIsan1.dat#8
1068,JHIsan1,The Finale,False,108.84,Easy,low,True,,,fan:lldb-75,JHIsan1.dat#9
1069,ClamSpam04,Flotilla,False,60.59,Beginner,low,True,,,fan:lldb-76,ClamSpam04.dat#0
1070,ClamSpam04,Rise Through the Ranks,False,69,Beginner,low,True,,,fan:lldb-76,ClamSpam04.dat#1
1071,ClamSpam04,Empty Apartment,False,92.3,Beginner,low,True,,,fan:lldb-76,ClamSpam04.dat#2
1072,ClamSpam04,Builders' Cracks,False,77,Beginner,low,True,,,fan:lldb-76,ClamSpam04.dat#3
1073,ClamSpam04,Coming down alive,False,77,Beginner,low,True,,,fan:lldb-76,ClamSpam04.dat#4
1074,ClamSpam04,Mont Blanc Tunnel,False,89.5,Beginner,low,True,,,fan:lldb-76,ClamSpam04.dat#5
1075,ClamSpam04,Training Zone Alpha,False,87.75,Beginner,low,True,,,fan:lldb-76,ClamSpam04.dat#6
1076,ClamSpam04,Dropout,False,74.92,Beginner,low,True,,,fan:lldb-76,ClamSpam04.dat#7
1077,ClamSpam04,From the Brink,False,89.28,Beginner,low,True,,,fan:lldb-76,ClamSpam04.dat#8
1078,ClamSpam04,The Floodgates Open,False,90.9,Beginner,low,True,,,fan:lldb-76,ClamSpam04.dat#9
1079,Consta1,The Electric Wild Ride,False,102.18,Easy,low,True,,,fan:lldb-77,Consta1.dat#0
1080,Consta1,To Turn Around or Not,False,69,Beginner,low,True,,,fan:lldb-77,Consta1.dat#1
1081,Consta1,Let Take Me Take The Lead!!,False,100.15,Easy,low,True,,,fan:lldb-77,Consta1.dat#2
1082,Consta1,"One Lemming, Another Lemming...",False,81.5,Beginner,low,True,,,fan:lldb-77,Consta1.dat#3
1083,Consta1,Wrath of the Angry Lemmings,False,102.32,Easy,low,True,,,fan:lldb-77,Consta1.dat#4
1084,Consta1,There Goes That Lemming,False,88.42,Beginner,low,True,,,fan:lldb-77,Consta1.dat#5
1085,Consta1,Lemmings on Two Levels!?!,False,102,Easy,low,True,,,fan:lldb-77,Consta1.dat#6
1086,Consta1,tHe mOBiLe BlIzZaRD ceNTrE,False,111.64,Easy,low,True,,,fan:lldb-77,Consta1.dat#7
1087,Consta1,Lead Us to Victory!!,False,97.15,Beginner,low,True,,,fan:lldb-77,Consta1.dat#8
1088,Consta1,Wandering Waymakers,False,85.8,Beginner,low,True,,,fan:lldb-77,Consta1.dat#9
1089,doggycharly random lvls,facil cuando sabes como(DIRT),False,111.15,Easy,low,True,,,fan:lldb-78,doggycharly random lvls.dat#0
1090,doggycharly random lvls,Creatures in the deep,False,65.4,Beginner,low,True,,,fan:lldb-78,doggycharly random lvls.dat#1
1091,doggycharly random lvls,Always into of something,False,115.27,Easy,low,True,,,fan:lldb-78,doggycharly random lvls.dat#2
1092,doggycharly random lvls,"let's go!, but together",False,95.67,Beginner,low,True,,,fan:lldb-78,doggycharly random lvls.dat#3
1093,doggycharly random lvls,The magnificent severn,False,113.69,Easy,low,True,,,fan:lldb-78,doggycharly random lvls.dat#4
1094,doggycharly random lvls,Amanecer oscuro,False,114.5,Easy,low,True,,,fan:lldb-78,doggycharly random lvls.dat#5
1095,doggycharly random lvls,Lemmings at the steel works,False,102.45,Easy,low,True,,,fan:lldb-78,doggycharly random lvls.dat#6
1096,doggycharly random lvls,Magnetic area,False,107.78,Easy,low,True,,,fan:lldb-78,doggycharly random lvls.dat#7
1097,doggycharly random lvls,So close but so far away,False,113.24,Easy,low,True,,,fan:lldb-78,doggycharly random lvls.dat#8
1098,doggycharly random lvls,volando en la loca busqueda,False,114.5,Easy,low,True,,,fan:lldb-78,doggycharly random lvls.dat#9
1099,doggycharly random lvls,Think like they,False,88.04,Beginner,low,True,,,fan:lldb-78,doggycharly random lvls.dat#10
1100,doggycharly random lvls,if dig or else!,False,54.5,Beginner,low,True,,,fan:lldb-78,doggycharly random lvls.dat#11
1101,doggycharly random lvls,Fireworks,False,71.06,Beginner,low,True,,,fan:lldb-78,doggycharly random lvls.dat#12
1102,doggycharly random lvls,Tower of destiny,False,91,Beginner,low,True,,,fan:lldb-78,doggycharly random lvls.dat#13
1103,ClamSpamXmas08,Light the way,False,80.9,Beginner,low,True,,,fan:lldb-79,ClamSpamXmas08.dat#0
1104,ClamSpamXmas08,Know Your Blockers,False,75.44,Beginner,low,True,,,fan:lldb-79,ClamSpamXmas08.dat#1
1105,ClamSpamXmas08,The edge of madness,False,79.8,Beginner,low,True,,,fan:lldb-79,ClamSpamXmas08.dat#2
1106,ClamSpamXmas08,Santa's Workshop,False,95.75,Beginner,low,True,,,fan:lldb-79,ClamSpamXmas08.dat#3
1107,ClamSpamXmas08,The fringe of insanity,False,79.8,Beginner,low,True,,,fan:lldb-79,ClamSpamXmas08.dat#4
1108,Master System Remakes,GO FOR IT!,False,79.55,Beginner,low,True,,,fan:lldb-80,Master System Remakes.dat#0
1109,Master System Remakes,What an AWESOME level,False,100,Easy,low,True,,,fan:lldb-80,Master System Remakes.dat#1
1110,Master System Remakes,Nowhere Near....,False,106.38,Easy,low,True,,,fan:lldb-80,Master System Remakes.dat#2
1111,Master System Remakes,INTIMIDATING(ish),False,100.12,Easy,low,True,,,fan:lldb-80,Master System Remakes.dat#3
1112,Master System Remakes,KEEP ON GOING FOR IT!,False,86.05,Beginner,low,True,,,fan:lldb-80,Master System Remakes.dat#4
1113,Master System Remakes,Getting Closer...,False,106.38,Easy,low,True,,,fan:lldb-80,Master System Remakes.dat#5
1114,Master System Remakes,AVAGO,False,79.55,Beginner,low,True,,,fan:lldb-80,Master System Remakes.dat#6
1115,Master System Remakes,MENACING,False,100.12,Easy,low,True,,,fan:lldb-80,Master System Remakes.dat#7
1116,Master System Remakes,Nearly There....,False,103.38,Easy,low,True,,,fan:lldb-80,Master System Remakes.dat#8
1117,Master System Remakes,Still an AWESOME level,False,90.9,Beginner,low,True,,,fan:lldb-80,Master System Remakes.dat#9
1118,AdamPack01,Up!,False,107.78,Easy,low,True,,,fan:lldb-81,AdamPack01.dat#0
1119,AdamPack01,Working my way back to you!,False,107.78,Easy,low,True,,,fan:lldb-81,AdamPack01.dat#1
1120,AdamPack01,Get down on it.,False,79.5,Beginner,low,True,,,fan:lldb-81,AdamPack01.dat#2
1121,AdamPack01,Frustration,False,112.47,Easy,low,True,,,fan:lldb-81,AdamPack01.dat#3
1122,Yawg01,Bubble Bath,False,95.1,Beginner,low,True,,,fan:lldb-82,Yawg01.dat#0
1123,Yawg01,To Each His Own,False,91.2,Beginner,low,True,,,fan:lldb-82,Yawg01.dat#1
1124,Yawg01,Number Eight,False,88.84,Beginner,low,True,,,fan:lldb-82,Yawg01.dat#2
1125,Yawg01,Not The Bars Again!,False,118.7,Easy,low,True,,,fan:lldb-82,Yawg01.dat#3
1126,Yawg01,The Brick,False,81.5,Beginner,low,True,,,fan:lldb-82,Yawg01.dat#4
1127,Yawg01,Two Sisters,False,90.9,Beginner,low,True,,,fan:lldb-82,Yawg01.dat#5
1128,Yawg01,Up On the Cross,False,87.1,Beginner,low,True,,,fan:lldb-82,Yawg01.dat#6
1129,Yawg01,Close Friends,False,88.05,Beginner,low,True,,,fan:lldb-82,Yawg01.dat#7
1130,Yawg01,Lemmings In The Plumbing,False,77,Beginner,low,True,,,fan:lldb-82,Yawg01.dat#8
1131,Yawg01,Remorseless,False,93.67,Beginner,low,True,,,fan:lldb-82,Yawg01.dat#9
1132,CSTame1,Oh no! More challenges!,False,69,Beginner,low,True,,,fan:lldb-83,CSTame1.dat#0
1133,CSTame1,Mined the gap,False,54.1,Beginner,low,True,,,fan:lldb-83,CSTame1.dat#1
1134,CSTame1,Need I re-MINED you?,False,62.1,Beginner,low,True,,,fan:lldb-83,CSTame1.dat#2
1135,CSTame1,Blue & Gold,False,62.75,Beginner,low,True,,,fan:lldb-83,CSTame1.dat#3
1136,CSTame1,Now you're stuck,False,94,Beginner,low,True,,,fan:lldb-83,CSTame1.dat#4
1137,CSTame1,Mining is serious business,False,54.75,Beginner,low,True,,,fan:lldb-83,CSTame1.dat#5
1138,CSTame1,Finger? What the hell!,False,87.75,Beginner,low,True,,,fan:lldb-83,CSTame1.dat#6
1139,CSTame1,Put it all on the line,False,69,Beginner,low,True,,,fan:lldb-83,CSTame1.dat#7
1140,CSTame1,If only this were Lemmings 3...,False,62.75,Beginner,low,True,,,fan:lldb-83,CSTame1.dat#8
1141,CSTame1,And again... upwards diggers?,False,61,Beginner,low,True,,,fan:lldb-83,CSTame1.dat#9
1142,CSTame2,whITe ouT,False,73.95,Beginner,low,True,,,fan:lldb-84,CSTame2.dat#0
1143,CSTame2,Keepin' it tight,False,69,Beginner,low,True,,,fan:lldb-84,CSTame2.dat#1
1144,CSTame2,Go! Go! GOOOOOO!!!,False,106.5,Easy,low,True,,,fan:lldb-84,CSTame2.dat#2
1145,CSTame2,Hold up,False,54.75,Beginner,low,True,,,fan:lldb-84,CSTame2.dat#3
1146,CSTame2,White mountain passage,False,73.3,Beginner,low,True,,,fan:lldb-84,CSTame2.dat#4
1147,CSTame2,A lesson in efficiency,False,69,Beginner,low,True,,,fan:lldb-84,CSTame2.dat#5
1148,CSTame2,The squares fight back!,False,87.1,Beginner,low,True,,,fan:lldb-84,CSTame2.dat#6
1149,CSTame2,Lemmis XVIII,False,86,Beginner,low,True,,,fan:lldb-84,CSTame2.dat#7
1150,CSTame2,Showtime!,False,106.5,Easy,low,True,,,fan:lldb-84,CSTame2.dat#8
1151,CSTame2,Speed run challenge!,False,106.5,Easy,low,True,,,fan:lldb-84,CSTame2.dat#9
1152,Yawg02,Episode 666,False,96.5,Beginner,low,True,,,fan:lldb-85,Yawg02.dat#0
1153,Yawg02,A Timeless Mastrpiece,False,95.75,Beginner,low,True,,,fan:lldb-85,Yawg02.dat#1
1154,Yawg02,Land of Confusion,False,104.15,Easy,low,True,,,fan:lldb-85,Yawg02.dat#2
1155,Yawg02,Dirt Nap,False,103.72,Easy,low,True,,,fan:lldb-85,Yawg02.dat#3
1156,Yawg02,The Journey of Lem,False,95.75,Beginner,low,True,,,fan:lldb-85,Yawg02.dat#4
1157,Yawg02,Another Timeless Mastrpiece,False,77,Beginner,low,True,,,fan:lldb-85,Yawg02.dat#5
1158,Yawg02,Three Good Reasons,False,98.55,Beginner,low,True,,,fan:lldb-85,Yawg02.dat#6
1159,Yawg02,"Now, Where's my Umbrella?",False,81.5,Beginner,low,True,,,fan:lldb-85,Yawg02.dat#7
1160,Yawg02,Minor Threat,False,85.6,Beginner,low,True,,,fan:lldb-85,Yawg02.dat#8
1161,Yawg02,With A Little Help From...,False,89.5,Beginner,low,True,,,fan:lldb-85,Yawg02.dat#9
1162,epic01,Attack of the Killer Toddlers,False,92.66,Beginner,low,True,,,fan:lldb-86,epic01.dat#0
1163,epic01,Pseudo Bridge Time!,False,83.25,Beginner,low,True,,,fan:lldb-86,epic01.dat#1
1164,epic01,Let's get up!,False,73.62,Beginner,low,True,,,fan:lldb-86,epic01.dat#2
1165,epic01,The Ice Palace,False,81.5,Beginner,low,True,,,fan:lldb-86,epic01.dat#3
1166,epic01,Up a Roof Lesson 1,False,69,Beginner,low,True,,,fan:lldb-86,epic01.dat#4
1167,epic01,Up a Roof Lesson 2,False,67.12,Beginner,low,True,,,fan:lldb-86,epic01.dat#5
1168,epic01,Menacing II:  The Revenge,False,56.21,Beginner,low,True,,,fan:lldb-86,epic01.dat#6
1169,epic01,Mount Pillar,False,101.59,Easy,low,True,,,fan:lldb-86,epic01.dat#7
1170,epic01,SPLAT!,False,90.9,Beginner,low,True,,,fan:lldb-86,epic01.dat#8
1171,epic01,The Lemmings Plead for Help,False,87.75,Beginner,low,True,,,fan:lldb-86,epic01.dat#9
1172,FleechPack v1,Four Lemmings And A Funeral,False,106.38,Easy,low,True,,,fan:lldb-87,FleechPack(v1).dat#0
1173,FleechPack v1,Hypothermia,False,105.69,Easy,low,True,,,fan:lldb-87,FleechPack(v1).dat#1
1174,FleechPack v1,How To Kill A Lemming,False,105.79,Easy,low,True,,,fan:lldb-87,FleechPack(v1).dat#2
1175,FleechPack v1,It's All In The Miner,False,89.5,Beginner,low,True,,,fan:lldb-87,FleechPack(v1).dat#3
1176,FleechPack v1,Flat-Packed Lemmings,False,94.31,Beginner,low,True,,,fan:lldb-87,FleechPack(v1).dat#4
1177,Timpack1,Bash This,False,46.5,Beginner,low,True,,,fan:lldb-88,Timpack1.dat#0
1178,Timpack1,Bomberman,False,46.5,Beginner,low,True,,,fan:lldb-88,Timpack1.dat#1
1179,Timpack1,Up Up UP They Go,False,46.5,Beginner,low,True,,,fan:lldb-88,Timpack1.dat#2
1180,Timpack1,Slanted Bashers,False,46.5,Beginner,low,True,,,fan:lldb-88,Timpack1.dat#3
1181,Timpack1,Step By Step Guide To Building,False,46.5,Beginner,low,True,,,fan:lldb-88,Timpack1.dat#4
1182,Timpack1,Just Like Blockwork,False,46.5,Beginner,low,True,,,fan:lldb-88,Timpack1.dat#5
1183,Timpack1,Wombat Hollow,False,46.5,Beginner,low,True,,,fan:lldb-88,Timpack1.dat#6
1184,Timpack1,V For Vendetta,False,90.25,Beginner,low,True,,,fan:lldb-88,Timpack1.dat#7
1185,Timpack1,You Want Me To Go Where?,False,98.38,Beginner,low,True,,,fan:lldb-88,Timpack1.dat#8
1186,Timpack1,Follow The Yellow Brick Road,False,90.25,Beginner,low,True,,,fan:lldb-88,Timpack1.dat#9
1187,Timpack2,X-Lems,False,90.25,Beginner,low,True,,,fan:lldb-89,Timpack2.dat#0
1188,Timpack2,Sydney Harbour Bridge,False,106.5,Easy,low,True,,,fan:lldb-89,Timpack2.dat#1
1189,Timpack2,Ripping Out The Floor,False,69,Beginner,low,True,,,fan:lldb-89,Timpack2.dat#2
1190,Timpack2,Valley Of Fire,False,81.95,Beginner,low,True,,,fan:lldb-89,Timpack2.dat#3
1191,Timpack2,Lemmings Roastin On An Open Fire,False,118.29,Easy,low,True,,,fan:lldb-89,Timpack2.dat#4
1192,Timpack2,Einy Meenie Mieny Moe,False,85.72,Beginner,low,True,,,fan:lldb-89,Timpack2.dat#5
1193,Timpack2,Star Wars I: The Phantom Exit,False,78.25,Beginner,low,True,,,fan:lldb-89,Timpack2.dat#6
1194,Timpack2,City Of The Damned,False,113.85,Easy,low,True,,,fan:lldb-89,Timpack2.dat#7
1195,Timpack2,How To Make A Lemming Quilt,False,102.44,Easy,low,True,,,fan:lldb-89,Timpack2.dat#8
1196,Timpack2,The Long Way Around,False,87.34,Beginner,low,True,,,fan:lldb-89,Timpack2.dat#9
1197,Timpack3,Rocket Power,False,105.69,Easy,low,True,,,fan:lldb-90,Timpack3.dat#0
1198,Timpack3,Get Up There,False,68.59,Beginner,low,True,,,fan:lldb-90,Timpack3.dat#1
1199,Timpack3,Only One Shot,False,75.25,Beginner,low,True,,,fan:lldb-90,Timpack3.dat#2
1200,Timpack3,Five Ways To Get Through,False,105.69,Easy,low,True,,,fan:lldb-90,Timpack3.dat#3
1201,Timpack3,Bomberman II,False,66.03,Beginner,low,True,,,fan:lldb-90,Timpack3.dat#4
1202,Timpack3,Get It Right,False,61.53,Beginner,low,True,,,fan:lldb-90,Timpack3.dat#5
1203,Timpack3,The Thin Blue Line,False,67.78,Beginner,low,True,,,fan:lldb-90,Timpack3.dat#6
1204,Timpack3,Get Back,False,80.85,Beginner,low,True,,,fan:lldb-90,Timpack3.dat#7
1205,Timpack3,Land Mines,False,58.69,Beginner,low,True,,,fan:lldb-90,Timpack3.dat#8
1206,Timpack3,Build To The Top,False,74.44,Beginner,low,True,,,fan:lldb-90,Timpack3.dat#9
1207,Timpack4,Raiders Of The Lost Lemmings,False,63.06,Beginner,low,True,,,fan:lldb-91,Timpack4.dat#0
1208,Timpack4,Journey To The Mountain Top,False,99.84,Beginner,low,True,,,fan:lldb-91,Timpack4.dat#1
1209,Timpack4,What Lies Beneath,False,87.34,Beginner,low,True,,,fan:lldb-91,Timpack4.dat#2
1210,Timpack4,Fawlty Towers,False,69,Beginner,low,True,,,fan:lldb-91,Timpack4.dat#3
1211,Timpack4,Humpty Dumpty Sat On A Wall,False,83.69,Beginner,low,True,,,fan:lldb-91,Timpack4.dat#4
1212,Timpack4,The Power Of Three....,False,112.53,Easy,low,True,,,fan:lldb-91,Timpack4.dat#5
1213,Timpack4,...Will Set Us Free,False,106.5,Easy,low,True,,,fan:lldb-91,Timpack4.dat#6
1214,Timpack4,Walk The Plank,False,89.5,Beginner,low,True,,,fan:lldb-91,Timpack4.dat#7
1215,Timpack4,StarWarsII:Attack Of The Lemming,False,95.75,Beginner,low,True,,,fan:lldb-91,Timpack4.dat#8
1216,Timpack4,The Long And Winding Road,False,114.09,Easy,low,True,,,fan:lldb-91,Timpack4.dat#9
1217,Timpack5,Asteroids In Space,False,86.9,Beginner,low,True,,,fan:lldb-92,Timpack5.dat#0
1218,Timpack5,Lethal Lemmings,False,59.15,Beginner,low,True,,,fan:lldb-92,Timpack5.dat#1
1219,Timpack5,Make No Mistakes,False,75.25,Beginner,low,True,,,fan:lldb-92,Timpack5.dat#2
1220,Timpack5,Work Through The Pain,False,101.19,Easy,low,True,,,fan:lldb-92,Timpack5.dat#3
1221,Timpack5,Lemming On A Wire,False,74.44,Beginner,low,True,,,fan:lldb-92,Timpack5.dat#4
1222,Timpack5,The Two Towers,False,116.49,Easy,low,True,,,fan:lldb-92,Timpack5.dat#5
1223,Timpack5,Superbowl,False,68.75,Beginner,low,True,,,fan:lldb-92,Timpack5.dat#6
1224,Timpack5,Round The Bend,False,81.09,Beginner,low,True,,,fan:lldb-92,Timpack5.dat#7
1225,Timpack5,A Sticky Situation,False,76.22,Beginner,low,True,,,fan:lldb-92,Timpack5.dat#8
1226,Timpack5,Gone Fishing,False,89.5,Beginner,low,True,,,fan:lldb-92,Timpack5.dat#9
1227,Timpack6,Vertigo,False,75.56,Beginner,low,True,,,fan:lldb-93,Timpack6.dat#0
1228,Timpack6,How To Cook Lemmings,False,97.74,Beginner,low,True,,,fan:lldb-93,Timpack6.dat#1
1229,Timpack6,Tal Rashas Tomb,False,106.09,Easy,low,True,,,fan:lldb-93,Timpack6.dat#2
1230,Timpack6,Trapped In Many Ways,False,64.12,Beginner,low,True,,,fan:lldb-93,Timpack6.dat#3
1231,Timpack6,Super Lemming All Stars,False,103.79,Easy,low,True,,,fan:lldb-93,Timpack6.dat#4
1232,Timpack6,No Holds Barred,False,83.69,Beginner,low,True,,,fan:lldb-93,Timpack6.dat#5
1233,Timpack6,Tiptoe Travels,False,87.75,Beginner,low,True,,,fan:lldb-93,Timpack6.dat#6
1234,Timpack6,Dont Pop Til You Get Enough,False,64.94,Beginner,low,True,,,fan:lldb-93,Timpack6.dat#7
1235,Timpack6,Look Its The Alphabet,False,105.69,Easy,low,True,,,fan:lldb-93,Timpack6.dat#8
1236,Timpack6,War Of The Lemmmings,False,76.19,Beginner,low,True,,,fan:lldb-93,Timpack6.dat#9
1237,Timpack7,The Abyss,False,106.5,Easy,low,True,,,fan:lldb-94,Timpack7.dat#0
1238,Timpack7,Labyrinth,False,75.25,Beginner,low,True,,,fan:lldb-94,Timpack7.dat#1
1239,Timpack7,Bridge Over Troubled Water,False,83.25,Beginner,low,True,,,fan:lldb-94,Timpack7.dat#2
1240,Timpack7,Exit Wounds,False,74.38,Beginner,low,True,,,fan:lldb-94,Timpack7.dat#3
1241,Timpack7,Mountain Inn,False,77.03,Beginner,low,True,,,fan:lldb-94,Timpack7.dat#4
1242,Timpack7,The Weight Of The World,False,102.18,Easy,low,True,,,fan:lldb-94,Timpack7.dat#5
1243,Timpack7,Mirror World,False,102.59,Easy,low,True,,,fan:lldb-94,Timpack7.dat#6
1244,Timpack7,Are You Insane?,False,105.69,Easy,low,True,,,fan:lldb-94,Timpack7.dat#7
1245,Timpack7,What the Hell?,False,101.19,Easy,low,True,,,fan:lldb-94,Timpack7.dat#8
1246,Timpack7,...Is All You Need,False,93.59,Beginner,low,True,,,fan:lldb-94,Timpack7.dat#9
1247,Timpack8,Tee'd Off,False,96.34,Beginner,low,True,,,fan:lldb-95,Timpack8.dat#0
1248,Timpack8,Mount Everest,False,113.69,Easy,low,True,,,fan:lldb-95,Timpack8.dat#1
1249,Timpack8,Danger Lemmings,False,91.49,Beginner,low,True,,,fan:lldb-95,Timpack8.dat#2
1250,Timpack8,All The Lonely Lemmings,False,70.75,Beginner,low,True,,,fan:lldb-95,Timpack8.dat#3
1251,Timpack8,Thunder Bolts Of Lightning,False,98.14,Beginner,low,True,,,fan:lldb-95,Timpack8.dat#4
1252,Timpack8,Burn In Hell,False,96.34,Beginner,low,True,,,fan:lldb-95,Timpack8.dat#5
1253,Timpack8,A Deeper Shade Of Red,False,103.99,Easy,low,True,,,fan:lldb-95,Timpack8.dat#6
1254,Timpack8,Take A Deep Breath,False,72.53,Beginner,low,True,,,fan:lldb-95,Timpack8.dat#7
1255,Timpack8,An Epic Problem,False,89.5,Beginner,low,True,,,fan:lldb-95,Timpack8.dat#8
1256,Timpack8,The Neverending Staircase,False,93.59,Beginner,low,True,,,fan:lldb-95,Timpack8.dat#9
1257,Timpack9,Its As Easy As...,False,105.69,Easy,low,True,,,fan:lldb-96,Timpack9.dat#0
1258,Timpack9,Lemmingland: The Lost Empire,False,106.5,Easy,low,True,,,fan:lldb-96,Timpack9.dat#1
1259,Timpack9,The Weird Zone,False,74.84,Beginner,low,True,,,fan:lldb-96,Timpack9.dat#2
1260,Timpack9,Picture Perfect,False,112.65,Easy,low,True,,,fan:lldb-96,Timpack9.dat#3
1261,Timpack9,A Small Problem,False,86.12,Beginner,low,True,,,fan:lldb-96,Timpack9.dat#4
1262,Timpack9,The Long And Broken Road,False,80.2,Beginner,low,True,,,fan:lldb-96,Timpack9.dat#5
1263,Timpack9,Stairway To Earth,False,56.81,Beginner,low,True,,,fan:lldb-96,Timpack9.dat#6
1264,Timpack9,The Graveyard,False,79.47,Beginner,low,True,,,fan:lldb-96,Timpack9.dat#7
1265,Timpack9,Deep Impact,False,80.81,Beginner,low,True,,,fan:lldb-96,Timpack9.dat#8
1266,Timpack9,Wall Of Nets,False,80.69,Beginner,low,True,,,fan:lldb-96,Timpack9.dat#9
1267,Timpack10,A Slow Descent,False,74.6,Beginner,low,True,,,fan:lldb-97,Timpack10.dat#0
1268,Timpack10,I Believe In You,False,94.12,Beginner,low,True,,,fan:lldb-97,Timpack10.dat#1
1269,Timpack10,Snow Cone Factory,False,74.44,Beginner,low,True,,,fan:lldb-97,Timpack10.dat#2
1270,Timpack10,Super Pillar Brothers,False,92.38,Beginner,low,True,,,fan:lldb-97,Timpack10.dat#3
1271,Timpack10,Hack & Slash,False,85.88,Beginner,low,True,,,fan:lldb-97,Timpack10.dat#4
1272,Timpack10,Escapology,False,78.25,Beginner,low,True,,,fan:lldb-97,Timpack10.dat#5
1273,Timpack10,Think Outside The Box,False,68.75,Beginner,low,True,,,fan:lldb-97,Timpack10.dat#6
1274,Timpack10,Chain Of Command,False,106.09,Easy,low,True,,,fan:lldb-97,Timpack10.dat#7
1275,Timpack10,Something About Lemmings,False,63.15,Beginner,low,True,,,fan:lldb-97,Timpack10.dat#8
1276,Timpack10,Out Of Reach,False,105.28,Easy,low,True,,,fan:lldb-97,Timpack10.dat#9
1277,Timpack11,Unchained Melody,False,86.94,Beginner,low,True,,,fan:lldb-98,Timpack11.dat#0
1278,Timpack11,Stairway To Nowhere,False,46.5,Beginner,low,True,,,fan:lldb-98,Timpack11.dat#1
1279,Timpack11,Its A Long Way Down,False,74.44,Beginner,low,True,,,fan:lldb-98,Timpack11.dat#2
1280,Timpack11,Legend Of The Triforce,False,80.54,Beginner,low,True,,,fan:lldb-98,Timpack11.dat#3
1281,Timpack11,Boxed In,False,83.69,Beginner,low,True,,,fan:lldb-98,Timpack11.dat#4
1282,Timpack11,Alphabet Soup,False,88.28,Beginner,low,True,,,fan:lldb-98,Timpack11.dat#5
1283,Timpack11,Lems In The Sky With Diamonds,False,106.09,Easy,low,True,,,fan:lldb-98,Timpack11.dat#6
1284,Timpack11,Spiderlem,False,66.97,Beginner,low,True,,,fan:lldb-98,Timpack11.dat#7
1285,TimpackA,Merry Lemmings,False,94.44,Beginner,low,True,,,fan:lldb-99,TimpackA.dat#0
1286,TimpackA,It Takes Two To Tango,False,90.25,Beginner,low,True,,,fan:lldb-99,TimpackA.dat#1
1287,TimpackA,Pipe Dream,False,90.25,Beginner,low,True,,,fan:lldb-99,TimpackA.dat#2
1288,TimpackA,The Green Mile,False,82.25,Beginner,low,True,,,fan:lldb-99,TimpackA.dat#3
1289,TimpackA,A Builders Job Is Never Done,False,90.25,Beginner,low,True,,,fan:lldb-99,TimpackA.dat#4
1290,TimpackA,Frostbite,False,90.25,Beginner,low,True,,,fan:lldb-99,TimpackA.dat#5
1291,TimpackA,Down Under,False,57.75,Beginner,low,True,,,fan:lldb-99,TimpackA.dat#6
1292,TimpackA,What A Predicament,False,98.55,Beginner,low,True,,,fan:lldb-99,TimpackA.dat#7
1293,TimpackA,The Sixth Lemming,False,98.5,Beginner,low,True,,,fan:lldb-99,TimpackA.dat#8
1294,TimpackA,Top Of The World,False,78.94,Beginner,low,True,,,fan:lldb-99,TimpackA.dat#9
1295,TimpackB,Snow Way Home,False,73.5,Beginner,low,True,,,fan:lldb-100,TimpackB.dat#0
1296,TimpackB,The Swamp,False,105.85,Easy,low,True,,,fan:lldb-100,TimpackB.dat#1
1297,TimpackB,Fangorn Forest,False,97.69,Beginner,low,True,,,fan:lldb-100,TimpackB.dat#2
1298,TimpackB,Escape From LA Crystals,False,98.09,Beginner,low,True,,,fan:lldb-100,TimpackB.dat#3
1299,TimpackB,Pyramids Of Giza,False,81.5,Beginner,low,True,,,fan:lldb-100,TimpackB.dat#5
1300,TimpackB,Pipeline Expressway,False,68.19,Beginner,low,True,,,fan:lldb-100,TimpackB.dat#6
1301,TimpackB,Cool Lemmings,False,73.09,Beginner,low,True,,,fan:lldb-100,TimpackB.dat#7
1302,TimpackB,The Gift,False,70.5,Beginner,low,True,,,fan:lldb-100,TimpackB.dat#8
1303,TimpackB,The Lemming Trap,False,101.19,Easy,low,True,,,fan:lldb-100,TimpackB.dat#9
1304,TimpackC,Tactical Fireworks,False,61.53,Beginner,low,True,,,fan:lldb-101,TimpackC.dat#0
1305,TimpackC,Journey Down The Pipeline,False,106.5,Easy,low,True,,,fan:lldb-101,TimpackC.dat#1
1306,TimpackC,Savage Garden,False,105.39,Easy,low,True,,,fan:lldb-101,TimpackC.dat#2
1307,TimpackC,Break On Through,False,69,Beginner,low,True,,,fan:lldb-101,TimpackC.dat#3
1308,TimpackC,The Wilderness,False,90.38,Beginner,low,True,,,fan:lldb-101,TimpackC.dat#4
1309,TimpackC,Fatal 4 Way,False,83.25,Beginner,low,True,,,fan:lldb-101,TimpackC.dat#5
1310,TimpackC,Buy Me A Bowel,False,83.25,Beginner,low,True,,,fan:lldb-101,TimpackC.dat#6
1311,TimpackC,The Golden Gate,False,82.84,Beginner,low,True,,,fan:lldb-101,TimpackC.dat#7
1312,TimpackC,Faster Than A Speeding Lemming,False,81.09,Beginner,low,True,,,fan:lldb-101,TimpackC.dat#8
1313,TimpackC,One Night In Heaven,False,105.69,Easy,low,True,,,fan:lldb-101,TimpackC.dat#9
1314,TimpackD,Where The Wild Roses Grow,False,105.69,Easy,low,True,,,fan:lldb-102,TimpackD.dat#0
1315,TimpackD,Strawberries And Cream,False,103.25,Easy,low,True,,,fan:lldb-102,TimpackD.dat#1
1316,TimpackD,Why Are You So Cruel To Me?,False,62.25,Beginner,low,True,,,fan:lldb-102,TimpackD.dat#2
1317,TimpackD,The Shaft,False,105.85,Easy,low,True,,,fan:lldb-102,TimpackD.dat#3
1318,TimpackD,Going Up!,False,62.75,Beginner,low,True,,,fan:lldb-102,TimpackD.dat#4
1319,TimpackD,Mr Plow,False,71.88,Beginner,low,True,,,fan:lldb-102,TimpackD.dat#5
1320,TimpackD,In And Out,False,103.25,Easy,low,True,,,fan:lldb-102,TimpackD.dat#6
1321,TimpackD,Below Freezing Point,False,103.25,Easy,low,True,,,fan:lldb-102,TimpackD.dat#7
1322,TimpackD,One Day In Paradise,False,106.5,Easy,low,True,,,fan:lldb-102,TimpackD.dat#8
1323,TimpackD,Another Day In Paradise,False,61.56,Beginner,low,True,,,fan:lldb-102,TimpackD.dat#9
1324,TimpackE,Sacrificial Lambs,False,94.31,Beginner,low,True,,,fan:lldb-103,TimpackE.dat#0
1325,TimpackE,The Mall,False,104.33,Easy,low,True,,,fan:lldb-103,TimpackE.dat#1
1326,TimpackE,Pole Crazy,False,80.2,Beginner,low,True,,,fan:lldb-103,TimpackE.dat#2
1327,TimpackE,Just Float,False,62.75,Beginner,low,True,,,fan:lldb-103,TimpackE.dat#3
1328,TimpackE,Tower Of Lemmings,False,100,Easy,low,True,,,fan:lldb-103,TimpackE.dat#4
1329,TimpackE,Under The Bridge,False,99.65,Beginner,low,True,,,fan:lldb-103,TimpackE.dat#5
1330,TimpackE,The Mexican Wave,False,74.44,Beginner,low,True,,,fan:lldb-103,TimpackE.dat#6
1331,TimpackE,Lemming City,False,116,Easy,low,True,,,fan:lldb-103,TimpackE.dat#7
1332,TimpackE,Smile Time,False,93.19,Beginner,low,True,,,fan:lldb-103,TimpackE.dat#8
1333,TimpackE,Serious Lems,False,73.95,Beginner,low,True,,,fan:lldb-103,TimpackE.dat#9
1334,TimpackF,Cliffhanger,False,88.42,Beginner,low,True,,,fan:lldb-104,TimpackF.dat#0
1335,TimpackF,Baby Steps,False,86.94,Beginner,low,True,,,fan:lldb-104,TimpackF.dat#1
1336,TimpackF,Kurast Bazaar,False,99.97,Beginner,low,True,,,fan:lldb-104,TimpackF.dat#2
1337,TimpackF,Life On The Highwire,False,40.41,Beginner,low,True,,,fan:lldb-104,TimpackF.dat#3
1338,epic02,An Icy World,False,84.65,Beginner,low,True,,,fan:lldb-105,epic02.dat#0
1339,epic02,Oh No!  Just a Minute!,False,77,Beginner,low,True,,,fan:lldb-105,epic02.dat#1
1340,epic02,The Plunge,False,89.5,Beginner,low,True,,,fan:lldb-105,epic02.dat#2
1341,epic02,Storming the Castle,False,86.05,Beginner,low,True,,,fan:lldb-105,epic02.dat#3
1342,epic02,Suicidal Lemming x2,False,95.5,Beginner,low,True,,,fan:lldb-105,epic02.dat#4
1343,epic02,O_o,False,90.9,Beginner,low,True,,,fan:lldb-105,epic02.dat#5
1344,epic02,How do you get up there?,False,81.5,Beginner,low,True,,,fan:lldb-105,epic02.dat#6
1345,epic02,Something isn't right here...,False,42.75,Beginner,low,True,,,fan:lldb-105,epic02.dat#7
1346,epic02,The Waffle Express,False,73.5,Beginner,low,True,,,fan:lldb-105,epic02.dat#8
1347,epic02,To The Death!,False,76.23,Beginner,low,True,,,fan:lldb-105,epic02.dat#9
1348,ClamSpam05,A step too far?,False,89.25,Beginner,low,True,,,fan:lldb-106,ClamSpam05.dat#0
1349,ClamSpam05,MORE WEE CREATURES!,False,79.75,Beginner,low,True,,,fan:lldb-106,ClamSpam05.dat#1
1350,ClamSpam05,Play Bridge,False,84.4,Beginner,low,True,,,fan:lldb-106,ClamSpam05.dat#2
1351,ClamSpam05,Works on so many levels...,False,85.44,Beginner,low,True,,,fan:lldb-106,ClamSpam05.dat#3
1352,ClamSpam05,The endless steps,False,75.12,Beginner,low,True,,,fan:lldb-106,ClamSpam05.dat#4
1353,ClamSpam05,Lem Squared,False,109.81,Easy,low,True,,,fan:lldb-106,ClamSpam05.dat#5
1354,ClamSpam05,Altitude Training,False,92.28,Beginner,low,True,,,fan:lldb-106,ClamSpam05.dat#6
1355,ClamSpam05,Fill the floor,False,89.5,Beginner,low,True,,,fan:lldb-106,ClamSpam05.dat#7
1356,ClamSpam05,Circus lemmings in training,False,94.12,Beginner,low,True,,,fan:lldb-106,ClamSpam05.dat#8
1357,ClamSpam05,Guns Blazing,False,96.25,Beginner,low,True,,,fan:lldb-106,ClamSpam05.dat#9
1358,Yawg03,Through the Fire and Flames,False,109.1,Easy,low,True,,,fan:lldb-107,Yawg03.dat#0
1359,Yawg03,Irreversal,False,61.78,Beginner,low,True,,,fan:lldb-107,Yawg03.dat#1
1360,Yawg03,"Wow, Really?",False,67.22,Beginner,low,True,,,fan:lldb-107,Yawg03.dat#2
1361,Yawg03,Crossing The Frame,False,81.5,Beginner,low,True,,,fan:lldb-107,Yawg03.dat#3
1362,Yawg03,Salvation or Damnation?,False,93.7,Beginner,low,True,,,fan:lldb-107,Yawg03.dat#4
1363,Yawg03,The Secret Stair,False,89.07,Beginner,low,True,,,fan:lldb-107,Yawg03.dat#5
1364,Yawg03,The Theft,False,110.83,Easy,low,True,,,fan:lldb-107,Yawg03.dat#6
1365,Yawg03,Everything Counts,False,95.75,Beginner,low,True,,,fan:lldb-107,Yawg03.dat#7
1366,Yawg03,When In Rome...,False,100.7,Easy,low,True,,,fan:lldb-107,Yawg03.dat#8
1367,Yawg03,Hedonist,False,93.35,Beginner,low,True,,,fan:lldb-107,Yawg03.dat#9
1368,geooPkG,(Un)pleasant side effect,False,75.8,Beginner,low,True,,,fan:lldb-108,geooPkG.dat#0
1369,geooPkG,One Step Ahead,False,98.3,Beginner,low,True,,,fan:lldb-108,geooPkG.dat#1
1370,geooPkG,Reverse effect,False,87.88,Beginner,low,True,,,fan:lldb-108,geooPkG.dat#2
1371,geooPkG,Steel in Motion,False,68.5,Beginner,low,True,,,fan:lldb-108,geooPkG.dat#3
1372,geooPkG,Cascade,False,75.41,Beginner,low,True,,,fan:lldb-108,geooPkG.dat#4
1373,geooPkG,Feet on Fire,False,87.72,Beginner,low,True,,,fan:lldb-108,geooPkG.dat#5
1374,Yawg04,Biosphere,False,93.05,Beginner,low,True,,,fan:lldb-109,Yawg04.dat#0
1375,Yawg04,Ordinary Story,False,104.8,Easy,low,True,,,fan:lldb-109,Yawg04.dat#1
1376,Yawg04,Bubbleicious,False,89.5,Beginner,low,True,,,fan:lldb-109,Yawg04.dat#2
1377,Yawg04,Biosphere II,False,99.3,Beginner,low,True,,,fan:lldb-109,Yawg04.dat#3
1378,Yawg04,The Great Divide,False,94,Beginner,low,True,,,fan:lldb-109,Yawg04.dat#4
1379,Yawg04,Supermassive,False,87.75,Beginner,low,True,,,fan:lldb-109,Yawg04.dat#5
1380,Yawg04,Man Made God,False,103.4,Easy,low,True,,,fan:lldb-109,Yawg04.dat#6
1381,Yawg04,Theory Of A Dead Lem,False,90.35,Beginner,low,True,,,fan:lldb-109,Yawg04.dat#7
1382,Yawg04,Free Fall,False,75.62,Beginner,low,True,,,fan:lldb-109,Yawg04.dat#8
1383,Yawg04,Romeo and Juliet,False,106.2,Easy,low,True,,,fan:lldb-109,Yawg04.dat#9
1384,Yawg05,Vacuum,False,96.0,Beginner,low,True,,,fan:lldb-110,Yawg05.dat#0
1385,Yawg05,Compression Method X,False,80,Beginner,low,True,,,fan:lldb-110,Yawg05.dat#1
1386,Yawg05,Icy Tombs,False,94.85,Beginner,low,True,,,fan:lldb-110,Yawg05.dat#2
1387,Yawg05,More Time to Kill,False,90.9,Beginner,low,True,,,fan:lldb-110,Yawg05.dat#3
1388,Yawg05,Confined,False,77.71,Beginner,low,True,,,fan:lldb-110,Yawg05.dat#4
1389,Yawg05,Bat Country,False,99.4,Beginner,low,True,,,fan:lldb-110,Yawg05.dat#5
1390,Yawg05,Tribute to Billy Mays,False,98.55,Beginner,low,True,,,fan:lldb-110,Yawg05.dat#6
1391,Yawg05,Stranger Than Fiction,False,103.05,Easy,low,True,,,fan:lldb-110,Yawg05.dat#7
1392,Yawg05,"Patience, Young Grasshopper",False,86.93,Beginner,low,True,,,fan:lldb-110,Yawg05.dat#8
1393,Yawg05,THE FEARSOME FOURSOME,False,76.89,Beginner,low,True,,,fan:lldb-110,Yawg05.dat#9
1394,Fernito pack 1,Ain't gonna be an easy start,False,83.25,Beginner,low,True,,,fan:lldb-111,Fernito pack 1.dat#0
1395,Fernito pack 1,Need aggressive weight loss?,False,73.89,Beginner,low,True,,,fan:lldb-111,Fernito pack 1.dat#1
1396,Fernito pack 1,Exploiting bugs is funny,False,89.5,Beginner,low,True,,,fan:lldb-111,Fernito pack 1.dat#2
1397,Fernito pack 1,Crystal cave,False,96.11,Beginner,low,True,,,fan:lldb-111,Fernito pack 1.dat#3
1398,Fernito pack 1,Greek picnic,False,94.94,Beginner,low,True,,,fan:lldb-111,Fernito pack 1.dat#4
1399,Fernito pack 1,Clonic Inferno,False,92.89,Beginner,low,True,,,fan:lldb-111,Fernito pack 1.dat#5
1400,Fernito pack 1,Lemmings cemetery,False,94.98,Beginner,low,True,,,fan:lldb-111,Fernito pack 1.dat#6
1401,Fernito pack 1,Dilemma,False,115.9,Easy,low,True,,,fan:lldb-111,Fernito pack 1.dat#7
1402,Fernito pack 1,Bilateral Lemmings,False,95.75,Beginner,low,True,,,fan:lldb-111,Fernito pack 1.dat#8
1403,Fernito pack 1,Multitasking Lemmings,False,114.82,Easy,low,True,,,fan:lldb-111,Fernito pack 1.dat#9
1404,Epic Fernito 1,Greek picnic,False,94.94,Beginner,low,True,,,fan:lldb-112,Epic Fernito 1.dat#0
1405,Epic Fernito 1,Clonic Inferno,False,92.89,Beginner,low,True,,,fan:lldb-112,Epic Fernito 1.dat#1
1406,Epic Fernito 1,Lemmings cemetery,False,94.98,Beginner,low,True,,,fan:lldb-112,Epic Fernito 1.dat#2
1407,Epic Fernito 1,Dilemma,False,115.9,Easy,low,True,,,fan:lldb-112,Epic Fernito 1.dat#3
1408,Epic Fernito 1,Bilateral Lemmings,False,95.75,Beginner,low,True,,,fan:lldb-112,Epic Fernito 1.dat#4
1409,Epic Fernito 1,Multitasking Lemmings,False,114.82,Easy,low,True,,,fan:lldb-112,Epic Fernito 1.dat#5
1410,Epic Fernito 1,Wish it was 13...,False,118.7,Easy,low,True,,,fan:lldb-112,Epic Fernito 1.dat#6
1411,Mayhem 01,Climing to victory (part 2),False,97.15,Beginner,low,True,,,fan:lldb-113,Mayhem 01.dat#0
1412,Mayhem 01,The trojan war Box weapon,False,111.25,Easy,low,True,,,fan:lldb-113,Mayhem 01.dat#1
1413,Mayhem 01,Just-a-Minute (Part 4),False,97.15,Beginner,low,True,,,fan:lldb-113,Mayhem 01.dat#2
1414,Mayhem 01,Boot camp,False,114.5,Easy,low,True,,,fan:lldb-113,Mayhem 01.dat#3
1415,Mayhem 01,The L.E.M.,False,103.25,Easy,low,True,,,fan:lldb-113,Mayhem 01.dat#4
1416,Mayhem 01,Your lemesis hides here,False,113.53,Easy,low,True,,,fan:lldb-113,Mayhem 01.dat#5
1417,Mayhem 01,The sky is Falling?..,False,93.49,Beginner,low,True,,,fan:lldb-113,Mayhem 01.dat#6
1418,Mayhem 01,Stock cars a go-go,False,107.05,Easy,low,True,,,fan:lldb-113,Mayhem 01.dat#7
1419,Mayhem 01,The broiling,False,90.65,Beginner,low,True,,,fan:lldb-113,Mayhem 01.dat#8
1420,Mayhem 01,Train keep a lemming,False,117.08,Easy,low,True,,,fan:lldb-113,Mayhem 01.dat#9
1421,joe01,A fun start,False,85.75,Beginner,low,True,,,fan:lldb-126,joe01.dat#0
1422,joe01,The Crusher,False,65.65,Beginner,low,True,,,fan:lldb-126,joe01.dat#1
1423,joe01,An unhealthy option,False,64.81,Beginner,low,True,,,fan:lldb-126,joe01.dat#2
1424,joe01,Another twist of lemming please,False,87.75,Beginner,low,True,,,fan:lldb-126,joe01.dat#3
1425,joe01,Unearthed,False,73.5,Beginner,low,True,,,fan:lldb-126,joe01.dat#4
1426,joe01,A home up high,False,84.4,Beginner,low,True,,,fan:lldb-126,joe01.dat#5
1427,joe01,Lemmings with no fear,False,49.75,Beginner,low,True,,,fan:lldb-126,joe01.dat#6
1428,joe01,The return to Rainbow Island,False,89.5,Beginner,low,True,,,fan:lldb-126,joe01.dat#7
1429,joe01,Be precise!,False,88.2,Beginner,low,True,,,fan:lldb-126,joe01.dat#8
1430,joe01,A minute to spare,False,60.75,Beginner,low,True,,,fan:lldb-126,joe01.dat#9
1431,joe02,A sharp fix up,False,87.4,Beginner,low,True,,,fan:lldb-127,joe02.dat#0
1432,joe02,Squeeze me!,False,76.05,Beginner,low,True,,,fan:lldb-127,joe02.dat#1
1433,joe02,Base of cliff,False,69.78,Beginner,low,True,,,fan:lldb-127,joe02.dat#2
1434,joe02,The Dark Side of Lemmingland,False,116.89,Easy,low,True,,,fan:lldb-127,joe02.dat#3
1435,joe02,Wire combining,False,62.62,Beginner,low,True,,,fan:lldb-127,joe02.dat#4
1436,joe02,Us and them,False,70.75,Beginner,low,True,,,fan:lldb-127,joe02.dat#5
1437,joe02,A modern day,False,79.33,Beginner,low,True,,,fan:lldb-127,joe02.dat#6
1438,joe02,Mr Lemmy lives next door,False,95.75,Beginner,low,True,,,fan:lldb-127,joe02.dat#7
1439,joe02,Red brick fuss,False,83.29,Beginner,low,True,,,fan:lldb-127,joe02.dat#8
1440,joe02,A lust for floaters,False,76.5,Beginner,low,True,,,fan:lldb-127,joe02.dat#9
1441,joe03,Bring me Mr Lemming,False,86,Beginner,low,True,,,fan:lldb-128,joe03.dat#0
1442,joe03,To get through a ceiling...,False,81.25,Beginner,low,True,,,fan:lldb-128,joe03.dat#1
1443,joe03,Long way to success,False,80.59,Beginner,low,True,,,fan:lldb-128,joe03.dat#2
1444,joe03,The Whispering Forest,False,101.78,Easy,low,True,,,fan:lldb-128,joe03.dat#3
1445,joe03,Lems of Leon,False,70.75,Beginner,low,True,,,fan:lldb-128,joe03.dat#4
1446,joe03,Optimism is your answer,False,71.06,Beginner,low,True,,,fan:lldb-128,joe03.dat#5
1447,joe03,No looking down,False,62.75,Beginner,low,True,,,fan:lldb-128,joe03.dat#6
1448,joe03,Irritable Lemming Syndrome,False,76.46,Beginner,low,True,,,fan:lldb-128,joe03.dat#7
1449,joe03,Dead in a few seconds,False,64,Beginner,low,True,,,fan:lldb-128,joe03.dat#8
1450,joe03,Plunge like a pear,False,73.96,Beginner,low,True,,,fan:lldb-128,joe03.dat#9
1451,epic03,Dangerous Fire Pit,False,93.45,Beginner,low,True,,,fan:lldb-129,epic03.dat#0
1452,epic03,In-Cave Steps,False,93.9,Beginner,low,True,,,fan:lldb-129,epic03.dat#1
1453,epic03,Lemming Slaying Machine,False,95.3,Beginner,low,True,,,fan:lldb-129,epic03.dat#2
1454,epic03,One-Way Rock,False,106.4,Easy,low,True,,,fan:lldb-129,epic03.dat#3
1455,epic03,"Save the top, free the bottom",False,101.75,Easy,low,True,,,fan:lldb-129,epic03.dat#4
1456,epic03,Steel Block Maze,False,85.72,Beginner,low,True,,,fan:lldb-129,epic03.dat#5
1457,Crystal Remakes,As long as you try your best.,False,114.05,Easy,low,True,,,fan:lldb-130,Crystal Remakes.dat#0
1458,Crystal Remakes,I have a cunning plan.,False,111.05,Easy,low,True,,,fan:lldb-130,Crystal Remakes.dat#1
1459,Crystal Remakes,King of the castle.,False,69.12,Beginner,low,True,,,fan:lldb-130,Crystal Remakes.dat#2
1460,Crystal Remakes,Lemming sanctuary in sight.,False,64,Beginner,low,True,,,fan:lldb-130,Crystal Remakes.dat#3
1461,Crystal Remakes,No added colours or Lemmings,False,95.75,Beginner,low,True,,,fan:lldb-130,Crystal Remakes.dat#4
1462,Crystal Remakes,Now use miners and climbers,False,77,Beginner,low,True,,,fan:lldb-130,Crystal Remakes.dat#5
1463,Crystal Remakes,Tailor made for blockers.,False,41.5,Beginner,low,True,,,fan:lldb-130,Crystal Remakes.dat#6
1464,Crystal Remakes,Tightrope City,False,104.47,Easy,low,True,,,fan:lldb-130,Crystal Remakes.dat#7
1465,Crystal Remakes,Triple Trouble,False,114.18,Easy,low,True,,,fan:lldb-130,Crystal Remakes.dat#8
1466,Crystal Remakes,We all fall down.,False,70.75,Beginner,low,True,,,fan:lldb-130,Crystal Remakes.dat#9
1467,Crystal Remakes,We all fall down.,False,70.75,Beginner,low,True,,,fan:lldb-130,Crystal Remakes.dat#10
1468,Crystal Remakes,We all fall down.,False,70.75,Beginner,low,True,,,fan:lldb-130,Crystal Remakes.dat#11
1469,Crystal Remakes,We all fall down.,False,70.75,Beginner,low,True,,,fan:lldb-130,Crystal Remakes.dat#12
1470,joe04,Divided Loyalties,False,76.92,Beginner,low,True,,,fan:lldb-131,joe04.dat#0
1471,joe04,A beautiful view,False,92.82,Beginner,low,True,,,fan:lldb-131,joe04.dat#1
1472,joe04,Mission Lempossible,False,106.15,Easy,low,True,,,fan:lldb-131,joe04.dat#2
1473,joe04,Artwork gone wrong,False,97.53,Beginner,low,True,,,fan:lldb-131,joe04.dat#3
1474,joe04,Mission Lempossible II,False,104.45,Easy,low,True,,,fan:lldb-131,joe04.dat#4
1475,joe04,Boom Boom Pow,False,59.25,Beginner,low,True,,,fan:lldb-131,joe04.dat#5
1476,joe04,Time to get wet,False,95.91,Beginner,low,True,,,fan:lldb-131,joe04.dat#6
1477,joe04,Amnesia,False,106.5,Easy,low,True,,,fan:lldb-131,joe04.dat#7
1478,joe04,Eater of Luck,False,80.75,Beginner,low,True,,,fan:lldb-131,joe04.dat#8
1479,joe04,The blue frame of illusion,False,70.94,Beginner,low,True,,,fan:lldb-131,joe04.dat#9
1480,dstar01,Quick Review,False,98.38,Beginner,low,True,,,fan:lldb-132,dstar01.dat#0
1481,dstar01,You can't get through the steel!,False,101.62,Easy,low,True,,,fan:lldb-132,dstar01.dat#1
1482,dstar01,Pillars in Space!,False,89.81,Beginner,low,True,,,fan:lldb-132,dstar01.dat#2
1483,dstar01,Death and Dying all Around,False,100.11,Easy,low,True,,,fan:lldb-132,dstar01.dat#3
1484,dstar01,Dodge the icy hand of death!,False,115.9,Easy,low,True,,,fan:lldb-132,dstar01.dat#4
1485,dstar01,Shallow Tunnel Construction,False,91.69,Beginner,low,True,,,fan:lldb-132,dstar01.dat#5
1486,dstar01,There are many ways to go.,False,104.47,Easy,low,True,,,fan:lldb-132,dstar01.dat#6
1487,dstar01,Overlooking Something?,False,75.25,Beginner,low,True,,,fan:lldb-132,dstar01.dat#7
1488,dstar01,Don't let 'em fall.,False,113.85,Easy,low,True,,,fan:lldb-132,dstar01.dat#8
1489,dstar01,Pi's Net,False,102.35,Easy,low,True,,,fan:lldb-132,dstar01.dat#9
1490,weirdy01 version 2,Easy Does It,False,72.15,Beginner,low,True,,,fan:lldb-133,weirdy01 (version 2).dat#0
1491,weirdy01 version 2,Penny Lane,False,70.75,Beginner,low,True,,,fan:lldb-133,weirdy01 (version 2).dat#1
1492,weirdy01 version 2,Masterplan,False,63.8,Beginner,low,True,,,fan:lldb-133,weirdy01 (version 2).dat#2
1493,weirdy01 version 2,A Giant Leap?,False,72.15,Beginner,low,True,,,fan:lldb-133,weirdy01 (version 2).dat#3
1494,weirdy01 version 2,Make It Stop,False,73.55,Beginner,low,True,,,fan:lldb-133,weirdy01 (version 2).dat#4
1495,weirdy01 version 2,Just the Trick,False,62.4,Beginner,low,True,,,fan:lldb-133,weirdy01 (version 2).dat#5
1496,weirdy01 version 2,Pure Genius,False,62.75,Beginner,low,True,,,fan:lldb-133,weirdy01 (version 2).dat#6
1497,weirdy01 version 2,Death Valley,False,70.75,Beginner,low,True,,,fan:lldb-133,weirdy01 (version 2).dat#7
1498,weirdy01 version 2,Take a Bow,False,49,Beginner,low,True,,,fan:lldb-133,weirdy01 (version 2).dat#8
1499,weirdy01 version 2,Innit 2 Winnit!,False,114.05,Easy,low,True,,,fan:lldb-133,weirdy01 (version 2).dat#9
1500,weirdy02 version 2,"We Meet Again, Mister Lemming",False,114.5,Easy,low,True,,,fan:lldb-134,weirdy02 (version 2).dat#0
1501,weirdy02 version 2,Out on a Lem,False,83.25,Beginner,low,True,,,fan:lldb-134,weirdy02 (version 2).dat#1
1502,weirdy02 version 2,Lemesis,False,69,Beginner,low,True,,,fan:lldb-134,weirdy02 (version 2).dat#2
1503,weirdy02 version 2,The Path of Least Resistance,False,83.25,Beginner,low,True,,,fan:lldb-134,weirdy02 (version 2).dat#3
1504,weirdy02 version 2,It'll Never Work,False,77,Beginner,low,True,,,fan:lldb-134,weirdy02 (version 2).dat#4
1505,weirdy02 version 2,Think Again,False,89.5,Beginner,low,True,,,fan:lldb-134,weirdy02 (version 2).dat#5
1506,weirdy02 version 2,Green-Haired Freaks,False,78.4,Beginner,low,True,,,fan:lldb-134,weirdy02 (version 2).dat#6
1507,weirdy02 version 2,Wunderlems!,False,102.18,Easy,low,True,,,fan:lldb-134,weirdy02 (version 2).dat#7
1508,weirdy02 version 2,All Lemmed Out,False,99.95,Beginner,low,True,,,fan:lldb-134,weirdy02 (version 2).dat#8
1509,weirdy02 version 2,Theory vs Practise,False,90.9,Beginner,low,True,,,fan:lldb-134,weirdy02 (version 2).dat#9
1510,weirdy03 version 2,Through the Oven Door,False,90.9,Beginner,low,True,,,fan:lldb-135,weirdy03 (version 2).dat#0
1511,weirdy03 version 2,"Alas, Poor Lemming",False,97.15,Beginner,low,True,,,fan:lldb-135,weirdy03 (version 2).dat#1
1512,weirdy03 version 2,Death or Glory! (part 1),False,97.15,Beginner,low,True,,,fan:lldb-135,weirdy03 (version 2).dat#2
1513,weirdy03 version 2,Riddle Me This ...,False,88.28,Beginner,low,True,,,fan:lldb-135,weirdy03 (version 2).dat#3
1514,weirdy03 version 2,Like Lemtris... Only Not,False,83.25,Beginner,low,True,,,fan:lldb-135,weirdy03 (version 2).dat#4
1515,weirdy03 version 2,Mustgofastermustgofaster!,False,101.46,Easy,low,True,,,fan:lldb-135,weirdy03 (version 2).dat#5
1516,weirdy03 version 2,Thou Shalt Not,False,79.8,Beginner,low,True,,,fan:lldb-135,weirdy03 (version 2).dat#6
1517,weirdy03 version 2,Take It Like a Lemming (part 1),False,84.65,Beginner,low,True,,,fan:lldb-135,weirdy03 (version 2).dat#7
1518,weirdy03 version 2,The Yuletide Level,False,104.15,Easy,low,True,,,fan:lldb-135,weirdy03 (version 2).dat#8
1519,weirdy03 version 2,Le Ming,False,95.85,Beginner,low,True,,,fan:lldb-135,weirdy03 (version 2).dat#9
1520,weirdy04 version 2,Lemmingus Horribilis,False,115.58,Easy,low,True,,,fan:lldb-136,weirdy04 (version 2).dat#0
1521,weirdy04 version 2,Death or Glory! (part 2),False,97.15,Beginner,low,True,,,fan:lldb-136,weirdy04 (version 2).dat#1
1522,weirdy04 version 2,Take It Like a Lemming (part 2),False,90.9,Beginner,low,True,,,fan:lldb-136,weirdy04 (version 2).dat#2
1523,weirdy04 version 2,Lemming Gravy,False,87.75,Beginner,low,True,,,fan:lldb-136,weirdy04 (version 2).dat#3
1524,weirdy04 version 2,Nostalgia for a Misspent Youth,False,83.25,Beginner,low,True,,,fan:lldb-136,weirdy04 (version 2).dat#4
1525,weirdy04 version 2,Cockney Lem,False,89.6,Beginner,low,True,,,fan:lldb-136,weirdy04 (version 2).dat#5
1526,weirdy04 version 2,Lemmington Spa,False,84.65,Beginner,low,True,,,fan:lldb-136,weirdy04 (version 2).dat#6
1527,weirdy04 version 2,Fiddlecode,False,97.15,Beginner,low,True,,,fan:lldb-136,weirdy04 (version 2).dat#7
1528,weirdy04 version 2,Cogito Ergo Lem,False,104.03,Easy,low,True,,,fan:lldb-136,weirdy04 (version 2).dat#8
1529,weirdy04 version 2,Evacuation Procedure,False,83.25,Beginner,low,True,,,fan:lldb-136,weirdy04 (version 2).dat#9
1530,weirdy05 version 2,It's Not Big and It's Not Clever,False,93.97,Beginner,low,True,,,fan:lldb-137,weirdy05 (version 2).dat#0
1531,weirdy05 version 2,Intolerable Cruelty,False,92.3,Beginner,low,True,,,fan:lldb-137,weirdy05 (version 2).dat#1
1532,weirdy05 version 2,The Temple of Ka-Lem-Ma,False,108.03,Easy,low,True,,,fan:lldb-137,weirdy05 (version 2).dat#2
1533,weirdy05 version 2,Bang! And the Lem is Gone,False,89.28,Beginner,low,True,,,fan:lldb-137,weirdy05 (version 2).dat#3
1534,weirdy05 version 2,No Business Like Snow Business,False,83.78,Beginner,low,True,,,fan:lldb-137,weirdy05 (version 2).dat#4
1535,weirdy05 version 2,The Knights of Ni,False,104.36,Easy,low,True,,,fan:lldb-137,weirdy05 (version 2).dat#5
1536,weirdy05 version 2,Bless the Lem,False,81.2,Beginner,low,True,,,fan:lldb-137,weirdy05 (version 2).dat#6
1537,weirdy05 version 2,Electric Avenue,False,116,Easy,low,True,,,fan:lldb-137,weirdy05 (version 2).dat#7
1538,weirdy05 version 2,Lomax and Jimmy,False,90.9,Beginner,low,True,,,fan:lldb-137,weirdy05 (version 2).dat#8
1539,weirdy05 version 2,BRICKIN' IT,False,99.95,Beginner,low,True,,,fan:lldb-137,weirdy05 (version 2).dat#9
1540,ISteve10,I am I.S. (Part 2),False,87.88,Beginner,low,True,,,fan:lldb-138,ISteve10.dat#0
1541,ISteve10,Boss on Parade,False,94,Beginner,low,True,,,fan:lldb-138,ISteve10.dat#1
1542,ISteve10,Sacrifice for the Dragon,False,111.25,Easy,low,True,,,fan:lldb-138,ISteve10.dat#2
1543,ISteve10,The duct rise lemmings.,False,93.8,Beginner,low,True,,,fan:lldb-138,ISteve10.dat#3
1544,ISteve10,The Decent Descent,False,118.2,Easy,low,True,,,fan:lldb-138,ISteve10.dat#4
1545,ISteve10,Empty Space is Hardly a Waste,False,104.8,Easy,low,True,,,fan:lldb-138,ISteve10.dat#5
1546,ISteve10,This is a gate level,False,102.42,Easy,low,True,,,fan:lldb-138,ISteve10.dat#6
1547,ISteve10,Hey that's not cool guys,False,112.45,Easy,low,True,,,fan:lldb-138,ISteve10.dat#7
1548,ISteve10,Jumping the Shark,False,103.4,Easy,low,True,,,fan:lldb-138,ISteve10.dat#8
1549,ISteve10,98... 99...,False,98.95,Beginner,low,True,,,fan:lldb-138,ISteve10.dat#9
1550,Epic giga01,Cascading exit,False,105.53,Easy,low,True,,,fan:lldb-139,Epic giga01.dat#0
1551,Epic giga01,Bad luck,False,113.85,Easy,low,True,,,fan:lldb-139,Epic giga01.dat#1
1552,Epic giga01,Nothing to lose,False,108,Easy,low,True,,,fan:lldb-139,Epic giga01.dat#2
1553,Epic giga01,squirrels in my pants,False,113.28,Easy,low,True,,,fan:lldb-139,Epic giga01.dat#3
1554,Epic giga01,Give away from a steel building,False,86.25,Beginner,low,True,,,fan:lldb-139,Epic giga01.dat#4
1555,Epic giga01,The higher side of bungee,False,105.42,Easy,low,True,,,fan:lldb-139,Epic giga01.dat#5
1556,Epic giga01,Triple threat,False,108.12,Easy,low,True,,,fan:lldb-139,Epic giga01.dat#6
1557,Epic giga01,A secret garden,False,111.57,Easy,low,True,,,fan:lldb-139,Epic giga01.dat#7
1558,Epic giga01,Lemming libra,False,114.28,Easy,low,True,,,fan:lldb-139,Epic giga01.dat#8
1559,Epic giga01,Colapsing time zone,False,111.9,Easy,low,True,,,fan:lldb-139,Epic giga01.dat#9
1560,Epic giga02,Enlightment on science,False,106.38,Easy,low,True,,,fan:lldb-140,Epic giga02.dat#0
1561,Epic giga02,The clam spam show,False,102.84,Easy,low,True,,,fan:lldb-140,Epic giga02.dat#1
1562,Epic giga02,Lemmings on the run,False,114.28,Easy,low,True,,,fan:lldb-140,Epic giga02.dat#2
1563,Epic giga02,A twist under the sea,False,110.17,Easy,low,True,,,fan:lldb-140,Epic giga02.dat#3
1564,Epic giga02,Bring back memories,False,112.88,Easy,low,True,,,fan:lldb-140,Epic giga02.dat#4
1565,Epic giga02,Home movies,False,110.17,Easy,low,True,,,fan:lldb-140,Epic giga02.dat#5
1566,Epic giga02,Walking in such grace,False,110.48,Easy,low,True,,,fan:lldb-140,Epic giga02.dat#6
1567,Epic giga02,May i have this dance?,False,109.65,Easy,low,True,,,fan:lldb-140,Epic giga02.dat#7
1568,Epic giga02,Winter Solstice,False,117.3,Easy,low,True,,,fan:lldb-140,Epic giga02.dat#8
1569,Epic giga02,Gemini libra,False,85.15,Beginner,low,True,,,fan:lldb-140,Epic giga02.dat#9
1570,Epic Giga03,Bermuda Triangle,False,112.97,Easy,low,True,,,fan:lldb-141,Epic Giga03.dat#0
1571,Epic Giga03,M = Mc sqare,False,109.3,Easy,low,True,,,fan:lldb-141,Epic Giga03.dat#1
1572,Epic Giga03,To much of a bomer thing,False,111.35,Easy,low,True,,,fan:lldb-141,Epic Giga03.dat#2
1573,Epic Giga03,Mr.lemming's super robot,False,104.8,Easy,low,True,,,fan:lldb-141,Epic Giga03.dat#3
1574,Epic Giga03,Kriss-kross Exits,False,100.25,Easy,low,True,,,fan:lldb-141,Epic Giga03.dat#4
1575,Epic Giga03,Splunk n' country,False,80.5,Beginner,low,True,,,fan:lldb-141,Epic Giga03.dat#5
1576,Epic Giga03,splunk n' country (part 2),False,105.07,Easy,low,True,,,fan:lldb-141,Epic Giga03.dat#6
1577,Epic Giga03,Inocent Lemmings,False,110.58,Easy,low,True,,,fan:lldb-141,Epic Giga03.dat#7
1578,Epic Giga03,Simply Smashing,False,110.6,Easy,low,True,,,fan:lldb-141,Epic Giga03.dat#8
1579,Epic Giga03,The Shartruce cave,False,110.8,Easy,low,True,,,fan:lldb-141,Epic Giga03.dat#9
1580,Epic Giga rating pack 01,Cascading exit,False,105.53,Easy,low,True,,,fan:lldb-142,Epic Giga rating pack 01.dat#0
1581,Epic Giga rating pack 01,Bad luck,False,113.85,Easy,low,True,,,fan:lldb-142,Epic Giga rating pack 01.dat#1
1582,Epic Giga rating pack 01,Nothing to lose,False,108,Easy,low,True,,,fan:lldb-142,Epic Giga rating pack 01.dat#2
1583,Epic Giga rating pack 01,squirrels in my pants,False,113.28,Easy,low,True,,,fan:lldb-142,Epic Giga rating pack 01.dat#3
1584,Epic Giga rating pack 01,Give away from a steel building,False,86.25,Beginner,low,True,,,fan:lldb-142,Epic Giga rating pack 01.dat#4
1585,Epic Giga rating pack 01,The higher side of bungee,False,105.42,Easy,low,True,,,fan:lldb-142,Epic Giga rating pack 01.dat#5
1586,Epic Giga rating pack 01,Triple threat,False,108.12,Easy,low,True,,,fan:lldb-142,Epic Giga rating pack 01.dat#6
1587,Epic Giga rating pack 01,A secret garden,False,111.57,Easy,low,True,,,fan:lldb-142,Epic Giga rating pack 01.dat#7
1588,Epic Giga rating pack 01,Lemming libra,False,114.28,Easy,low,True,,,fan:lldb-142,Epic Giga rating pack 01.dat#8
1589,Epic Giga rating pack 01,Colapsing time zone,False,111.9,Easy,low,True,,,fan:lldb-142,Epic Giga rating pack 01.dat#9
1590,Epic Giga rating pack 01,The clam spam show,False,102.84,Easy,low,True,,,fan:lldb-142,Epic Giga rating pack 01.dat#10
1591,Epic Giga rating pack 01,Lemmings on the run,False,114.28,Easy,low,True,,,fan:lldb-142,Epic Giga rating pack 01.dat#11
1592,Epic Giga rating pack 01,A twist under the sea,False,110.17,Easy,low,True,,,fan:lldb-142,Epic Giga rating pack 01.dat#12
1593,Epic Giga rating pack 01,Bring back memories,False,112.88,Easy,low,True,,,fan:lldb-142,Epic Giga rating pack 01.dat#13
1594,Epic Giga rating pack 01,Home movies,False,110.17,Easy,low,True,,,fan:lldb-142,Epic Giga rating pack 01.dat#14
1595,Epic Giga rating pack 01,Walking in such grace,False,110.48,Easy,low,True,,,fan:lldb-142,Epic Giga rating pack 01.dat#15
1596,Epic Giga rating pack 01,May i have this dance?,False,109.65,Easy,low,True,,,fan:lldb-142,Epic Giga rating pack 01.dat#16
1597,Epic giga rating pack 02,Winter Solstice,False,117.3,Easy,low,True,,,fan:lldb-143,Epic giga rating pack 02.dat#0
1598,Epic giga rating pack 02,Gemini libra,False,85.15,Beginner,low,True,,,fan:lldb-143,Epic giga rating pack 02.dat#1
1599,Epic giga rating pack 02,Bermuda Triangle,False,112.97,Easy,low,True,,,fan:lldb-143,Epic giga rating pack 02.dat#2
1600,Epic giga rating pack 02,M = Mc sqare,False,109.3,Easy,low,True,,,fan:lldb-143,Epic giga rating pack 02.dat#3
1601,Epic giga rating pack 02,To much of a bomer thing,False,111.35,Easy,low,True,,,fan:lldb-143,Epic giga rating pack 02.dat#4
1602,Epic giga rating pack 02,Mr.lemming's super robot,False,104.8,Easy,low,True,,,fan:lldb-143,Epic giga rating pack 02.dat#5
1603,Epic giga rating pack 02,Kriss-kross Exits,False,100.25,Easy,low,True,,,fan:lldb-143,Epic giga rating pack 02.dat#6
1604,Epic giga rating pack 02,Splunk n' country,False,80.5,Beginner,low,True,,,fan:lldb-143,Epic giga rating pack 02.dat#7
1605,Epic giga rating pack 02,splunk n' country (part 2),False,105.07,Easy,low,True,,,fan:lldb-143,Epic giga rating pack 02.dat#8
1606,Epic giga rating pack 02,Inocent Lemmings,False,110.58,Easy,low,True,,,fan:lldb-143,Epic giga rating pack 02.dat#9
1607,Epic giga rating pack 02,Simply Smashing,False,110.6,Easy,low,True,,,fan:lldb-143,Epic giga rating pack 02.dat#10
1608,Epic giga rating pack 02,The Shartruce cave,False,110.8,Easy,low,True,,,fan:lldb-143,Epic giga rating pack 02.dat#11
1609,Snow remakes 01,Slipery tightrope,False,105.69,Easy,low,True,,,fan:lldb-144,Snow remakes 01.dat#0
1610,Snow remakes 01,"When it rains, it lems",False,105.1,Easy,low,True,,,fan:lldb-144,Snow remakes 01.dat#1
1611,Snow remakes 01,No artificial lemmings,False,94,Beginner,low,True,,,fan:lldb-144,Snow remakes 01.dat#2
1612,Snow remakes 01,Will stop at nothing,False,111.25,Easy,low,True,,,fan:lldb-144,Snow remakes 01.dat#3
1613,Snow remakes 01,Another one bites the dust,False,106.4,Easy,low,True,,,fan:lldb-144,Snow remakes 01.dat#4
1614,Snow remakes 01,Cold war,False,98.55,Beginner,low,True,,,fan:lldb-144,Snow remakes 01.dat#5
1615,Snow remakes 01,De-fusing a time bomb,False,106.5,Easy,low,True,,,fan:lldb-144,Snow remakes 01.dat#6
1616,Snow remakes 01,The insane condition,False,106.5,Easy,low,True,,,fan:lldb-144,Snow remakes 01.dat#7
1617,Snow remakes 01,Through the Brigde,False,106.5,Easy,low,True,,,fan:lldb-144,Snow remakes 01.dat#8
1618,Snow remakes 01,A wee bit of magic,False,102.1,Easy,low,True,,,fan:lldb-144,Snow remakes 01.dat#9
1619,Giga pack 01,Day tripper,False,107.87,Easy,low,True,,,fan:lldb-160,Giga pack 01.dat#0
1620,Giga pack 01,Move to the prerrie,False,108,Easy,low,True,,,fan:lldb-160,Giga pack 01.dat#1
1621,Giga pack 01,You Sank My...,False,113.3,Easy,low,True,,,fan:lldb-160,Giga pack 01.dat#2
1622,Giga pack 01,Destruction site,False,112,Easy,low,True,,,fan:lldb-160,Giga pack 01.dat#3
1623,Giga pack 01,AIIIIIYYYEEEEEEEE!!!!!!!,False,102,Easy,low,True,,,fan:lldb-160,Giga pack 01.dat#4
1624,Giga pack 01,The pole onslaught of a lemming,False,118.7,Easy,low,True,,,fan:lldb-160,Giga pack 01.dat#5
1625,Giga pack 01,Oh Dear! It's the 4th universe,False,102.34,Easy,low,True,,,fan:lldb-160,Giga pack 01.dat#6
1626,Giga pack 01,The golden tribe,False,102.36,Easy,low,True,,,fan:lldb-160,Giga pack 01.dat#7
1627,Giga pack 01,All work and No play...,False,109.62,Easy,low,True,,,fan:lldb-160,Giga pack 01.dat#8
1628,Giga pack 01,Out and away from the crowd,False,115.9,Easy,low,True,,,fan:lldb-160,Giga pack 01.dat#9
1629,Yawg06,Just Dig! Again!,False,102,Easy,low,True,,,fan:lldb-161,Yawg06.dat#0
1630,Yawg06,Desperate Times...,False,84.65,Beginner,low,True,,,fan:lldb-161,Yawg06.dat#1
1631,Yawg06,Serendipity,False,89.5,Beginner,low,True,,,fan:lldb-161,Yawg06.dat#2
1632,Yawg06,Niche,False,83.25,Beginner,low,True,,,fan:lldb-161,Yawg06.dat#3
1633,Yawg06,Catch 22,False,111.55,Easy,low,True,,,fan:lldb-161,Yawg06.dat#4
1634,Yawg06,Tilt,False,95.3,Beginner,low,True,,,fan:lldb-161,Yawg06.dat#5
1635,Yawg06,Desperate Measures,False,115.9,Easy,low,True,,,fan:lldb-161,Yawg06.dat#6
1636,Yawg06,Mass Lemmicide,False,97.15,Beginner,low,True,,,fan:lldb-161,Yawg06.dat#7
1637,Yawg06,Turn it Around!,False,67.45,Beginner,low,True,,,fan:lldb-161,Yawg06.dat#8
1638,Yawg06,Duality,False,115.68,Easy,low,True,,,fan:lldb-161,Yawg06.dat#9
1639,Giga pack 02,Up the anty!,False,115.09,Easy,low,True,,,fan:lldb-162,Giga pack 02.dat#0
1640,Giga pack 02,Three and a half,False,116.42,Easy,low,True,,,fan:lldb-162,Giga pack 02.dat#1
1641,Giga pack 02,Insert name here,False,106.62,Easy,low,True,,,fan:lldb-162,Giga pack 02.dat#2
1642,Giga pack 02,The minroah the merryer,False,102,Easy,low,True,,,fan:lldb-162,Giga pack 02.dat#3
1643,Giga pack 02,Around the allie,False,112.04,Easy,low,True,,,fan:lldb-162,Giga pack 02.dat#4
1644,Giga pack 02,An act of kindness,False,113.95,Easy,low,True,,,fan:lldb-162,Giga pack 02.dat#5
1645,Giga pack 02,Two lessons of lemmings,False,97.98,Beginner,low,True,,,fan:lldb-162,Giga pack 02.dat#6
1646,Giga pack 02,The house of fun,False,104.06,Easy,low,True,,,fan:lldb-162,Giga pack 02.dat#7
1647,Giga pack 02,The center picture,False,97.15,Beginner,low,True,,,fan:lldb-162,Giga pack 02.dat#8
1648,Giga pack 02,The national lemming bank,False,109.4,Easy,low,True,,,fan:lldb-162,Giga pack 02.dat#9
1649,Giga pack 03,My gaurdain angle,False,98.95,Beginner,low,True,,,fan:lldb-163,Giga pack 03.dat#0
1650,Giga pack 03,Burst through the dam,False,112.88,Easy,low,True,,,fan:lldb-163,Giga pack 03.dat#1
1651,Giga pack 03,The lemmings of the coast,False,98.95,Beginner,low,True,,,fan:lldb-163,Giga pack 03.dat#2
1652,Giga pack 03,Jump to conclusions,False,95.25,Beginner,low,True,,,fan:lldb-163,Giga pack 03.dat#3
1653,Giga pack 03,The dry (but wet) christmas tree,False,79.75,Beginner,low,True,,,fan:lldb-163,Giga pack 03.dat#4
1654,Giga pack 03,Home on the range,False,115.9,Easy,low,True,,,fan:lldb-163,Giga pack 03.dat#5
1655,Giga pack 03,Step into the future,False,100.25,Easy,low,True,,,fan:lldb-163,Giga pack 03.dat#6
1656,Giga pack 03,Tailor made for more blockers,False,101.55,Easy,low,True,,,fan:lldb-163,Giga pack 03.dat#7
1657,Giga pack 03,The only way it goes,False,47.75,Beginner,low,True,,,fan:lldb-163,Giga pack 03.dat#8
1658,Giga pack 03,Double decker,False,79.75,Beginner,low,True,,,fan:lldb-163,Giga pack 03.dat#9
1659,ClamSpamXmas09,Happy New Year: The Reversal!,False,102,Easy,low,True,,,fan:lldb-164,ClamSpamXmas09.dat#0
1660,ClamSpamXmas09,Spiralling Snowstorm,False,81.5,Beginner,low,True,,,fan:lldb-164,ClamSpamXmas09.dat#1
1661,ClamSpamXmas09,Christmas can wait (we hope!),False,111.05,Easy,low,True,,,fan:lldb-164,ClamSpamXmas09.dat#2
1662,ClamSpamXmas09,Christmas can't wait...,False,98.55,Beginner,low,True,,,fan:lldb-164,ClamSpamXmas09.dat#3
1663,Giga pack 04,Compresion method 3,False,108.81,Easy,low,True,,,fan:lldb-165,Giga pack 04.dat#0
1664,Giga pack 04,Mission lem-possible,False,94.71,Beginner,low,True,,,fan:lldb-165,Giga pack 04.dat#1
1665,Giga pack 04,Were ready for landing,False,99.95,Beginner,low,True,,,fan:lldb-165,Giga pack 04.dat#2
1666,Giga pack 04,Fallow the ruins,False,103.4,Easy,low,True,,,fan:lldb-165,Giga pack 04.dat#3
1667,Giga pack 04,The Endless basher,False,96.5,Beginner,low,True,,,fan:lldb-165,Giga pack 04.dat#4
1668,Giga pack 04,Hey john wheres my lemmings?,False,104.8,Easy,low,True,,,fan:lldb-165,Giga pack 04.dat#5
1669,Giga pack 04,Please remain calm,False,112.97,Easy,low,True,,,fan:lldb-165,Giga pack 04.dat#6
1670,Giga pack 04,Step it up,False,98.55,Beginner,low,True,,,fan:lldb-165,Giga pack 04.dat#7
1671,Giga pack 04,Lemmings mountain aventure,False,84.65,Beginner,low,True,,,fan:lldb-165,Giga pack 04.dat#8
1672,Giga pack 04,The next way down,False,113.2,Easy,low,True,,,fan:lldb-165,Giga pack 04.dat#9
1673,QBeez05,Spaghetti!,False,76.46,Beginner,low,True,,,fan:lldb-166,QBeez05.dat#0
1674,QBeez05,Trap Game,False,76.05,Beginner,low,True,,,fan:lldb-166,QBeez05.dat#1
1675,QBeez05,A Very Simple Level,False,100.7,Easy,low,True,,,fan:lldb-166,QBeez05.dat#2
1676,QBeez05,Vanilla City,False,105.7,Easy,low,True,,,fan:lldb-166,QBeez05.dat#3
1677,QBeez05,Welcome to your DOOM!,False,96.91,Beginner,low,True,,,fan:lldb-166,QBeez05.dat#4
1678,QBeez05,"Up, Down, and All Around",False,117.3,Easy,low,True,,,fan:lldb-166,QBeez05.dat#5
1679,QBeez05,Take a break!,False,108.25,Easy,low,True,,,fan:lldb-166,QBeez05.dat#6
1680,QBeez05,Co-operation,False,108.25,Easy,low,True,,,fan:lldb-166,QBeez05.dat#7
1681,QBeez05,Roof of the World,False,116.37,Easy,low,True,,,fan:lldb-166,QBeez05.dat#8
1682,QBeez05,Trail Blazer,False,104.15,Easy,low,True,,,fan:lldb-166,QBeez05.dat#9
1683,Giga pack 05,in the city,False,98.75,Beginner,low,True,,,fan:lldb-167,Giga pack 05.dat#0
1684,Giga pack 05,Earth city tanks,False,102,Easy,low,True,,,fan:lldb-167,Giga pack 05.dat#1
1685,Giga pack 05,No lemming left behind,False,109.65,Easy,low,True,,,fan:lldb-167,Giga pack 05.dat#2
1686,Giga pack 05,Lemtoven's 1st,False,90.9,Beginner,low,True,,,fan:lldb-167,Giga pack 05.dat#3
1687,Giga pack 05,The factory of the rising sun,False,98.55,Beginner,low,True,,,fan:lldb-167,Giga pack 05.dat#4
1688,Giga pack 05,Welcome to the skate park,False,108.25,Easy,low,True,,,fan:lldb-167,Giga pack 05.dat#5
1689,Giga pack 05,Take part of lemmings,False,101.55,Easy,low,True,,,fan:lldb-167,Giga pack 05.dat#6
1690,Giga pack 05,The eigth SIN,False,112.33,Easy,low,True,,,fan:lldb-167,Giga pack 05.dat#7
1691,Giga pack 05,Avast ye arteys,False,92.12,Beginner,low,True,,,fan:lldb-167,Giga pack 05.dat#8
1692,Giga pack 05,The Rain forest,False,95.75,Beginner,low,True,,,fan:lldb-167,Giga pack 05.dat#9
1693,Giga pack 06,Happy birthday Giga,False,95.75,Beginner,low,True,,,fan:lldb-168,Giga pack 06.dat#0
1694,Giga pack 06,Lemtendo DSi,False,81.5,Beginner,low,True,,,fan:lldb-168,Giga pack 06.dat#1
1695,Giga pack 06,Land Ho!,False,95.38,Beginner,low,True,,,fan:lldb-168,Giga pack 06.dat#2
1696,Giga pack 06,Froze city,False,114.28,Easy,low,True,,,fan:lldb-168,Giga pack 06.dat#3
1697,Giga pack 06,Out to save,False,105.47,Easy,low,True,,,fan:lldb-168,Giga pack 06.dat#4
1698,Giga pack 06,Lake snow bird,False,81.5,Beginner,low,True,,,fan:lldb-168,Giga pack 06.dat#5
1699,Giga pack 06,Killer queen,False,100.25,Easy,low,True,,,fan:lldb-168,Giga pack 06.dat#6
1700,Giga pack 06,The asparagus river,False,102,Easy,low,True,,,fan:lldb-168,Giga pack 06.dat#7
1701,Giga pack 06,Welcome to italy,False,106.2,Easy,low,True,,,fan:lldb-168,Giga pack 06.dat#8
1702,Giga pack 06,Hanging off of........,False,109.3,Easy,low,True,,,fan:lldb-168,Giga pack 06.dat#9
1703,Giga pack 07,4 to 3,False,103.4,Easy,low,True,,,fan:lldb-169,Giga pack 07.dat#0
1704,Giga pack 07,The honor of speed,False,92.3,Beginner,low,True,,,fan:lldb-169,Giga pack 07.dat#1
1705,Giga pack 07,Lemmy at the moon base,False,113.6,Easy,low,True,,,fan:lldb-169,Giga pack 07.dat#2
1706,Giga pack 07,24 steps high and rising,False,73.62,Beginner,low,True,,,fan:lldb-169,Giga pack 07.dat#3
1707,Giga pack 07,Trip to cloud 9,False,87.75,Beginner,low,True,,,fan:lldb-169,Giga pack 07.dat#4
1708,Giga pack 07,Crazy stairs,False,104.68,Easy,low,True,,,fan:lldb-169,Giga pack 07.dat#5
1709,Giga pack 07,The lemming water faculty,False,97.15,Beginner,low,True,,,fan:lldb-169,Giga pack 07.dat#6
1710,Giga pack 07,"Ten here,two there",False,83.65,Beginner,low,True,,,fan:lldb-169,Giga pack 07.dat#7
1711,Giga pack 07,Group and smash,False,98.05,Beginner,low,True,,,fan:lldb-169,Giga pack 07.dat#8
1712,Giga pack 07,The God of lemmings,False,101.78,Easy,low,True,,,fan:lldb-169,Giga pack 07.dat#9
1713,Giga pack 08,When i get older....,False,111.25,Easy,low,True,,,fan:lldb-170,Giga pack 08.dat#0
1714,Giga pack 08,C'mon everybody body,False,109.6,Easy,low,True,,,fan:lldb-170,Giga pack 08.dat#1
1715,Giga pack 08,"Over the hills,trough the gums..",False,109.4,Easy,low,True,,,fan:lldb-170,Giga pack 08.dat#2
1716,Giga pack 08,Extended cascade,False,104.47,Easy,low,True,,,fan:lldb-170,Giga pack 08.dat#3
1717,Giga pack 08,Chamber nightmare,False,100.12,Easy,low,True,,,fan:lldb-170,Giga pack 08.dat#4
1718,Giga pack 08,The gauntlet,False,103.25,Easy,low,True,,,fan:lldb-170,Giga pack 08.dat#5
1719,Giga pack 08,Every witch way but lem,False,99.95,Beginner,low,True,,,fan:lldb-170,Giga pack 08.dat#6
1720,Giga pack 08,Lemming in the doomsday zone,False,89.9,Beginner,low,True,,,fan:lldb-170,Giga pack 08.dat#7
1721,Giga pack 08,Only way to it is through,False,95.75,Beginner,low,True,,,fan:lldb-170,Giga pack 08.dat#8
1722,Giga pack 08,1 for the money 2 for the show,False,89.5,Beginner,low,True,,,fan:lldb-170,Giga pack 08.dat#9
1723,Giga pack 09,Ice staion tsunami,False,75.25,Beginner,low,True,,,fan:lldb-171,Giga pack 09.dat#0
1724,Giga pack 09,IM C.O.L.D.,False,56.17,Beginner,low,True,,,fan:lldb-171,Giga pack 09.dat#1
1725,Giga pack 09,Frozen in the airport,False,81.21,Beginner,low,True,,,fan:lldb-171,Giga pack 09.dat#2
1726,Giga pack 09,To the life boats,False,112.06,Easy,low,True,,,fan:lldb-171,Giga pack 09.dat#3
1727,Giga pack 09,The land of the lemming,False,104.8,Easy,low,True,,,fan:lldb-171,Giga pack 09.dat#4
1728,Giga pack 09,"Save a friend,get a friend",False,81.5,Beginner,low,True,,,fan:lldb-171,Giga pack 09.dat#5
1729,Giga pack 09,Good housekeeping,False,114.46,Easy,low,True,,,fan:lldb-171,Giga pack 09.dat#6
1730,Giga pack 09,MaxLem's silver hammer,False,114.09,Easy,low,True,,,fan:lldb-171,Giga pack 09.dat#7
1731,Giga pack 09,A long way to go,False,92,Beginner,low,True,,,fan:lldb-171,Giga pack 09.dat#8
1732,Giga pack 09,Every witch way but lem (part 2),False,99.65,Beginner,low,True,,,fan:lldb-171,Giga pack 09.dat#9
1733,Giga pack 10,Lemming insomnia,False,114.41,Easy,low,True,,,fan:lldb-172,Giga pack 10.dat#0
1734,Giga pack 10,Down by the rocks,False,109.4,Easy,low,True,,,fan:lldb-172,Giga pack 10.dat#1
1735,Giga pack 10,For the benefit of mr.Lem,False,104.8,Easy,low,True,,,fan:lldb-172,Giga pack 10.dat#2
1736,Giga pack 10,Ups and downs,False,77.2,Beginner,low,True,,,fan:lldb-172,Giga pack 10.dat#3
1737,Giga pack 10,Swim to the dock,False,93.9,Beginner,low,True,,,fan:lldb-172,Giga pack 10.dat#4
1738,Giga pack 10,Mine way through,False,86,Beginner,low,True,,,fan:lldb-172,Giga pack 10.dat#5
1739,Giga pack 10,Baricade,False,110.6,Easy,low,True,,,fan:lldb-172,Giga pack 10.dat#6
1740,Giga pack 10,Twenty years later,False,115.45,Easy,low,True,,,fan:lldb-172,Giga pack 10.dat#7
1741,Giga pack 10,Don't be fooled,False,104.8,Easy,low,True,,,fan:lldb-172,Giga pack 10.dat#8
1742,Giga pack 10,Compliments to the chef,False,111.25,Easy,low,True,,,fan:lldb-172,Giga pack 10.dat#9
1743,hubbart,the rediscovery,False,77,Beginner,low,True,,,fan:lldb-173,hubbart.dat#0
1744,hubbart,the lost civilization (part1),False,84.65,Beginner,low,True,,,fan:lldb-173,hubbart.dat#1
1745,hubbart,the killing fields,False,100.25,Easy,low,True,,,fan:lldb-173,hubbart.dat#2
1746,hubbart,the last mohilem,False,65.25,Beginner,low,True,,,fan:lldb-173,hubbart.dat#3
1747,hubbart,the lost civilisation (part2),False,104.8,Easy,low,True,,,fan:lldb-173,hubbart.dat#4
1748,hubbart,the lonely distance climber,False,95.34,Beginner,low,True,,,fan:lldb-173,hubbart.dat#5
1749,hubbart,"hurry, hurry! patience required!",False,102,Easy,low,True,,,fan:lldb-173,hubbart.dat#6
1750,hubbart,the ice-age lemmingland,False,81.5,Beginner,low,True,,,fan:lldb-173,hubbart.dat#7
1751,hubbart,the sick building syndrome,False,94,Beginner,low,True,,,fan:lldb-173,hubbart.dat#8
1752,hubbart,the bonus ... we'll meet again!,False,81.5,Beginner,low,True,,,fan:lldb-173,hubbart.dat#9
1753,hubbart2,"2001, A lemmings odyssee",False,87.75,Beginner,low,True,,,fan:lldb-174,hubbart2.dat#0
1754,hubbart2,The pipeline,False,95.75,Beginner,low,True,,,fan:lldb-174,hubbart2.dat#1
1755,hubbart2,Bunker hill,False,81.5,Beginner,low,True,,,fan:lldb-174,hubbart2.dat#2
1756,hubbart2,The construction site,False,81.5,Beginner,low,True,,,fan:lldb-174,hubbart2.dat#3
1757,hubbart2,Lemmentaler cheese,False,86.12,Beginner,low,True,,,fan:lldb-174,hubbart2.dat#4
1758,hubbart2,Lemba the Greek,False,81.5,Beginner,low,True,,,fan:lldb-174,hubbart2.dat#5
1759,hubbart2,Double rescue operation,False,95.34,Beginner,low,True,,,fan:lldb-174,hubbart2.dat#6
1760,hubbart2,Walk like an Egyptian,False,72.85,Beginner,low,True,,,fan:lldb-174,hubbart2.dat#7
1761,hubbart2,The construction site (2),False,81.5,Beginner,low,True,,,fan:lldb-174,hubbart2.dat#8
1762,hubbart2,Crystal caves,False,95.75,Beginner,low,True,,,fan:lldb-174,hubbart2.dat#9
1763,hubbart3,The equation,False,81.09,Beginner,low,True,,,fan:lldb-175,hubbart3.dat#0
1764,hubbart3,Welcome to the machine,False,94.12,Beginner,low,True,,,fan:lldb-175,hubbart3.dat#1
1765,hubbart3,"All for one, one for all",False,93.72,Beginner,low,True,,,fan:lldb-175,hubbart3.dat#2
1766,hubbart3,Misty mountain hop,False,102,Easy,low,True,,,fan:lldb-175,hubbart3.dat#3
1767,hubbart3,As cold as ice?,False,100.25,Easy,low,True,,,fan:lldb-175,hubbart3.dat#4
1768,hubbart3,A funny grid,False,81.5,Beginner,low,True,,,fan:lldb-175,hubbart3.dat#5
1769,hubbart3,Lemmings chemistry,False,101.59,Easy,low,True,,,fan:lldb-175,hubbart3.dat#6
1770,hubbart3,Welcome to the machine again,False,95.53,Beginner,low,True,,,fan:lldb-175,hubbart3.dat#7
1771,hubbart3,Storm and thunder,False,82.21,Beginner,low,True,,,fan:lldb-175,hubbart3.dat#8
1772,hubbart3,Windows XP?,False,83.25,Beginner,low,True,,,fan:lldb-175,hubbart3.dat#9
1773,hubbart4,The beacon,False,84.65,Beginner,low,True,,,fan:lldb-176,hubbart4.dat#0
1774,hubbart4,Just dig!,False,87.75,Beginner,low,True,,,fan:lldb-176,hubbart4.dat#1
1775,hubbart4,Oh no! mor(s)e lemmings,False,99.44,Beginner,low,True,,,fan:lldb-176,hubbart4.dat#2
1776,hubbart4,Remains of the roman empire,False,107.84,Easy,low,True,,,fan:lldb-176,hubbart4.dat#3
1777,hubbart4,The billboard,False,84.65,Beginner,low,True,,,fan:lldb-176,hubbart4.dat#4
1778,hubbart4,The pulley,False,81.09,Beginner,low,True,,,fan:lldb-176,hubbart4.dat#5
1779,hubbart4,Another beacon...,False,97.15,Beginner,low,True,,,fan:lldb-176,hubbart4.dat#6
1780,hubbart4,Not as easy as it looks!,False,69,Beginner,low,True,,,fan:lldb-176,hubbart4.dat#7
1781,hubbart4,The pulley (2),False,87.34,Beginner,low,True,,,fan:lldb-176,hubbart4.dat#8
1782,hubbart4,A new roof for the entrance,False,75.25,Beginner,low,True,,,fan:lldb-176,hubbart4.dat#9
1783,hubbart5,A one-way ticket,False,80.69,Beginner,low,True,,,fan:lldb-177,hubbart5.dat#0
1784,hubbart5,Winter Lemmings retro style,False,75.25,Beginner,low,True,,,fan:lldb-177,hubbart5.dat#1
1785,hubbart5,The deadly pillar (1),False,97.15,Beginner,low,True,,,fan:lldb-177,hubbart5.dat#2
1786,hubbart5,Modern times,False,87.75,Beginner,low,True,,,fan:lldb-177,hubbart5.dat#3
1787,hubbart5,The deadly pillar (2),False,90.9,Beginner,low,True,,,fan:lldb-177,hubbart5.dat#4
1788,hubbart5,Bullshit-lemmings,False,114.5,Easy,low,True,,,fan:lldb-177,hubbart5.dat#5
1789,hubbart5,The crane,False,75.25,Beginner,low,True,,,fan:lldb-177,hubbart5.dat#6
1790,hubbart5,Himalayan Lemmings,False,79.34,Beginner,low,True,,,fan:lldb-177,hubbart5.dat#7
1791,hubbart5,A tricky gap,False,94,Beginner,low,True,,,fan:lldb-177,hubbart5.dat#8
1792,hubbart5,The terrible chain,False,81.5,Beginner,low,True,,,fan:lldb-177,hubbart5.dat#9
1793,hubbart6,We like those objects!,False,91.08,Beginner,low,True,,,fan:lldb-178,hubbart6.dat#0
1794,hubbart6,I Robot,False,102,Easy,low,True,,,fan:lldb-178,hubbart6.dat#1
1795,hubbart6,Asian holiday,False,97.15,Beginner,low,True,,,fan:lldb-178,hubbart6.dat#2
1796,hubbart6,The wooden level,False,87.75,Beginner,low,True,,,fan:lldb-178,hubbart6.dat#3
1797,hubbart6,Lempire state building,False,100.25,Easy,low,True,,,fan:lldb-178,hubbart6.dat#4
1798,hubbart6,Trial and error,False,95.75,Beginner,low,True,,,fan:lldb-178,hubbart6.dat#5
1799,hubbart6,The deadly birdcage,False,94,Beginner,low,True,,,fan:lldb-178,hubbart6.dat#6
1800,hubbart6,Tubular bells,False,94,Beginner,low,True,,,fan:lldb-178,hubbart6.dat#7
1801,hubbart6,Tubular bells,False,79.75,Beginner,low,True,,,fan:lldb-178,hubbart6.dat#8
1802,The lemming google pack,"A ""G"" to serch",False,103.67,Easy,low,True,,,fan:lldb-179,The lemming google pack.dat#0
1803,The lemming google pack,"An ""o"" to serch",False,107.78,Easy,low,True,,,fan:lldb-179,The lemming google pack.dat#1
1804,The lemming google pack,"Another ""o"" to serch",False,110.48,Easy,low,True,,,fan:lldb-179,The lemming google pack.dat#2
1805,The lemming google pack,"Another ""g"" to serch",False,108,Easy,low,True,,,fan:lldb-179,The lemming google pack.dat#3
1806,The lemming google pack,"An ""l"" to serch",False,100.25,Easy,low,True,,,fan:lldb-179,The lemming google pack.dat#4
1807,The lemming google pack,"An ""e"" to serch",False,109.4,Easy,low,True,,,fan:lldb-179,The lemming google pack.dat#5
1808,Lemmings platinum Fragle part 1,Roman Checkers,False,101.53,Easy,low,True,,,fan:lldb-180,Lemmings platinum Fragle part 1.dat#0
1809,Lemmings platinum Fragle part 1,Tubular vision,False,111.25,Easy,low,True,,,fan:lldb-180,Lemmings platinum Fragle part 1.dat#1
1810,Lemmings platinum Fragle part 1,Pachabel's Cannon,False,75.25,Beginner,low,True,,,fan:lldb-180,Lemmings platinum Fragle part 1.dat#2
1811,Lemmings platinum Fragle part 1,A Date with Multitask,False,107.78,Easy,low,True,,,fan:lldb-180,Lemmings platinum Fragle part 1.dat#3
1812,Lemmings platinum Fragle part 1,The minute lem,False,95.75,Beginner,low,True,,,fan:lldb-180,Lemmings platinum Fragle part 1.dat#4
1813,Lemmings platinum Fragle part 1,Work around the clock,False,93.75,Beginner,low,True,,,fan:lldb-180,Lemmings platinum Fragle part 1.dat#5
1814,Lemmings platinum Fragle part 1,We'd Thought the end is near....,False,102,Easy,low,True,,,fan:lldb-180,Lemmings platinum Fragle part 1.dat#6
1815,Lemmings platinum Fragle part 1,Flamin' Parkour,False,105.7,Easy,low,True,,,fan:lldb-180,Lemmings platinum Fragle part 1.dat#7
1816,Lemmings platinum Fragle part 1,The wishing well,False,99.6,Beginner,low,True,,,fan:lldb-180,Lemmings platinum Fragle part 1.dat#8
1817,Lemmings platinum Fragle part 1,Lemmy Crockett and the Ala Mode,False,110.44,Easy,low,True,,,fan:lldb-180,Lemmings platinum Fragle part 1.dat#9
1818,Lemmings platinum Fragle part 1,Out of the picture,False,82.75,Beginner,low,True,,,fan:lldb-180,Lemmings platinum Fragle part 1.dat#10
1819,Lemmings platinum Fragle part 1,Nowhere lemmming,False,113.24,Easy,low,True,,,fan:lldb-180,Lemmings platinum Fragle part 1.dat#11
1820,Lemmings platinum Fragle part 1,Tribute to Green Hill Act 1,False,109.4,Easy,low,True,,,fan:lldb-180,Lemmings platinum Fragle part 1.dat#12
1821,Lemmings platinum Fragle part 1,The cake walk blues,False,78,Beginner,low,True,,,fan:lldb-180,Lemmings platinum Fragle part 1.dat#13
1822,Lemmings platinum Fragle part 1,In the spider's web,False,104.78,Easy,low,True,,,fan:lldb-180,Lemmings platinum Fragle part 1.dat#14
1823,Lemmings platinum Fragle part 2,A lemming life to Pac-man,False,80.5,Beginner,low,True,,,fan:lldb-181,Lemmings platinum Fragle part 2.dat#0
1824,Lemmings platinum Fragle part 2,Leaving Boston Massachutsets,False,112.2,Easy,low,True,,,fan:lldb-181,Lemmings platinum Fragle part 2.dat#1
1825,Lemmings platinum Fragle part 2,Swallowing method 1,False,72.62,Beginner,low,True,,,fan:lldb-181,Lemmings platinum Fragle part 2.dat#2
1826,Lemmings platinum Fragle part 2,Building blocks,False,110.8,Easy,low,True,,,fan:lldb-181,Lemmings platinum Fragle part 2.dat#3
1827,Lemmings platinum Fragle part 2,The enemy of my Lemming is...,False,72.75,Beginner,low,True,,,fan:lldb-181,Lemmings platinum Fragle part 2.dat#4
1828,Lemmings platinum Fragle part 2,"A ""G"" to serch",False,103.67,Easy,low,True,,,fan:lldb-181,Lemmings platinum Fragle part 2.dat#5
1829,Lemmings platinum Fragle part 2,"An ""o"" to serch",False,107.78,Easy,low,True,,,fan:lldb-181,Lemmings platinum Fragle part 2.dat#6
1830,Lemmings platinum Fragle part 2,"Another ""o"" to serch",False,110.48,Easy,low,True,,,fan:lldb-181,Lemmings platinum Fragle part 2.dat#7
1831,Lemmings platinum Fragle part 2,"Another ""g"" to serch",False,108,Easy,low,True,,,fan:lldb-181,Lemmings platinum Fragle part 2.dat#8
1832,Lemmings platinum Fragle part 2,"An ""l"" to serch",False,100.25,Easy,low,True,,,fan:lldb-181,Lemmings platinum Fragle part 2.dat#9
1833,Lemmings platinum Fragle part 2,"An ""e"" to serch",False,109.4,Easy,low,True,,,fan:lldb-181,Lemmings platinum Fragle part 2.dat#10
1834,Lemmings platinum Fragle part 2,The Pharoah's slaves,False,97.15,Beginner,low,True,,,fan:lldb-181,Lemmings platinum Fragle part 2.dat#11
1835,Lemmings platinum Fragle part 2,Indianna Lems & the deadly tomb,False,112.1,Easy,low,True,,,fan:lldb-181,Lemmings platinum Fragle part 2.dat#12
1836,Lemmings platinum Fragle part 2,The tale of two Pieuws,False,102.45,Easy,low,True,,,fan:lldb-181,Lemmings platinum Fragle part 2.dat#13
1837,Lemmings platinum Fragle part 2,Do-Re-Mi-So-Fa-La-Di-Da!!!!,False,115.63,Easy,low,True,,,fan:lldb-181,Lemmings platinum Fragle part 2.dat#14
1838,hubbart7,Back home,False,60.59,Beginner,low,True,,,fan:lldb-182,hubbart7.dat#0
1839,hubbart7,It's cold out there,False,101.59,Easy,low,True,,,fan:lldb-182,hubbart7.dat#1
1840,hubbart7,cavelems,False,95.75,Beginner,low,True,,,fan:lldb-182,hubbart7.dat#2
1841,hubbart7,just build,False,114.5,Easy,low,True,,,fan:lldb-182,hubbart7.dat#3
1842,hubbart7,Back to basics,False,97.15,Beginner,low,True,,,fan:lldb-182,hubbart7.dat#4
1843,hubbart7,Lemba the Greek revisited,False,102,Easy,low,True,,,fan:lldb-182,hubbart7.dat#5
1844,hubbart7,Under the volcano,False,87.34,Beginner,low,True,,,fan:lldb-182,hubbart7.dat#6
1845,hubbart7,something different now...,False,95.34,Beginner,low,True,,,fan:lldb-182,hubbart7.dat#7
1846,hubbart7,Clever mining,False,83.25,Beginner,low,True,,,fan:lldb-182,hubbart7.dat#8
1847,hubbart7,Just old fashioned building,False,87.75,Beginner,low,True,,,fan:lldb-182,hubbart7.dat#9
1848,SeverSet1,Choose Your Solution,False,95.75,Beginner,low,True,,,fan:lldb-183,SeverSet1.dat#0
1849,SeverSet1,Spiders???,False,79.62,Beginner,low,True,,,fan:lldb-183,SeverSet1.dat#1
1850,SeverSet1,Just A Bit Harder Than Before,False,69,Beginner,low,True,,,fan:lldb-183,SeverSet1.dat#2
1851,SeverSet1,One Way Right,False,89.28,Beginner,low,True,,,fan:lldb-183,SeverSet1.dat#3
1852,SeverSet1,Owned!,False,82.84,Beginner,low,True,,,fan:lldb-183,SeverSet1.dat#4
1853,SeverSet1,Fast Drop,False,77,Beginner,low,True,,,fan:lldb-183,SeverSet1.dat#5
1854,SeverSet1,Look Down!,False,89.28,Beginner,low,True,,,fan:lldb-183,SeverSet1.dat#6
1855,SeverSet1,Small Distance,False,75.25,Beginner,low,True,,,fan:lldb-183,SeverSet1.dat#7
1856,SeverSet1,A Sticky Operation,False,98.25,Beginner,low,True,,,fan:lldb-183,SeverSet1.dat#8
1857,SeverSet1,Choose Your Solution II,False,81.62,Beginner,low,True,,,fan:lldb-183,SeverSet1.dat#9
1858,SeverSet2,The Long Dirt Road,False,94.83,Beginner,low,True,,,fan:lldb-184,SeverSet2.dat#0
1859,SeverSet2,Down and Around,False,97.15,Beginner,low,True,,,fan:lldb-184,SeverSet2.dat#1
1860,SeverSet2,Get Up There!!,False,77,Beginner,low,True,,,fan:lldb-184,SeverSet2.dat#2
1861,SeverSet2,Time to Go Down,False,103.4,Easy,low,True,,,fan:lldb-184,SeverSet2.dat#3
1862,SeverSet2,Time to Go Up,False,83.26,Beginner,low,True,,,fan:lldb-184,SeverSet2.dat#4
1863,SeverSet2,One Step Toward Failure,False,90.9,Beginner,low,True,,,fan:lldb-184,SeverSet2.dat#5
1864,SeverSet2,Stars,False,69,Beginner,low,True,,,fan:lldb-184,SeverSet2.dat#6
1865,SeverSet2,The Archway,False,113.69,Easy,low,True,,,fan:lldb-184,SeverSet2.dat#7
1866,SeverSet2,Travelling Time,False,98.05,Beginner,low,True,,,fan:lldb-184,SeverSet2.dat#8
1867,SeverSet2,A Rainstorm,False,67.09,Beginner,low,True,,,fan:lldb-184,SeverSet2.dat#9
1868,SeverSet3,Fire To Death,False,97.15,Beginner,low,True,,,fan:lldb-185,SeverSet3.dat#0
1869,SeverSet3,Short Fuse,False,95.75,Beginner,low,True,,,fan:lldb-185,SeverSet3.dat#1
1870,SeverSet3,It's A Triangle,False,67.38,Beginner,low,True,,,fan:lldb-185,SeverSet3.dat#2
1871,SeverSet3,Challenge To Escape,False,84.65,Beginner,low,True,,,fan:lldb-185,SeverSet3.dat#3
1872,SeverSet3,The Holding Area,False,93.67,Beginner,low,True,,,fan:lldb-185,SeverSet3.dat#4
1873,SeverSet3,Metal Workshop,False,93.67,Beginner,low,True,,,fan:lldb-185,SeverSet3.dat#5
1874,SeverSet3,The Firing Line,False,56.81,Beginner,low,True,,,fan:lldb-185,SeverSet3.dat#6
1875,SeverSet3,Platform to Platform,False,84.65,Beginner,low,True,,,fan:lldb-185,SeverSet3.dat#7
1876,SeverSet3,Starry Night,False,85.8,Beginner,low,True,,,fan:lldb-185,SeverSet3.dat#8
1877,SeverSet3,Two Opposite Sides,False,108.03,Easy,low,True,,,fan:lldb-185,SeverSet3.dat#9
1878,SeverSet4,The Dreadful Abyss,False,110.08,Easy,low,True,,,fan:lldb-186,SeverSet4.dat#0
1879,SeverSet4,More Than You Bargained For,False,96.7,Beginner,low,True,,,fan:lldb-186,SeverSet4.dat#1
1880,SeverSet4,A Tale Of Two Cities,False,102.85,Easy,low,True,,,fan:lldb-186,SeverSet4.dat#2
1881,SeverSet4,Aim For the Top,False,94,Beginner,low,True,,,fan:lldb-186,SeverSet4.dat#3
1882,SeverSet4,Free the Exit,False,110.4,Easy,low,True,,,fan:lldb-186,SeverSet4.dat#4
1883,SeverSet4,Panic Attack,False,102.63,Easy,low,True,,,fan:lldb-186,SeverSet4.dat#5
1884,SeverSet4,Parallel Running,False,94,Beginner,low,True,,,fan:lldb-186,SeverSet4.dat#6
1885,SeverSet4,Three Way Escape,False,96.38,Beginner,low,True,,,fan:lldb-186,SeverSet4.dat#7
1886,SeverSet4,Crystal Visions,False,100.38,Easy,low,True,,,fan:lldb-186,SeverSet4.dat#8
1887,SeverSet4,Justice From Liberation,False,111.23,Easy,low,True,,,fan:lldb-186,SeverSet4.dat#9
1888,Siergiej02,Galley is drowning!,False,82.44,Beginner,low,True,,,fan:lldb-187,Siergiej02.dat#0
1889,Siergiej02,Another useless brick in TheWall,False,88.53,Beginner,low,True,,,fan:lldb-187,Siergiej02.dat#1
1890,Siergiej02,Troublesome reversing,False,94.96,Beginner,low,True,,,fan:lldb-187,Siergiej02.dat#2
1891,Siergiej02,The Reverser (part 1),False,99.97,Beginner,low,True,,,fan:lldb-187,Siergiej02.dat#3
1892,Siergiej02,The Reverser (part 2),False,100.38,Easy,low,True,,,fan:lldb-187,Siergiej02.dat#4
1893,Siergiej02,The (almost) mirrorworld,False,90.09,Beginner,low,True,,,fan:lldb-187,Siergiej02.dat#5
1894,Siergiej02,Useless tools,False,95.34,Beginner,low,True,,,fan:lldb-187,Siergiej02.dat#6
1895,Siergiej02,Very low friction,False,74.44,Beginner,low,True,,,fan:lldb-187,Siergiej02.dat#7
1896,Siergiej02,Point reflection,False,103.4,Easy,low,True,,,fan:lldb-187,Siergiej02.dat#8
1897,Siergiej02,Penetrating the Walls,False,102.99,Easy,low,True,,,fan:lldb-187,Siergiej02.dat#9
1898,Lemmings platinum Careful Part 1,T.A. MA I,False,87.47,Beginner,low,True,,,fan:lldb-188,Lemmings platinum Careful Part 1.dat#0
1899,Lemmings platinum Careful Part 1,T.A. MA I (part 2),False,73.25,Beginner,low,True,,,fan:lldb-188,Lemmings platinum Careful Part 1.dat#1
1900,Lemmings platinum Careful Part 1,Lemming road,False,93.72,Beginner,low,True,,,fan:lldb-188,Lemmings platinum Careful Part 1.dat#2
1901,Lemmings platinum Careful Part 1,It's Lemming Science,False,94.71,Beginner,low,True,,,fan:lldb-188,Lemmings platinum Careful Part 1.dat#3
1902,Lemmings platinum Careful Part 1,The tree of Lemmintry,False,93.97,Beginner,low,True,,,fan:lldb-188,Lemmings platinum Careful Part 1.dat#4
1903,Lemmings platinum Careful Part 1,Sudenly lemming,False,80.9,Beginner,low,True,,,fan:lldb-188,Lemmings platinum Careful Part 1.dat#5
1904,Lemmings platinum Careful Part 1,Take the high road,False,103.15,Easy,low,True,,,fan:lldb-188,Lemmings platinum Careful Part 1.dat#6
1905,Lemmings platinum Careful Part 1,The Prestegous Peabody award,False,116.85,Easy,low,True,,,fan:lldb-188,Lemmings platinum Careful Part 1.dat#7
1906,Lemmings platinum Careful Part 1,Thinking through & through,False,107.62,Easy,low,True,,,fan:lldb-188,Lemmings platinum Careful Part 1.dat#8
1907,Lemmings platinum Careful Part 1,The Magic Box (Part III),False,80,Beginner,low,True,,,fan:lldb-188,Lemmings platinum Careful Part 1.dat#9
1908,Lemmings platinum Careful Part 1,The Magic Box (Part IV),False,86.25,Beginner,low,True,,,fan:lldb-188,Lemmings platinum Careful Part 1.dat#10
1909,Lemmings platinum Careful Part 1,How to spell my name,False,116.75,Easy,low,True,,,fan:lldb-188,Lemmings platinum Careful Part 1.dat#11
1910,Lemmings platinum Careful Part 1,A life with no intresst,False,81.38,Beginner,low,True,,,fan:lldb-188,Lemmings platinum Careful Part 1.dat#12
1911,Lemmings platinum Careful Part 1,Flying factory,False,106.3,Easy,low,True,,,fan:lldb-188,Lemmings platinum Careful Part 1.dat#13
1912,Lemmings platinum Careful Part 1,When dominoes go Down,False,90.3,Beginner,low,True,,,fan:lldb-188,Lemmings platinum Careful Part 1.dat#14
1913,Lemmings platinum Careful Part 2,The Lemconricdion,False,103.4,Easy,low,True,,,fan:lldb-189,Lemmings platinum Careful Part 2.dat#0
1914,Lemmings platinum Careful Part 2,Forced to take a drop of shame,False,71.55,Beginner,low,True,,,fan:lldb-189,Lemmings platinum Careful Part 2.dat#1
1915,Lemmings platinum Careful Part 2,First stop at Japan,False,92.57,Beginner,low,True,,,fan:lldb-189,Lemmings platinum Careful Part 2.dat#2
1916,Lemmings platinum Careful Part 2,To build stairs in the dirt,False,95.75,Beginner,low,True,,,fan:lldb-189,Lemmings platinum Careful Part 2.dat#3
1917,Lemmings platinum Careful Part 2,Proof Positive,False,108,Easy,low,True,,,fan:lldb-189,Lemmings platinum Careful Part 2.dat#4
1918,Lemmings platinum Careful Part 2,Propersision ZERO,False,98.75,Beginner,low,True,,,fan:lldb-189,Lemmings platinum Careful Part 2.dat#5
1919,Lemmings platinum Careful Part 2,Summer De Mexico,False,93.8,Beginner,low,True,,,fan:lldb-189,Lemmings platinum Careful Part 2.dat#6
1920,Lemmings platinum Careful Part 2,"Relax,It's Friday",False,93.35,Beginner,low,True,,,fan:lldb-189,Lemmings platinum Careful Part 2.dat#7
1921,Lemmings platinum Careful Part 2,Downwardly Mobile Lemmings V2,False,102,Easy,low,True,,,fan:lldb-189,Lemmings platinum Careful Part 2.dat#8
1922,Lemmings platinum Careful Part 2,Fl!pside,False,98.85,Beginner,low,True,,,fan:lldb-189,Lemmings platinum Careful Part 2.dat#9
1923,Lemmings platinum Careful Part 2,Think inside of the box,False,104.58,Easy,low,True,,,fan:lldb-189,Lemmings platinum Careful Part 2.dat#10
1924,Lemmings platinum Careful Part 2,Skeptical Method,False,90.25,Beginner,low,True,,,fan:lldb-189,Lemmings platinum Careful Part 2.dat#11
1925,Lemmings platinum Careful Part 2,Welcome to Old Ba Sing Se,False,82.55,Beginner,low,True,,,fan:lldb-189,Lemmings platinum Careful Part 2.dat#12
1926,Lemmings platinum Careful Part 2,The Peanut Gallery,False,95.12,Beginner,low,True,,,fan:lldb-189,Lemmings platinum Careful Part 2.dat#13
1927,Lemmings platinum Careful Part 2,The SUPER bowl,False,85.48,Beginner,low,True,,,fan:lldb-189,Lemmings platinum Careful Part 2.dat#14
1928,Lemmings platinum Dangerous Part 1,Just 2 Minutes,False,117.3,Easy,low,True,,,fan:lldb-190,Lemmings platinum Dangerous Part 1.dat#0
1929,Lemmings platinum Dangerous Part 1,The boilling Rock,False,115.45,Easy,low,True,,,fan:lldb-190,Lemmings platinum Dangerous Part 1.dat#1
1930,Lemmings platinum Dangerous Part 1,Umbrella Land (Part 2),False,112.88,Easy,low,True,,,fan:lldb-190,Lemmings platinum Dangerous Part 1.dat#2
1931,Lemmings platinum Dangerous Part 1,No time to go over,False,88.85,Beginner,low,True,,,fan:lldb-190,Lemmings platinum Dangerous Part 1.dat#3
1932,Lemmings platinum Dangerous Part 1,Assault and Batteries (Part 1),False,81.5,Beginner,low,True,,,fan:lldb-190,Lemmings platinum Dangerous Part 1.dat#4
1933,Lemmings platinum Dangerous Part 1,Witch way to ZanZiBar?,False,98.55,Beginner,low,True,,,fan:lldb-190,Lemmings platinum Dangerous Part 1.dat#5
1934,Lemmings platinum Dangerous Part 1,Wallace and Gromit's Lem 'n Go,False,98.55,Beginner,low,True,,,fan:lldb-190,Lemmings platinum Dangerous Part 1.dat#6
1935,Lemmings platinum Dangerous Part 1,Deformed Spam and Egg level,False,107.8,Easy,low,True,,,fan:lldb-190,Lemmings platinum Dangerous Part 1.dat#7
1936,Lemmings platinum Dangerous Part 1,Lemmings on a Mitochondrion,False,85.6,Beginner,low,True,,,fan:lldb-190,Lemmings platinum Dangerous Part 1.dat#8
1937,Lemmings platinum Dangerous Part 1,Fall and no life (Part Three),False,109.75,Easy,low,True,,,fan:lldb-190,Lemmings platinum Dangerous Part 1.dat#9
1938,Lemmings platinum Dangerous Part 1,Tribute to Green Hill Act 2,False,86,Beginner,low,True,,,fan:lldb-190,Lemmings platinum Dangerous Part 1.dat#10
1939,Lemmings platinum Dangerous Part 1,The Cubic Lemmings,False,95.75,Beginner,low,True,,,fan:lldb-190,Lemmings platinum Dangerous Part 1.dat#11
1940,Lemmings platinum Dangerous Part 1,GiVe Me SoMe LeMmInG PuNcH!,False,95.95,Beginner,low,True,,,fan:lldb-190,Lemmings platinum Dangerous Part 1.dat#12
1941,Lemmings platinum Dangerous Part 1,The Great Wall Of China,False,109.43,Easy,low,True,,,fan:lldb-190,Lemmings platinum Dangerous Part 1.dat#13
1942,Lemmings platinum Dangerous Part 1,The Lemming with Two problems,False,95.25,Beginner,low,True,,,fan:lldb-190,Lemmings platinum Dangerous Part 1.dat#14
1943,Lemmings platinum Dangerous Part 2,The 32-Bit NES Redux,False,98.75,Beginner,low,True,,,fan:lldb-191,Lemmings platinum Dangerous Part 2.dat#0
1944,Lemmings platinum Dangerous Part 2,A minute of brotherly Love!,False,95.75,Beginner,low,True,,,fan:lldb-191,Lemmings platinum Dangerous Part 2.dat#1
1945,Lemmings platinum Dangerous Part 2,Quartz Valcano,False,92.3,Beginner,low,True,,,fan:lldb-191,Lemmings platinum Dangerous Part 2.dat#2
1946,Lemmings platinum Dangerous Part 2,Some lemmings swam the moat,False,100.15,Easy,low,True,,,fan:lldb-191,Lemmings platinum Dangerous Part 2.dat#3
1947,Lemmings platinum Dangerous Part 2,Texas Chainsaw Bomer,False,100.45,Easy,low,True,,,fan:lldb-191,Lemmings platinum Dangerous Part 2.dat#4
1948,Lemmings platinum Dangerous Part 2,Blast trough the ceilling,False,103.05,Easy,low,True,,,fan:lldb-191,Lemmings platinum Dangerous Part 2.dat#5
1949,Lemmings platinum Dangerous Part 2,Newton's cradle,False,84.92,Beginner,low,True,,,fan:lldb-191,Lemmings platinum Dangerous Part 2.dat#6
1950,Lemmings platinum Dangerous Part 2,Locked in,False,83,Beginner,low,True,,,fan:lldb-191,Lemmings platinum Dangerous Part 2.dat#7
1951,Lemmings platinum Dangerous Part 2,Higher fish to fry,False,57.25,Beginner,low,True,,,fan:lldb-191,Lemmings platinum Dangerous Part 2.dat#8
1952,Lemmings platinum Dangerous Part 2,Botanical reserch,False,83,Beginner,low,True,,,fan:lldb-191,Lemmings platinum Dangerous Part 2.dat#9
1953,Lemmings platinum Dangerous Part 2,Can you dig it?,False,94,Beginner,low,True,,,fan:lldb-191,Lemmings platinum Dangerous Part 2.dat#10
1954,Lemmings platinum Dangerous Part 2,Lemming 2X4,False,93.9,Beginner,low,True,,,fan:lldb-191,Lemmings platinum Dangerous Part 2.dat#11
1955,Lemmings platinum Dangerous Part 2,Not the brightest in the bunch,False,95.1,Beginner,low,True,,,fan:lldb-191,Lemmings platinum Dangerous Part 2.dat#12
1956,Lemmings platinum Dangerous Part 2,The Great Pillar (Lemmix ver.),False,100.79,Easy,low,True,,,fan:lldb-191,Lemmings platinum Dangerous Part 2.dat#13
1957,Lemmings platinum Dangerous Part 2,Home sweet home,False,103.25,Easy,low,True,,,fan:lldb-191,Lemmings platinum Dangerous Part 2.dat#14
1958,hubbart8,The easy level,False,80.07,Beginner,low,True,,,fan:lldb-192,hubbart8.dat#0
1959,hubbart8,Any idea for a title???,False,87.34,Beginner,low,True,,,fan:lldb-192,hubbart8.dat#1
1960,hubbart8,Another lost civilisation...,False,67.25,Beginner,low,True,,,fan:lldb-192,hubbart8.dat#2
1961,hubbart8,A blue level,False,77,Beginner,low,True,,,fan:lldb-192,hubbart8.dat#3
1962,hubbart8,Level with a twist,False,80.07,Beginner,low,True,,,fan:lldb-192,hubbart8.dat#4
1963,hubbart8,Steel works,False,74.84,Beginner,low,True,,,fan:lldb-192,hubbart8.dat#5
1964,hubbart8,Lemsterdam,False,93.19,Beginner,low,True,,,fan:lldb-192,hubbart8.dat#6
1965,Gronklems 0,Lemmy go,False,96.07,Beginner,low,True,,,fan:lldb-193,Gronklems #1.dat#0
1966,Gronklems 0,"City lemming, Country lemming",False,98.55,Beginner,low,True,,,fan:lldb-193,Gronklems #1.dat#1
1967,Gronklems 0,The single pillar incedent,False,67.25,Beginner,low,True,,,fan:lldb-193,Gronklems #1.dat#2
1968,Gronklems 0,Multitasking  island,False,100.54,Easy,low,True,,,fan:lldb-193,Gronklems #1.dat#3
1969,Gronklems 0,The case of the floating dots,False,86.45,Beginner,low,True,,,fan:lldb-193,Gronklems #1.dat#4
1970,Gronklems 0,Caving lemmings,False,102,Easy,low,True,,,fan:lldb-193,Gronklems #1.dat#5
1971,Gronklems 0,Scaffolding,False,79.88,Beginner,low,True,,,fan:lldb-193,Gronklems #1.dat#6
1972,Gronklems 0,This level is not a joke,False,113.04,Easy,low,True,,,fan:lldb-193,Gronklems #1.dat#7
1973,Gronklems 0,Torture machine prototype #74,False,91.6,Beginner,low,True,,,fan:lldb-193,Gronklems #1.dat#8
1974,Gronklems 0,In the lemming factory,False,105.55,Easy,low,True,,,fan:lldb-193,Gronklems #1.dat#9
1975,ClamSpamXmas10,Turnaround demo #Inf,False,77,Beginner,low,True,,,fan:lldb-194,ClamSpamXmas10.dat#0
1976,ClamSpamXmas10,Wall hacks,False,77,Beginner,low,True,,,fan:lldb-194,ClamSpamXmas10.dat#1
1977,ClamSpamXmas10,A.T. on a shoestring,False,75.25,Beginner,low,True,,,fan:lldb-194,ClamSpamXmas10.dat#2
1978,ClamSpamXmas10,Oh... Christmas tree.,False,72.15,Beginner,low,True,,,fan:lldb-194,ClamSpamXmas10.dat#3
1979,finpack 01,Magic Wishing Wells,False,87.06,Beginner,low,True,,,fan:lldb-195,finpak01.DAT#0
1980,finpack 01,A little bit too short?,False,80.5,Beginner,low,True,,,fan:lldb-195,finpak01.DAT#1
1981,finpack 01,Fiery Depths,False,104.8,Easy,low,True,,,fan:lldb-195,finpak01.DAT#2
1982,finpack 01,The Lazy Lemming,False,69,Beginner,low,True,,,fan:lldb-195,finpak01.DAT#3
1983,finpack 01,Follow the big red arrow,False,110.83,Easy,low,True,,,fan:lldb-195,finpak01.DAT#4
1984,finpack 01,Chrysanthemum paradise,False,64.55,Beginner,low,True,,,fan:lldb-195,finpak01.DAT#5
1985,nortpack1,The Crusher,False,117.3,Easy,low,True,,,fan:lldb-196,nortpack1.dat#0
1986,nortpack1,With All Deliberate Speed,False,81.38,Beginner,low,True,,,fan:lldb-196,nortpack1.dat#1
1987,nortpack1,The Great Outdoors,False,71.94,Beginner,low,True,,,fan:lldb-196,nortpack1.dat#2
1988,nortpack1,Prison Break,False,106.38,Easy,low,True,,,fan:lldb-196,nortpack1.dat#3
1989,nortpack1,City of Satan,False,81.38,Beginner,low,True,,,fan:lldb-196,nortpack1.dat#4
1990,nortpack1,The Limit,False,84.96,Beginner,low,True,,,fan:lldb-196,nortpack1.dat#5
1991,nortpack1,Ball Pit,False,90.4,Beginner,low,True,,,fan:lldb-196,nortpack1.dat#6
1992,nortpack1,Lem Dunk,False,113.24,Easy,low,True,,,fan:lldb-196,nortpack1.dat#7
1993,nortpack1,Unidentified Lemming Object,False,78.56,Beginner,low,True,,,fan:lldb-196,nortpack1.dat#8
1994,nortpack1,Crystal Village,False,103.71,Easy,low,True,,,fan:lldb-196,nortpack1.dat#9
1995,TimballistoPack2,The Icey Collision,False,88.87,Beginner,low,True,,,fan:lldb-197,Pack 2.DAT#0
1996,TimballistoPack2,THE ULTIMATE MINER,False,102,Easy,low,True,,,fan:lldb-197,Pack 2.DAT#1
1997,TimballistoPack2,"It was April, 1954, when...",False,77.93,Beginner,low,True,,,fan:lldb-197,Pack 2.DAT#2
1998,TimballistoPack2,But it's down there!,False,38.53,Beginner,low,True,,,fan:lldb-197,Pack 2.DAT#3
1999,TimballistoPack2,Lemming Tool & Die Co.,False,96.68,Beginner,low,True,,,fan:lldb-197,Pack 2.DAT#4
2000,TimballistoPack2,Transmission Interuption Lemming,False,76.75,Beginner,low,True,,,fan:lldb-197,Pack 2.DAT#5
2001,TimballistoPack2,Lemmings vs. the steel industry,False,103.4,Easy,low,True,,,fan:lldb-197,Pack 2.DAT#6
2002,TimballistoPack2,The Lon Lon,False,76.53,Beginner,low,True,,,fan:lldb-197,Pack 2.DAT#7
2003,TimballistoPack3,The Secret of the Hidden Lake,False,75.12,Beginner,low,True,,,fan:lldb-198,PACK3.DAT#0
2004,TimballistoPack3,So who's on first?,False,77,Beginner,low,True,,,fan:lldb-198,PACK3.DAT#1
2005,TimballistoPack3,THE DOMINATIVE IS THE INEVITABLE,False,97.92,Beginner,low,True,,,fan:lldb-198,PACK3.DAT#2
2006,TimballistoPack3,Right left ace spades & side ace,False,73.25,Beginner,low,True,,,fan:lldb-198,PACK3.DAT#3
2007,TimballistoPack3,The Selhajek Arbenition.,False,83.59,Beginner,low,True,,,fan:lldb-198,PACK3.DAT#4
2008,TimballistoPack3,Box of Lemmings-Econo Size,False,70.75,Beginner,low,True,,,fan:lldb-198,PACK3.DAT#5
2009,TimballistoPack3,The Box of Tranquility...or not,False,58.19,Beginner,low,True,,,fan:lldb-198,PACK3.DAT#6
2010,TimballistoPack3,"Kauf, kauft, kaufen Sie...",False,114.5,Easy,low,True,,,fan:lldb-198,PACK3.DAT#7
2011,TMChallenge,Just as complicated as it looks,False,112.88,Easy,low,True,,,fan:lldb-199,TMChallenge.dat#0
2012,TMChallenge,Smile if you love decoration,False,98.25,Beginner,low,True,,"replay saved mismatch: expected 20, got 0",fan:lldb-199,TMChallenge.dat#1
2013,TMChallenge,Lemming Sherbet,False,104.75,Easy,low,True,,,fan:lldb-199,TMChallenge.dat#2
2014,TMChallenge,Turn around and despair,False,83.41,Beginner,low,True,,,fan:lldb-199,TMChallenge.dat#3
2015,TMChallenge,Get a little extra help,False,98.08,Beginner,low,True,,"replay saved mismatch: expected 40, got 0",fan:lldb-199,TMChallenge.dat#4
2016,TMChallenge,Hocus Pocus,False,102,Easy,low,True,,"replay saved mismatch: expected 5, got 0",fan:lldb-199,TMChallenge.dat#5
2017,TMChallenge,Who you gonna call?,False,70.25,Beginner,low,True,,"replay saved mismatch: expected 77, got 0",fan:lldb-199,TMChallenge.dat#6
2018,TMChallenge,The Frantic Lemming Antic,False,115.9,Easy,low,True,,"replay saved mismatch: expected 2, got 0",fan:lldb-199,TMChallenge.dat#7
2019,TMChallenge,Enjoy the trip!,False,108.25,Easy,low,True,,,fan:lldb-199,TMChallenge.dat#8
2020,TMChallenge,Forgive Me,False,83,Beginner,low,True,,,fan:lldb-199,TMChallenge.dat#9
2021,Gronklems 4,1) Good Reception.ini,False,90.9,Beginner,low,True,,,fan:lldb-200,Gronklems #4 (v3)/1) Good Reception.ini#-1
2022,Gronklems 4,10) Controlled Explosion.ini,False,100.25,Easy,low,True,,,fan:lldb-200,Gronklems #4 (v3)/10) Controlled Explosion.ini#-1
2023,Gronklems 4,2) Jumble Sale.ini,False,89.5,Beginner,low,True,,,fan:lldb-200,Gronklems #4 (v3)/2) Jumble Sale.ini#-1
2024,Gronklems 4,3) Lemmite.ini,False,98.55,Beginner,low,True,,,fan:lldb-200,Gronklems #4 (v3)/3) Lemmite.ini#-1
2025,Gronklems 4,4) The Bashers Temple.ini,False,86.05,Beginner,low,True,,,fan:lldb-200,Gronklems #4 (v3)/4) The Bashers Temple.ini#-1
2026,Gronklems 4,5) Three Lemmings with One Brick.ini,False,82.6,Beginner,low,True,,,fan:lldb-200,Gronklems #4 (v3)/5) Three Lemmings with One Brick.ini#-1
2027,Gronklems 4,6) Welcome to Lemmingopolis.ini,False,95.1,Beginner,low,True,,,fan:lldb-200,Gronklems #4 (v3)/6) Welcome to Lemmingopolis.ini#-1
2028,Gronklems 4,7) The Pendulemming.ini,False,104.35,Easy,low,True,,,fan:lldb-200,Gronklems #4 (v3)/7) The Pendulemming.ini#-1
2029,Gronklems 4,8) Which Way to Where.ini,False,81.47,Beginner,low,True,,,fan:lldb-200,Gronklems #4 (v3)/8) Which Way to Where.ini#-1
2030,Gronklems 4,9) One Gap from Freedom.ini,False,98.55,Beginner,low,True,,,fan:lldb-200,Gronklems #4 (v3)/9) One Gap from Freedom.ini#-1
2031,Gronklems 4,E1) The Pendulemming CH.ini,False,105.98,Easy,low,True,,,fan:lldb-200,Gronklems #4 (v3)/Extras/E1) The Pendulemming CH.ini#-1
2032,Gronklems 4,E2) Controlled Explosion CH.ini,False,100.25,Easy,low,True,,,fan:lldb-200,Gronklems #4 (v3)/Extras/E2) Controlled Explosion CH.ini#-1
2033,Gronklems 3,1) If Only That Pillar Wasn't There.ini,False,83.69,Beginner,low,True,,,fan:lldb-201,1) If Only That Pillar Wasn't There.ini#-1
2034,Gronklems 3,10) Lemmington under construction.ini,False,102.32,Easy,low,True,,,fan:lldb-201,10) Lemmington under construction.ini#-1
2035,Gronklems 3,2) Wish you had them.ini,False,101.54,Easy,low,True,,,fan:lldb-201,2) Wish you had them.ini#-1
2036,Gronklems 3,3) Get on top of the problem.ini,False,102.1,Easy,low,True,,,fan:lldb-201,3) Get on top of the problem.ini#-1
2037,Gronklems 3,4) Not a Basher Tutorial.ini,False,93.58,Beginner,low,True,,,fan:lldb-201,4) Not a Basher Tutorial.ini#-1
2038,Gronklems 3,5) Not as Simple as it Looks.ini,False,83.25,Beginner,low,True,,,fan:lldb-201,5) Not as Simple as it Looks.ini#-1
2039,Gronklems 3,6) With a Twist!.ini,False,98.1,Beginner,low,True,,,fan:lldb-201,6) With a Twist!.ini#-1
2040,Gronklems 3,7) Get Your Oven Gloves Out!.ini,False,104.25,Easy,low,True,,,fan:lldb-201,7) Get Your Oven Gloves Out!.ini#-1
2041,Gronklems 3,8) Lemming Island.ini,False,92.3,Beginner,low,True,,,fan:lldb-201,8) Lemming Island.ini#-1
2042,Gronklems 3,9) Ruins of three.ini,False,109.97,Easy,low,True,,,fan:lldb-201,9) Ruins of three.ini#-1
2043,mobius1,Askesis.lvl,False,94.12,Beginner,low,True,,,fan:lldb-202,Askesis.lvl#-1
2044,mobius1,Jacob's Ladder.lvl,False,89.5,Beginner,low,True,,,fan:lldb-202,Jacob's Ladder.lvl#-1
2045,mobius1,LemmingsInArms.lvl,False,107.8,Easy,low,True,,,fan:lldb-202,LemmingsInArms.lvl#-1
2046,mobius1,LemmingsInMotion.lvl,False,95.53,Beginner,low,True,,,fan:lldb-202,LemmingsInMotion.lvl#-1
2047,mobius1,Ouch Me Head.lvl,False,77,Beginner,low,True,,,fan:lldb-202,Ouch Me Head.lvl#-1
2048,mobius1,PlanB.lvl,False,100.38,Easy,low,True,,,fan:lldb-202,PlanB.lvl#-1
2049,mobius1,Roundabout.lvl,False,103.4,Easy,low,True,,,fan:lldb-202,Roundabout.lvl#-1
2050,mobius1,fearfulSymmetry.lvl,False,87.65,Beginner,low,True,,,fan:lldb-202,fearfulSymmetry.lvl#-1
2051,mobius1,hard to port!.lvl,False,100.7,Easy,low,True,,,fan:lldb-202,hard to port!.lvl#-1
2052,mobius1,Roundabout,False,103.4,Easy,low,True,,,fan:lldb-202,mobius1.dat#0
2053,mobius1,Lemmings in Arms,False,107.8,Easy,low,True,,,fan:lldb-202,mobius1.dat#1
2054,mobius1,Hard to Port!,False,100.7,Easy,low,True,,,fan:lldb-202,mobius1.dat#2
2055,mobius1,Plan B,False,100.38,Easy,low,True,,,fan:lldb-202,mobius1.dat#3
2056,mobius1,Lemmings in Motion,False,95.53,Beginner,low,True,,,fan:lldb-202,mobius1.dat#4
2057,mobius1,Jacob's Ladder,False,89.5,Beginner,low,True,,,fan:lldb-202,mobius1.dat#5
2058,mobius1,Askesis,False,94.12,Beginner,low,True,,,fan:lldb-202,mobius1.dat#6
2059,mobius1,A Fearful Symmetry,False,87.65,Beginner,low,True,,,fan:lldb-202,mobius1.dat#7
2060,mobius1,The Exit is Right There!!,False,100.7,Easy,low,True,,,fan:lldb-202,mobius1.dat#8
2061,mobius1,Ouch Me Head,False,77,Beginner,low,True,,,fan:lldb-202,mobius1.dat#9
2062,mobius1,theExitIsRightThere!.lvl,False,100.7,Easy,low,True,,,fan:lldb-202,theExitIsRightThere!.lvl#-1
2063,Gronklems 6,1) Unclimb that cliff!.ini,False,79.88,Beginner,low,True,,,fan:lldb-203,Gronklems 6 v2/1) Unclimb that cliff!.ini#-1
2064,Gronklems 6,10) Bring it Together!.ini,False,118.7,Easy,low,True,,,fan:lldb-203,Gronklems 6 v2/10) Bring it Together!.ini#-1
2065,Gronklems 6,2) Lemming Storage Facility.ini,False,102,Easy,low,True,,,fan:lldb-203,Gronklems 6 v2/2) Lemming Storage Facility.ini#-1
2066,Gronklems 6,3) Mystery Machine.ini,False,93.7,Beginner,low,True,,,fan:lldb-203,Gronklems 6 v2/3) Mystery Machine.ini#-1
2067,Gronklems 6,4) Balancing Act.ini,False,95.75,Beginner,low,True,,,fan:lldb-203,Gronklems 6 v2/4) Balancing Act.ini#-1
2068,Gronklems 6,5) Ancient Clockwork.ini,False,72,Beginner,low,True,,,fan:lldb-203,Gronklems 6 v2/5) Ancient Clockwork.ini#-1
2069,Gronklems 6,6) Radioactive Lemming!.ini,False,112.33,Easy,low,True,,,fan:lldb-203,Gronklems 6 v2/6) Radioactive Lemming!.ini#-1
2070,Gronklems 6,7) LemDotAvi.ini,False,102,Easy,low,True,,,fan:lldb-203,Gronklems 6 v2/7) LemDotAvi.ini#-1
2071,Gronklems 6,8) Just Over the Hill.ini,False,89.5,Beginner,low,True,,,fan:lldb-203,Gronklems 6 v2/8) Just Over the Hill.ini#-1
2072,Gronklems 6,9) Emerald City.ini,False,73.5,Beginner,low,True,,,fan:lldb-203,Gronklems 6 v2/9) Emerald City.ini#-1
2073,Gronklems 6,1) Unclimb that cliff!.ini,False,79.88,Beginner,low,True,,,fan:lldb-203,Original Levels/1) Unclimb that cliff!.ini#-1
2074,Gronklems 6,10) Bring it Together!.ini,False,117.3,Easy,low,True,,,fan:lldb-203,Original Levels/10) Bring it Together!.ini#-1
2075,Gronklems 6,2) Lemming Storage Facility.ini,False,102,Easy,low,True,,,fan:lldb-203,Original Levels/2) Lemming Storage Facility.ini#-1
2076,Gronklems 6,3) Mystery Machine.ini,False,93.7,Beginner,low,True,,,fan:lldb-203,Original Levels/3) Mystery Machine.ini#-1
2077,Gronklems 6,4) Balancing Act.ini,False,95.75,Beginner,low,True,,,fan:lldb-203,Original Levels/4) Balancing Act.ini#-1
2078,Gronklems 6,5) Ancient Clockwork.ini,False,72,Beginner,low,True,,,fan:lldb-203,Original Levels/5) Ancient Clockwork.ini#-1
2079,Gronklems 6,6) Radioactive Lemming!.ini,False,112.33,Easy,low,True,,,fan:lldb-203,Original Levels/6) Radioactive Lemming!.ini#-1
2080,Gronklems 6,7) Attack From Four Directions.ini,False,104.8,Easy,low,True,,,fan:lldb-203,Original Levels/7) Attack From Four Directions.ini#-1
2081,Gronklems 6,8) Just Over the Hill.ini,False,90.9,Beginner,low,True,,,fan:lldb-203,Original Levels/8) Just Over the Hill.ini#-1
2082,Gronklems 6,9) Emerald City.ini,False,73.5,Beginner,low,True,,,fan:lldb-203,Original Levels/9) Emerald City.ini#-1
2083,Gronklems 5,1) Inside the Pyramid.ini,False,101.35,Easy,low,True,,,fan:lldb-204,Gronklems #5/1) Inside the Pyramid.ini#-1
2084,Gronklems 5,10) The Giants Leap.ini,False,113.42,Easy,low,True,,,fan:lldb-204,Gronklems #5/10) The Giants Leap.ini#-1
2085,Gronklems 5,2) Crossing the Chasm.ini,False,84.65,Beginner,low,True,,,fan:lldb-204,Gronklems #5/2) Crossing the Chasm.ini#-1
2086,Gronklems 5,3) Drifting Away....ini,False,67.25,Beginner,low,True,,,fan:lldb-204,Gronklems #5/3) Drifting Away....ini#-1
2087,Gronklems 5,4) Brick City.ini,False,90.9,Beginner,low,True,,,fan:lldb-204,Gronklems #5/4) Brick City.ini#-1
2088,Gronklems 5,5) Bubble Bath.ini,False,69,Beginner,low,True,,,fan:lldb-204,Gronklems #5/5) Bubble Bath.ini#-1
2089,Gronklems 5,6) Restoration in Progress.ini,False,90.9,Beginner,low,True,,,fan:lldb-204,Gronklems #5/6) Restoration in Progress.ini#-1
2090,Gronklems 5,7) Where Clouds are Made.ini,False,101.75,Easy,low,True,,,fan:lldb-204,Gronklems #5/7) Where Clouds are Made.ini#-1
2091,Gronklems 5,8) Antarctic Secret Base.ini,False,95.28,Beginner,low,True,,,fan:lldb-204,Gronklems #5/8) Antarctic Secret Base.ini#-1
2092,Gronklems 5,9) Optical Fibre Land.ini,False,95.75,Beginner,low,True,,,fan:lldb-204,Gronklems #5/9) Optical Fibre Land.ini#-1
2093,Gronklems 5,1) Inside the Pyramid.ini,False,101.35,Easy,low,True,,,fan:lldb-204,Original levels/1) Inside the Pyramid.ini#-1
2094,Gronklems 5,10) The Giants Leap.ini,False,113.42,Easy,low,True,,,fan:lldb-204,Original levels/10) The Giants Leap.ini#-1
2095,Gronklems 5,2) Crossing the Chasm.ini,False,84.65,Beginner,low,True,,,fan:lldb-204,Original levels/2) Crossing the Chasm.ini#-1
2096,Gronklems 5,3) Drifting Away....ini,False,67.25,Beginner,low,True,,,fan:lldb-204,Original levels/3) Drifting Away....ini#-1
2097,Gronklems 5,4) Brick City.ini,False,90.9,Beginner,low,True,,,fan:lldb-204,Original levels/4) Brick City.ini#-1
2098,Gronklems 5,5) Bubble Bath.ini,False,69,Beginner,low,True,,,fan:lldb-204,Original levels/5) Bubble Bath.ini#-1
2099,Gronklems 5,6) Restoration in Progress.ini,False,81.5,Beginner,low,True,,,fan:lldb-204,Original levels/6) Restoration in Progress.ini#-1
2100,Gronklems 5,7) Where Clouds are Made.ini,False,101.75,Easy,low,True,,,fan:lldb-204,Original levels/7) Where Clouds are Made.ini#-1
2101,Gronklems 5,8) Antarctic Secret Base.ini,False,93.88,Beginner,low,True,,,fan:lldb-204,Original levels/8) Antarctic Secret Base.ini#-1
2102,Gronklems 5,9) Optical Fibre Land.ini,False,87.75,Beginner,low,True,,,fan:lldb-204,Original levels/9) Optical Fibre Land.ini#-1
2103,mobius2,Going Down?,False,97.15,Beginner,low,True,,,fan:lldb-205,mobius2.dat#0
2104,mobius2,The Picard Maneuver part 1,False,89.5,Beginner,low,True,,,fan:lldb-205,mobius2.dat#1
2105,mobius2,"Exit, Stage Right",False,99.93,Beginner,low,True,,,fan:lldb-205,mobius2.dat#2
2106,mobius2,The Italian Job,False,97.15,Beginner,low,True,,,fan:lldb-205,mobius2.dat#3
2107,mobius2,Sneaky Pete,False,104.8,Easy,low,True,,,fan:lldb-205,mobius2.dat#4
2108,mobius2,Tinker Tailor Soldier Lemming,False,107.32,Easy,low,True,,,fan:lldb-205,mobius2.dat#5
2109,mobius2,Eye of the Needle,False,92.25,Beginner,low,True,,,fan:lldb-205,mobius2.dat#6
2110,mobius2,Conundrum,False,89.5,Beginner,low,True,,,fan:lldb-205,mobius2.dat#7
2111,mobius2,The Picard Maneuver part 2,False,89.5,Beginner,low,True,,,fan:lldb-205,mobius2.dat#8
2112,mobius2,Love and Hard Times,False,90.9,Beginner,low,True,,,fan:lldb-205,mobius2.dat#9
2113,mobius 3,1 Transit Timing Variations.ini,False,91,Beginner,low,True,,,fan:lldb-206,1 Transit Timing Variations.ini#-1
2114,mobius 3,10 Just Another Random Brick Level.ini,False,104.33,Easy,low,True,,,fan:lldb-206,10 Just Another Random Brick Level.ini#-1
2115,mobius 3,2 Three'sCompany.ini,False,93.97,Beginner,low,True,,,fan:lldb-206,2 Three'sCompany.ini#-1
2116,mobius 3,3 Baptism by Fire.ini,False,99.73,Beginner,low,True,,,fan:lldb-206,3 Baptism by Fire.ini#-1
2117,mobius 3,4 Babylon Fading.ini,False,93.05,Beginner,low,True,,,fan:lldb-206,4 Babylon Fading.ini#-1
2118,mobius 3,5 The Lemming With the Golden Gun.ini,False,95.3,Beginner,low,True,,,fan:lldb-206,5 The Lemming With the Golden Gun.ini#-1
2119,mobius 3,6 The French Connection.ini,False,104.8,Easy,low,True,,,fan:lldb-206,6 The French Connection.ini#-1
2120,mobius 3,7 The Midas Touch.ini,False,100.81,Easy,low,True,,,fan:lldb-206,7 The Midas Touch.ini#-1
2121,mobius 3,8 Tres Hombres.ini,False,104.8,Easy,low,True,,,fan:lldb-206,8 Tres Hombres.ini#-1
2122,mobius 3,9 Rude Mood.ini,False,101.55,Easy,low,True,,,fan:lldb-206,9 Rude Mood.ini#-1
2123,LF level design contest 1,Tres Hombres,False,117.3,Easy,low,True,,,fan:lldb-207,contest1.dat#0
2124,LF level design contest 1,Prize catch,False,116.89,Easy,low,True,,,fan:lldb-207,contest1.dat#1
2125,LF level design contest 1,Brute Fours,False,114.05,Easy,low,True,,,fan:lldb-207,contest1.dat#2
2126,LF level design contest 1,Feel the Pressure,False,113.95,Easy,low,True,,,fan:lldb-207,contest1.dat#3
2127,LF level design contest 1,Evacuating a Retirement Home,False,111.84,Easy,low,True,,,fan:lldb-207,contest1.dat#4
2128,LF level design contest 1,A sea of purest green,False,115.68,Easy,low,True,,,fan:lldb-207,contest1.dat#5
2129,LF level design contest 1,The Isle of Skye,False,114.82,Easy,low,True,,,fan:lldb-207,contest1.dat#6
2130,LF level design contest 1,"The ""Hole in the Head"" Gang",False,115.49,Easy,low,True,,,fan:lldb-207,contest1.dat#7
2131,LF level design contest 1,Stroke at Retirement Age,False,114.28,Easy,low,True,,,fan:lldb-207,contest1.dat#8
2132,Gronklems 7,1) Lemmings Are Not Big Trucks.ini,False,83.25,Beginner,low,True,,,fan:lldb-208,Gronklems 7/1) Lemmings Are Not Big Trucks.ini#-1
2133,Gronklems 7,10) A DINOSAUR BLOCKS THE WAY.ini,False,75,Beginner,low,True,,,fan:lldb-208,Gronklems 7/10) A DINOSAUR BLOCKS THE WAY.ini#-1
2134,Gronklems 7,2) Getting Stuck in a Cave.ini,False,106.38,Easy,low,True,,,fan:lldb-208,Gronklems 7/2) Getting Stuck in a Cave.ini#-1
2135,Gronklems 7,3) Crossover.ini,False,103.4,Easy,low,True,,,fan:lldb-208,Gronklems 7/3) Crossover.ini#-1
2136,Gronklems 7,4) Now use Miners and Builders!.ini,False,77,Beginner,low,True,,,fan:lldb-208,Gronklems 7/4) Now use Miners and Builders!.ini#-1
2137,Gronklems 7,5) HELP.ini,False,100.74,Easy,low,True,,,fan:lldb-208,Gronklems 7/5) HELP.ini#-1
2138,Gronklems 7,6) GLITCHSPACE.ini,False,81.5,Beginner,low,True,,,fan:lldb-208,Gronklems 7/6) GLITCHSPACE.ini#-1
2139,Gronklems 7,7) Blocked Bridge.ini,False,90.9,Beginner,low,True,,,fan:lldb-208,Gronklems 7/7) Blocked Bridge.ini#-1
2140,Gronklems 7,8) Industrial Park.ini,False,92.3,Beginner,low,True,,,fan:lldb-208,Gronklems 7/8) Industrial Park.ini#-1
2141,Gronklems 7,9) Four Quarters.ini,False,87.75,Beginner,low,True,,,fan:lldb-208,Gronklems 7/9) Four Quarters.ini#-1
2142,grams88 1,1)Calder Glen.ini,False,87.75,Beginner,low,True,,,fan:lldb-209,grams88 Levels/1)Calder Glen.ini#-1
2143,grams88 1,10)The Havoc of three.ini,False,81.5,Beginner,low,True,,,fan:lldb-209,grams88 Levels/10)The Havoc of three.ini#-1
2144,grams88 1,2)Dying Lemmings.ini,False,52.88,Beginner,low,True,,,fan:lldb-209,grams88 Levels/2)Dying Lemmings.ini#-1
2145,grams88 1,3)08 BC lost temple.ini,False,77.75,Beginner,low,True,,,fan:lldb-209,grams88 Levels/3)08 BC lost temple.ini#-1
2146,grams88 1,4)Random Dream.ini,False,100.25,Easy,low,True,,,fan:lldb-209,grams88 Levels/4)Random Dream.ini#-1
2147,grams88 1,5)Lemmings at work.ini,False,92.38,Beginner,low,True,,,fan:lldb-209,grams88 Levels/5)Lemmings at work.ini#-1
2148,grams88 1,6)Linear Level.ini,False,54.75,Beginner,low,True,,,fan:lldb-209,grams88 Levels/6)Linear Level.ini#-1
2149,grams88 1,7)Burst Pipe.ini,False,87.75,Beginner,low,True,,,fan:lldb-209,grams88 Levels/7)Burst Pipe.ini#-1
2150,grams88 1,8)snow endurance.ini,False,88.19,Beginner,low,True,,,fan:lldb-209,grams88 Levels/8)snow endurance.ini#-1
2151,grams88 1,9)Stuck in the pipe.ini,False,85.88,Beginner,low,True,,,fan:lldb-209,grams88 Levels/9)Stuck in the pipe.ini#-1
2152,timelimits,The one way block,False,113.2,Easy,low,True,,,fan:lldb-210,timelimits.dat#0
2153,timelimits,A simple building level,False,111.25,Easy,low,True,,,fan:lldb-210,timelimits.dat#1
2154,timelimits,Enjoy the Ride,False,102,Easy,low,True,,,fan:lldb-210,timelimits.dat#2
2155,timelimits,Around the steel,False,84.92,Beginner,low,True,,,fan:lldb-210,timelimits.dat#3
2156,timelimits,Not too hard...,False,87.5,Beginner,low,True,,,fan:lldb-210,timelimits.dat#4
2157,timelimits,Shippy Structure,False,114.6,Easy,low,True,,,fan:lldb-210,timelimits.dat#5
2158,timelimits,Towards the pit,False,100.05,Easy,low,True,,,fan:lldb-210,timelimits.dat#6
2159,timelimits,Digging the pillar away,False,100.05,Easy,low,True,,,fan:lldb-210,timelimits.dat#7
2160,timelimits,Quickly through that tunnel!,False,101.75,Easy,low,True,,,fan:lldb-210,timelimits.dat#8
2161,timelimits,Black Web,False,105,Easy,low,True,,,fan:lldb-210,timelimits.dat#9
2162,grams88 2,1)Go for life.ini,False,72.94,Beginner,low,True,,,fan:lldb-211,More Levels/1)Go for life.ini#-1
2163,grams88 2,10)Mr Havoc has returned.ini,False,81.25,Beginner,low,True,,,fan:lldb-211,More Levels/10)Mr Havoc has returned.ini#-1
2164,grams88 2,2)A tiny problem.ini,False,88.3,Beginner,low,True,,,fan:lldb-211,More Levels/2)A tiny problem.ini#-1
2165,grams88 2,3)House location change.ini,False,101.3,Easy,low,True,,,fan:lldb-211,More Levels/3)House location change.ini#-1
2166,grams88 2,4)Ice morning not.ini,False,100.25,Easy,low,True,,,fan:lldb-211,More Levels/4)Ice morning not.ini#-1
2167,grams88 2,5)Sacrifice.ini,False,85.75,Beginner,low,True,,,fan:lldb-211,More Levels/5)Sacrifice.ini#-1
2168,grams88 2,6)Ten allowed to die.ini,False,63.19,Beginner,low,True,,,fan:lldb-211,More Levels/6)Ten allowed to die.ini#-1
2169,grams88 2,7)Lemming Factory.ini,False,76.3,Beginner,low,True,,,fan:lldb-211,More Levels/7)Lemming Factory.ini#-1
2170,grams88 2,8)Plan Carefully.ini,False,61,Beginner,low,True,,,fan:lldb-211,More Levels/8)Plan Carefully.ini#-1
2171,grams88 2,9)High sand castle.ini,False,98.38,Beginner,low,True,,,fan:lldb-211,More Levels/9)High sand castle.ini#-1
2172,TimballistoPack4,QUICK EVACUATION PROCEDURE 57...,False,89.5,Beginner,low,True,,,fan:lldb-212,PACK4.DAT#0
2173,TimballistoPack4,I think we forgot something...,False,69,Beginner,low,True,,,fan:lldb-212,PACK4.DAT#1
2174,TimballistoPack4,"""I suppose that's an exception?""",False,103.18,Easy,low,True,,,fan:lldb-212,PACK4.DAT#2
2175,TimballistoPack4,Another one o' them line levels?,False,108.25,Easy,low,True,,,fan:lldb-212,PACK4.DAT#3
2176,TimballistoPack4,The old abandoned mine shafts...,False,61,Beginner,low,True,,,fan:lldb-212,PACK4.DAT#4
2177,TimballistoPack4,Who thought up THIS stupid wall?,False,99.95,Beginner,low,True,,,fan:lldb-212,PACK4.DAT#5
2178,TimballistoPack4,The Pipes,False,97.81,Beginner,low,True,,,fan:lldb-212,PACK4.DAT#6
2179,TimballistoPack4,There seems to be a problem dude,False,95.5,Beginner,low,True,,,fan:lldb-212,PACK4.DAT#7
2180,Jammer Pack 01 preview,Click Right In Tick,False,64.12,Beginner,low,True,,,fan:lldb-213,JamPack01prev.dat#0
2181,Jammer Pack 01 preview,Bomb Your Own Hole,False,67.05,Beginner,low,True,,,fan:lldb-213,JamPack01prev.dat#1
2182,Jammer Pack 01 preview,Crystal Clearance,False,88.85,Beginner,low,True,,,fan:lldb-213,JamPack01prev.dat#2
2183,Jammer Pack 01 preview,Moss And Iron,False,86.05,Beginner,low,True,,,fan:lldb-213,JamPack01prev.dat#3
2184,Jammer Pack 01 preview,Burn Bridges Behind,False,74.9,Beginner,low,True,,,fan:lldb-213,JamPack01prev.dat#4
2185,LF Level Jam 1,Miracle Freezly,False,104.15,Easy,low,True,,,fan:lldb-214,LF Level Jam #1.dat#0
2186,LF Level Jam 1,Electric Factory,False,82.62,Beginner,low,True,,,fan:lldb-214,LF Level Jam #1.dat#1
2187,LF Level Jam 1,The Pillars of Creation,False,90.9,Beginner,low,True,,,fan:lldb-214,LF Level Jam #1.dat#2
2188,LF Level Jam 1,Mazeochism,False,103.15,Easy,low,True,,,fan:lldb-214,LF Level Jam #1.dat#3
2189,LF Level Jam 1,Switchback Symmetry,False,77.93,Beginner,low,True,,,fan:lldb-214,LF Level Jam #1.dat#4
2190,LF Level Jam 1,Utopia,False,102,Easy,low,True,,,fan:lldb-214,LF Level Jam #1.dat#5
2191,LF Level Jam 1,Crysilis,False,95.75,Beginner,low,True,,,fan:lldb-214,LF Level Jam #1.dat#6
2192,LF Level Jam 1,Lemming Sound System,False,61.52,Beginner,low,True,,,fan:lldb-214,LF Level Jam #1.dat#7
2193,Plinto,1 Fracture.ini,False,98.75,Beginner,low,True,,,fan:lldb-215,1 Fracture.ini#-1
2194,Plinto,10 suspended animation.ini,False,100.45,Easy,low,True,,,fan:lldb-215,10 suspended animation.ini#-1
2195,Plinto,2 Over My Head.ini,False,106.5,Easy,low,True,,,fan:lldb-215,2 Over My Head.ini#-1
2196,Plinto,3 It Takes Time to Build.ini,False,94.49,Beginner,low,True,,,fan:lldb-215,3 It Takes Time to Build.ini#-1
2197,Plinto,4 Hook Line and Sinker.ini,False,98.55,Beginner,low,True,,,fan:lldb-215,4 Hook Line and Sinker.ini#-1
2198,Plinto,5 five for fighting.ini,False,97.15,Beginner,low,True,,,fan:lldb-215,5 five for fighting.ini#-1
2199,Plinto,6 Last Lemming Standing.ini,False,98.55,Beginner,low,True,,,fan:lldb-215,6 Last Lemming Standing.ini#-1
2200,Plinto,7 Fractured.ini,False,105,Easy,low,True,,,fan:lldb-215,7 Fractured.ini#-1
2201,Plinto,8 Operation Barbarossa.ini,False,84.65,Beginner,low,True,,,fan:lldb-215,8 Operation Barbarossa.ini#-1
2202,Plinto,9 The Lemming Lies Down on Broadway.ini,False,101.23,Easy,low,True,,,fan:lldb-215,9 The Lemming Lies Down on Broadway.ini#-1
2203,PSP Special 1 10 of 36,Climb to victory,False,36.75,Beginner,low,True,,,fan:lldb-216,LEVELPAK.DAT#0
2204,PSP Special 1 10 of 36,Save the Lemmings with Floaters,False,43,Beginner,low,True,,,fan:lldb-216,LEVELPAK.DAT#1
2205,PSP Special 1 10 of 36,"Dig Down, Bash Across",False,49.25,Beginner,low,True,,,fan:lldb-216,LEVELPAK.DAT#2
2206,PSP Special 1 10 of 36,"Block first, Explode second",False,52.62,Beginner,low,True,,,fan:lldb-216,LEVELPAK.DAT#3
2207,PSP Special 1 10 of 36,"Bridge Across, Mine Through",False,52.75,Beginner,low,True,,,fan:lldb-216,LEVELPAK.DAT#4
2208,PSP Special 1 10 of 36,BashintheDirectionoftheArrows,False,60.75,Beginner,low,True,,,fan:lldb-216,LEVELPAK.DAT#5
2209,PSP Special 1 10 of 36,Crystal point,False,98.75,Beginner,low,True,,,fan:lldb-216,LEVELPAK.DAT#6
2210,PSP Special 1 10 of 36,"So near, so far",False,81.5,Beginner,low,True,,,fan:lldb-216,LEVELPAK.DAT#7
2211,PSP Special 1 10 of 36,Pillar talking,False,81.25,Beginner,low,True,,,fan:lldb-216,LEVELPAK.DAT#8
2212,PSP Special 1 10 of 36,Just 17,False,112.69,Easy,low,True,,,fan:lldb-216,LEVELPAK.DAT#9
2213,PSP Special 11 26 of 36,Down the line,False,69,Beginner,low,True,,,fan:lldb-217,PSP Special.dat#0
2214,PSP Special 11 26 of 36,A to B,False,94,Beginner,low,True,,,fan:lldb-217,PSP Special.dat#1
2215,PSP Special 11 26 of 36,Chain reaction,False,57.75,Beginner,low,True,,,fan:lldb-217,PSP Special.dat#2
2216,PSP Special 11 26 of 36,Tunnel vision,False,90.9,Beginner,low,True,,,fan:lldb-217,PSP Special.dat#3
2217,PSP Special 11 26 of 36,Two good friends,False,75.25,Beginner,low,True,,,fan:lldb-217,PSP Special.dat#4
2218,PSP Special 11 26 of 36,One man does all the hard work,False,75.25,Beginner,low,True,,,fan:lldb-217,PSP Special.dat#5
2219,PSP Special 11 26 of 36,Release is the word,False,81.38,Beginner,low,True,,,fan:lldb-217,PSP Special.dat#6
2220,PSP Special 11 26 of 36,The run around,False,83.25,Beginner,low,True,,,fan:lldb-217,PSP Special.dat#7
2221,PSP Special 11 26 of 36,Three steps to heaven,False,102,Easy,low,True,,,fan:lldb-217,PSP Special.dat#8
2222,PSP Special 11 26 of 36,Lemming toast,False,97.15,Beginner,low,True,,,fan:lldb-217,PSP Special.dat#9
2223,PSP Special 11 26 of 36,Seeing double!,False,84.92,Beginner,low,True,,,fan:lldb-217,PSP Special.dat#10
2224,PSP Special 11 26 of 36,The Wormery,False,60.75,Beginner,low,True,,,fan:lldb-217,PSP Special.dat#11
2225,PSP Special 11 26 of 36,The Flood,False,89.5,Beginner,low,True,,,fan:lldb-217,PSP Special.dat#12
2226,PSP Special 11 26 of 36,with a little help from my Lem,False,83.25,Beginner,low,True,,,fan:lldb-217,PSP Special.dat#13
2227,PSP Special 11 26 of 36,Not as easy as it looks,False,69.12,Beginner,low,True,,,fan:lldb-217,PSP Special.dat#14
2228,PSP Special 11 26 of 36,Back of the net!,False,92.38,Beginner,low,True,,,fan:lldb-217,PSP Special.dat#15
2229,PSP Special 27 36,Wrong points of view,False,79.62,Beginner,low,True,,,fan:lldb-218,PSP Special2.dat#0
2230,PSP Special 27 36,FloatinLightatLemmingHeadHeight,False,72.33,Beginner,low,True,,,fan:lldb-218,PSP Special2.dat#1
2231,PSP Special 27 36,A Bridge Over Lemming Slaugter,False,98.75,Beginner,low,True,,,fan:lldb-218,PSP Special2.dat#2
2232,PSP Special 27 36,The stairs are not floored,False,106.95,Easy,low,True,,,fan:lldb-218,PSP Special2.dat#3
2233,PSP Special 27 36,Quickly now,False,67,Beginner,low,True,,,fan:lldb-218,PSP Special2.dat#4
2234,PSP Special 27 36,Gather round and break away,False,83,Beginner,low,True,,,fan:lldb-218,PSP Special2.dat#5
2235,PSP Special 27 36,Cagey business,False,83.25,Beginner,low,True,,,fan:lldb-218,PSP Special2.dat#6
2236,PSP Special 27 36,"Born a blocker, die a blocker",False,49.15,Beginner,low,True,,,fan:lldb-218,PSP Special2.dat#7
2237,PSP Special 27 36,No justice for the hero,False,73.62,Beginner,low,True,,,fan:lldb-218,PSP Special2.dat#8
2238,PSP Special 27 36,Notch what you think it is!,False,79.88,Beginner,low,True,,,fan:lldb-218,PSP Special2.dat#9
2239,Nepster01,Dunes,False,367.72,Tricky,medium,True,basher;blocker;builder;climber;miner;multiple-worker-coordination,,fan:lldb-219,Nepster01_V6.DAT#0
2240,Nepster01,Dying Dream,False,228.62,Moderate,medium,True,blocker;bomber;builder,,fan:lldb-219,Nepster01_V6.DAT#1
2241,Nepster01,Lemming Playground,False,406.42,Challenging,medium,True,basher;blocker;builder;climber;digger;miner,,fan:lldb-219,Nepster01_V6.DAT#2
2242,Nepster01,Time Gate,False,429.32,Challenging,medium,True,basher;blocker;builder;digger;multiple-worker-coordination,,fan:lldb-219,Nepster01_V6.DAT#3
2243,Nepster01,Travelling Lemmings,False,575.09,Hard,medium,True,basher;blocker;bomber;builder;climber;digger;multiple-worker-coordination,,fan:lldb-219,Nepster01_V6.DAT#4
2244,Nepster01,Dirt Runner,False,297.79,Moderate,medium,True,basher;builder,,fan:lldb-219,Nepster01_V6.DAT#5
2245,Nepster01,Just a random heap of junk!,False,454.46,Challenging,medium,True,basher;blocker;builder;miner;multiple-worker-coordination,,fan:lldb-219,Nepster01_V6.DAT#6
2246,Nepster01,Broken Symmetry,False,371.03,Tricky,medium,True,blocker;bomber;builder;digger;floater;miner,,fan:lldb-219,Nepster01_V6.DAT#7
2247,Nepster01,Bashing & Building,False,375.11,Tricky,medium,True,basher;builder;climber;multiple-worker-coordination,,fan:lldb-219,Nepster01_V6.DAT#8
2248,Nepster01,Devil's Right Hand,False,533.39,Hard,medium,True,basher;blocker;bomber;builder;climber;floater;multiple-worker-coordination,,fan:lldb-219,Nepster01_V6.DAT#9
2249,AkseliPack01,Sparkle & Glitter,False,83.03,Beginner,low,True,,,fan:lldb-220,AkseliPack01.dat#0
2250,AkseliPack01,The Glade of Disbelief,False,74.95,Beginner,low,True,,,fan:lldb-220,AkseliPack01.dat#1
2251,AkseliPack01,For Mr. Dodochacalo & Mr. Pieuw,False,87.45,Beginner,low,True,,,fan:lldb-220,AkseliPack01.dat#2
2252,AkseliPack01,Winter Solstice,False,100.15,Easy,low,True,,,fan:lldb-220,AkseliPack01.dat#3
2253,AkseliPack01,Feel the Pressure,False,114.6,Easy,low,True,,,fan:lldb-220,AkseliPack01.dat#4
2254,AkseliPack01,Why do you all look the same?,False,90.9,Beginner,low,True,,,fan:lldb-220,AkseliPack01.dat#5
2255,AkseliPack01,In the Core,False,78.76,Beginner,low,True,,,fan:lldb-220,AkseliPack01.dat#6
2256,AkseliPack01,Pedantic Lemmings,False,114.6,Easy,low,True,,,fan:lldb-220,AkseliPack01.dat#7
2257,AkseliPack01,Crysilis,False,95.75,Beginner,low,True,,,fan:lldb-220,AkseliPack01.dat#8
2258,AkseliPack01,Zygoptera,False,78.88,Beginner,low,True,,,fan:lldb-220,AkseliPack01.dat#9
2259,ANTHPCK1,Mount. Bashmore,False,75.25,Beginner,low,True,,,fan:lldb-221,ANTHPCK1.DAT#0
2260,ANTHPCK1,Climbing all the way,False,62.75,Beginner,low,True,,,fan:lldb-221,ANTHPCK1.DAT#1
2261,ANTHPCK1,The builders yard,False,97.94,Beginner,low,True,,,fan:lldb-221,ANTHPCK1.DAT#2
2262,ANTHPCK1,A Problemming for diggers,False,83.45,Beginner,low,True,,,fan:lldb-221,ANTHPCK1.DAT#3
2263,ANTHPCK1,The metal walkway,False,114.5,Easy,low,True,,,fan:lldb-221,ANTHPCK1.DAT#4
2264,ANTHPCK1,Drop zone!,False,69.47,Beginner,low,True,,,fan:lldb-221,ANTHPCK1.DAT#5
2265,ANTHPCK1,Roman rendezvous,False,87.75,Beginner,low,True,,,fan:lldb-221,ANTHPCK1.DAT#6
2266,ANTHPCK1,A trap of tricks,False,104.33,Easy,low,True,,,fan:lldb-221,ANTHPCK1.DAT#7
2267,ANTHPCK1,The searing heat!!!,False,89.61,Beginner,low,True,,,fan:lldb-221,ANTHPCK1.DAT#8
2268,ANTHPCK1,Unused blank generic level,False,8,Beginner,low,True,,,fan:lldb-221,ANTHPCK1.DAT#9
2269,ANTHPCK2,Worm your way now...,False,81.5,Beginner,low,True,,,fan:lldb-222,ANTHPCK2.DAT#0
2270,ANTHPCK2,A twisted Platform,False,93.09,Beginner,low,True,,,fan:lldb-222,ANTHPCK2.DAT#1
2271,ANTHPCK2,Bridge Doom,False,74.82,Beginner,low,True,,,fan:lldb-222,ANTHPCK2.DAT#2
2272,ANTHPCK2,Seems simple enough...but,False,102,Easy,low,True,,,fan:lldb-222,ANTHPCK2.DAT#3
2273,ANTHPCK2,The Crystal Maze,False,87.62,Beginner,low,True,,,fan:lldb-222,ANTHPCK2.DAT#4
2274,ANTHPCK2,One plan is...,False,89.5,Beginner,low,True,,,fan:lldb-222,ANTHPCK2.DAT#5
2275,ANTHPCK2,The exit is blocked,False,97.15,Beginner,low,True,,,fan:lldb-222,ANTHPCK2.DAT#6
2276,ANTHPCK2,Only a minute now...,False,93.19,Beginner,low,True,,,fan:lldb-222,ANTHPCK2.DAT#7
2277,ANTHPCK2,Not the obvious route,False,69.12,Beginner,low,True,,,fan:lldb-222,ANTHPCK2.DAT#8
2278,ANTHPCK2,Speedy Gone-lemming,False,99.16,Beginner,low,True,,,fan:lldb-222,ANTHPCK2.DAT#9
2279,ANTHPCK3,Tailor-made for builders,False,69,Beginner,low,True,,,fan:lldb-223,ANTHPCK3.DAT#0
2280,ANTHPCK3,A pillar runs through it,False,99.56,Beginner,low,True,,,fan:lldb-223,ANTHPCK3.DAT#1
2281,ANTHPCK3,One walked over the lemming nest,False,87.75,Beginner,low,True,,,fan:lldb-223,ANTHPCK3.DAT#2
2282,ANTHPCK3,Turn baby Turn.,False,97,Beginner,low,True,,,fan:lldb-223,ANTHPCK3.DAT#3
2283,ANTHPCK3,The lemming bedroom,False,104.18,Easy,low,True,,,fan:lldb-223,ANTHPCK3.DAT#4
2284,ANTHPCK3,Bomb Box!,False,64.47,Beginner,low,True,,,fan:lldb-223,ANTHPCK3.DAT#5
2285,ANTHPCK3,Down in the dumps,False,92.78,Beginner,low,True,,,fan:lldb-223,ANTHPCK3.DAT#6
2286,ANTHPCK3,A trapdoor above the rest.,False,103.4,Easy,low,True,,,fan:lldb-223,ANTHPCK3.DAT#7
2287,ANTHPCK3,Loud and Clear,False,94.12,Beginner,low,True,,,fan:lldb-223,ANTHPCK3.DAT#8
2288,ANTHPCK3,Spiders from Stars,False,114.64,Easy,low,True,,,fan:lldb-223,ANTHPCK3.DAT#9
2289,ANTHPCK4,Snow Lev 1,False,47.5,Beginner,low,True,,,fan:lldb-224,ANTHPCK4.DAT#0
2290,ANTHPCK4,Snow Lev 2,False,95.25,Beginner,low,True,,,fan:lldb-224,ANTHPCK4.DAT#1
2291,ANTHPCK4,Snow Lev 3,False,91.28,Beginner,low,True,,,fan:lldb-224,ANTHPCK4.DAT#2
2292,ANTHPCK4,Snow Lev 4,False,57,Beginner,low,True,,,fan:lldb-224,ANTHPCK4.DAT#3
2293,ANTHPCK4,Snow Lev 5,False,79.75,Beginner,low,True,,,fan:lldb-224,ANTHPCK4.DAT#4
2294,ANTHPCK4,Snow Lev 7,False,84,Beginner,low,True,,,fan:lldb-224,ANTHPCK4.DAT#6
2295,ANTHPCK4,Snow Lev 8,False,84.38,Beginner,low,True,,,fan:lldb-224,ANTHPCK4.DAT#7
2296,ANTHPCK4,Snow Lev 9,False,89.5,Beginner,low,True,,,fan:lldb-224,ANTHPCK4.DAT#8
2297,ANTHPCK4,Snow Lev 10,False,93.9,Beginner,low,True,,,fan:lldb-224,ANTHPCK4.DAT#9
2298,ANTHPCK5,The wall of death,False,101.59,Easy,low,True,,,fan:lldb-225,ANTHPCK5.DAT#0
2299,ANTHPCK5,The delivery service,False,102,Easy,low,True,,,fan:lldb-225,ANTHPCK5.DAT#1
2300,ANTHPCK5,The quick and the dead,False,94,Beginner,low,True,,,fan:lldb-225,ANTHPCK5.DAT#2
2301,ANTHPCK5,Scaffolding,False,113.57,Easy,low,True,,,fan:lldb-225,ANTHPCK5.DAT#3
2302,ANTHPCK5,The holy path,False,109.65,Easy,low,True,,,fan:lldb-225,ANTHPCK5.DAT#4
2303,ANTHPCK5,Alexander Lemming,False,105.81,Easy,low,True,,,fan:lldb-225,ANTHPCK5.DAT#5
2304,ANTHPCK5,Tunneling under,False,94,Beginner,low,True,,,fan:lldb-225,ANTHPCK5.DAT#6
2305,ANTHPCK5,Waste High!,False,94.19,Beginner,low,True,,,fan:lldb-225,ANTHPCK5.DAT#7
2306,ANTHPCK5,Latitudal lemmings,False,95.75,Beginner,low,True,,,fan:lldb-225,ANTHPCK5.DAT#8
2307,ANTHPCK5,Lem- me- in.,False,93.59,Beginner,low,True,,,fan:lldb-225,ANTHPCK5.DAT#9
2308,ANTHPCK6,Now thats impossible!,False,72.41,Beginner,low,True,,,fan:lldb-226,ANTHPCK6.DAT#0
2309,ANTHPCK6,Boldly They Rode...,False,115.9,Easy,low,True,,,fan:lldb-226,ANTHPCK6.DAT#1
2310,ANTHPCK6,FourPlay Part 1,False,75.56,Beginner,low,True,,,fan:lldb-226,ANTHPCK6.DAT#2
2311,ANTHPCK6,Conlemmed to hell.,False,83.69,Beginner,low,True,,,fan:lldb-226,ANTHPCK6.DAT#3
2312,ANTHPCK6,Solve this one,False,98.48,Beginner,low,True,,,fan:lldb-226,ANTHPCK6.DAT#4
2313,ANTHPCK6,Step lemmings,False,93.59,Beginner,low,True,,,fan:lldb-226,ANTHPCK6.DAT#5
2314,ANTHPCK6,Under and out,False,114.5,Easy,low,True,,,fan:lldb-226,ANTHPCK6.DAT#6
2315,ANTHPCK6,Lemmings say Hello!,False,81.5,Beginner,low,True,,,fan:lldb-226,ANTHPCK6.DAT#7
2316,ANTHPCK6,FourPlay Part 2,False,87.75,Beginner,low,True,,,fan:lldb-226,ANTHPCK6.DAT#8
2317,ANTHPCK6,The world wide web,False,90.25,Beginner,low,True,,,fan:lldb-226,ANTHPCK6.DAT#9
2318,ANTHPCK7,The hot spot!,False,102,Easy,low,True,,,fan:lldb-227,ANTHPCK7.DAT#0
2319,ANTHPCK7,Lemmings on 'lemmings',False,112.06,Easy,low,True,,,fan:lldb-227,ANTHPCK7.DAT#1
2320,ANTHPCK7,Burning Zone,False,101.37,Easy,low,True,,,fan:lldb-227,ANTHPCK7.DAT#2
2321,ANTHPCK7,The forgotten...,False,85.58,Beginner,low,True,,,fan:lldb-227,ANTHPCK7.DAT#3
2322,ANTHPCK7,The lemmings of Antioch,False,115.92,Easy,low,True,,,fan:lldb-227,ANTHPCK7.DAT#4
2323,ANTHPCK7,Crystal Ball cavern,False,111.05,Easy,low,True,,,fan:lldb-227,ANTHPCK7.DAT#5
2324,ANTHPCK7,Too hot to handle,False,115.57,Easy,low,True,,,fan:lldb-227,ANTHPCK7.DAT#6
2325,ANTHPCK7,Mt Lemerest!,False,115.09,Easy,low,True,,,fan:lldb-227,ANTHPCK7.DAT#7
2326,ANTHPCK7,Breaking through the Wall,False,97.94,Beginner,low,True,,,fan:lldb-227,ANTHPCK7.DAT#8
2327,ANTHPCK7,Unused blank generic level,False,8,Beginner,low,True,,,fan:lldb-227,ANTHPCK7.DAT#9
2328,CALEPCK2,Calling on the lemmaphone.,False,91.69,Beginner,low,True,,,fan:lldb-228,CALEPCK2.DAT#0
2329,CALEPCK2,A nightmarish place to be,False,93.7,Beginner,low,True,,,fan:lldb-228,CALEPCK2.DAT#1
2330,CALEPCK2,Double Diamond,False,91.49,Beginner,low,True,,,fan:lldb-228,CALEPCK2.DAT#2
2331,CALEPCK2,50 below....,False,101.19,Easy,low,True,,,fan:lldb-228,CALEPCK2.DAT#3
2332,CALEPCK2,Some Lems need to Learn to Wait,False,101.19,Easy,low,True,,,fan:lldb-228,CALEPCK2.DAT#4
2333,CALEPCK2,Rugged Growth.....,False,89.5,Beginner,low,True,,,fan:lldb-228,CALEPCK2.DAT#5
2334,CALEPCK2,Considerate Lemming...,False,75.25,Beginner,low,True,,,fan:lldb-228,CALEPCK2.DAT#6
2335,CALEPCK2,Behind Bars....,False,108.25,Easy,low,True,,,fan:lldb-228,CALEPCK2.DAT#7
2336,CALEPCK2,Temple of Fear...,False,98.55,Beginner,low,True,,,fan:lldb-228,CALEPCK2.DAT#8
2337,CALEPCK2,The Quad Squad....,False,76.75,Beginner,low,True,,,fan:lldb-228,CALEPCK2.DAT#9
2338,CALEPCK3,The Tea-Room...,False,104.15,Easy,low,True,,,fan:lldb-229,CALEPCK3.DAT#0
2339,CALEPCK3,Squeezable Lemmings,False,100.25,Easy,low,True,,,fan:lldb-229,CALEPCK3.DAT#1
2340,CALEPCK3,2 climbers 1 parachute,False,93.19,Beginner,low,True,,,fan:lldb-229,CALEPCK3.DAT#2
2341,CALEPCK3,Bombing thru the plumbing,False,84.5,Beginner,low,True,,,fan:lldb-229,CALEPCK3.DAT#3
2342,CALEPCK3,Gentle Steps...,False,106.3,Easy,low,True,,,fan:lldb-229,CALEPCK3.DAT#4
2343,CALEPCK3,The shaken Tower...,False,109.24,Easy,low,True,,,fan:lldb-229,CALEPCK3.DAT#5
2344,CALEPCK3,Poy's Folly...,False,102,Easy,low,True,,,fan:lldb-229,CALEPCK3.DAT#6
2345,CALEPCK3,The Magnificant...,False,81.95,Beginner,low,True,,,fan:lldb-229,CALEPCK3.DAT#7
2346,CALEPCK3,Life in the new world...,False,107.17,Easy,low,True,,,fan:lldb-229,CALEPCK3.DAT#8
2347,CALEPCK3,Unused blank generic level,False,8,Beginner,low,True,,,fan:lldb-229,CALEPCK3.DAT#9
2348,EMPACK,100% Pure Woven Lemming,False,106.38,Easy,low,True,,,fan:lldb-230,EMPACK.DAT#0
2349,EMPACK,Ready....Aim....DIG!!!!,False,98.38,Beginner,low,True,,,fan:lldb-230,EMPACK.DAT#1
2350,EMPACK,Starry Level,False,99.65,Beginner,low,True,,,fan:lldb-230,EMPACK.DAT#2
2351,EMPACK,Symmetry,False,99.65,Beginner,low,True,,,fan:lldb-230,EMPACK.DAT#3
2352,EMPACK,Unused blank generic level,False,8,Beginner,low,True,,,fan:lldb-230,EMPACK.DAT#4
2353,EMPACK,Unused blank generic level,False,8,Beginner,low,True,,,fan:lldb-230,EMPACK.DAT#5
2354,EMPACK,Unused blank generic level,False,8,Beginner,low,True,,,fan:lldb-230,EMPACK.DAT#6
2355,EMPACK,Unused blank generic level,False,8,Beginner,low,True,,,fan:lldb-230,EMPACK.DAT#7
2356,EMPACK,Unused blank generic level,False,8,Beginner,low,True,,,fan:lldb-230,EMPACK.DAT#8
2357,EMPACK,Unused blank generic level,False,8,Beginner,low,True,,,fan:lldb-230,EMPACK.DAT#9
2358,JANNPCK1,All 2 easy,False,102,Easy,low,True,,,fan:lldb-231,JANNPCK1.DAT#0
2359,JANNPCK1,Pass The Obstacles,False,100.7,Easy,low,True,,,fan:lldb-231,JANNPCK1.DAT#1
2360,JANNPCK1,Just about right,False,90.36,Beginner,low,True,,,fan:lldb-231,JANNPCK1.DAT#2
2361,JANNPCK1,Floating-Point Error,False,69,Beginner,low,True,,,fan:lldb-231,JANNPCK1.DAT#3
2362,JANNPCK1,Save Thy Lemmings,False,102,Easy,low,True,,,fan:lldb-231,JANNPCK1.DAT#4
2363,JANNPCK1,Pole Jumping,False,81.5,Beginner,low,True,,,fan:lldb-231,JANNPCK1.DAT#5
2364,JANNPCK1,Bridge over the iced water,False,79.88,Beginner,low,True,,,fan:lldb-231,JANNPCK1.DAT#6
2365,JANNPCK1,Warmth of the Ice,False,97.74,Beginner,low,True,,,fan:lldb-231,JANNPCK1.DAT#7
2366,JANNPCK1,The Lake of Fire,False,97.15,Beginner,low,True,,,fan:lldb-231,JANNPCK1.DAT#8
2367,JANNPCK1,Desert by Night,False,95.34,Beginner,low,True,,,fan:lldb-231,JANNPCK1.DAT#9
2368,JANNPCK2,Tutankhamon,False,102.59,Easy,low,True,,,fan:lldb-232,JANNPCK2.DAT#0
2369,JANNPCK2,Could be easier...,False,88.69,Beginner,low,True,,,fan:lldb-232,JANNPCK2.DAT#1
2370,JANNPCK2,The Chasm,False,86.67,Beginner,low,True,,,fan:lldb-232,JANNPCK2.DAT#2
2371,JANNPCK2,And the rock cried out...,False,84.45,Beginner,low,True,,,fan:lldb-232,JANNPCK2.DAT#3
2372,JANNPCK2,Frozen Soil,False,100.92,Easy,low,True,,,fan:lldb-232,JANNPCK2.DAT#4
2373,JANNPCK2,Lemmings of Bodom,False,105.79,Easy,low,True,,,fan:lldb-232,JANNPCK2.DAT#5
2374,JANNPCK2,Geros Segros!,False,102.59,Easy,low,True,,,fan:lldb-232,JANNPCK2.DAT#6
2375,JANNPCK2,Crystal Tears,False,102.18,Easy,low,True,,,fan:lldb-232,JANNPCK2.DAT#7
2376,JANNPCK2,Where Lemming lies bleeding,False,83.25,Beginner,low,True,,,fan:lldb-232,JANNPCK2.DAT#8
2377,JANNPCK2,Lemmings fall first,False,76.05,Beginner,low,True,,,fan:lldb-232,JANNPCK2.DAT#9
2378,JannPck3,Awaiting the Winter Frost,False,92.3,Beginner,low,True,,,fan:lldb-233,jannpck3.dat#0
2379,JannPck3,Lemming of Sorrows,False,106.08,Easy,low,True,,,fan:lldb-233,jannpck3.dat#1
2380,JannPck3,Doomed,False,89.5,Beginner,low,True,,,fan:lldb-233,jannpck3.dat#2
2381,JannPck3,Forests of Witchery,False,84.65,Beginner,low,True,,,fan:lldb-233,jannpck3.dat#3
2382,JannPck3,Awaiting Your Victory,False,94.94,Beginner,low,True,,,fan:lldb-233,jannpck3.dat#4
2383,JannPck3,Do it the hard way!,False,102.99,Easy,low,True,,,fan:lldb-233,jannpck3.dat#5
2384,JannPck3,Warrior of Ice,False,103.5,Easy,low,True,,,fan:lldb-233,jannpck3.dat#6
2385,JannPck3,Not so fast!,False,90.9,Beginner,low,True,,,fan:lldb-233,jannpck3.dat#7
2386,JannPck3,Powerslave,False,100.96,Easy,low,True,,,fan:lldb-233,jannpck3.dat#8
2387,JannPck3,Z'Ha'Dum,False,117.89,Easy,low,True,,,fan:lldb-233,jannpck3.dat#9
2388,JANNPCK4,Which Way Do You Prefer?,False,88.96,Beginner,low,True,,,fan:lldb-234,JANNPCK4.DAT#0
2389,JANNPCK4,Lower Threshold,False,88.85,Beginner,low,True,,,fan:lldb-234,JANNPCK4.DAT#1
2390,JANNPCK4,"Next Floor, please!",False,82.71,Beginner,low,True,,,fan:lldb-234,JANNPCK4.DAT#2
2391,JANNPCK4,Going There,False,81.5,Beginner,low,True,,,fan:lldb-234,JANNPCK4.DAT#3
2392,JANNPCK4,Descending Pillar Scenario,False,107.71,Easy,low,True,,,fan:lldb-234,JANNPCK4.DAT#4
2393,JANNPCK4,Unused blank generic level,False,8,Beginner,low,True,,,fan:lldb-234,JANNPCK4.DAT#5
2394,JANNPCK4,Unused blank generic level,False,8,Beginner,low,True,,,fan:lldb-234,JANNPCK4.DAT#6
2395,JANNPCK4,Unused blank generic level,False,8,Beginner,low,True,,,fan:lldb-234,JANNPCK4.DAT#7
2396,JANNPCK4,Unused blank generic level,False,8,Beginner,low,True,,,fan:lldb-234,JANNPCK4.DAT#8
2397,JANNPCK4,Unused blank generic level,False,8,Beginner,low,True,,,fan:lldb-234,JANNPCK4.DAT#9
2398,JEFFPCK1,Icy Poles,False,87.88,Beginner,low,True,,,fan:lldb-235,JEFFPCK1.DAT#0
2399,JEFFPCK1,Deadly Roulette,False,92.3,Beginner,low,True,,,fan:lldb-235,JEFFPCK1.DAT#1
2400,JEFFPCK1,Tailor-made for Athletes,False,77,Beginner,low,True,,,fan:lldb-235,JEFFPCK1.DAT#2
2401,JEFFPCK1,Blind Diggin',False,62.75,Beginner,low,True,,,fan:lldb-235,JEFFPCK1.DAT#3
2402,JEFFPCK1,Templem Ruins,False,85.44,Beginner,low,True,,,fan:lldb-235,JEFFPCK1.DAT#4
2403,JEFFPCK1,Lem Go Along Now,False,96.88,Beginner,low,True,,,fan:lldb-235,JEFFPCK1.DAT#5
2404,JEFFPCK1,Mt. Hurt-Lem-A-Lot,False,106.2,Easy,low,True,,,fan:lldb-235,JEFFPCK1.DAT#6
2405,JEFFPCK1,Unused blank generic level,False,8,Beginner,low,True,,,fan:lldb-235,JEFFPCK1.DAT#7
2406,JEFFPCK1,Unused blank generic level,False,8,Beginner,low,True,,,fan:lldb-235,JEFFPCK1.DAT#8
2407,JEFFPCK1,Unused blank generic level,False,8,Beginner,low,True,,,fan:lldb-235,JEFFPCK1.DAT#9
2408,JEFFPCK2,Bash a No-No,False,104.55,Easy,low,True,,,fan:lldb-236,JEFFPCK2.DAT#0
2409,JEFFPCK2,Dangers Left 'n' Right,False,89.66,Beginner,low,True,,,fan:lldb-236,JEFFPCK2.DAT#1
2410,JEFFPCK2,Hurry Up!!!,False,105.69,Easy,low,True,,,fan:lldb-236,JEFFPCK2.DAT#2
2411,JEFFPCK2,Lemming Hill,False,106.5,Easy,low,True,,,fan:lldb-236,JEFFPCK2.DAT#3
2412,JEFFPCK2,Sinking Lemple,False,86.25,Beginner,low,True,,,fan:lldb-236,JEFFPCK2.DAT#4
2413,JEFFPCK2,Lem Me Give You A Hand,False,112.47,Easy,low,True,,,fan:lldb-236,JEFFPCK2.DAT#5
2414,JEFFPCK2,First Things First,False,78.88,Beginner,low,True,,,fan:lldb-236,JEFFPCK2.DAT#6
2415,JEFFPCK2,Factory Chaos,False,115.99,Easy,low,True,,,fan:lldb-236,JEFFPCK2.DAT#7
2416,JEFFPCK2,Short and Dangerous,False,104.88,Easy,low,True,,,fan:lldb-236,JEFFPCK2.DAT#8
2417,JEFFPCK2,Lem-Water World,False,73.95,Beginner,low,True,,,fan:lldb-236,JEFFPCK2.DAT#9
2418,JEFFPCK3,Green Stars,False,61.31,Beginner,low,True,,,fan:lldb-237,JEFFPCK3.DAT#0
2419,JEFFPCK3,Bomb Your Way To Freedom,False,41.5,Beginner,low,True,,,fan:lldb-237,JEFFPCK3.DAT#1
2420,JEFFPCK3,Lemming Symphony,False,102.44,Easy,low,True,,,fan:lldb-237,JEFFPCK3.DAT#2
2421,JEFFPCK3,The Golden Chain,False,113.85,Easy,low,True,,,fan:lldb-237,JEFFPCK3.DAT#3
2422,JEFFPCK3,Beware the Exit,False,115.9,Easy,low,True,,,fan:lldb-237,JEFFPCK3.DAT#4
2423,JEFFPCK3,Timing's the Lem,False,71.8,Beginner,low,True,,,fan:lldb-237,JEFFPCK3.DAT#5
2424,JEFFPCK3,Volcano!!!,False,96.34,Beginner,low,True,,,fan:lldb-237,JEFFPCK3.DAT#6
2425,JEFFPCK3,Upside-down Exit??,False,106.5,Easy,low,True,,,fan:lldb-237,JEFFPCK3.DAT#7
2426,JEFFPCK3,I Love Lemmings,False,94.94,Beginner,low,True,,,fan:lldb-237,JEFFPCK3.DAT#8
2427,JEFFPCK3,The Crystal Net,False,96.5,Beginner,low,True,,,fan:lldb-237,JEFFPCK3.DAT#9
2428,JEFFPCK4,Amo Te Tredain,False,116.49,Easy,low,True,,,fan:lldb-238,JEFFPCK4.DAT#0
2429,JEFFPCK4,The Frozen River,False,90.9,Beginner,low,True,,,fan:lldb-238,JEFFPCK4.DAT#1
2430,JEFFPCK4,"Up, Across & Down",False,68.88,Beginner,low,True,,,fan:lldb-238,JEFFPCK4.DAT#2
2431,JEFFPCK4,We All Mine Down,False,70.75,Beginner,low,True,,,fan:lldb-238,JEFFPCK4.DAT#3
2432,JEFFPCK4,It's Hero Time Again!,False,114.5,Easy,low,True,,,fan:lldb-238,JEFFPCK4.DAT#4
2433,JEFFPCK4,Arches of Heaven,False,75.25,Beginner,low,True,,,fan:lldb-238,JEFFPCK4.DAT#5
2434,JEFFPCK4,Crystal Star,False,87.62,Beginner,low,True,,,fan:lldb-238,JEFFPCK4.DAT#6
2435,JEFFPCK4,Rescue thy Lemmings,False,63.06,Beginner,low,True,,,fan:lldb-238,JEFFPCK4.DAT#7
2436,JEFFPCK4,Swiggly Wiggly Lemmly,False,87.47,Beginner,low,True,,,fan:lldb-238,JEFFPCK4.DAT#8
2437,JEFFPCK4,One Must Die...,False,62.62,Beginner,low,True,,,fan:lldb-238,JEFFPCK4.DAT#9
2438,JEFFPCK5,An 'Easy' Trek,False,72.15,Beginner,low,True,,,fan:lldb-239,JEFFPCK5.DAT#0
2439,JEFFPCK5,Bomb Combo Colony,False,42.44,Beginner,low,True,,,fan:lldb-239,JEFFPCK5.DAT#1
2440,JEFFPCK5,Ring-Round-the-Lemming,False,96.07,Beginner,low,True,,,fan:lldb-239,JEFFPCK5.DAT#2
2441,JEFFPCK5,Let's Get Wet,False,100.38,Easy,low,True,,,fan:lldb-239,JEFFPCK5.DAT#3
2442,JEFFPCK5,No Time to Toy Around,False,115.09,Easy,low,True,,,fan:lldb-239,JEFFPCK5.DAT#4
2443,JEFFPCK5,"Go Undercover, Agent Lemming",False,89.5,Beginner,low,True,,,fan:lldb-239,JEFFPCK5.DAT#5
2444,JEFFPCK5,No Chance of Survival...,False,64.9,Beginner,low,True,,,fan:lldb-239,JEFFPCK5.DAT#6
2445,JEFFPCK5,The Mystic Tree,False,75.25,Beginner,low,True,,,fan:lldb-239,JEFFPCK5.DAT#7
2446,JEFFPCK5,Unused blank generic level,False,8,Beginner,low,True,,,fan:lldb-239,JEFFPCK5.DAT#8
2447,JEFFPCK5,Unused blank generic level,False,8,Beginner,low,True,,,fan:lldb-239,JEFFPCK5.DAT#9
2448,JEFFPCK6,Training 01 - Let's Climb!,False,70.75,Beginner,low,True,,,fan:lldb-240,JEFFPCK6.DAT#0
2449,JEFFPCK6,Training 02 - Let's Float!,False,62.75,Beginner,low,True,,,fan:lldb-240,JEFFPCK6.DAT#1
2450,JEFFPCK6,Training 03 - Let's Bomb!,False,33.5,Beginner,low,True,,,fan:lldb-240,JEFFPCK6.DAT#2
2451,JEFFPCK6,Training 04 - Let's Block!,False,57.75,Beginner,low,True,,,fan:lldb-240,JEFFPCK6.DAT#3
2452,JEFFPCK6,Training 05 - Let's Build!,False,54.5,Beginner,low,True,,,fan:lldb-240,JEFFPCK6.DAT#4
2453,JEFFPCK6,Training 06 - Let's Dig!,False,70.75,Beginner,low,True,,,fan:lldb-240,JEFFPCK6.DAT#5
2454,JEFFPCK6,Training 07 - Let's Mine!,False,62.75,Beginner,low,True,,,fan:lldb-240,JEFFPCK6.DAT#6
2455,JEFFPCK6,Training 08 - Let's Bash!,False,62.75,Beginner,low,True,,,fan:lldb-240,JEFFPCK6.DAT#7
2456,JEFFPCK6,Training 09 - Let's Go!,False,98.25,Beginner,low,True,,,fan:lldb-240,JEFFPCK6.DAT#8
2457,JEFFPCK6,Finale - You Are Ready!,False,56.5,Beginner,low,True,,,fan:lldb-240,JEFFPCK6.DAT#9
2458,JEFFPCK7,"Lemmings, Freeze!",False,102.97,Easy,low,True,,,fan:lldb-241,JEFFPCK7.DAT#0
2459,JEFFPCK7,Bouncy Lemmings,False,95.75,Beginner,low,True,,,fan:lldb-241,JEFFPCK7.DAT#1
2460,JEFFPCK7,Save 'em First...,False,77.62,Beginner,low,True,,,fan:lldb-241,JEFFPCK7.DAT#2
2461,JEFFPCK7,Go the Long Way!,False,90.9,Beginner,low,True,,,fan:lldb-241,JEFFPCK7.DAT#3
2462,JEFFPCK7,A Looooong Gap,False,84.65,Beginner,low,True,,,fan:lldb-241,JEFFPCK7.DAT#4
2463,JEFFPCK7,If Only They Could Fly...,False,69,Beginner,low,True,,,fan:lldb-241,JEFFPCK7.DAT#5
2464,JEFFPCK7,What A Pain...,False,90.9,Beginner,low,True,,,fan:lldb-241,JEFFPCK7.DAT#6
2465,JEFFPCK7,Blind Diggin' II,False,70.75,Beginner,low,True,,,fan:lldb-241,JEFFPCK7.DAT#7
2466,JEFFPCK7,Web Crawlers,False,79.5,Beginner,low,True,,,fan:lldb-241,JEFFPCK7.DAT#8
2467,JEFFPCK7,Bewildered Lemmings,False,106.5,Easy,low,True,,,fan:lldb-241,JEFFPCK7.DAT#9
2468,JOHNPACK,Underwater Operation,False,93.7,Beginner,low,True,,,fan:lldb-242,JOHNPACK.DAT#0
2469,JOHNPACK,LmSO4 - Lemmingic Acid,False,101.96,Easy,low,True,,,fan:lldb-242,JOHNPACK.DAT#1
2470,JOHNPACK,Unused blank generic level,False,8,Beginner,low,True,,,fan:lldb-242,JOHNPACK.DAT#2
2471,JOHNPACK,Unused blank generic level,False,8,Beginner,low,True,,,fan:lldb-242,JOHNPACK.DAT#3
2472,JOHNPACK,Unused blank generic level,False,8,Beginner,low,True,,,fan:lldb-242,JOHNPACK.DAT#4
2473,JOHNPACK,Unused blank generic level,False,8,Beginner,low,True,,,fan:lldb-242,JOHNPACK.DAT#5
2474,JOHNPACK,Unused blank generic level,False,8,Beginner,low,True,,,fan:lldb-242,JOHNPACK.DAT#6
2475,JOHNPACK,Unused blank generic level,False,8,Beginner,low,True,,,fan:lldb-242,JOHNPACK.DAT#7
2476,JOHNPACK,Unused blank generic level,False,8,Beginner,low,True,,,fan:lldb-242,JOHNPACK.DAT#8
2477,JOHNPACK,Unused blank generic level,False,8,Beginner,low,True,,,fan:lldb-242,JOHNPACK.DAT#9
2478,LARSPACK,Thanx level ...,False,90.25,Beginner,low,True,,,fan:lldb-243,LARSPACK.DAT#0
2479,LARSPACK,Warm-up exercise,False,75.25,Beginner,low,True,,,fan:lldb-243,LARSPACK.DAT#1
2480,LARSPACK,Lets go to hell,False,89.5,Beginner,low,True,,,fan:lldb-243,LARSPACK.DAT#2
2481,LARSPACK,The rock,False,90.9,Beginner,low,True,,,fan:lldb-243,LARSPACK.DAT#3
2482,LARSPACK,Untitled - Rocky teeth cave ?,False,106.5,Easy,low,True,,,fan:lldb-243,LARSPACK.DAT#4
2483,LARSPACK,Crystal cave,False,86.94,Beginner,low,True,,,fan:lldb-243,LARSPACK.DAT#5
2484,LARSPACK,Unused blank generic level,False,8,Beginner,low,True,,,fan:lldb-243,LARSPACK.DAT#6
2485,LARSPACK,Unused blank generic level,False,8,Beginner,low,True,,,fan:lldb-243,LARSPACK.DAT#7
2486,LARSPACK,Unused blank generic level,False,8,Beginner,low,True,,,fan:lldb-243,LARSPACK.DAT#8
2487,LARSPACK,Unused blank generic level,False,8,Beginner,low,True,,,fan:lldb-243,LARSPACK.DAT#9
2488,MazuLems 01,A Giant Leap for Lemmingkind,False,95.85,Beginner,low,True,,,fan:lldb-244,Martin Zurlinden 01.dat#0
2489,MazuLems 01,Stairway to Heaven,False,100.25,Easy,low,True,,,fan:lldb-244,Martin Zurlinden 01.dat#1
2490,MazuLems 01,The Pool,False,95.1,Beginner,low,True,,,fan:lldb-244,Martin Zurlinden 01.dat#2
2491,MazuLems 01,Can You Dig It?,False,108.25,Easy,low,True,,,fan:lldb-244,Martin Zurlinden 01.dat#3
2492,MazuLems 01,Two Minute Warning,False,106.5,Easy,low,True,,,fan:lldb-244,Martin Zurlinden 01.dat#4
2493,MazuLems 01,The China Syndrome,False,68.75,Beginner,low,True,,,fan:lldb-244,Martin Zurlinden 01.dat#5
2494,MazuLems 01,Crystal Clear Lemmings,False,98.08,Beginner,low,True,,,fan:lldb-244,Martin Zurlinden 01.dat#6
2495,MazuLems 01,Achtung Lemming,False,83.03,Beginner,low,True,,,fan:lldb-244,Martin Zurlinden 01.dat#7
2496,MazuLems 01,Holy Cow!,False,96.9,Beginner,low,True,,,fan:lldb-244,Martin Zurlinden 01.dat#8
2497,MazuLems 01,Episode X - The Phantom Exit,False,90.38,Beginner,low,True,,,fan:lldb-244,Martin Zurlinden 01.dat#9
2498,MazuLems 02,The Lemmyrinth,False,81.5,Beginner,low,True,,,fan:lldb-245,Martin Zurlinden 02.dat#0
2499,MazuLems 02,The Brick,False,94.83,Beginner,low,True,,,fan:lldb-245,Martin Zurlinden 02.dat#1
2500,MazuLems 02,Lemming in a Cone,False,105,Easy,low,True,,,fan:lldb-245,Martin Zurlinden 02.dat#2
2501,MazuLems 02,Mastermined,False,102.1,Easy,low,True,,,fan:lldb-245,Martin Zurlinden 02.dat#3
2502,MazuLems 02,The Leap from the Lion's Head,False,106.5,Easy,low,True,,,fan:lldb-245,Martin Zurlinden 02.dat#4
2503,MazuLems 02,It's a Magical World,False,102,Easy,low,True,,,fan:lldb-245,Martin Zurlinden 02.dat#5
2504,MazuLems 02,It's Raining Lemmings,False,106.5,Easy,low,True,,,fan:lldb-245,Martin Zurlinden 02.dat#6
2505,MazuLems 02,Back in a minute...,False,104.75,Easy,low,True,,,fan:lldb-245,Martin Zurlinden 02.dat#7
2506,MazuLems 02,Cliffhanger,False,109.65,Easy,low,True,,,fan:lldb-245,Martin Zurlinden 02.dat#8
2507,MazuLems 02,The Only Way is Up,False,108.26,Easy,low,True,,,fan:lldb-245,Martin Zurlinden 02.dat#9
2508,MazuLems 03,In the Countree,False,92.25,Beginner,low,True,,,fan:lldb-246,Martin Zurlinden 03.dat#0
2509,MazuLems 03,Level Under Construction,False,94,Beginner,low,True,,,fan:lldb-246,Martin Zurlinden 03.dat#1
2510,MazuLems 03,Stalkers,False,103.25,Easy,low,True,,,fan:lldb-246,Martin Zurlinden 03.dat#2
2511,MazuLems 03,Guess What...,False,87.62,Beginner,low,True,,,fan:lldb-246,Martin Zurlinden 03.dat#3
2512,MazuLems 03,Slave to the Rhythm,False,115.9,Easy,low,True,,,fan:lldb-246,Martin Zurlinden 03.dat#4
2513,MazuLems 03,Deep Deep Down,False,90.75,Beginner,low,True,,,fan:lldb-246,Martin Zurlinden 03.dat#5
2514,MazuLems 03,Four Lemmings and a Funeral,False,87.62,Beginner,low,True,,,fan:lldb-246,Martin Zurlinden 03.dat#6
2515,MazuLems 03,Six Ways to Success (I Guess),False,75.25,Beginner,low,True,,,fan:lldb-246,Martin Zurlinden 03.dat#7
2516,MazuLems 03,Meet & Greet,False,115.9,Easy,low,True,,,fan:lldb-246,Martin Zurlinden 03.dat#8
2517,MazuLems 03,Fallout Boys,False,25.22,Beginner,low,True,,,fan:lldb-246,Martin Zurlinden 03.dat#9
2518,MATTPCK1,"Lemmings, go home!",False,112.45,Easy,low,True,,,fan:lldb-248,MATTPCK1.DAT#0
2519,MATTPCK1,Beethoven's Revenge,False,97.15,Beginner,low,True,,,fan:lldb-248,MATTPCK1.DAT#1
2520,MATTPCK1,Forever Friends,False,92.3,Beginner,low,True,,,fan:lldb-248,MATTPCK1.DAT#2
2521,MATTPCK1,Exodus,False,93.48,Beginner,low,True,,,fan:lldb-248,MATTPCK1.DAT#3
2522,MATTPCK1,Per aspera ad astra,False,81.2,Beginner,low,True,,,fan:lldb-248,MATTPCK1.DAT#4
2523,MATTPCK1,Oh No! Fewer Lemmings,False,84.4,Beginner,low,True,,,fan:lldb-248,MATTPCK1.DAT#5
2524,MATTPCK1,Lemming sanctuary inside,False,83.25,Beginner,low,True,,,fan:lldb-248,MATTPCK1.DAT#6
2525,MATTPCK1,Someone must help us!,False,95.1,Beginner,low,True,,,fan:lldb-248,MATTPCK1.DAT#7
2526,MATTPCK1,Toy Lemmings,False,95.75,Beginner,low,True,,,fan:lldb-248,MATTPCK1.DAT#8
2527,MATTPCK1,Award,False,8,Beginner,low,True,,,fan:lldb-248,MATTPCK1.DAT#9
2528,MATTPCK2,The Funeral,False,62.75,Beginner,low,True,,,fan:lldb-249,MATTPCK2.DAT#0
2529,MATTPCK2,This is no place for me,False,84.18,Beginner,low,True,,,fan:lldb-249,MATTPCK2.DAT#1
2530,MATTPCK2,Something must be wrong here,False,108.75,Easy,low,True,,,fan:lldb-249,MATTPCK2.DAT#2
2531,MATTPCK2,Seems to be normal now...,False,112.88,Easy,low,True,,,fan:lldb-249,MATTPCK2.DAT#3
2532,MATTPCK2,The Starry Staircase,False,80.42,Beginner,low,True,,,fan:lldb-249,MATTPCK2.DAT#4
2533,MATTPCK2,Oh Yes! Enough Lemmings,False,102.59,Easy,low,True,,,fan:lldb-249,MATTPCK2.DAT#5
2534,MATTPCK2,I will lead them up and down,False,97.81,Beginner,low,True,,,fan:lldb-249,MATTPCK2.DAT#6
2535,MATTPCK2,The Lemming Avalanche,False,61,Beginner,low,True,,,fan:lldb-249,MATTPCK2.DAT#7
2536,MATTPCK2,It's just a game...,False,65.1,Beginner,low,True,,,fan:lldb-249,MATTPCK2.DAT#8
2537,MATTPCK2,Bonus,False,8,Beginner,low,True,,,fan:lldb-249,MATTPCK2.DAT#9
2538,Conway01,Up and away,False,83.25,Beginner,low,True,,,fan:lldb-250,Conway01.DAT#0
2539,Conway01,Don't want to give too much away,False,106.5,Easy,low,True,,,fan:lldb-250,Conway01.DAT#1
2540,Conway01,Head start,False,84.65,Beginner,low,True,,,fan:lldb-250,Conway01.DAT#2
2541,Conway01,Round the bend,False,107.74,Easy,low,True,,,fan:lldb-250,Conway01.DAT#3
2542,Conway01,As soon as yr back is turned....,False,68.9,Beginner,low,True,,,fan:lldb-250,Conway01.DAT#4
2543,Conway01,Don't just dig,False,94,Beginner,low,True,,,fan:lldb-250,Conway01.DAT#5
2544,Conway01,Change of plan,False,55.6,Beginner,low,True,,,fan:lldb-250,Conway01.DAT#6
2545,Conway01,A real breakthough,False,91.11,Beginner,low,True,,,fan:lldb-250,Conway01.DAT#7
2546,Conway01,I am not AT - but close enough,False,81.81,Beginner,low,True,,,fan:lldb-250,Conway01.DAT#8
2547,Conway01,"Care a little, help a lot",False,106.38,Easy,low,True,,,fan:lldb-250,Conway01.DAT#9
2548,Conway02,It must be around here somewhere,False,112.47,Easy,low,True,,,fan:lldb-251,Conway02.DAT#0
2549,Conway02,"Don't just save them, CELEBRATE!",False,114.5,Easy,low,True,,,fan:lldb-251,Conway02.DAT#1
2550,Conway02,Life Sucks!,False,100.38,Easy,low,True,,,fan:lldb-251,Conway02.DAT#2
2551,Conway02,Mining upwards?,False,89.5,Beginner,low,True,,,fan:lldb-251,Conway02.DAT#3
2552,Conway02,Odds and Ends,False,116.1,Easy,low,True,,,fan:lldb-251,Conway02.DAT#4
2553,Conway02,Oh to be an architect!,False,103.4,Easy,low,True,,,fan:lldb-251,Conway02.DAT#5
2554,Conway02,5...4...3...2...1...Uh-Oh!(BOP!),False,73.1,Beginner,low,True,,,fan:lldb-251,Conway02.DAT#6
2555,Conway02,Lemmings on the ceiling,False,81.5,Beginner,low,True,,,fan:lldb-251,Conway02.DAT#7
2556,Conway02,Lemming's house,False,114.78,Easy,low,True,,,fan:lldb-251,Conway02.DAT#8
2557,Conway02,Star Trek,False,85.88,Beginner,low,True,,,fan:lldb-251,Conway02.DAT#9
2558,Conway03,South pole,False,82.25,Beginner,low,True,,,fan:lldb-252,Conway03.DAT#0
2559,Conway03,The desert planes of Lemmingland,False,70.75,Beginner,low,True,,,fan:lldb-252,Conway03.DAT#1
2560,Conway03,What's the idea behind this?,False,113.99,Easy,low,True,,,fan:lldb-252,Conway03.DAT#2
2561,Conway03,Journey to centre of the earth,False,106.5,Easy,low,True,,,fan:lldb-252,Conway03.DAT#3
2562,Conway03,Not much to it realy,False,92.3,Beginner,low,True,,,fan:lldb-252,Conway03.DAT#4
2563,Conway03,See what I've done?,False,83.25,Beginner,low,True,,,fan:lldb-252,Conway03.DAT#5
2564,Conway03,Smoking kills!!!,False,112.66,Easy,low,True,,,fan:lldb-252,Conway03.DAT#6
2565,Conway03,Mabey next time,False,62.85,Beginner,low,True,,,fan:lldb-252,Conway03.DAT#7
2566,Conway03,Slightly distasteful,False,90.9,Beginner,low,True,,,fan:lldb-252,Conway03.DAT#8
2567,Conway03,Terminal depression,False,86.84,Beginner,low,True,,,fan:lldb-252,Conway03.DAT#9
2568,Conway04,Lemming's chocolate orange,False,73.55,Beginner,low,True,,,fan:lldb-253,Conway04.DAT#0
2569,Conway04,Built up area,False,109.4,Easy,low,True,,,fan:lldb-253,Conway04.DAT#1
2570,Conway04,The long way round,False,86.85,Beginner,low,True,,,fan:lldb-253,Conway04.DAT#2
2571,Conway04,Smarter than yr average lemming,False,106.2,Easy,low,True,,,fan:lldb-253,Conway04.DAT#3
2572,Conway04,Mind the gap,False,100.15,Easy,low,True,,,fan:lldb-253,Conway04.DAT#4
2573,Conway04,Just a minute (part three),False,114.5,Easy,low,True,,,fan:lldb-253,Conway04.DAT#5
2574,Conway04,More ways than one,False,94,Beginner,low,True,,,fan:lldb-253,Conway04.DAT#6
2575,Conway04,Spot the difference,False,94,Beginner,low,True,,,fan:lldb-253,Conway04.DAT#7
2576,Conway04,The invisible barrier,False,108.41,Easy,low,True,,,fan:lldb-253,Conway04.DAT#8
2577,Conway04,Kentucky fried lemming,False,115.45,Easy,low,True,,,fan:lldb-253,Conway04.DAT#9
2578,Conway05,To the death!,False,72.42,Beginner,low,True,,,fan:lldb-254,Conway05.DAT#0
2579,Conway05,Snow'din,False,87.79,Beginner,low,True,,,fan:lldb-254,Conway05.DAT#1
2580,Conway05,Comming out of the woodwork,False,79.55,Beginner,low,True,,,fan:lldb-254,Conway05.DAT#2
2581,Conway05,Lemmings on the loose,False,102.98,Easy,low,True,,,fan:lldb-254,Conway05.DAT#3
2582,Conway05,Up and away (part two),False,95.5,Beginner,low,True,,,fan:lldb-254,Conway05.DAT#4
2583,Conway05,Two's company,False,102,Easy,low,True,,,fan:lldb-254,Conway05.DAT#5
2584,Conway05,Lemmings of the Niagra Falls,False,78.4,Beginner,low,True,,,fan:lldb-254,Conway05.DAT#6
2585,Conway05,The collum of fire,False,111.25,Easy,low,True,,,fan:lldb-254,Conway05.DAT#7
2586,Conway05,The tank,False,92.28,Beginner,low,True,,,fan:lldb-254,Conway05.DAT#8
2587,Conway05,Alone with your lemming,False,99.95,Beginner,low,True,,,fan:lldb-254,Conway05.DAT#9
2588,Conway07,Through the liquidizer part two,False,67.46,Beginner,low,True,,,fan:lldb-256,Conway07.DAT#0
2589,Conway07,I have a very cunning plan,False,108.25,Easy,low,True,,,fan:lldb-256,Conway07.DAT#1
2590,Conway07,In the waiting room,False,106.15,Easy,low,True,,,fan:lldb-256,Conway07.DAT#2
2591,Conway07,Tunneling under,False,90.88,Beginner,low,True,,,fan:lldb-256,Conway07.DAT#3
2592,Conway07,South pole (part two),False,106.38,Easy,low,True,,,fan:lldb-256,Conway07.DAT#4
2593,Conway07,Stop fooling around,False,117.3,Easy,low,True,,,fan:lldb-256,Conway07.DAT#5
2594,Conway07,Lemming hill,False,74.9,Beginner,low,True,,,fan:lldb-256,Conway07.DAT#6
2595,Conway07,Cave of doom,False,117.3,Easy,low,True,,,fan:lldb-256,Conway07.DAT#7
2596,Conway07,The great escape,False,81.25,Beginner,low,True,,,fan:lldb-256,Conway07.DAT#8
2597,Conway07,Dyslexia (part two),False,73.25,Beginner,low,True,,,fan:lldb-256,Conway07.DAT#9
2598,Conway08,Good morning Lemmings!,False,107.55,Easy,low,True,,,fan:lldb-257,Conway08.DAT#0
2599,Conway08,Hot rock,False,104.58,Easy,low,True,,,fan:lldb-257,Conway08.DAT#1
2600,Conway08,Kamikaze lemmings,False,113.46,Easy,low,True,,,fan:lldb-257,Conway08.DAT#2
2601,Conway08,Oh to be a gardener,False,105.12,Easy,low,True,,,fan:lldb-257,Conway08.DAT#3
2602,Conway08,Tunneling under (part two),False,82.5,Beginner,low,True,,,fan:lldb-257,Conway08.DAT#4
2603,Conway08,"Three tribes, one destination",False,110.48,Easy,low,True,,,fan:lldb-257,Conway08.DAT#5
2604,Conway08,We all fall down (again),False,62.75,Beginner,low,True,,,fan:lldb-257,Conway08.DAT#6
2605,Conway08,Soon as back turned (part two),False,72.15,Beginner,low,True,,,fan:lldb-257,Conway08.DAT#7
2606,Conway08,Miles apart,False,118.7,Easy,low,True,,,fan:lldb-257,Conway08.DAT#8
2607,Conway08,Builders WOULD help you here!,False,102,Easy,low,True,,,fan:lldb-257,Conway08.DAT#9
2608,Conway09,A very short level,False,109,Easy,low,True,,,fan:lldb-258,Conway09.DAT#0
2609,Conway09,Another very short level,False,96.5,Beginner,low,True,,,fan:lldb-258,Conway09.DAT#1
2610,Conway09,The Elegant Eight,False,115.9,Easy,low,True,,,fan:lldb-258,Conway09.DAT#2
2611,Conway09,Just a Minute (Part Four),False,106.95,Easy,low,True,,,fan:lldb-258,Conway09.DAT#3
2612,Conway09,Centre of attention,False,69,Beginner,low,True,,,fan:lldb-258,Conway09.DAT#4
2613,Conway09,Completely reversed!,False,89.5,Beginner,low,True,,,fan:lldb-258,Conway09.DAT#5
2614,Conway09,The collumn of fire (part two),False,110.6,Easy,low,True,,,fan:lldb-258,Conway09.DAT#6
2615,Conway09,Rise and Fall,False,68.47,Beginner,low,True,,,fan:lldb-258,Conway09.DAT#7
2616,Conway09,JerusaLem,False,93.7,Beginner,low,True,,,fan:lldb-258,Conway09.DAT#8
2617,Conway09,Use your tools wisely,False,95.3,Beginner,low,True,,,fan:lldb-258,Conway09.DAT#9
2618,Conway10,Introduction to the skills,False,108,Easy,low,True,,,fan:lldb-259,Conway10.DAT#0
2619,Conway10,All bashed up!,False,79.8,Beginner,low,True,,,fan:lldb-259,Conway10.DAT#1
2620,Conway10,Stairway to Heaven,False,109.65,Easy,low,True,,,fan:lldb-259,Conway10.DAT#2
2621,Conway10,The house of Lem,False,106.62,Easy,low,True,,,fan:lldb-259,Conway10.DAT#3
2622,Conway10,Another great escape,False,111.25,Easy,low,True,,,fan:lldb-259,Conway10.DAT#4
2623,Conway10,A little practice,False,103.18,Easy,low,True,,,fan:lldb-259,Conway10.DAT#5
2624,Conway10,Stairway to Heaven (part two),False,103.4,Easy,low,True,,,fan:lldb-259,Conway10.DAT#6
2625,Conway10,Icy cave of doom,False,115.49,Easy,low,True,,,fan:lldb-259,Conway10.DAT#7
2626,Conway10,The world's steepest hill,False,113.2,Easy,low,True,,,fan:lldb-259,Conway10.DAT#8
2627,Conway10,Final Impediment,False,111.05,Easy,low,True,,,fan:lldb-259,Conway10.DAT#9
2628,Conway11,Two ways to go,False,115.9,Easy,low,True,,,fan:lldb-260,Conway11.DAT#0
2629,Conway11,Good neighbours,False,114.5,Easy,low,True,,,fan:lldb-260,Conway11.DAT#1
2630,Conway11,Five minutes of fun!,False,108.03,Easy,low,True,,,fan:lldb-260,Conway11.DAT#2
2631,Conway11,Let's go hiking!,False,112.65,Easy,low,True,,,fan:lldb-260,Conway11.DAT#3
2632,Conway11,Let's split!,False,95.1,Beginner,low,True,,,fan:lldb-260,Conway11.DAT#4
2633,Conway11,The Pink Place,False,106.2,Easy,low,True,,,fan:lldb-260,Conway11.DAT#5
2634,Conway11,"Three groups, two exits.",False,117.3,Easy,low,True,,,fan:lldb-260,Conway11.DAT#6
2635,Conway11,Do not disturb my bones,False,115.9,Easy,low,True,,,fan:lldb-260,Conway11.DAT#7
2636,Conway11,One-minute wonder,False,118.48,Easy,low,True,,,fan:lldb-260,Conway11.DAT#8
2637,Conway11,Thanks to LemEdit!,False,109.65,Easy,low,True,,,fan:lldb-260,Conway11.DAT#9
2638,Conway12,Let's play Lemmings!!!,False,121.5,Easy,low,True,,,fan:lldb-261,Conway12.DAT#0
2639,Conway12,Catsle of symmetry,False,109.2,Easy,low,True,,,fan:lldb-261,Conway12.DAT#1
2640,Conway12,Lems of New York,False,112.45,Easy,low,True,,,fan:lldb-261,Conway12.DAT#2
2641,Conway12,The great wall of Lemmingland,False,77,Beginner,low,True,,,fan:lldb-261,Conway12.DAT#3
2642,Conway12,The Honeycomb,False,100.25,Easy,low,True,,,fan:lldb-261,Conway12.DAT#4
2643,Conway12,Deeper Underground,False,82.47,Beginner,low,True,,,fan:lldb-261,Conway12.DAT#5
2644,Conway12,Which one will you find?,False,111.25,Easy,low,True,,,fan:lldb-261,Conway12.DAT#6
2645,Conway12,Jungle Lems,False,114.5,Easy,low,True,,,fan:lldb-261,Conway12.DAT#7
2646,Conway12,Pillars of success,False,84.65,Beginner,low,True,,,fan:lldb-261,Conway12.DAT#8
2647,Conway12,A-MAZE-ING!!!,False,77,Beginner,low,True,,,fan:lldb-261,Conway12.DAT#9
2648,Conway13,A litle adventure,False,76.75,Beginner,low,True,,,fan:lldb-262,Conway13.DAT#0
2649,Conway13,Don't let them die!,False,67.9,Beginner,low,True,,,fan:lldb-262,Conway13.DAT#1
2650,Conway13,Frosty Heaven,False,111.05,Easy,low,True,,,fan:lldb-262,Conway13.DAT#2
2651,Conway13,"Find, try, give up In that order",False,112.88,Easy,low,True,,,fan:lldb-262,Conway13.DAT#3
2652,Conway13,Can't Save These? Blah!,False,101.53,Easy,low,True,,,fan:lldb-262,Conway13.DAT#4
2653,Conway13,Out of the fryingpan . . .,False,105.55,Easy,low,True,,,fan:lldb-262,Conway13.DAT#5
2654,Conway13,"Let's refer to them as A,B,C & D",False,103.4,Easy,low,True,,,fan:lldb-262,Conway13.DAT#6
2655,Conway13,Can't Find Any Gaps,False,115.9,Easy,low,True,,,fan:lldb-262,Conway13.DAT#7
2656,Conway13,Four-door Hatchback,False,110.24,Easy,low,True,,,fan:lldb-262,Conway13.DAT#8
2657,Conway13,Final Impediment 2,False,99.95,Beginner,low,True,,,fan:lldb-262,Conway13.DAT#9
2658,Conway Challenges 1,Just dig! (part two),False,70.75,Beginner,low,True,,,fan:lldb-263,ConwayChallenges 1.DAT#0
2659,Conway Challenges 1,King of the castle (part two),False,62.75,Beginner,low,True,,,fan:lldb-263,ConwayChallenges 1.DAT#1
2660,Conway Challenges 1,Where r all the stepping stones?,False,100.25,Easy,low,True,,,fan:lldb-263,ConwayChallenges 1.DAT#2
2661,Conway Challenges 1,Steel Works (part two),False,95.75,Beginner,low,True,,,fan:lldb-263,ConwayChallenges 1.DAT#3
2662,Conway Challenges 1,Postcard from Lemmingland part 2,False,108.25,Easy,low,True,,,fan:lldb-263,ConwayChallenges 1.DAT#4
2663,Conway Challenges 1,From The Boundary Line part two,False,74.75,Beginner,low,True,,,fan:lldb-263,ConwayChallenges 1.DAT#5
2664,Conway Challenges 1,Walk the web rope (part two),False,106.5,Easy,low,True,,,fan:lldb-263,ConwayChallenges 1.DAT#6
2665,Conway Challenges 1,Bitter lemming (part two),False,106.5,Easy,low,True,,,fan:lldb-263,ConwayChallenges 1.DAT#7
2666,Conway Challenges 1,Can you save them all this time?,False,95.75,Beginner,low,True,,,fan:lldb-263,ConwayChallenges 1.DAT#8
2667,Conway Challenges 1,Don't settle for anything less,False,107.8,Easy,low,True,,,fan:lldb-263,ConwayChallenges 1.DAT#9
2668,Conway Challenges 2,Even more of the 6`s ...,False,106.5,Easy,low,True,,,fan:lldb-264,ConwayChallenges 2.DAT#0
2669,Conway Challenges 2,Got anything else....Lemmingy???,False,95.75,Beginner,low,True,,,fan:lldb-264,ConwayChallenges 2.DAT#1
2670,Conway Challenges 2,DIGGING FOR VICTORY (part two),False,95.75,Beginner,low,True,,,fan:lldb-264,ConwayChallenges 2.DAT#2
2671,Conway Challenges 2,Find it quick!,False,114.5,Easy,low,True,,,fan:lldb-264,ConwayChallenges 2.DAT#3
2672,Conway Challenges 2,The Boiler Room (part two),False,95.34,Beginner,low,True,,,fan:lldb-264,ConwayChallenges 2.DAT#4
2673,Conway Challenges 2,Lemming Rhythms 2,False,94,Beginner,low,True,,,fan:lldb-264,ConwayChallenges 2.DAT#5
2674,Conway Challenges 2,No time to waste,False,109.65,Easy,low,True,,,fan:lldb-264,ConwayChallenges 2.DAT#6
2675,Conway Challenges 2,No 'PoP TiL YoU DrOp!'ing,False,89.5,Beginner,low,True,,,fan:lldb-264,ConwayChallenges 2.DAT#7
2676,Conway Challenges 2,And then there were another four,False,108.25,Easy,low,True,,,fan:lldb-264,ConwayChallenges 2.DAT#8
2677,Conway Challenges 2,ICE SPY 2,False,104.8,Easy,low,True,,,fan:lldb-264,ConwayChallenges 2.DAT#9
2678,CRISFN01,Jungle!!,False,79.57,Beginner,low,True,,,fan:lldb-265,CRISFN01.dat#0
2679,CRISFN01,Lava reef,False,85.8,Beginner,low,True,,,fan:lldb-265,CRISFN01.dat#1
2680,CRISFN01,Be careful!,False,68.4,Beginner,low,True,,,fan:lldb-265,CRISFN01.dat#2
2681,CRISFN01,The moon cave,False,89.8,Beginner,low,True,,,fan:lldb-265,CRISFN01.dat#3
2682,CRISFN01,Treasonal winter,False,75.22,Beginner,low,True,,,fan:lldb-265,CRISFN01.dat#4
2683,CRISFN01,The sanctuary,False,71.67,Beginner,low,True,,,fan:lldb-265,CRISFN01.dat#5
2684,CRISFN01,Going down to...,False,62.75,Beginner,low,True,,,fan:lldb-265,CRISFN01.dat#6
2685,CRISFN01,Acid exit,False,79.8,Beginner,low,True,,,fan:lldb-265,CRISFN01.dat#7
2686,CRISFN01,Brick plot,False,100.74,Easy,low,True,,,fan:lldb-265,CRISFN01.dat#8
2687,CRISFN01,The waterfall,False,84.65,Beginner,low,True,,,fan:lldb-265,CRISFN01.dat#9
2688,CRISFN02,Lemmings to the aid,False,79.8,Beginner,low,True,,,fan:lldb-266,CRISFN02.dat#0
2689,CRISFN02,Lemming hell,False,92.44,Beginner,low,True,,,fan:lldb-266,CRISFN02.dat#1
2690,CRISFN02,Poles to exit,False,62.75,Beginner,low,True,,,fan:lldb-266,CRISFN02.dat#2
2691,CRISFN02,"Industry ""Hanger""",False,92.5,Beginner,low,True,,,fan:lldb-266,CRISFN02.dat#3
2692,CRISFN02,Everyone turn right!,False,72.15,Beginner,low,True,,,fan:lldb-266,CRISFN02.dat#4
2693,CRISFN02,Gloomy bridgers,False,93.24,Beginner,low,True,,,fan:lldb-266,CRISFN02.dat#5
2694,CRISFN02,Groups in danger,False,73.82,Beginner,low,True,,,fan:lldb-266,CRISFN02.dat#6
2695,CRISFN02,"Volcano ""Villarrica""",False,86.36,Beginner,low,True,,,fan:lldb-266,CRISFN02.dat#7
2696,CRISFN02,In need for help,False,81.2,Beginner,low,True,,,fan:lldb-266,CRISFN02.dat#8
2697,CRISFN02,We all turn left? No!,False,107.67,Easy,low,True,,,fan:lldb-266,CRISFN02.dat#9
2698,CRISFN03,"It's upwards, but where?",False,98.64,Beginner,low,True,,,fan:lldb-267,CRISFN03.dat#0
2699,CRISFN03,The lemsnow caper,False,86.05,Beginner,low,True,,,fan:lldb-267,CRISFN03.dat#1
2700,CRISFN03,Rock crystal!!,False,106.95,Easy,low,True,,,fan:lldb-267,CRISFN03.dat#2
2701,CRISFN03,The bubble ploters,False,95.1,Beginner,low,True,,,fan:lldb-267,CRISFN03.dat#3
2702,CRISFN03,Out of BASHERS???,False,83.25,Beginner,low,True,,,fan:lldb-267,CRISFN03.dat#4
2703,CRISFN03,The abyss,False,67,Beginner,low,True,,,fan:lldb-267,CRISFN03.dat#5
2704,CRISFN03,The beast is waiting,False,79.8,Beginner,low,True,,,fan:lldb-267,CRISFN03.dat#6
2705,CRISFN03,Chameleon fall,False,77,Beginner,low,True,,,fan:lldb-267,CRISFN03.dat#7
2706,CRISFN03,"Get the otherside, boy!",False,117.3,Easy,low,True,,,fan:lldb-267,CRISFN03.dat#8
2707,CRISFN03,"Whoa, man!",False,73.5,Beginner,low,True,,,fan:lldb-267,CRISFN03.dat#9
2708,CRISFN04,Walking on chains,False,69,Beginner,low,True,,,fan:lldb-268,CRISFN04.dat#0
2709,CRISFN04,Two different groups,False,83.03,Beginner,low,True,,,fan:lldb-268,CRISFN04.dat#1
2710,CRISFN04,Blow two lemmings,False,46.5,Beginner,low,True,,,fan:lldb-268,CRISFN04.dat#2
2711,CRISFN04,The abyss 2,False,83.25,Beginner,low,True,,,fan:lldb-268,CRISFN04.dat#3
2712,CRISFN04,Not as easy as it looks,False,104.55,Easy,low,True,,,fan:lldb-268,CRISFN04.dat#4
2713,CRISFN04,Sink beneath the line,False,77.95,Beginner,low,True,,,fan:lldb-268,CRISFN04.dat#5
2714,CRISFN04,It is impossible to do?,False,62.15,Beginner,low,True,,,fan:lldb-268,CRISFN04.dat#6
2715,CRISFN04,"The ""U"" fort",False,76.75,Beginner,low,True,,,fan:lldb-268,CRISFN04.dat#7
2716,CRISFN04,Rare medium grass,False,83.25,Beginner,low,True,,,fan:lldb-268,CRISFN04.dat#8
2717,CRISFN04,Sandy beach,False,77,Beginner,low,True,,,fan:lldb-268,CRISFN04.dat#9
2718,CRISFN05,Flood zone,False,80,Beginner,low,True,,,fan:lldb-269,CRISFN05.dat#0
2719,CRISFN05,At your risk complot!,False,92.3,Beginner,low,True,,,fan:lldb-269,CRISFN05.dat#1
2720,CRISFN05,Easy?,False,74.95,Beginner,low,True,,,fan:lldb-269,CRISFN05.dat#2
2721,CRISFN05,Bombers in work,False,39.88,Beginner,low,True,,,fan:lldb-269,CRISFN05.dat#3
2722,CRISFN05,Solid bricks,False,93.13,Beginner,low,True,,,fan:lldb-269,CRISFN05.dat#4
2723,CRISFN05,Let's come to the party,False,87.45,Beginner,low,True,,,fan:lldb-269,CRISFN05.dat#5
2724,CRISFN05,Lake Antofagasta,False,89.35,Beginner,low,True,,,fan:lldb-269,CRISFN05.dat#6
2725,CRISFN05,Rules to fall,False,78.4,Beginner,low,True,,,fan:lldb-269,CRISFN05.dat#7
2726,CRISFN05,Someone must make an effort!,False,84.65,Beginner,low,True,,,fan:lldb-269,CRISFN05.dat#8
2727,CRISFN05,"Short way, or not?",False,86.05,Beginner,low,True,,,fan:lldb-269,CRISFN05.dat#9
2728,CRISFN06,Crystalization,False,87.64,Beginner,low,True,,,fan:lldb-270,CRISFN06.dat#0
2729,CRISFN06,The creepy crates,False,96.07,Beginner,low,True,,,fan:lldb-270,CRISFN06.dat#1
2730,CRISFN06,Chilean coliseum I,False,115.27,Easy,low,True,,,fan:lldb-270,CRISFN06.dat#2
2731,CRISFN06,Ingeniery work,False,83.0,Beginner,low,True,,,fan:lldb-270,CRISFN06.dat#3
2732,CRISFN06,Bubble underground,False,76.97,Beginner,low,True,,,fan:lldb-270,CRISFN06.dat#4
2733,CRISFN06,Tunnel in progress,False,92.26,Beginner,low,True,,,fan:lldb-270,CRISFN06.dat#5
2734,CRISFN06,Indoor doom,False,78.99,Beginner,low,True,,,fan:lldb-270,CRISFN06.dat#6
2735,CRISFN06,Only a minute bash,False,62.75,Beginner,low,True,,,fan:lldb-270,CRISFN06.dat#7
2736,CRISFN06,All the small things,False,95.89,Beginner,low,True,,,fan:lldb-270,CRISFN06.dat#8
2737,CRISFN06,5 lemmings under freezing,False,84.65,Beginner,low,True,,,fan:lldb-270,CRISFN06.dat#9
2738,CRISFN07,Pillars in the way,False,70.75,Beginner,low,True,,,fan:lldb-271,CRISFN07.dat#0
2739,CRISFN07,Armageddon!,False,89.46,Beginner,low,True,,,fan:lldb-271,CRISFN07.dat#1
2740,CRISFN07,Chemical dissease,False,109.24,Easy,low,True,,,fan:lldb-271,CRISFN07.dat#2
2741,CRISFN07,Not here and neither there,False,84.65,Beginner,low,True,,,fan:lldb-271,CRISFN07.dat#3
2742,CRISFN07,Crossing one gap,False,75.25,Beginner,low,True,,,fan:lldb-271,CRISFN07.dat#4
2743,CRISFN07,Really in need for help!!,False,92.09,Beginner,low,True,,,fan:lldb-271,CRISFN07.dat#5
2744,CRISFN07,Lemmings to next floor,False,82.09,Beginner,low,True,,,fan:lldb-271,CRISFN07.dat#6
2745,CRISFN07,Against the time,False,81.5,Beginner,low,True,,,fan:lldb-271,CRISFN07.dat#7
2746,CRISFN07,It's a work for bombers,False,61.46,Beginner,low,True,,,fan:lldb-271,CRISFN07.dat#8
2747,CRISFN07,Scales on way,False,77,Beginner,low,True,,,fan:lldb-271,CRISFN07.dat#9
2748,CRISFN08,Bash the cavern,False,84.65,Beginner,low,True,,,fan:lldb-272,CRISFN08.dat#0
2749,CRISFN08,Squished in a moment!,False,59.15,Beginner,low,True,,,fan:lldb-272,CRISFN08.dat#1
2750,CRISFN08,Mount Highpick,False,102.14,Easy,low,True,,,fan:lldb-272,CRISFN08.dat#2
2751,CRISFN08,The bricks of death,False,99.95,Beginner,low,True,,,fan:lldb-272,CRISFN08.dat#3
2752,CRISFN08,Forest of ilussion,False,93.13,Beginner,low,True,,,fan:lldb-272,CRISFN08.dat#4
2753,CRISFN08,Lava lemmings,False,81.7,Beginner,low,True,,,fan:lldb-272,CRISFN08.dat#5
2754,CRISFN08,The blocked exit,False,78.5,Beginner,low,True,,,fan:lldb-272,CRISFN08.dat#6
2755,CRISFN08,It's a snowinable world,False,83.25,Beginner,low,True,,,fan:lldb-272,CRISFN08.dat#7
2756,CRISFN08,Get up there!!,False,80.15,Beginner,low,True,,,fan:lldb-272,CRISFN08.dat#8
2757,CRISFN08,Lemmings traps,False,83.25,Beginner,low,True,,,fan:lldb-272,CRISFN08.dat#9
2758,CRISFN09,Learning the ABC,False,93.7,Beginner,low,True,,,fan:lldb-273,CRISFN09.dat#0
2759,CRISFN09,Elevator antics,False,86.12,Beginner,low,True,,,fan:lldb-273,CRISFN09.dat#1
2760,CRISFN09,Sci-Fi Stereo,False,72.81,Beginner,low,True,,,fan:lldb-273,CRISFN09.dat#2
2761,CRISFN09,Pipe dreams,False,86.79,Beginner,low,True,,,fan:lldb-273,CRISFN09.dat#3
2762,CRISFN09,A sunny day,False,92.3,Beginner,low,True,,,fan:lldb-273,CRISFN09.dat#4
2763,CRISFN09,Wall in permanent edification,False,75,Beginner,low,True,,,fan:lldb-273,CRISFN09.dat#5
2764,CRISFN09,Broken bridge!!,False,67.25,Beginner,low,True,,,fan:lldb-273,CRISFN09.dat#6
2765,CRISFN09,Expansion & compression,False,62.5,Beginner,low,True,,,fan:lldb-273,CRISFN09.dat#7
2766,CRISFN09,All the 7`s ........,False,99.32,Beginner,low,True,,,fan:lldb-273,CRISFN09.dat#8
2767,CRISFN09,Just four in each room,False,66.53,Beginner,low,True,,,fan:lldb-273,CRISFN09.dat#9
2768,CRISFN10,Gemland,False,93.24,Beginner,low,True,,,fan:lldb-274,CRISFN10.dat#0
2769,CRISFN10,Old roman room,False,98.09,Beginner,low,True,,,fan:lldb-274,CRISFN10.dat#1
2770,CRISFN10,Regards on way,False,79.8,Beginner,low,True,,,fan:lldb-274,CRISFN10.dat#2
2771,CRISFN10,Lemmings' death,False,79.95,Beginner,low,True,,,fan:lldb-274,CRISFN10.dat#3
2772,CRISFN10,"Say your prayers, Lemmings!",False,95.75,Beginner,low,True,,,fan:lldb-274,CRISFN10.dat#4
2773,CRISFN10,Flo 'n' Eddy,False,83.63,Beginner,low,True,,,fan:lldb-274,CRISFN10.dat#5
2774,CRISFN10,The snow is bad,False,89.5,Beginner,low,True,,,fan:lldb-274,CRISFN10.dat#6
2775,CRISFN10,Lemmings must go to the right!,False,66.8,Beginner,low,True,,,fan:lldb-274,CRISFN10.dat#7
2776,CRISFN10,Spider's web,False,81.5,Beginner,low,True,,,fan:lldb-274,CRISFN10.dat#8
2777,CRISFN10,Pillars apart,False,70.75,Beginner,low,True,,,fan:lldb-274,CRISFN10.dat#9
2778,CRISFN11,Lemstart by one side,False,83.93,Beginner,low,True,,,fan:lldb-275,CRISFN11.dat#0
2779,CRISFN11,"Little, but difficult!",False,97.63,Beginner,low,True,,,fan:lldb-275,CRISFN11.dat#1
2780,CRISFN11,Part-time friends,False,99.95,Beginner,low,True,,,fan:lldb-275,CRISFN11.dat#2
2781,CRISFN11,Maybe would be a doddle!,False,62.75,Beginner,low,True,,,fan:lldb-275,CRISFN11.dat#3
2782,CRISFN11,The exit is beneath us!,False,88.96,Beginner,low,True,,,fan:lldb-275,CRISFN11.dat#4
2783,CRISFN11,Suburbia,False,88.4,Beginner,low,True,,,fan:lldb-275,CRISFN11.dat#5
2784,CRISFN11,Snow mining,False,77.83,Beginner,low,True,,,fan:lldb-275,CRISFN11.dat#6
2785,CRISFN11,Another call of the bomb squad!,False,78.56,Beginner,low,True,,,fan:lldb-275,CRISFN11.dat#7
2786,CRISFN11,The crystal caverns,False,79.8,Beginner,low,True,,,fan:lldb-275,CRISFN11.dat#8
2787,CRISFN11,Palm ground,False,83.34,Beginner,low,True,,,fan:lldb-275,CRISFN11.dat#9
2788,CRISFN12,Only a way can be!,False,84.42,Beginner,low,True,,,fan:lldb-276,CRISFN12.dat#0
2789,CRISFN12,A hot road!,False,87.76,Beginner,low,True,,,fan:lldb-276,CRISFN12.dat#1
2790,CRISFN12,Some bubble ways get hard!,False,86.05,Beginner,low,True,,,fan:lldb-276,CRISFN12.dat#2
2791,CRISFN12,The roman souvenirs,False,97.36,Beginner,low,True,,,fan:lldb-276,CRISFN12.dat#3
2792,CRISFN12,The race of the obstacles,False,76.78,Beginner,low,True,,,fan:lldb-276,CRISFN12.dat#4
2793,CRISFN12,Affect of gravity,False,77,Beginner,low,True,,,fan:lldb-276,CRISFN12.dat#5
2794,CRISFN12,Flow control,False,77,Beginner,low,True,,,fan:lldb-276,CRISFN12.dat#6
2795,CRISFN12,Inside volcano Villarrica,False,96.52,Beginner,low,True,,,fan:lldb-276,CRISFN12.dat#7
2796,CRISFN12,The big brick wall,False,79.68,Beginner,low,True,,,fan:lldb-276,CRISFN12.dat#8
2797,CRISFN12,Buried under the blizzard,False,73.86,Beginner,low,True,,,fan:lldb-276,CRISFN12.dat#9
2798,CRISFN13,Two ways to difficult,False,104.8,Easy,low,True,,,fan:lldb-277,CRISFN13.dat#0
2799,CRISFN13,IT IS ONE WAY!!,False,100.17,Easy,low,True,,,fan:lldb-277,CRISFN13.dat#1
2800,CRISFN13,Stelled roads,False,93.68,Beginner,low,True,,,fan:lldb-277,CRISFN13.dat#2
2801,CRISFN13,The ancient pile of Lemmings,False,83.25,Beginner,low,True,,,fan:lldb-277,CRISFN13.dat#3
2802,CRISFN13,Crystal diggers,False,54.5,Beginner,low,True,,,fan:lldb-277,CRISFN13.dat#4
2803,CRISFN13,The pit of doom,False,78.17,Beginner,low,True,,,fan:lldb-277,CRISFN13.dat#5
2804,CRISFN13,The Blocking chain,False,67.84,Beginner,low,True,,,fan:lldb-277,CRISFN13.dat#6
2805,CRISFN13,Home below...,False,75.25,Beginner,low,True,,,fan:lldb-277,CRISFN13.dat#7
2806,CRISFN13,Tropical sunshine,False,107.62,Easy,low,True,,,fan:lldb-277,CRISFN13.dat#8
2807,CRISFN13,"Bash, mine & dig",False,83.26,Beginner,low,True,,,fan:lldb-277,CRISFN13.dat#9
2808,CRISFN14,Bubbling lagoon,False,97.15,Beginner,low,True,,,fan:lldb-278,CRISFN14.dat#0
2809,CRISFN14,Be careful when you build!,False,100.16,Easy,low,True,,,fan:lldb-278,CRISFN14.dat#1
2810,CRISFN14,Between angels and falls,False,83.25,Beginner,low,True,,,fan:lldb-278,CRISFN14.dat#2
2811,CRISFN14,The Grass-moving pool for you!,False,52.75,Beginner,low,True,,,fan:lldb-278,CRISFN14.dat#3
2812,CRISFN14,Chilean coliseum II,False,101.35,Easy,low,True,,,fan:lldb-278,CRISFN14.dat#4
2813,CRISFN14,Helled cavern!,False,54.25,Beginner,low,True,,,fan:lldb-278,CRISFN14.dat#5
2814,CRISFN14,Doom snow border,False,95.75,Beginner,low,True,,,fan:lldb-278,CRISFN14.dat#6
2815,CRISFN14,Pink pyramid,False,85.17,Beginner,low,True,,,fan:lldb-278,CRISFN14.dat#7
2816,CRISFN14,Forest of steel,False,98.51,Beginner,low,True,,,fan:lldb-278,CRISFN14.dat#8
2817,CRISFN14,The Lemming net,False,63.96,Beginner,low,True,,,fan:lldb-278,CRISFN14.dat#9
2818,CRISFN15,Snowy cross,False,100.74,Easy,low,True,,,fan:lldb-279,CRISFN15.dat#0
2819,CRISFN15,Roman pillars,False,72,Beginner,low,True,,,fan:lldb-279,CRISFN15.dat#1
2820,CRISFN15,Chameleon garden,False,88.85,Beginner,low,True,,,fan:lldb-279,CRISFN15.dat#2
2821,CRISFN15,Careful with traps,False,100.74,Easy,low,True,,,fan:lldb-279,CRISFN15.dat#3
2822,CRISFN15,Bubble cavern,False,101.56,Easy,low,True,,,fan:lldb-279,CRISFN15.dat#4
2823,CRISFN15,Twin lava towers,False,87.45,Beginner,low,True,,,fan:lldb-279,CRISFN15.dat#5
2824,CRISFN15,Ice cavern,False,99.95,Beginner,low,True,,,fan:lldb-279,CRISFN15.dat#6
2825,CRISFN15,Antigravity hall,False,100.51,Easy,low,True,,,fan:lldb-279,CRISFN15.dat#7
2826,CRISFN15,Dinosaur bones,False,105.12,Easy,low,True,,,fan:lldb-279,CRISFN15.dat#8
2827,CRISFN15,Acid rendezvous,False,86.05,Beginner,low,True,,,fan:lldb-279,CRISFN15.dat#9
2828,GARJEN00,Look out below!,False,89.5,Beginner,low,True,,,fan:lldb-280,GARJEN00.dat#0
2829,GARJEN00,Look familiar? LOOK AGAIN!,False,59.5,Beginner,low,True,,,fan:lldb-280,GARJEN00.dat#1
2830,GARJEN00,Lemming Cathodes,False,73.55,Beginner,low,True,,,fan:lldb-280,GARJEN00.dat#2
2831,GARJEN00,Mountain Rescue,False,114.5,Easy,low,True,,,fan:lldb-280,GARJEN00.dat#3
2832,GARJEN00,Breakout!,False,90.09,Beginner,low,True,,,fan:lldb-280,GARJEN00.dat#4
2833,GARJEN00,Terrible Twos,False,83.84,Beginner,low,True,,,fan:lldb-280,GARJEN00.dat#5
2834,GARJEN00,Sharing a Climber?,False,109.65,Easy,low,True,,,fan:lldb-280,GARJEN00.dat#6
2835,GARJEN00,Death Trap,False,90.45,Beginner,low,True,,,fan:lldb-280,GARJEN00.dat#7
2836,GARJEN00,Floater's Round,False,103.4,Easy,low,True,,,fan:lldb-280,GARJEN00.dat#8
2837,GARJEN00,Printing Press,False,116.89,Easy,low,True,,,fan:lldb-280,GARJEN00.dat#9
2838,GARJEN01,Three-way Call,False,75.25,Beginner,low,True,,,fan:lldb-281,GARJEN01.dat#0
2839,GARJEN01,Compression Method 2,False,98.55,Beginner,low,True,,,fan:lldb-281,GARJEN01.dat#1
2840,GARJEN01,Island Hopping,False,104.39,Easy,low,True,,,fan:lldb-281,GARJEN01.dat#2
2841,GARJEN01,Stargazing!,False,106.5,Easy,low,True,,,fan:lldb-281,GARJEN01.dat#3
2842,GARJEN01,Get Deeper and Down,False,84.65,Beginner,low,True,,,fan:lldb-281,GARJEN01.dat#4
2843,GARJEN01,Playing with Fire,False,84.65,Beginner,low,True,,,fan:lldb-281,GARJEN01.dat#5
2844,GARJEN01,Stunt Double,False,73.62,Beginner,low,True,,,fan:lldb-281,GARJEN01.dat#6
2845,GARJEN01,The long way round,False,69,Beginner,low,True,,,fan:lldb-281,GARJEN01.dat#7
2846,GARJEN01,We need a blow torch NOW!,False,102,Easy,low,True,,,fan:lldb-281,GARJEN01.dat#8
2847,GARJEN01,Not as simple as it looks,False,102,Easy,low,True,,,fan:lldb-281,GARJEN01.dat#9
2848,GARJEN02,Don't Look Down!,False,112.88,Easy,low,True,,,fan:lldb-282,GARJEN02.dat#0
2849,GARJEN02,Little house on the prairie,False,79.8,Beginner,low,True,,,fan:lldb-282,GARJEN02.dat#1
2850,GARJEN02,"Two exits, one route",False,77,Beginner,low,True,,,fan:lldb-282,GARJEN02.dat#2
2851,GARJEN02,Crazy Paving,False,69,Beginner,low,True,,,fan:lldb-282,GARJEN02.dat#3
2852,GARJEN02,I'm Flipped!,False,111.25,Easy,low,True,,,fan:lldb-282,GARJEN02.dat#4
2853,GARJEN02,I'll take the high road!,False,113.85,Easy,low,True,,,fan:lldb-282,GARJEN02.dat#5
2854,GARJEN02,Fall and no life          *,False,92.3,Beginner,low,True,,,fan:lldb-282,GARJEN02.dat#6
2855,GARJEN02,Torashuko,False,90.68,Beginner,low,True,,,fan:lldb-282,GARJEN02.dat#7
2856,GARJEN02,I am A.T.                *,False,75.12,Beginner,low,True,,,fan:lldb-282,GARJEN02.dat#8
2857,GARJEN02,Fall and no life (Part Two)  *,False,92.3,Beginner,low,True,,,fan:lldb-282,GARJEN02.dat#9
2858,GARJEN03,"Out, away from the tune!     *",False,80.85,Beginner,low,True,,,fan:lldb-283,GARJEN03.dat#0
2859,GARJEN03,Castles in the sky,False,115.09,Easy,low,True,,,fan:lldb-283,GARJEN03.dat#1
2860,GARJEN03,Ball Bearing,False,87.75,Beginner,low,True,,,fan:lldb-283,GARJEN03.dat#2
2861,GARJEN03,That's it????!!!!,False,78.4,Beginner,low,True,,,fan:lldb-283,GARJEN03.dat#3
2862,GARJEN03,Cold Burn,False,87.45,Beginner,low,True,,,fan:lldb-283,GARJEN03.dat#4
2863,GARJEN03,The Incinerator,False,83.25,Beginner,low,True,,,fan:lldb-283,GARJEN03.dat#5
2864,GARJEN03,Lemmings' Ark           *,False,95.75,Beginner,low,True,,,fan:lldb-283,GARJEN03.dat#6
2865,GARJEN03,Arch-Nemesis,False,111.25,Easy,low,True,,,fan:lldb-283,GARJEN03.dat#7
2866,GARJEN03,Nuclear Bomb,False,46.81,Beginner,low,True,,,fan:lldb-283,GARJEN03.dat#8
2867,GARJEN03,Poste Haste,False,114.5,Easy,low,True,,,fan:lldb-283,GARJEN03.dat#9
2868,GARJEN04,Twister,False,93.5,Beginner,low,True,,,fan:lldb-284,GARJEN04.dat#0
2869,GARJEN04,Ice Station II,False,102.45,Easy,low,True,,,fan:lldb-284,GARJEN04.dat#1
2870,GARJEN04,Element,False,90.25,Beginner,low,True,,,fan:lldb-284,GARJEN04.dat#2
2871,GARJEN04,Suspension Bridge,False,101.05,Easy,low,True,,,fan:lldb-284,GARJEN04.dat#3
2872,GARJEN04,Knee Deep,False,98.25,Beginner,low,True,,,fan:lldb-284,GARJEN04.dat#4
2873,GARJEN04,Firestorm,False,98.25,Beginner,low,True,,,fan:lldb-284,GARJEN04.dat#5
2874,GARJEN04,Reverse Engineer,False,98.38,Beginner,low,True,,,fan:lldb-284,GARJEN04.dat#6
2875,GARJEN04,Rattlesnake (Cloud 9),False,109.4,Easy,low,True,,,fan:lldb-284,GARJEN04.dat#7
2876,GARJEN04,3W,False,56,Beginner,low,True,,,fan:lldb-284,GARJEN04.dat#8
2877,GARJEN04,Who put that there??!!,False,95.75,Beginner,low,True,,,fan:lldb-284,GARJEN04.dat#9
2878,GARJEN05,Blast Furnace,False,105.95,Easy,low,True,,,fan:lldb-285,GARJEN05.dat#0
2879,GARJEN05,Reverse Engineer (Part Two),False,104.88,Easy,low,True,,,fan:lldb-285,GARJEN05.dat#1
2880,GARJEN05,Nelson's Column,False,84.65,Beginner,low,True,,,fan:lldb-285,GARJEN05.dat#2
2881,GARJEN05,Triad,False,116.08,Easy,low,True,,,fan:lldb-285,GARJEN05.dat#3
2882,GARJEN05,Keystone,False,114.5,Easy,low,True,,,fan:lldb-285,GARJEN05.dat#4
2883,GARJEN05,Poldark,False,77,Beginner,low,True,,,fan:lldb-285,GARJEN05.dat#5
2884,GARJEN05,Hedge Maze,False,62.62,Beginner,low,True,,,fan:lldb-285,GARJEN05.dat#6
2885,GARJEN05,Deep Freeze,False,106.38,Easy,low,True,,,fan:lldb-285,GARJEN05.dat#7
2886,GARJEN05,Hard Sum?,False,68.59,Beginner,low,True,,,fan:lldb-285,GARJEN05.dat#8
2887,GARJEN05,"Eeny, meeny, miny... OH!",False,73.55,Beginner,low,True,,,fan:lldb-285,GARJEN05.dat#9
2888,GARJEN06,Downfall,False,111.25,Easy,low,True,,,fan:lldb-286,GARJEN06.dat#0
2889,GARJEN06,Pit of Oblivion,False,81.08,Beginner,low,True,,,fan:lldb-286,GARJEN06.dat#1
2890,GARJEN06,Controlled Explosions,False,76.78,Beginner,low,True,,,fan:lldb-286,GARJEN06.dat#2
2891,GARJEN06,Someone just had to spoil it all,False,74.7,Beginner,low,True,,,fan:lldb-286,GARJEN06.dat#3
2892,GARJEN06,Overhang,False,107.6,Easy,low,True,,,fan:lldb-286,GARJEN06.dat#4
2893,GARJEN06,The Monument,False,94,Beginner,low,True,,,fan:lldb-286,GARJEN06.dat#5
2894,GARJEN06,In need of safety regulations,False,60.33,Beginner,low,True,,,fan:lldb-286,GARJEN06.dat#6
2895,GARJEN06,Build it up with iron and steel.,False,95.75,Beginner,low,True,,,fan:lldb-286,GARJEN06.dat#7
2896,GARJEN06,Death Adder,False,90.9,Beginner,low,True,,,fan:lldb-286,GARJEN06.dat#8
2897,GARJEN06,The Final Countdown,False,114.5,Easy,low,True,,,fan:lldb-286,GARJEN06.dat#9
2898,GARJEN07,Blast Furnace (part two),False,105.95,Easy,low,True,,,fan:lldb-287,GARJEN07.dat#0
2899,GARJEN07,The Fjord,False,105.7,Easy,low,True,,,fan:lldb-287,GARJEN07.dat#1
2900,GARJEN07,Chernobyl,False,79.8,Beginner,low,True,,,fan:lldb-287,GARJEN07.dat#2
2901,GARJEN07,Laser Beam,False,96.5,Beginner,low,True,,,fan:lldb-287,GARJEN07.dat#3
2902,GARJEN07,Come on up,False,84.65,Beginner,low,True,,,fan:lldb-287,GARJEN07.dat#4
2903,GARJEN07,Gateway to Atlantis,False,79.8,Beginner,low,True,,,fan:lldb-287,GARJEN07.dat#5
2904,GARJEN07,Everyone turn left (Part Two),False,72.15,Beginner,low,True,,,fan:lldb-287,GARJEN07.dat#6
2905,GARJEN07,Bailey Bridge,False,79.8,Beginner,low,True,,,fan:lldb-287,GARJEN07.dat#7
2906,GARJEN07,Crystal Caves,False,102,Easy,low,True,,,fan:lldb-287,GARJEN07.dat#8
2907,GARJEN07,Meltdown,False,79.8,Beginner,low,True,,,fan:lldb-287,GARJEN07.dat#9
2908,GARJEN08,Diamond Mine,False,98.25,Beginner,low,True,,,fan:lldb-288,GARJEN08.dat#0
2909,GARJEN08,Motorways Merge,False,98.25,Beginner,low,True,,,fan:lldb-288,GARJEN08.dat#1
2910,GARJEN08,Come out to play,False,99.65,Beginner,low,True,,,fan:lldb-288,GARJEN08.dat#2
2911,GARJEN08,Temple of Delphi,False,101.27,Easy,low,True,,,fan:lldb-288,GARJEN08.dat#3
2912,GARJEN08,Abseiling Lesson,False,98.25,Beginner,low,True,,,fan:lldb-288,GARJEN08.dat#4
2913,GARJEN08,Killer Pillar,False,99.65,Beginner,low,True,,,fan:lldb-288,GARJEN08.dat#5
2914,GARJEN08,The Great Escape,False,76.75,Beginner,low,True,,,fan:lldb-288,GARJEN08.dat#6
2915,GARJEN08,BEWARE! The Ninja!,False,102.45,Easy,low,True,,,fan:lldb-288,GARJEN08.dat#7
2916,GARJEN08,Everyone turn left,False,72.15,Beginner,low,True,,,fan:lldb-288,GARJEN08.dat#8
2917,GARJEN08,A lonely walk,False,93.7,Beginner,low,True,,,fan:lldb-288,GARJEN08.dat#9
2918,GARJEN09,Pest Control,False,118.29,Easy,low,True,,,fan:lldb-289,GARJEN09.dat#0
2919,GARJEN09,"...try, try again!",False,114.5,Easy,low,True,,,fan:lldb-289,GARJEN09.dat#1
2920,GARJEN09,"Stop, look and listen",False,84.65,Beginner,low,True,,,fan:lldb-289,GARJEN09.dat#2
2921,GARJEN09,Iron Curtain,False,86.88,Beginner,low,True,,,fan:lldb-289,GARJEN09.dat#3
2922,GARJEN09,Faithful Friends,False,97.15,Beginner,low,True,,,fan:lldb-289,GARJEN09.dat#4
2923,GARJEN09,Can it get any harder than this?,False,119.29,Easy,low,True,,,fan:lldb-289,GARJEN09.dat#5
2924,GARJEN09,Going Down . . . . .,False,89.5,Beginner,low,True,,,fan:lldb-289,GARJEN09.dat#6
2925,GARJEN09,Nemesis,False,97.15,Beginner,low,True,,,fan:lldb-289,GARJEN09.dat#7
2926,GARJEN09,Oil Refinery,False,108.03,Easy,low,True,,,fan:lldb-289,GARJEN09.dat#8
2927,GARJEN09,Event Horizon,False,98.5,Beginner,low,True,,,fan:lldb-289,GARJEN09.dat#9
2928,JUANJO1N,Vamos parriba!,False,77,Beginner,low,True,,,fan:lldb-290,JUANJO1N.DAT#0
2929,JUANJO1N,No es tan dificil!,False,83.25,Beginner,low,True,,,fan:lldb-290,JUANJO1N.DAT#1
2930,JUANJO1N,Date prisa o muere!,False,80.69,Beginner,low,True,,,fan:lldb-290,JUANJO1N.DAT#2
2931,JUANJO1N,2 posibilidades.,False,89.5,Beginner,low,True,,,fan:lldb-290,JUANJO1N.DAT#3
2932,JUANJO1N,En Grecia,False,108.25,Easy,low,True,,,fan:lldb-290,JUANJO1N.DAT#4
2933,JUANJO1N,En un minuto...,False,66.16,Beginner,low,True,,,fan:lldb-290,JUANJO1N.DAT#5
2934,JUANJO1N,Los lemmings fantasmas,False,75.25,Beginner,low,True,,,fan:lldb-290,JUANJO1N.DAT#6
2935,JUANJO1N,Las 3 montanas,False,92.51,Beginner,low,True,,,fan:lldb-290,JUANJO1N.DAT#7
2936,JUANJO1N,Veeeeeeenga!,False,75.78,Beginner,low,True,,,fan:lldb-290,JUANJO1N.DAT#8
2937,JUANJO1N,Puzzle atractivo,False,102,Easy,low,True,,,fan:lldb-290,JUANJO1N.DAT#9
2938,JUANJO2N,"Patricio, me apruebas Micro II?",False,81.09,Beginner,low,True,,,fan:lldb-291,JUANJO2N.DAT#0
2939,JUANJO2N,El nivel SAFARI,False,109.65,Easy,low,True,,,fan:lldb-291,JUANJO2N.DAT#1
2940,JUANJO2N,Hacia el centro?,False,95.1,Beginner,low,True,,,fan:lldb-291,JUANJO2N.DAT#2
2941,JUANJO2N,Informacion asimetrica,False,87.75,Beginner,low,True,,,fan:lldb-291,JUANJO2N.DAT#3
2942,JUANJO2N,Ap an daun,False,93.04,Beginner,low,True,,,fan:lldb-291,JUANJO2N.DAT#4
2943,JUANJO2N,El nivel de mi amigo Pareto,False,86.53,Beginner,low,True,,,fan:lldb-291,JUANJO2N.DAT#5
2944,JUANJO2N,El juego chino,False,94.94,Beginner,low,True,,,fan:lldb-291,JUANJO2N.DAT#6
2945,JUANJO2N,La Binominal... que es?,False,64.81,Beginner,low,True,,,fan:lldb-291,JUANJO2N.DAT#7
2946,JUANJO2N,Habre aprobado? Ya te lo dire!,False,95.53,Beginner,low,True,,,fan:lldb-291,JUANJO2N.DAT#8
2947,JUANJO2N,Nivel atipico,False,101.19,Easy,low,True,,,fan:lldb-291,JUANJO2N.DAT#9
2948,JUANJO3N,"El ajedrez, otro obstaculo.",False,86.94,Beginner,low,True,,,fan:lldb-292,JUANJO3N.DAT#0
2949,JUANJO3N,Bolas Y palos,False,108.25,Easy,low,True,,,fan:lldb-292,JUANJO3N.DAT#1
2950,JUANJO3N,Quien salva a quien?,False,97.15,Beginner,low,True,,,fan:lldb-292,JUANJO3N.DAT#2
2951,JUANJO3N,Curvas de Escalada-Parada,False,92.38,Beginner,low,True,,,fan:lldb-292,JUANJO3N.DAT#3
2952,JUANJO3N,"Patricio, he aprobado MicroII",False,102,Easy,low,True,,,fan:lldb-292,JUANJO3N.DAT#4
2953,JUANJO3N,La prision helada,False,86.94,Beginner,low,True,,,fan:lldb-292,JUANJO3N.DAT#5
2954,JUANJO3N,La carrera,False,69,Beginner,low,True,,,fan:lldb-292,JUANJO3N.DAT#6
2955,JUANJO3N,3 enigmas a resolver,False,101.07,Easy,low,True,,,fan:lldb-292,JUANJO3N.DAT#7
2956,JUANJO3N,Como lo haremos?,False,92.92,Beginner,low,True,,,fan:lldb-292,JUANJO3N.DAT#8
2957,JUANJO3N,A R K I T R A B O S !,False,102.59,Easy,low,True,,,fan:lldb-292,JUANJO3N.DAT#9
2958,JUANJO4N,"""L - F - G""",False,112.77,Easy,low,True,,,fan:lldb-293,JUANJO4N.DAT#0
2959,JUANJO4N,3 MiNiLeVeLs,False,94.12,Beginner,low,True,,,fan:lldb-293,JUANJO4N.DAT#1
2960,JUANJO4N,The great red block,False,94.53,Beginner,low,True,,,fan:lldb-293,JUANJO4N.DAT#2
2961,JUANJO4N,8--7--0--T,False,89.5,Beginner,low,True,,,fan:lldb-293,JUANJO4N.DAT#3
2962,JUANJO4N,EL ESCAPE DE GAS!!!!,False,93.19,Beginner,low,True,,,fan:lldb-293,JUANJO4N.DAT#4
2963,JUANJO4N,CADA UNO A SU CASA!!!,False,94,Beginner,low,True,,,fan:lldb-293,JUANJO4N.DAT#5
2964,JUANJO4N,Ave Maria!,False,94.12,Beginner,low,True,,,fan:lldb-293,JUANJO4N.DAT#6
2965,JUANJO4N,Tan normal y tan extranyo,False,111.05,Easy,low,True,,,fan:lldb-293,JUANJO4N.DAT#7
2966,JUANJO4N,"1, 1, 1, 1, 1, 1, 1, 20!!",False,106.5,Easy,low,True,,,fan:lldb-293,JUANJO4N.DAT#8
2967,JUANJO4N,Los Blockes // Level 68!,False,98.62,Beginner,low,True,,,fan:lldb-293,JUANJO4N.DAT#9
2968,JUANJO5N,"Todo lo que sube, baja!",False,113.69,Easy,low,True,,,fan:lldb-294,JUANJO5N.DAT#0
2969,JUANJO5N,El nivel imposible de verdad,False,90.9,Beginner,low,True,,,fan:lldb-294,JUANJO5N.DAT#1
2970,JUANJO5N,Jau du ai dick ap de guei?,False,84.78,Beginner,low,True,,,fan:lldb-294,JUANJO5N.DAT#2
2971,JUANJO5N,NAAN!,False,107.21,Easy,low,True,,,fan:lldb-294,JUANJO5N.DAT#3
2972,JUANJO5N,The Arena,False,91.06,Beginner,low,True,,,fan:lldb-294,JUANJO5N.DAT#4
2973,JUANJO5N,EL PARTENON!,False,74.03,Beginner,low,True,,,fan:lldb-294,JUANJO5N.DAT#5
2974,JUANJO5N,Think.......................,False,95.93,Beginner,low,True,,,fan:lldb-294,JUANJO5N.DAT#6
2975,JUANJO5N,Caminando por los astros,False,115.09,Easy,low,True,,,fan:lldb-294,JUANJO5N.DAT#7
2976,JUANJO5N,El mar de los lamentos,False,75.25,Beginner,low,True,,,fan:lldb-294,JUANJO5N.DAT#8
2977,JUANJO5N,Juntos es mas agradable,False,105.69,Easy,low,True,,,fan:lldb-294,JUANJO5N.DAT#9
2978,JUANJO6,51. Think level1,False,108.25,Easy,low,True,,,fan:lldb-295,JUANJO6.DAT#0
2979,JUANJO6,52. Think level2,False,95.75,Beginner,low,True,,,fan:lldb-295,JUANJO6.DAT#1
2980,JUANJO6,53. Think level3,False,102,Easy,low,True,,,fan:lldb-295,JUANJO6.DAT#2
2981,JUANJO6,54. Think level4,False,90.9,Beginner,low,True,,,fan:lldb-295,JUANJO6.DAT#3
2982,JUANJO6,55. Think level5,False,100.38,Easy,low,True,,,fan:lldb-295,JUANJO6.DAT#4
2983,JUANJO6,56. Think level6,False,103.4,Easy,low,True,,,fan:lldb-295,JUANJO6.DAT#5
2984,JUANJO6,57. Think level7,False,89.1,Beginner,low,True,,,fan:lldb-295,JUANJO6.DAT#6
2985,JUANJO6,58. Think level8,False,102.1,Easy,low,True,,,fan:lldb-295,JUANJO6.DAT#7
2986,JUANJO6,59. Think level9,False,99.97,Beginner,low,True,,,fan:lldb-295,JUANJO6.DAT#8
2987,JUANJO6,60. Dont Think...,False,82.25,Beginner,low,True,,,fan:lldb-295,JUANJO6.DAT#9
2988,JUANJO7,61. Logical Level1,False,103.58,Easy,low,True,,,fan:lldb-296,JUANJO7.DAT#0
2989,JUANJO7,62. Logical Level2,False,109.65,Easy,low,True,,,fan:lldb-296,JUANJO7.DAT#1
2990,JUANJO7,63. Logical level3,False,95.75,Beginner,low,True,,,fan:lldb-296,JUANJO7.DAT#2
2991,JUANJO7,64. Logical level4,False,115.09,Easy,low,True,,,fan:lldb-296,JUANJO7.DAT#3
2992,JUANJO7,65. Logical level5,False,114.28,Easy,low,True,,,fan:lldb-296,JUANJO7.DAT#4
2993,JUANJO7B,61. Logical Level1 (updated),False,103.58,Easy,low,True,,,fan:lldb-297,JUANJO7B.DAT#0
2994,JUANJO7B,63. Logical level3 (updated),False,95.75,Beginner,low,True,,,fan:lldb-297,JUANJO7B.DAT#1
2995,LEMERINewlvls,LemEdit generated Level,False,58.09,Beginner,low,True,,,fan:lldb-298,LEMERINewlvls.dat#0
2996,LEMERINewlvls,test01,False,73.25,Beginner,low,True,,,fan:lldb-298,LEMERINewlvls.dat#1
2997,LEMERINewlvls,LemEdit generated Level,False,46,Beginner,low,True,,,fan:lldb-298,LEMERINewlvls.dat#2
2998,LEMERINewlvls,LemEdit generated Level,False,82.44,Beginner,low,True,,,fan:lldb-298,LEMERINewlvls.dat#3
2999,LEMERINewlvls,LemEdit generated Level,False,71.5,Beginner,low,True,,,fan:lldb-298,LEMERINewlvls.dat#4
3000,LEMERINewlvls,LemEdit generated Level,False,73.25,Beginner,low,True,,,fan:lldb-298,LEMERINewlvls.dat#5
3001,LEMERINewlvls,LemEdit generated Level,False,81.62,Beginner,low,True,,,fan:lldb-298,LEMERINewlvls.dat#6
3002,LEMERINewlvls,LemEdit generated Level,False,71.5,Beginner,low,True,,,fan:lldb-298,LEMERINewlvls.dat#7
3003,LEMERINewlvls,LemEdit generated Level,False,71.5,Beginner,low,True,,,fan:lldb-298,LEMERINewlvls.dat#8
3004,LEMERITraplvls,trapsville,False,54.18,Beginner,low,True,,,fan:lldb-299,LEMERITraplvls.dat#0
3005,LEMERITraplvls,Lemmings 2: The traps,False,66.86,Beginner,low,True,,,fan:lldb-299,LEMERITraplvls.dat#1
3006,LEMERITraplvls,Twisty Traps,False,80.59,Beginner,low,True,,,fan:lldb-299,LEMERITraplvls.dat#2
3007,LEMERITraplvls,The fiery shaft,False,90.43,Beginner,low,True,,,fan:lldb-299,LEMERITraplvls.dat#3
3008,LEMERITraplvls,Trapworks,False,88.24,Beginner,low,True,,,fan:lldb-299,LEMERITraplvls.dat#4
3009,LEMERITraplvls,Mines of DOOM,False,68.88,Beginner,low,True,,,fan:lldb-299,LEMERITraplvls.dat#5
3010,LEMERITraplvls,The Lemmpress,False,59.03,Beginner,low,True,,,fan:lldb-299,LEMERITraplvls.dat#6
3011,LEMERITraplvls,This should be a doddle: Part 2,False,69.94,Beginner,low,True,,,fan:lldb-299,LEMERITraplvls.dat#7
3012,LEMERITraplvls,Harder then it looks.....,False,74.34,Beginner,low,True,,,fan:lldb-299,LEMERITraplvls.dat#8
3013,LEMERITraplvls,Palace of steel and death,False,68.4,Beginner,low,True,,,fan:lldb-299,LEMERITraplvls.dat#9
3014,Pacpack1,Just a bomb away !!,False,67.92,Beginner,low,True,,,fan:lldb-300,Pacpack1.dat#0
3015,Pacpack1,Weight Lifting,False,90.25,Beginner,low,True,,,fan:lldb-300,Pacpack1.dat#1
3016,Pacpack1,The Lemmites I,False,66.56,Beginner,low,True,,,fan:lldb-300,Pacpack1.dat#2
3017,Pacpack1,Crazy Climber I,False,69,Beginner,low,True,,,fan:lldb-300,Pacpack1.dat#3
3018,Pacpack1,Bomb the Base,False,86.12,Beginner,low,True,,,fan:lldb-300,Pacpack1.dat#4
3019,Pacpack1,Snow Initials,False,67.25,Beginner,low,True,,,fan:lldb-300,Pacpack1.dat#5
3020,Pacpack1,The Lemmites II,False,61.12,Beginner,low,True,,,fan:lldb-300,Pacpack1.dat#6
3021,Pacpack1,Crazy Climber II,False,83,Beginner,low,True,,,fan:lldb-300,Pacpack1.dat#7
3022,Pacpack1,Abracadabra...,False,81.5,Beginner,low,True,,,fan:lldb-300,Pacpack1.dat#8
3023,Pacpack1,THE AUTHOR'S SIGNATURE...,False,84.4,Beginner,low,True,,,fan:lldb-300,Pacpack1.dat#9
3024,Pacpack2,Oh no! Not again...,False,62.75,Beginner,low,True,,,fan:lldb-301,Pacpack2.dat#0
3025,Pacpack2,The race against cliches II,False,75.25,Beginner,low,True,,,fan:lldb-301,Pacpack2.dat#1
3026,Pacpack2,Careful diggers...,False,70.75,Beginner,low,True,,,fan:lldb-301,Pacpack2.dat#2
3027,Pacpack2,The compass,False,92.25,Beginner,low,True,,,fan:lldb-301,Pacpack2.dat#3
3028,Pacpack2,Timing's the Lem (Part Two),False,70.75,Beginner,low,True,,,fan:lldb-301,Pacpack2.dat#4
3029,Pacpack2,Ultimate Compression,False,88.46,Beginner,low,True,,,fan:lldb-301,Pacpack2.dat#5
3030,Pacpack2,The Base of Main,False,95.75,Beginner,low,True,,,fan:lldb-301,Pacpack2.dat#6
3031,Pacpack2,The Jail,False,92.3,Beginner,low,True,,,fan:lldb-301,Pacpack2.dat#7
3032,Pacpack2,Not a hard one...,False,77.99,Beginner,low,True,,,fan:lldb-301,Pacpack2.dat#8
3033,Pacpack2,How the Hell...,False,77.99,Beginner,low,True,,,fan:lldb-301,Pacpack2.dat#9
3034,TWPAK00,Its A Time Thing,False,56.5,Beginner,low,True,,,fan:lldb-302,TWPAK00.dat#0
3035,TWPAK00,Climin' Death Mountain,False,42.9,Beginner,low,True,,,fan:lldb-302,TWPAK00.dat#1
3036,TWPAK00,Float Or Die,False,41.5,Beginner,low,True,,,fan:lldb-302,TWPAK00.dat#2
3037,TWPAK00,Up And Down,False,73.7,Beginner,low,True,,,fan:lldb-302,TWPAK00.dat#3
3038,TWPAK00,Bomb The Bubbles,False,44.75,Beginner,low,True,,,fan:lldb-302,TWPAK00.dat#4
3039,TWPAK00,Stop Block,False,46.15,Beginner,low,True,,,fan:lldb-302,TWPAK00.dat#5
3040,TWPAK00,Mine Your Own Bussiness,False,62.75,Beginner,low,True,,,fan:lldb-302,TWPAK00.dat#6
3041,TWPAK00,Excavation Station,False,39.75,Beginner,low,True,,,fan:lldb-302,TWPAK00.dat#7
3042,TWPAK00,Bridge In A Fridge,False,62.75,Beginner,low,True,,,fan:lldb-302,TWPAK00.dat#8
3043,TWPAK00,Skill Your Lemmings,False,103.25,Easy,low,True,,,fan:lldb-302,TWPAK00.dat#9
3044,TWPAK01,Chain Reaction,False,51.25,Beginner,low,True,,,fan:lldb-303,TWPAK01.dat#0
3045,TWPAK01,The One-Lemming-Army,False,117.3,Easy,low,True,,,fan:lldb-303,TWPAK01.dat#1
3046,TWPAK01,Down The Drain,False,67.38,Beginner,low,True,,,fan:lldb-303,TWPAK01.dat#2
3047,TWPAK01,Asy-Lemm Seekers,False,107.62,Easy,low,True,,,fan:lldb-303,TWPAK01.dat#3
3048,TWPAK01,============Pipeline============,False,69,Beginner,low,True,,,fan:lldb-303,TWPAK01.dat#4
3049,TWPAK01,Satan Loves You,False,101.37,Easy,low,True,,,fan:lldb-303,TWPAK01.dat#5
3050,TWPAK01,Both The 7's...................!,False,99.32,Beginner,low,True,,,fan:lldb-303,TWPAK01.dat#6
3051,TWPAK01,Lemmings Of Mass Destruction,False,19.25,Beginner,low,True,,,fan:lldb-303,TWPAK01.dat#7
3052,TWPAK01,Celestial Lemmings,False,54.62,Beginner,low,True,,,fan:lldb-303,TWPAK01.dat#8
3053,TWPAK01,No One Here But Us Three,False,117.3,Easy,low,True,,,fan:lldb-303,TWPAK01.dat#9
3054,TWPAK02,New And Exciting: Lemmingaide!,False,89.5,Beginner,low,True,,,fan:lldb-304,TWPAK02.dat#0
3055,TWPAK02,Lemm The Builder,False,70.75,Beginner,low,True,,,fan:lldb-304,TWPAK02.dat#1
3056,TWPAK02,Further Down The Drain,False,81.09,Beginner,low,True,,,fan:lldb-304,TWPAK02.dat#2
3057,TWPAK02,As Cold As A Frozen Lemming,False,68.88,Beginner,low,True,,,fan:lldb-304,TWPAK02.dat#3
3058,TWPAK02,Lets Bash That Guy!,False,90.36,Beginner,low,True,,,fan:lldb-304,TWPAK02.dat#4
3059,TWPAK02,Hide And Seek,False,110.44,Easy,low,True,,,fan:lldb-304,TWPAK02.dat#5
3060,TWPAK02,Escape From Lemmtraz,False,81.72,Beginner,low,True,,,fan:lldb-304,TWPAK02.dat#6
3061,TWPAK02,"Reduce, Reuse, Relemming",False,75.25,Beginner,low,True,,,fan:lldb-304,TWPAK02.dat#7
3062,TWPAK02,When In Rome Do As The Lemmings,False,84.65,Beginner,low,True,,,fan:lldb-304,TWPAK02.dat#8
3063,TWPAK02,A Hell Of A Lot Of Bashing,False,81.2,Beginner,low,True,,,fan:lldb-304,TWPAK02.dat#9
3064,TWPAK03,Revenge Of The Evil Gardener,False,51,Beginner,low,True,,,fan:lldb-305,TWPAK03.dat#0
3065,TWPAK03,Supermega Happy Fun Lemming Land,False,100,Easy,low,True,,,fan:lldb-305,TWPAK03.dat#1
3066,TWPAK03,Down The Bottom Of The Drain,False,79.88,Beginner,low,True,,,fan:lldb-305,TWPAK03.dat#2
3067,TWPAK03,Compression Method 2,False,65.12,Beginner,low,True,,,fan:lldb-305,TWPAK03.dat#3
3068,TWPAK03,Kidz On The Swing,False,112.88,Easy,low,True,,,fan:lldb-305,TWPAK03.dat#4
3069,TWPAK03,The Wall Trilogy Part 1,False,62.75,Beginner,low,True,,,fan:lldb-305,TWPAK03.dat#5
3070,TWPAK03,The Lemming Factory,False,78.4,Beginner,low,True,,,fan:lldb-305,TWPAK03.dat#6
3071,TWPAK03,Cloudy With A Chance Of Lemmings,False,102,Easy,low,True,,,fan:lldb-305,TWPAK03.dat#7
3072,TWPAK03,Like A Lemming In A Haystack,False,62.34,Beginner,low,True,,,fan:lldb-305,TWPAK03.dat#8
3073,TWPAK03,Dot to dot (the 2D version),False,74.84,Beginner,low,True,,,fan:lldb-305,TWPAK03.dat#9
3074,TWPAK04,Expendable Lemmings,False,38.38,Beginner,low,True,,,fan:lldb-306,TWPAK04.dat#0
3075,TWPAK04,How To Burn A CD Lemming Style,False,70.38,Beginner,low,True,,,fan:lldb-306,TWPAK04.dat#1
3076,TWPAK04,Snow Way!,False,86,Beginner,low,True,,,fan:lldb-306,TWPAK04.dat#2
3077,TWPAK04,Compression Method 3,False,61.95,Beginner,low,True,,,fan:lldb-306,TWPAK04.dat#3
3078,TWPAK04,"""Look What I Found!""",False,104.88,Easy,low,True,,,fan:lldb-306,TWPAK04.dat#4
3079,TWPAK04,The Wall Trilogy Part 2,False,71.19,Beginner,low,True,,,fan:lldb-306,TWPAK04.dat#5
3080,TWPAK04,Suicide Bombers In Lemmland,False,38.5,Beginner,low,True,,,fan:lldb-306,TWPAK04.dat#6
3081,TWPAK04,Poles Together,False,87.88,Beginner,low,True,,,fan:lldb-306,TWPAK04.dat#7
3082,TWPAK04,The Not-So-Amazing Maze,False,62.5,Beginner,low,True,,,fan:lldb-306,TWPAK04.dat#8
3083,TWPAK04,One-Way Lemmings,False,81.2,Beginner,low,True,,,fan:lldb-306,TWPAK04.dat#9
3084,TWPAK05,Three Times The Fun!,False,75.25,Beginner,low,True,,,fan:lldb-307,TWPAK05.dat#0
3085,TWPAK05,Athletes Foot,False,80.69,Beginner,low,True,,,fan:lldb-307,TWPAK05.dat#1
3086,TWPAK05,We All Fall Up,False,62.75,Beginner,low,True,,,fan:lldb-307,TWPAK05.dat#2
3087,TWPAK05,How To Cook Forty Lemmings,False,91.53,Beginner,low,True,,,fan:lldb-307,TWPAK05.dat#3
3088,TWPAK05,Lizard Lubbing Lemmings,False,102,Easy,low,True,,,fan:lldb-307,TWPAK05.dat#4
3089,TWPAK05,The Wall Trilogy Part 3,False,62.75,Beginner,low,True,,,fan:lldb-307,TWPAK05.dat#5
3090,TWPAK05,Over The Gap,False,87.75,Beginner,low,True,,,fan:lldb-307,TWPAK05.dat#6
3091,TWPAK05,Art Thou Bubbly Feeleth?,False,87.69,Beginner,low,True,,,fan:lldb-307,TWPAK05.dat#7
3092,TWPAK05,A Treehouse On A Goldmine,False,94.44,Beginner,low,True,,,fan:lldb-307,TWPAK05.dat#8
3093,TWPAK05,Super Communism,False,106.15,Easy,low,True,,,fan:lldb-307,TWPAK05.dat#9
3094,TWPAK06,We're Innocent!,False,81.15,Beginner,low,True,,,fan:lldb-308,TWPAK06.dat#0
3095,TWPAK06,NEW: Pyramid In A Box!,False,75.25,Beginner,low,True,,,fan:lldb-308,TWPAK06.dat#1
3096,TWPAK06,...And Out Come The Bashers,False,71.74,Beginner,low,True,,,fan:lldb-308,TWPAK06.dat#2
3097,TWPAK06,Funeral For A Lemming,False,75.25,Beginner,low,True,,,fan:lldb-308,TWPAK06.dat#3
3098,TWPAK06,The Lemming Genome Project,False,90.25,Beginner,low,True,,,fan:lldb-308,TWPAK06.dat#4
3099,TWPAK06,Lemmings: Fireworks Simulator,False,46.5,Beginner,low,True,,,fan:lldb-308,TWPAK06.dat#5
3100,TWPAK06,Lemmings: Smoothie Maker,False,80.81,Beginner,low,True,,,fan:lldb-308,TWPAK06.dat#6
3101,TWPAK06,Hellp!!,False,68.19,Beginner,low,True,,,fan:lldb-308,TWPAK06.dat#7
3102,TWPAK06,Lemmy Out Of 'Ere,False,112.88,Easy,low,True,,,fan:lldb-308,TWPAK06.dat#8
3103,TWPAK06,"Me, Myself And Ice",False,106.2,Easy,low,True,,,fan:lldb-308,TWPAK06.dat#9
3104,TWPAK07,Lemming Proof Fence,False,114.5,Easy,low,True,,,fan:lldb-309,TWPAK07.dat#0
3105,TWPAK07,Montizuma's Revenge,False,95.93,Beginner,low,True,,,fan:lldb-309,TWPAK07.dat#1
3106,TWPAK07,Three Lemmings Sitting On A Wall,False,66.08,Beginner,low,True,,,fan:lldb-309,TWPAK07.dat#2
3107,TWPAK07,Danger: Venus Lemming Traps,False,106.5,Easy,low,True,,,fan:lldb-309,TWPAK07.dat#3
3108,TWPAK07,The Lemmings Vacation To Egypt,False,89.94,Beginner,low,True,,,fan:lldb-309,TWPAK07.dat#4
3109,TWPAK07,"""Not Happy Lem!""",False,80.85,Beginner,low,True,,,fan:lldb-309,TWPAK07.dat#5
3110,TWPAK07,Tribute To MC Hammer,False,81.5,Beginner,low,True,,,fan:lldb-309,TWPAK07.dat#6
3111,TWPAK07,Revenge Of The Red Puffy Stuff,False,54.62,Beginner,low,True,,,fan:lldb-309,TWPAK07.dat#7
3112,TWPAK07,Abstract Lemmspressionism,False,80,Beginner,low,True,,,fan:lldb-309,TWPAK07.dat#8
3113,TWPAK07,Enter The Dragon,False,60.61,Beginner,low,True,,,fan:lldb-309,TWPAK07.dat#9
3114,TWPAK08,Almost A Wall!,False,81.09,Beginner,low,True,,,fan:lldb-310,TWPAK08.dat#0
3115,TWPAK08,All a wall!,False,60.88,Beginner,low,True,,,fan:lldb-310,TWPAK08.dat#1
3116,TWPAK08,Blocked Bridge,False,65.25,Beginner,low,True,,,fan:lldb-310,TWPAK08.dat#2
3117,TWPAK08,Todays special:Barbequed Lemming,False,79.33,Beginner,low,True,,,fan:lldb-310,TWPAK08.dat#3
3118,TWPAK08,It's A Sign,False,103.4,Easy,low,True,,,fan:lldb-310,TWPAK08.dat#4
3119,TWPAK08,Have Your Lemming And Eat It Too,False,74.72,Beginner,low,True,,,fan:lldb-310,TWPAK08.dat#5
3120,TWPAK08,Fun For The Whole Family!,False,68.4,Beginner,low,True,,,fan:lldb-310,TWPAK08.dat#6
3121,TWPAK08,Lemming Rampage,False,91.08,Beginner,low,True,,,fan:lldb-310,TWPAK08.dat#7
3122,TWPAK08,Non-Satanic Mary Poppins Land,False,69,Beginner,low,True,,,fan:lldb-310,TWPAK08.dat#8
3123,TWPAK08,15 Things To Do With A Lemming,False,80.59,Beginner,low,True,,,fan:lldb-310,TWPAK08.dat#9
3124,TWPAK09,Yes?,False,69,Beginner,low,True,,,fan:lldb-311,TWPAK09.dat#0
3125,TWPAK09,From L To G,False,84.65,Beginner,low,True,,,fan:lldb-311,TWPAK09.dat#1
3126,TWPAK09,Someone Spiked The Lemmings,False,64.94,Beginner,low,True,,,fan:lldb-311,TWPAK09.dat#2
3127,TWPAK09,No Use For A Terrain,False,112.47,Easy,low,True,,,fan:lldb-311,TWPAK09.dat#3
3128,TWPAK09,The Traffic Light Of Lemmland,False,64.94,Beginner,low,True,,,fan:lldb-311,TWPAK09.dat#4
3129,TWPAK09,Lizard Land,False,91.53,Beginner,low,True,,,fan:lldb-311,TWPAK09.dat#5
3130,TWPAK09,Weave Your Lemmings,False,81.5,Beginner,low,True,,,fan:lldb-311,TWPAK09.dat#6
3131,TWPAK09,Lemmings Present:Icecube Madness,False,60.88,Beginner,low,True,,,fan:lldb-311,TWPAK09.dat#7
3132,TWPAK09,Time Bomb,False,61.12,Beginner,low,True,,,fan:lldb-311,TWPAK09.dat#8
3133,TWPAK09,Keep Your Scarf On Mr. Lemming,False,86.32,Beginner,low,True,,,fan:lldb-311,TWPAK09.dat#9
3134,TWPAK10,Objects? What Objects?,False,87.65,Beginner,low,True,,,fan:lldb-312,TWPAK10.dat#0
3135,TWPAK10,Googly-Pops Has Lost One Eye,False,97.15,Beginner,low,True,,,fan:lldb-312,TWPAK10.dat#1
3136,TWPAK10,An Exit Isn't Just For Christmas,False,97.94,Beginner,low,True,,,fan:lldb-312,TWPAK10.dat#2
3137,TWPAK10,Looking Out For Number One,False,72.15,Beginner,low,True,,,fan:lldb-312,TWPAK10.dat#3
3138,TWPAK10,Guess The Game,False,106.5,Easy,low,True,,,fan:lldb-312,TWPAK10.dat#4
3139,TWPAK10,Trapped,False,89.64,Beginner,low,True,,,fan:lldb-312,TWPAK10.dat#5
3140,TWPAK10,"Hello, I Can't Think Of A Title!",False,64.95,Beginner,low,True,,,fan:lldb-312,TWPAK10.dat#6
3141,TWPAK10,Just Drown!,False,83.25,Beginner,low,True,,,fan:lldb-312,TWPAK10.dat#7
3142,TWPAK10,Sculpture Maze,False,106.5,Easy,low,True,,,fan:lldb-312,TWPAK10.dat#8
3143,TWPAK10,Competition!,False,45.92,Beginner,low,True,,,fan:lldb-312,TWPAK10.dat#9
3144,TWPAK11,Stalker!,False,109.65,Easy,low,True,,,fan:lldb-313,TWPAK11.dat#0
3145,TWPAK11,Lemming Productions Resent...,False,99.6,Beginner,low,True,,,fan:lldb-313,TWPAK11.dat#1
3146,TWPAK11,Manual Adventures,False,108.73,Easy,low,True,,,fan:lldb-313,TWPAK11.dat#2
3147,TWPAK11,Insane In The Lembrain,False,81.62,Beginner,low,True,,,fan:lldb-313,TWPAK11.dat#3
3148,TWPAK11,Who'll Help Build This Splatform,False,57.62,Beginner,low,True,,,fan:lldb-313,TWPAK11.dat#4
3149,TWPAK11,What Goes Down Must Come Up,False,84,Beginner,low,True,,,fan:lldb-313,TWPAK11.dat#5
3150,TWPAK11,A Rip-off of a level,False,96.93,Beginner,low,True,,,fan:lldb-313,TWPAK11.dat#6
3151,TWPAK11,Miner Threat,False,75.25,Beginner,low,True,,,fan:lldb-313,TWPAK11.dat#7
3152,TWPAK11,Let's Go...Out,False,95.34,Beginner,low,True,,,fan:lldb-313,TWPAK11.dat#8
3153,TWPAK11,Lemmings Universe,False,93.59,Beginner,low,True,,,fan:lldb-313,TWPAK11.dat#9
3154,TWPAK12,A Plight And A Splash,False,92.5,Beginner,low,True,,,fan:lldb-314,TWPAK12.dat#0
3155,TWPAK12,Into The Acid...,False,111.79,Easy,low,True,,,fan:lldb-314,TWPAK12.dat#1
3156,TWPAK12,Over The Hills And Far Away,False,94.12,Beginner,low,True,,,fan:lldb-314,TWPAK12.dat#2
3157,TWPAK12,Frontal Lemmbotomy,False,54.5,Beginner,low,True,,,fan:lldb-314,TWPAK12.dat#3
3158,TWPAK12,It's Zig-Zag Time!,False,90.25,Beginner,low,True,,,fan:lldb-314,TWPAK12.dat#4
3159,TWPAK12,The Case Of The Exiting Exit,False,98.5,Beginner,low,True,,,fan:lldb-314,TWPAK12.dat#5
3160,TWPAK12,Mr Lemming Your Soup's Gone Cold,False,89.09,Beginner,low,True,,,fan:lldb-314,TWPAK12.dat#6
3161,TWPAK12,Splatform Disorder,False,81.5,Beginner,low,True,,,fan:lldb-314,TWPAK12.dat#7
3162,TWPAK12,Lock Up Everyone's Lemmings,False,62.75,Beginner,low,True,,,fan:lldb-314,TWPAK12.dat#8
3163,TWPAK12,Lemm Of All Trades,False,117.3,Easy,low,True,,,fan:lldb-314,TWPAK12.dat#9
3164,TWPAK13,We All Fall Left,False,78.4,Beginner,low,True,,,fan:lldb-315,TWPAK13.dat#0
3165,TWPAK13,Columns See 'Em,False,73.62,Beginner,low,True,,,fan:lldb-315,TWPAK13.dat#1
3166,TWPAK13,"Well, Well, Well",False,70.75,Beginner,low,True,,,fan:lldb-315,TWPAK13.dat#2
3167,TWPAK13,Wrong Way Go Back,False,95.75,Beginner,low,True,,,fan:lldb-315,TWPAK13.dat#3
3168,TWPAK13,Dad's Ugly Green Chair Level,False,61,Beginner,low,True,,,fan:lldb-315,TWPAK13.dat#4
3169,TWPAK13,The National Float Test,False,98.5,Beginner,low,True,,,fan:lldb-315,TWPAK13.dat#5
3170,TWPAK13,Multiple Choice,False,105.16,Easy,low,True,,,fan:lldb-315,TWPAK13.dat#6
3171,TWPAK13,Everyone But The Bomber,False,104.19,Easy,low,True,,,fan:lldb-315,TWPAK13.dat#7
3172,TWPAK13,ToP Of ThE PoPs!!!!!,False,70.5,Beginner,low,True,,,fan:lldb-315,TWPAK13.dat#8
3173,TWPAK13,"Quote: ""That's a mediocre level""",False,96.45,Beginner,low,True,,,fan:lldb-315,TWPAK13.dat#9
3174,twbestof,Sculpture Maze,False,106.5,Easy,low,True,,,fan:lldb-316,twbestof.dat#0
3175,twbestof,The Lemming Factory,False,90.9,Beginner,low,True,,,fan:lldb-316,twbestof.dat#1
3176,twbestof,Miner Threat,False,75.25,Beginner,low,True,,,fan:lldb-316,twbestof.dat#2
3177,twbestof,Stairway,False,81.5,Beginner,low,True,,,fan:lldb-316,twbestof.dat#3
3178,twbestof,Everyone But The Bomber,False,104.19,Easy,low,True,,,fan:lldb-316,twbestof.dat#4
3179,twbestof,Stalker!,False,109.65,Easy,low,True,,,fan:lldb-316,twbestof.dat#5
3180,twbestof,Three Times The Fun!,False,83.25,Beginner,low,True,,,fan:lldb-316,twbestof.dat#6
3181,twbestof,Multiple Choice,False,105.16,Easy,low,True,,,fan:lldb-316,twbestof.dat#7
3182,twbestof,Are You Burning?,False,64.95,Beginner,low,True,,,fan:lldb-316,twbestof.dat#8
3183,twbestof,...And Out Come The Bashers,False,69.12,Beginner,low,True,,,fan:lldb-316,twbestof.dat#9
3184,joem1,The Armoury,False,84,Beginner,low,True,,,fan:lldb-317,joem1.dat#0
3185,joem1,Unholy Cathedral,False,95.28,Beginner,low,True,,,fan:lldb-317,joem1.dat#1
3186,joem1,Bloodfalls,False,102.31,Easy,low,True,,,fan:lldb-317,joem1.dat#2
3187,joem1,Land of Destruction,False,70.52,Beginner,low,True,,,fan:lldb-317,joem1.dat#3
3188,joem1,Think Fast!,False,69,Beginner,low,True,,,fan:lldb-317,joem1.dat#4
3189,joem1,Disaster Area,False,111.03,Easy,low,True,,,fan:lldb-317,joem1.dat#5
3190,joem1,Mind your step,False,58.69,Beginner,low,True,,,fan:lldb-317,joem1.dat#6
3191,joem1,Open Season,False,90.25,Beginner,low,True,,,fan:lldb-317,joem1.dat#7
3192,joem1,Tricks and Traps,False,109.18,Easy,low,True,,,fan:lldb-317,joem1.dat#8
3193,joem1,Dead Zone,False,94,Beginner,low,True,,,fan:lldb-317,joem1.dat#9
3194,joem2,Think Fast! (Part Two),False,56.25,Beginner,low,True,,,fan:lldb-318,joem2.dat#0
3195,joem2,Time flies,False,100.25,Easy,low,True,,,fan:lldb-318,joem2.dat#1
3196,joem2,"SPLAT,SPLAT,SPLAT,EGG AND LEMM",False,73.22,Beginner,low,True,,,fan:lldb-318,joem2.dat#2
3197,joem2,Build to it,False,69,Beginner,low,True,,,fan:lldb-318,joem2.dat#3
3198,joem2,What's this doing here?,False,83.25,Beginner,low,True,,,fan:lldb-318,joem2.dat#4
3199,joem2,Looks pretty difficult!,False,90.75,Beginner,low,True,,,fan:lldb-318,joem2.dat#5
3200,joem2,Know your enemy...,False,62.5,Beginner,low,True,,,fan:lldb-318,joem2.dat#6
3201,joem2,Impossible mission,False,60.75,Beginner,low,True,,,fan:lldb-318,joem2.dat#7
3202,joem2,Huck it,False,54.78,Beginner,low,True,,,fan:lldb-318,joem2.dat#8
3203,joem2,Break through the stakes,False,61,Beginner,low,True,,,fan:lldb-318,joem2.dat#9
3204,joem3,Fistful of Steel,False,69.31,Beginner,low,True,,,fan:lldb-319,joem3.dat#0
3205,joem3,Where's that exit?,False,114.5,Easy,low,True,,,fan:lldb-319,joem3.dat#1
3206,joem3,Killing in the name of....,False,83.17,Beginner,low,True,,,fan:lldb-319,joem3.dat#2
3207,joem3,Electric Lemmings in love,False,77.75,Beginner,low,True,,,fan:lldb-319,joem3.dat#3
3208,joem3,Battle against the clitches,False,61.31,Beginner,low,True,,,fan:lldb-319,joem3.dat#4
3209,joem3,Blocked by one way system,False,93.9,Beginner,low,True,,,fan:lldb-319,joem3.dat#5
3210,joem3,Think fast! (Part Three),False,64.25,Beginner,low,True,,,fan:lldb-319,joem3.dat#6
3211,joem3,ShOp oR PoP!,False,91.03,Beginner,low,True,,,fan:lldb-319,joem3.dat#7
3212,joem3,Several lemmings do level work,False,89.81,Beginner,low,True,,,fan:lldb-319,joem3.dat#8
3213,joem3,A difficult mission,False,68.88,Beginner,low,True,,,fan:lldb-319,joem3.dat#9
3214,joem5,Beyond The Razor's Edge,False,80.42,Beginner,low,True,,,fan:lldb-320,joem5.dat#0
3215,joem5,Times running out hurry,False,70.75,Beginner,low,True,,,fan:lldb-320,joem5.dat#1
3216,joem5,Bomb Boxes,False,67.12,Beginner,low,True,,,fan:lldb-320,joem5.dat#2
3217,joem5,Difficult Task,False,79.55,Beginner,low,True,,,fan:lldb-320,joem5.dat#3
3218,joem5,Feel the pain,False,94.62,Beginner,low,True,,,fan:lldb-320,joem5.dat#4
3219,joem5,All or nothing (Part 2),False,77,Beginner,low,True,,,fan:lldb-320,joem5.dat#5
3220,joem5,Breaking the heart,False,69,Beginner,low,True,,,fan:lldb-320,joem5.dat#6
3221,joem5,Taken from the inside,False,77.86,Beginner,low,True,,,fan:lldb-320,joem5.dat#7
3222,joem5,MAD DAM DMA,False,68.72,Beginner,low,True,,,fan:lldb-320,joem5.dat#9
3223,joem6,Cure for the Itch,False,79.75,Beginner,low,True,,,fan:lldb-321,joem6.dat#0
3224,joem6,Deepest Reaches,False,63.77,Beginner,low,True,,,fan:lldb-321,joem6.dat#1
3225,joem6,Slippery Surface,False,115.9,Easy,low,True,,,fan:lldb-321,joem6.dat#2
3226,joem6,Disposable Lemmings,False,92.12,Beginner,low,True,,,fan:lldb-321,joem6.dat#3
3227,joem6,People of Three Sectors,False,77,Beginner,low,True,,,fan:lldb-321,joem6.dat#4
3228,joem6,Lemming Star,False,89.91,Beginner,low,True,,,fan:lldb-321,joem6.dat#5
3229,joem6,Flooding Factory,False,96.2,Beginner,low,True,,,fan:lldb-321,joem6.dat#6
3230,joem6,Lemming Teeth,False,91.88,Beginner,low,True,,,fan:lldb-321,joem6.dat#7
3231,joem6,From the top to the bottom,False,90.25,Beginner,low,True,,,fan:lldb-321,joem6.dat#8
3232,joem6,Numb,False,64.9,Beginner,low,True,,,fan:lldb-321,joem6.dat#9
3233,joem7,Easily done,False,106.5,Easy,low,True,,,fan:lldb-322,joem7.dat#0
3234,joem7,The thing that cannot be,False,98.38,Beginner,low,True,,,fan:lldb-322,joem7.dat#1
3235,joem7,Digging Only,False,62.75,Beginner,low,True,,,fan:lldb-322,joem7.dat#2
3236,joem7,Confusion,False,102.68,Easy,low,True,,,fan:lldb-322,joem7.dat#3
3237,joem7,At the peaks,False,91.69,Beginner,low,True,,,fan:lldb-322,joem7.dat#4
3238,joem7,Bred to kill not to care,False,101.75,Easy,low,True,,,fan:lldb-322,joem7.dat#5
3239,joem7,Beyond Crystal Diggers,False,51.92,Beginner,low,True,,,fan:lldb-322,joem7.dat#6
3240,joem7,Feel the pain 2,False,96.06,Beginner,low,True,,,fan:lldb-322,joem7.dat#7
3241,joem7,Garage Incorporated,False,76.35,Beginner,low,True,,,fan:lldb-322,joem7.dat#8
3242,joem7,Nuclear War on the dance floor,False,74.9,Beginner,low,True,,,fan:lldb-322,joem7.dat#9
3243,joem8,Going up or Going down...,False,101.93,Easy,low,True,,,fan:lldb-323,joem8.dat#0
3244,joem8,Take the power back,False,86.9,Beginner,low,True,,,fan:lldb-323,joem8.dat#1
3245,joem8,Do it the easy way!,False,100.74,Easy,low,True,,,fan:lldb-323,joem8.dat#2
3246,joem8,If they could fly...,False,90.38,Beginner,low,True,,,fan:lldb-323,joem8.dat#3
3247,joem8,The abandoned mines,False,90.25,Beginner,low,True,,,fan:lldb-323,joem8.dat#4
3248,joem8,Kristallnaacht,False,52.75,Beginner,low,True,,,fan:lldb-323,joem8.dat#5
3249,joem8,Uncontrolled explosions,False,56.66,Beginner,low,True,,,fan:lldb-323,joem8.dat#6
3250,joem8,"Stay Undercover, Agent lemming",False,89.5,Beginner,low,True,,,fan:lldb-323,joem8.dat#7
3251,joem8,The gun is good,False,75.25,Beginner,low,True,,,fan:lldb-323,joem8.dat#8
3252,joem8,Going seperate ways,False,83.25,Beginner,low,True,,,fan:lldb-323,joem8.dat#9
3253,joem9,Thin line,False,60.04,Beginner,low,True,,,fan:lldb-324,joem9.dat#0
3254,joem9,Lemming Messiah,False,89.05,Beginner,low,True,,,fan:lldb-324,joem9.dat#1
3255,joem9,I woke up in a bath of ice,False,75.7,Beginner,low,True,,,fan:lldb-324,joem9.dat#2
3256,joem9,Your sweet Mr Six Sixty Six,False,376.48,Tricky,medium,True,basher;blocker;builder;miner,,fan:lldb-324,joem9.dat#4
3257,joem9,Spiritblade Incorporated,False,84.92,Beginner,low,True,,,fan:lldb-324,joem9.dat#5
3258,joem9,Muted Lemmings,False,87.75,Beginner,low,True,,,fan:lldb-324,joem9.dat#7
3259,joem9,A poor attempt at a level,False,103.4,Easy,low,True,,,fan:lldb-324,joem9.dat#8
3260,joem9,High Voltage!,False,112.61,Easy,low,True,,,fan:lldb-324,joem9.dat#9
3261,t3tesla,The Lemming Funhouse,False,73.62,Beginner,low,True,,,fan:lldb-325,t3tesla.dat#0
3262,t3tesla,Dangerzone,False,96.6,Beginner,low,True,,,fan:lldb-325,t3tesla.dat#1
3263,t3tesla,Suicidal Tendencies,False,100.38,Easy,low,True,,,fan:lldb-325,t3tesla.dat#2
3264,t3tesla,ROCKY ROAD,False,87.55,Beginner,low,True,,,fan:lldb-325,t3tesla.dat#3
3265,t3tesla,Lemmings in a situation,False,101.19,Easy,low,True,,,fan:lldb-325,t3tesla.dat#4
3266,t3tesla,There's madness in the method,False,89.5,Beginner,low,True,,,fan:lldb-325,t3tesla.dat#5
3267,t3tesla,Dr Lemminggood,False,75.05,Beginner,low,True,,,fan:lldb-325,t3tesla.dat#6
3268,t3tesla,This Corrosion,False,73,Beginner,low,True,,,fan:lldb-325,t3tesla.dat#7
3269,t3tesla,A TOWERING PROBLEM,False,48.01,Beginner,low,True,,,fan:lldb-325,t3tesla.dat#8
3270,t3tesla,Ice Ice Lemming,False,106.4,Easy,low,True,,,fan:lldb-325,t3tesla.dat#9
3271,CALEPCK1,Who Will Explode?,False,62.62,Beginner,low,True,,,fan:lldb-326,CALEPCK1.DAT#0
3272,CALEPCK1,The Legend Of....,False,89.5,Beginner,low,True,,,fan:lldb-326,CALEPCK1.DAT#1
3273,CALEPCK1,Gap of ages....,False,84.65,Beginner,low,True,,,fan:lldb-326,CALEPCK1.DAT#2
3274,CALEPCK1,Illusions in the Attic...,False,104.88,Easy,low,True,,,fan:lldb-326,CALEPCK1.DAT#3
3275,CALEPCK1,through the tunnel of fun.,False,54.75,Beginner,low,True,,,fan:lldb-326,CALEPCK1.DAT#4
3276,CALEPCK1,The Engine Room...,False,94.94,Beginner,low,True,,,fan:lldb-326,CALEPCK1.DAT#5
3277,CALEPCK1,How to Chain your Lemming...,False,87.06,Beginner,low,True,,,fan:lldb-326,CALEPCK1.DAT#6
3278,CALEPCK1,Unused blank generic level,False,8,Beginner,low,True,,,fan:lldb-326,CALEPCK1.DAT#7
3279,CALEPCK1,Unused blank generic level,False,8,Beginner,low,True,,,fan:lldb-326,CALEPCK1.DAT#8
3280,CALEPCK1,Unused blank generic level,False,8,Beginner,low,True,,,fan:lldb-326,CALEPCK1.DAT#9
3281,JM01,Pollution,False,98.25,Beginner,low,True,,,fan:lldb-327,JM01.DAT#0
3282,JM01,Climb over it,False,77,Beginner,low,True,,,fan:lldb-327,JM01.DAT#1
3283,JM01,Don't activate the traps,False,80.81,Beginner,low,True,,,fan:lldb-327,JM01.DAT#2
3284,JM01,Figure it out,False,106.38,Easy,low,True,,,fan:lldb-327,JM01.DAT#3
3285,JM01,Tightrope,False,56.25,Beginner,low,True,,,fan:lldb-327,JM01.DAT#4
3286,JM01,Day by Day,False,76.75,Beginner,low,True,,,fan:lldb-327,JM01.DAT#5
3287,JM01,Float to safety,False,62.75,Beginner,low,True,,,fan:lldb-327,JM01.DAT#6
3288,JM01,Come back!,False,63.58,Beginner,low,True,,,fan:lldb-327,JM01.DAT#7
3289,JM01,A ladder would be handy (Part2),False,106.38,Easy,low,True,,,fan:lldb-327,JM01.DAT#8
3290,JM01,Lemmingology (Part 2),False,83.25,Beginner,low,True,,,fan:lldb-327,JM01.DAT#9
3291,JM02,Just like this,False,95,Beginner,low,True,,,fan:lldb-328,JM02.DAT#0
3292,JM02,Break Stuff,False,77.9,Beginner,low,True,,,fan:lldb-328,JM02.DAT#1
3293,JM02,Trust?,False,89.94,Beginner,low,True,,,fan:lldb-328,JM02.DAT#2
3294,JM02,If only we could fly,False,62.62,Beginner,low,True,,,fan:lldb-328,JM02.DAT#3
3295,JM02,Boiler,False,107.78,Easy,low,True,,,fan:lldb-328,JM02.DAT#4
3296,JM02,Hold On,False,75.12,Beginner,low,True,,,fan:lldb-328,JM02.DAT#5
3297,JM02,Mirror's Reflection,False,107.55,Easy,low,True,,,fan:lldb-328,JM02.DAT#6
3298,JM02,Scapegoat,False,93.06,Beginner,low,True,,,fan:lldb-328,JM02.DAT#7
3299,JM02,Get into my car,False,94.69,Beginner,low,True,,,fan:lldb-328,JM02.DAT#8
3300,JM02,Sound Control,False,56.98,Beginner,low,True,,,fan:lldb-328,JM02.DAT#9
3301,JM03,How to handle a one way block,False,112.88,Easy,low,True,,,fan:lldb-329,JM03.DAT#0
3302,JM03,Again & Again,False,89,Beginner,low,True,,,fan:lldb-329,JM03.DAT#1
3303,JM03,Xplosive,False,58.69,Beginner,low,True,,,fan:lldb-329,JM03.DAT#2
3304,JM03,Caught in a trap,False,112.66,Easy,low,True,,,fan:lldb-329,JM03.DAT#3
3305,JM03,Catch the 1st one,False,46.5,Beginner,low,True,,,fan:lldb-329,JM03.DAT#4
3306,JM03,Crawl,False,89.81,Beginner,low,True,,,fan:lldb-329,JM03.DAT#5
3307,JM03,Bring your own bombs,False,45.69,Beginner,low,True,,,fan:lldb-329,JM03.DAT#6
3308,JM03,Lemmings to be,False,57.39,Beginner,low,True,,,fan:lldb-329,JM03.DAT#7
3309,JM03,Temper,False,84.15,Beginner,low,True,,,fan:lldb-329,JM03.DAT#8
3310,JM03,4 Walls,False,106.4,Easy,low,True,,,fan:lldb-329,JM03.DAT#9
3311,JM04,Deadfall,False,96.58,Beginner,low,True,,,fan:lldb-330,JM04.DAT#0
3312,JM04,Spiders,False,90.25,Beginner,low,True,,,fan:lldb-330,JM04.DAT#1
3313,JM04,Traps in the ground,False,87.62,Beginner,low,True,,,fan:lldb-330,JM04.DAT#2
3314,JM04,The Blue Line,False,71.21,Beginner,low,True,,,fan:lldb-330,JM04.DAT#3
3315,JM04,A Beast of a level strikes back,False,108.59,Easy,low,True,,,fan:lldb-330,JM04.DAT#4
3316,JM04,Luvly Jubly (part 2),False,70.5,Beginner,low,True,,,fan:lldb-330,JM04.DAT#5
3317,JM04,311,False,101.68,Easy,low,True,,,fan:lldb-330,JM04.DAT#6
3318,JM04,Revenge of the Rainbows,False,106.38,Easy,low,True,,,fan:lldb-330,JM04.DAT#7
3319,JM04,Almost Over,False,77,Beginner,low,True,,,fan:lldb-330,JM04.DAT#8
3320,JM04,Build a Bridge,False,62.5,Beginner,low,True,,,fan:lldb-330,JM04.DAT#9
3321,JM05,Red Light,False,75.25,Beginner,low,True,,,fan:lldb-331,JM05.DAT#0
3322,JM05,The Only Time,False,96.59,Beginner,low,True,,,fan:lldb-331,JM05.DAT#1
3323,JM05,Let you down,False,69,Beginner,low,True,,,fan:lldb-331,JM05.DAT#2
3324,JM05,Lonely World,False,84.18,Beginner,low,True,,,fan:lldb-331,JM05.DAT#3
3325,JM05,Phenomenon,False,107.19,Easy,low,True,,,fan:lldb-331,JM05.DAT#4
3326,JM05,Radio is dead,False,69,Beginner,low,True,,,fan:lldb-331,JM05.DAT#5
3327,JM05,Head for the Barricade,False,96.06,Beginner,low,True,,,fan:lldb-331,JM05.DAT#6
3328,JM05,Behind your eyes,False,90.25,Beginner,low,True,,,fan:lldb-331,JM05.DAT#7
3329,JM05,Drown,False,102.31,Easy,low,True,,,fan:lldb-331,JM05.DAT#8
3330,JM05,Let us go,False,107.78,Easy,low,True,,,fan:lldb-331,JM05.DAT#9
3331,JM06,Just two minutes,False,69,Beginner,low,True,,,fan:lldb-332,JM06.DAT#0
3332,JM06,Complicated but possible,False,105.69,Easy,low,True,,,fan:lldb-332,JM06.DAT#1
3333,JM06,On the Outside,False,82.3,Beginner,low,True,,,fan:lldb-332,JM06.DAT#2
3334,JM06,A young couple,False,102,Easy,low,True,,,fan:lldb-332,JM06.DAT#3
3335,JM06,It's Simple,False,114.5,Easy,low,True,,,fan:lldb-332,JM06.DAT#4
3336,JM06,Prison,False,100.22,Easy,low,True,,,fan:lldb-332,JM06.DAT#5
3337,JM06,Land of Pharaohs,False,112.06,Easy,low,True,,,fan:lldb-332,JM06.DAT#6
3338,JM06,No Man's Kind,False,106.08,Easy,low,True,,,fan:lldb-332,JM06.DAT#7
3339,JM06,There's a way to get to it,False,71.9,Beginner,low,True,,,fan:lldb-332,JM06.DAT#8
3340,JM06,Task Force,False,100.8,Easy,low,True,,,fan:lldb-332,JM06.DAT#9
3341,JM07,Deep Inside,False,89,Beginner,low,True,,,fan:lldb-333,JM07.DAT#0
3342,JM07,Careless clicking causes death,False,90.75,Beginner,low,True,,,fan:lldb-333,JM07.DAT#1
3343,JM07,Flatline,False,73.62,Beginner,low,True,,,fan:lldb-333,JM07.DAT#2
3344,JM07,Just Four,False,106.5,Easy,low,True,,,fan:lldb-333,JM07.DAT#4
3345,JM07,"2 entrances, 2 exits",False,108.25,Easy,low,True,,,fan:lldb-333,JM07.DAT#5
3346,JM07,Simply Planned,False,81,Beginner,low,True,,,fan:lldb-333,JM07.DAT#6
3347,JM07,Can you feel the heat?,False,117.3,Easy,low,True,,,fan:lldb-333,JM07.DAT#7
3348,JM07,Upon Mr Lemming,False,113.85,Easy,low,True,,,fan:lldb-333,JM07.DAT#8
3349,JM07,And then there was 1,False,108.25,Easy,low,True,,,fan:lldb-333,JM07.DAT#9
3350,JM08,Save me (part 2),False,70.05,Beginner,low,True,,,fan:lldb-334,JM08.DAT#0
3351,JM08,I'm so cold,False,113.24,Easy,low,True,,,fan:lldb-334,JM08.DAT#1
3352,JM08,A silent walk,False,104.93,Easy,low,True,,,fan:lldb-334,JM08.DAT#2
3353,JM08,Advertisers get you on the run,False,90.96,Beginner,low,True,,,fan:lldb-334,JM08.DAT#3
3354,JM08,Which exit is it?,False,102,Easy,low,True,,,fan:lldb-334,JM08.DAT#4
3355,JM08,Got Climbers?,False,69,Beginner,low,True,,,fan:lldb-334,JM08.DAT#5
3356,JM08,Goodbye Blue Sky,False,92.3,Beginner,low,True,,,fan:lldb-334,JM08.DAT#6
3357,JM08,The Life you waste,False,98.5,Beginner,low,True,,,fan:lldb-334,JM08.DAT#7
3358,JM08,Figure it out (remake),False,95.5,Beginner,low,True,,,fan:lldb-334,JM08.DAT#8
3359,JM08,We are now at LEMCON TWO,False,108,Easy,low,True,,,fan:lldb-334,JM08.DAT#9
3360,JM09,This is a doddle,False,69,Beginner,low,True,,,fan:lldb-335,JM09.DAT#0
3361,JM09,Another easy task,False,82.75,Beginner,low,True,,,fan:lldb-335,JM09.DAT#1
3362,JM09,Walk Right,False,67.25,Beginner,low,True,,,fan:lldb-335,JM09.DAT#2
3363,JM09,It's Up there,False,105,Easy,low,True,,,fan:lldb-335,JM09.DAT#3
3364,JM09,Do it your way,False,62.25,Beginner,low,True,,,fan:lldb-335,JM09.DAT#4
3365,JM09,I ate all the Pea Soup,False,81.5,Beginner,low,True,,,fan:lldb-335,JM09.DAT#5
3366,JM09,The ground above has a gap,False,100.25,Easy,low,True,,,fan:lldb-335,JM09.DAT#6
3367,JM09,When you're in prison,False,101.08,Easy,low,True,,,fan:lldb-335,JM09.DAT#7
3368,JM09,A handful of help,False,97.81,Beginner,low,True,,,fan:lldb-335,JM09.DAT#8
3369,JM09,Dead Land,False,84.95,Beginner,low,True,,,fan:lldb-335,JM09.DAT#9
3370,JM10,Don't bash the wall,False,105.93,Easy,low,True,,,fan:lldb-336,JM10.DAT#0
3371,JM10,Get up there,False,73.22,Beginner,low,True,,,fan:lldb-336,JM10.DAT#1
3372,JM10,Regular Joe,False,102.83,Easy,low,True,,,fan:lldb-336,JM10.DAT#2
3373,JM10,Return of the Rainbows,False,89.5,Beginner,low,True,,,fan:lldb-336,JM10.DAT#3
3374,JM10,How do you get up there?,False,83.18,Beginner,low,True,,,fan:lldb-336,JM10.DAT#4
3375,JM10,No bridge available,False,85.44,Beginner,low,True,,,fan:lldb-336,JM10.DAT#5
3376,JM10,Walk along the line,False,94,Beginner,low,True,,,fan:lldb-336,JM10.DAT#6
3377,JM10,Time is getting on,False,95.1,Beginner,low,True,,,fan:lldb-336,JM10.DAT#7
3378,JM10,Anomaly,False,79.75,Beginner,low,True,,,fan:lldb-336,JM10.DAT#8
3379,JM10,Outro,False,114.5,Easy,low,True,,,fan:lldb-336,JM10.DAT#9
3380,JM11,Lets move,False,71.1,Beginner,low,True,,,fan:lldb-337,JM11.DAT#0
3381,JM11,We dont need any help,False,94,Beginner,low,True,,,fan:lldb-337,JM11.DAT#1
3382,JM11,Two minutes to make it,False,61,Beginner,low,True,,,fan:lldb-337,JM11.DAT#2
3383,JM11,It all comes to good,False,95.94,Beginner,low,True,,,fan:lldb-337,JM11.DAT#3
3384,JM11,Which way do you want to go?,False,82.25,Beginner,low,True,,,fan:lldb-337,JM11.DAT#4
3385,JM11,What exit?,False,79.75,Beginner,low,True,,,fan:lldb-337,JM11.DAT#5
3386,JM11,Rock n Roll,False,107.55,Easy,low,True,,,fan:lldb-337,JM11.DAT#6
3387,JM11,Time keeps on slipping,False,69,Beginner,low,True,,,fan:lldb-337,JM11.DAT#7
3388,JM11,Blow their minds,False,103.4,Easy,low,True,,,fan:lldb-337,JM11.DAT#8
3389,JM11,Done like this,False,68.36,Beginner,low,True,,,fan:lldb-337,JM11.DAT#9
3390,JM12,Gemland Vacation,False,87.75,Beginner,low,True,,,fan:lldb-338,JM12.DAT#0
3391,JM12,Sticks to exit,False,75.25,Beginner,low,True,,,fan:lldb-338,JM12.DAT#1
3392,JM12,It's not impossible,False,83,Beginner,low,True,,,fan:lldb-338,JM12.DAT#2
3393,JM12,Do not disturb my lemmings,False,87.72,Beginner,low,True,,,fan:lldb-338,JM12.DAT#3
3394,JM12,The two worms,False,90.25,Beginner,low,True,,,fan:lldb-338,JM12.DAT#4
3395,JM12,Live it up,False,109.08,Easy,low,True,,,fan:lldb-338,JM12.DAT#5
3396,JM12,The Invisible Bridge,False,101.5,Easy,low,True,,,fan:lldb-338,JM12.DAT#6
3397,JM12,Morning View,False,75,Beginner,low,True,,,fan:lldb-338,JM12.DAT#7
3398,JM12,Love Temple,False,114.6,Easy,low,True,,,fan:lldb-338,JM12.DAT#8
3399,JM12,Impassable,False,103.67,Easy,low,True,,,fan:lldb-338,JM12.DAT#9
3400,JM13,Not simple,False,80,Beginner,low,True,,,fan:lldb-339,JM13.DAT#0
3401,JM13,I feel like im on this level,False,79.55,Beginner,low,True,,,fan:lldb-339,JM13.DAT#1
3402,JM13,Get back up,False,76.08,Beginner,low,True,,,fan:lldb-339,JM13.DAT#2
3403,JM13,Too much pressure,False,106.38,Easy,low,True,,,fan:lldb-339,JM13.DAT#3
3404,JM13,Some steel crates,False,86.2,Beginner,low,True,,,fan:lldb-339,JM13.DAT#4
3405,JM13,Lonely Day,False,68.88,Beginner,low,True,,,fan:lldb-339,JM13.DAT#5
3406,JM13,Get Lost,False,81.5,Beginner,low,True,,,fan:lldb-339,JM13.DAT#6
3407,JM13,Take care of my lemmings,False,87,Beginner,low,True,,,fan:lldb-339,JM13.DAT#7
3408,JM13,Going up,False,108.25,Easy,low,True,,,fan:lldb-339,JM13.DAT#8
3409,JM13,Five must survive,False,69.83,Beginner,low,True,,,fan:lldb-339,JM13.DAT#9
3410,JM14,Price to play the game,False,75.26,Beginner,low,True,,,fan:lldb-340,JM14.DAT#0
3411,JM14,How about this,False,111.88,Easy,low,True,,,fan:lldb-340,JM14.DAT#1
3412,JM14,It happened yesterday,False,97.12,Beginner,low,True,,,fan:lldb-340,JM14.DAT#2
3413,JM14,Turn around,False,68.75,Beginner,low,True,,,fan:lldb-340,JM14.DAT#3
3414,JM14,Party Time!,False,73.5,Beginner,low,True,,,fan:lldb-340,JM14.DAT#4
3415,JM14,Sweet Helen,False,66.17,Beginner,low,True,,,fan:lldb-340,JM14.DAT#5
3416,JM14,Dont mess with me,False,89.91,Beginner,low,True,,,fan:lldb-340,JM14.DAT#6
3417,JM14,Keep your hair on,False,101.35,Easy,low,True,,,fan:lldb-340,JM14.DAT#7
3418,JM14,Warning: One Minute,False,61,Beginner,low,True,,,fan:lldb-340,JM14.DAT#8
3419,JM14,Pathetic,False,107.78,Easy,low,True,,,fan:lldb-340,JM14.DAT#9
3420,JM15,Exit below...,False,64,Beginner,low,True,,,fan:lldb-341,JM15.DAT#0
3421,JM15,A Sunsoft level,False,79.19,Beginner,low,True,,,fan:lldb-341,JM15.DAT#1
3422,JM15,Another gap in the ground,False,89.36,Beginner,low,True,,,fan:lldb-341,JM15.DAT#2
3423,JM15,SNOW PROBLEM!,False,77.84,Beginner,low,True,,,fan:lldb-341,JM15.DAT#3
3424,JM15,A certain shade of grey,False,94.31,Beginner,low,True,,,fan:lldb-341,JM15.DAT#4
3425,JM15,Execution Style,False,52.38,Beginner,low,True,,,fan:lldb-341,JM15.DAT#5
3426,JM15,Hot Soup,False,104.19,Easy,low,True,,,fan:lldb-341,JM15.DAT#6
3427,JM15,Don't leave my lemmings,False,76.75,Beginner,low,True,,,fan:lldb-341,JM15.DAT#7
3428,JM15,We dont need any help (revisted),False,75.25,Beginner,low,True,,,fan:lldb-341,JM15.DAT#8
3429,JM15,The Times I didn't say,False,88.31,Beginner,low,True,,,fan:lldb-341,JM15.DAT#9
3430,JM16,Tell 'em how to do it,False,68.35,Beginner,low,True,,,fan:lldb-342,JM16.DAT#0
3431,JM16,The most Awful looking level,False,88.06,Beginner,low,True,,,fan:lldb-342,JM16.DAT#1
3432,JM16,A BeastII of a level strikes bak,False,111.25,Easy,low,True,,,fan:lldb-342,JM16.DAT#2
3433,JM16,How many traps will I find?,False,113.6,Easy,low,True,,,fan:lldb-342,JM16.DAT#3
3434,JM16,A nice set of columns,False,90.33,Beginner,low,True,,,fan:lldb-342,JM16.DAT#4
3435,JM16,Old School Lemmings,False,104.78,Easy,low,True,,,fan:lldb-342,JM16.DAT#5
3436,JM16,Someone's in my garden,False,79.88,Beginner,low,True,,,fan:lldb-342,JM16.DAT#6
3437,JM16,Impossbile... NOT!!,False,87.5,Beginner,low,True,,,fan:lldb-342,JM16.DAT#7
3438,JM16,Like a game of bowling,False,86.25,Beginner,low,True,,,fan:lldb-342,JM16.DAT#8
3439,JM16,I think I lost my stomach ache,False,70.67,Beginner,low,True,,,fan:lldb-342,JM16.DAT#9
3440,JM17,I'm sure this isn't hard,False,104.3,Easy,low,True,,,fan:lldb-343,JM17.DAT#0
3441,JM17,Find a way to get up there,False,102.44,Easy,low,True,,,fan:lldb-343,JM17.DAT#1
3442,JM17,<--- Two ways to go --->,False,58.17,Beginner,low,True,,,fan:lldb-343,JM17.DAT#2
3443,JM17,Schizophrenic Conversations,False,97.15,Beginner,low,True,,,fan:lldb-343,JM17.DAT#3
3444,JM17,Failing is easy,False,73.38,Beginner,low,True,,,fan:lldb-343,JM17.DAT#4
3445,JM17,Heat to Bear,False,106.2,Easy,low,True,,,fan:lldb-343,JM17.DAT#5
3446,JM17,A nightful of stars,False,104.19,Easy,low,True,,,fan:lldb-343,JM17.DAT#6
3447,JM17,No choice but to air-bash,False,46.38,Beginner,low,True,,,fan:lldb-343,JM17.DAT#8
3448,JM17,Everyone's a hard knock,False,86.05,Beginner,low,True,,,fan:lldb-343,JM17.DAT#9
3449,JM18,Another annoying 1-pixel gap,False,100.25,Easy,low,True,,,fan:lldb-344,JM18.DAT#0
3450,JM18,Exits left and right,False,114.28,Easy,low,True,,,fan:lldb-344,JM18.DAT#1
3451,JM18,No rush!,False,83.93,Beginner,low,True,,,fan:lldb-344,JM18.DAT#2
3452,JM18,Three different missions,False,84.65,Beginner,low,True,,,fan:lldb-344,JM18.DAT#3
3453,JM18,Drown and no life,False,100.12,Easy,low,True,,,fan:lldb-344,JM18.DAT#4
3454,JM18,I am J.M,False,93.72,Beginner,low,True,,,fan:lldb-344,JM18.DAT#5
3455,JM18,No peeking in Lemedit!,False,72,Beginner,low,True,,,fan:lldb-344,JM18.DAT#6
3456,JM18,A block in the way,False,68.35,Beginner,low,True,,,fan:lldb-344,JM18.DAT#7
3457,JM18,You can't do anything about it,False,70.75,Beginner,low,True,,,fan:lldb-344,JM18.DAT#8
3458,JM18,You probably can't solve this,False,54.62,Beginner,low,True,,,fan:lldb-344,JM18.DAT#9
3459,MARSHY01,Intro to MCMarshy01.dat,False,62.75,Beginner,low,True,,,fan:lldb-345,MARSHY01.DAT#0
3460,MARSHY01,Only climbers can do this,False,62.75,Beginner,low,True,,,fan:lldb-345,MARSHY01.DAT#1
3461,MARSHY01,No problem for builders,False,90.25,Beginner,low,True,,,fan:lldb-345,MARSHY01.DAT#2
3462,MARSHY01,I'm out to get you,False,71.06,Beginner,low,True,,,fan:lldb-345,MARSHY01.DAT#3
3463,MARSHY01,The Reflection,False,48.82,Beginner,low,True,,,fan:lldb-345,MARSHY01.DAT#4
3464,MARSHY01,S.C.I.E.N.C.E,False,81.25,Beginner,low,True,,,fan:lldb-345,MARSHY01.DAT#5
3465,MARSHY01,Tailor-made for floaters,False,62.75,Beginner,low,True,,,fan:lldb-345,MARSHY01.DAT#6
3466,MARSHY01,Dangerous Ramp,False,74.75,Beginner,low,True,,,fan:lldb-345,MARSHY01.DAT#7
3467,MARSHY01,Several pixes away from the exit,False,74.25,Beginner,low,True,,,fan:lldb-345,MARSHY01.DAT#8
3468,MARSHY01,There's no solution,False,90.25,Beginner,low,True,,,fan:lldb-345,MARSHY01.DAT#9
3469,MARSHY02,Catch more floaters,False,103.25,Easy,low,True,,,fan:lldb-346,MARSHY02.DAT#0
3470,MARSHY02,The Unfinished level,False,90.25,Beginner,low,True,,,fan:lldb-346,MARSHY02.DAT#1
3471,MARSHY02,Keep Step,False,98.25,Beginner,low,True,,,fan:lldb-346,MARSHY02.DAT#2
3472,MARSHY02,Hard when you don't know how,False,83,Beginner,low,True,,,fan:lldb-346,MARSHY02.DAT#3
3473,MARSHY02,Up and away!,False,94,Beginner,low,True,,,fan:lldb-346,MARSHY02.DAT#4
3474,MARSHY02,The bridges have been cut off,False,95.34,Beginner,low,True,,,fan:lldb-346,MARSHY02.DAT#5
3475,MARSHY02,This is a builder-less level,False,94,Beginner,low,True,,,fan:lldb-346,MARSHY02.DAT#6
3476,MARSHY02,Above us is a tower,False,74.75,Beginner,low,True,,,fan:lldb-346,MARSHY02.DAT#7
3477,MARSHY02,Where can you spot an exit?,False,74.81,Beginner,low,True,,,fan:lldb-346,MARSHY02.DAT#8
3478,MARSHY02,Disused Land,False,87.75,Beginner,low,True,,,fan:lldb-346,MARSHY02.DAT#9
3479,MARSHY03,Let's go to the moon,False,92,Beginner,low,True,,,fan:lldb-347,MARSHY03.DAT#0
3480,MARSHY03,Go out for a walk?,False,79.5,Beginner,low,True,,,fan:lldb-347,MARSHY03.DAT#1
3481,MARSHY03,Salvage Boat,False,83.25,Beginner,low,True,,,fan:lldb-347,MARSHY03.DAT#2
3482,MARSHY03,Don't leave any lemmings,False,67,Beginner,low,True,,,fan:lldb-347,MARSHY03.DAT#3
3483,MARSHY03,Room with no exit,False,70.75,Beginner,low,True,,,fan:lldb-347,MARSHY03.DAT#4
3484,MARSHY03,Only two minutes,False,62.75,Beginner,low,True,,,fan:lldb-347,MARSHY03.DAT#5
3485,MARSHY03,Marshall's Lemmings,False,105.4,Easy,low,True,,,fan:lldb-347,MARSHY03.DAT#6
3486,MARSHY03,Compression Period,False,72.67,Beginner,low,True,,,fan:lldb-347,MARSHY03.DAT#7
3487,MARSHY03,You got a murder scene there,False,75.25,Beginner,low,True,,,fan:lldb-347,MARSHY03.DAT#8
3488,MARSHY03,No way out,False,105.49,Easy,low,True,,,fan:lldb-347,MARSHY03.DAT#9
3489,MARSHY04,Ancient Realms,False,103.67,Easy,low,True,,,fan:lldb-348,MARSHY04.DAT#0
3490,MARSHY04,A.T is no more,False,86.25,Beginner,low,True,,,fan:lldb-348,MARSHY04.DAT#1
3491,MARSHY04,Watch it diggers,False,52.75,Beginner,low,True,,,fan:lldb-348,MARSHY04.DAT#2
3492,MARSHY04,Take your lemmings for a walk,False,108,Easy,low,True,,,fan:lldb-348,MARSHY04.DAT#3
3493,MARSHY04,Pitch Black,False,93.5,Beginner,low,True,,,fan:lldb-348,MARSHY04.DAT#4
3494,MARSHY04,Hammer your lemmings,False,72.12,Beginner,low,True,,,fan:lldb-348,MARSHY04.DAT#5
3495,MARSHY04,How to hang your lemming,False,110.44,Easy,low,True,,,fan:lldb-348,MARSHY04.DAT#6
3496,MARSHY04,Stuck,False,69,Beginner,low,True,,,fan:lldb-348,MARSHY04.DAT#7
3497,MARSHY04,I'm not ok,False,100.15,Easy,low,True,,,fan:lldb-348,MARSHY04.DAT#8
3498,MARSHY04,The not-so impasssable wall,False,97.42,Beginner,low,True,,,fan:lldb-348,MARSHY04.DAT#9
3499,MARSHY05,The Furnace,False,104.8,Easy,low,True,,,fan:lldb-349,MARSHY05.DAT#0
3500,MARSHY05,Natural Planet,False,83.25,Beginner,low,True,,,fan:lldb-349,MARSHY05.DAT#1
3501,MARSHY05,No time to argue,False,75.25,Beginner,low,True,,,fan:lldb-349,MARSHY05.DAT#2
3502,MARSHY05,Float and no life,False,100.15,Easy,low,True,,,fan:lldb-349,MARSHY05.DAT#3
3503,MARSHY05,No turning back!,False,84.4,Beginner,low,True,,,fan:lldb-349,MARSHY05.DAT#4
3504,MARSHY05,Waste Disposal Unit,False,86.13,Beginner,low,True,,,fan:lldb-349,MARSHY05.DAT#5
3505,MARSHY05,Stupid Shredders,False,81.3,Beginner,low,True,,,fan:lldb-349,MARSHY05.DAT#6
3506,MARSHY05,Balance Beam,False,84.65,Beginner,low,True,,,fan:lldb-349,MARSHY05.DAT#7
3507,MARSHY05,Keep the crowd together,False,69,Beginner,low,True,,,fan:lldb-349,MARSHY05.DAT#8
3508,MARSHY05,Time Bandits,False,71.58,Beginner,low,True,,,fan:lldb-349,MARSHY05.DAT#9
3509,MARSHY06,Darkness of the royal family,False,114.5,Easy,low,True,,,fan:lldb-350,MARSHY06.DAT#0
3510,MARSHY06,Evil Whisper,False,89.5,Beginner,low,True,,,fan:lldb-350,MARSHY06.DAT#1
3511,MARSHY06,A Trap is a trap,False,76.53,Beginner,low,True,,,fan:lldb-350,MARSHY06.DAT#2
3512,MARSHY06,Electric Circuit,False,83.25,Beginner,low,True,,,fan:lldb-350,MARSHY06.DAT#3
3513,MARSHY06,The Oasis,False,110.48,Easy,low,True,,,fan:lldb-350,MARSHY06.DAT#4
3514,MARSHY06,Use your brain skillfully,False,87.75,Beginner,low,True,,,fan:lldb-350,MARSHY06.DAT#5
3515,MARSHY06,Old temple,False,101.75,Easy,low,True,,,fan:lldb-350,MARSHY06.DAT#6
3516,MARSHY06,Running down,False,84.65,Beginner,low,True,,,fan:lldb-350,MARSHY06.DAT#7
3517,MARSHY06,Lack of builders,False,108.25,Easy,low,True,,,fan:lldb-350,MARSHY06.DAT#8
3518,MARSHY06,Symmetrical Fury,False,88.85,Beginner,low,True,,,fan:lldb-350,MARSHY06.DAT#9
3519,MARSHY07,Handy Platforms,False,82.44,Beginner,low,True,,,fan:lldb-351,MARSHY07.DAT#0
3520,MARSHY07,Over the Lune,False,72.15,Beginner,low,True,,,fan:lldb-351,MARSHY07.DAT#1
3521,MARSHY07,Polluted river,False,86.25,Beginner,low,True,,,fan:lldb-351,MARSHY07.DAT#2
3522,MARSHY07,Dangerous Balcony,False,84.65,Beginner,low,True,,,fan:lldb-351,MARSHY07.DAT#3
3523,MARSHY07,Not a job for builders,False,93.09,Beginner,low,True,,,fan:lldb-351,MARSHY07.DAT#4
3524,MARSHY07,Day of the 10 tons,False,72.98,Beginner,low,True,,,fan:lldb-351,MARSHY07.DAT#5
3525,MARSHY07,The Impossible Gap,False,83.25,Beginner,low,True,,,fan:lldb-351,MARSHY07.DAT#6
3526,MARSHY07,The deep ocean,False,81.62,Beginner,low,True,,,fan:lldb-351,MARSHY07.DAT#7
3527,MARSHY07,Pool of Oblivion,False,82.82,Beginner,low,True,,,fan:lldb-351,MARSHY07.DAT#8
3528,MARSHY07,Tower of Wrath,False,78.05,Beginner,low,True,,,fan:lldb-351,MARSHY07.DAT#9
3529,MARSHY08,Not a lot of pea soup,False,102,Easy,low,True,,,fan:lldb-352,MARSHY08.DAT#0
3530,MARSHY08,Rope trap detected ahead...,False,66.42,Beginner,low,True,,,fan:lldb-352,MARSHY08.DAT#1
3531,MARSHY08,The frame,False,46.5,Beginner,low,True,,,fan:lldb-352,MARSHY08.DAT#2
3532,MARSHY08,Mining out a path,False,60.88,Beginner,low,True,,,fan:lldb-352,MARSHY08.DAT#3
3533,MARSHY08,Where are we heading?,False,77,Beginner,low,True,,,fan:lldb-352,MARSHY08.DAT#4
3534,MARSHY08,A re-animation of a level,False,87.75,Beginner,low,True,,,fan:lldb-352,MARSHY08.DAT#5
3535,MARSHY08,A pair of exits,False,73.5,Beginner,low,True,,,fan:lldb-352,MARSHY08.DAT#6
3536,MARSHY08,Across the river,False,77,Beginner,low,True,,,fan:lldb-352,MARSHY08.DAT#7
3537,MARSHY08,Lake of acid,False,73.75,Beginner,low,True,,,fan:lldb-352,MARSHY08.DAT#8
3538,MARSHY08,Just chilling for now,False,104.19,Easy,low,True,,,fan:lldb-352,MARSHY08.DAT#9
3539,isupck02,Catastrophical phoenomena.,False,101.55,Easy,low,True,,,fan:lldb-353,Isupck02.dat#0
3540,isupck02,The Box.,False,87.95,Beginner,low,True,,,fan:lldb-353,Isupck02.dat#1
3541,isupck02,Everybody Turn Left!,False,73.55,Beginner,low,True,,,fan:lldb-353,Isupck02.dat#2
3542,isupck02,Mass Homicide,False,63.5,Beginner,low,True,,,fan:lldb-353,Isupck02.dat#3
3543,isupck02,No need for the bomb squad,False,94.45,Beginner,low,True,,,fan:lldb-353,Isupck02.dat#4
3544,isupck02,Fellow Heroes,False,112.47,Easy,low,True,,,fan:lldb-353,Isupck02.dat#5
3545,isupck02,Pipeworks of the Metric System,False,116.65,Easy,low,True,,,fan:lldb-353,Isupck02.dat#6
3546,isupck02,Constructive criticism.,False,101.35,Easy,low,True,,,fan:lldb-353,Isupck02.dat#7
3547,isupck02,I am A.L (A Lemming),False,91.84,Beginner,low,True,,,fan:lldb-353,Isupck02.dat#8
3548,isupck02,The Angle Angel,False,115.36,Easy,low,True,,,fan:lldb-353,Isupck02.dat#9
3549,TimballistoPack1,The Iron Puzzle,False,104.19,Easy,low,True,,,fan:lldb-354,Jeffpck1.dat#0
3550,TimballistoPack1,Lemmings On The Roof!,False,102.77,Easy,low,True,,,fan:lldb-354,Jeffpck1.dat#1
3551,TimballistoPack1,Lost mines - Through the furnace,False,81.99,Beginner,low,True,,,fan:lldb-354,Jeffpck1.dat#2
3552,TimballistoPack1,Lost mines - Going underground!,False,99.65,Beginner,low,True,,,fan:lldb-354,Jeffpck1.dat#3
3553,TimballistoPack1,Lost Mines - Lemming cooperation,False,106.47,Easy,low,True,,,fan:lldb-354,Jeffpck1.dat#4
3554,TimballistoPack1,Lost mines - The ruins of lem,False,65.25,Beginner,low,True,,,fan:lldb-354,Jeffpck1.dat#5
3555,TimballistoPack1,"Lost Mines - down,around,through",False,71.65,Beginner,low,True,,,fan:lldb-354,Jeffpck1.dat#6
3556,TimballistoPack1,Into the underground ruins!,False,103.99,Easy,low,True,,,fan:lldb-354,Jeffpck1.dat#7
3557,s370pak1,Goodbye My Lemmings,False,113.2,Easy,low,True,,,fan:lldb-355,S370PAK1.DAT#0
3558,s370pak1,I Have A Trick Up My Sleeve,False,51.78,Beginner,low,True,,,fan:lldb-355,S370PAK1.DAT#1
3559,s370pak1,What An Evil Level!,False,100.25,Easy,low,True,,,fan:lldb-355,S370PAK1.DAT#2
3560,s370pak1,Mt. Lemming,False,108.25,Easy,low,True,,,fan:lldb-355,S370PAK1.DAT#3
3561,s370pak1,Climber's Explosion,False,93.11,Beginner,low,True,,,fan:lldb-355,S370PAK1.DAT#4
3562,s370pak1,347 MY 5H0R75,False,67.27,Beginner,low,True,,,fan:lldb-355,S370PAK1.DAT#5
3563,s370pak1,"E Tuh'd Keja Y Cred, Eteud",False,75.25,Beginner,low,True,,,fan:lldb-355,S370PAK1.DAT#6
3564,s370pak1,The Warp Room,False,79.75,Beginner,low,True,,,fan:lldb-355,S370PAK1.DAT#7
3565,s370pak1,This Time We Brought 30 More,False,94,Beginner,low,True,,,fan:lldb-355,S370PAK1.DAT#8
3566,s370pak1,Unused Level,False,16,Beginner,low,True,,,fan:lldb-355,S370PAK1.DAT#9
3567,Lemming Crazy Contest 1,This Time We Brought 30 More,False,94,Beginner,low,True,,,fan:lldb-356,Lemming Crazy Contest 1.dat#0
3568,Lemming Crazy Contest 1,A JUGAR!,False,89.95,Beginner,low,True,,,fan:lldb-356,Lemming Crazy Contest 1.dat#1
3569,Lemming Crazy Contest 1,Spider-Bytes,False,76.08,Beginner,low,True,,,fan:lldb-356,Lemming Crazy Contest 1.dat#2
3570,Lemming Crazy Contest 1,Out of the fryingpan . . .,False,105.55,Easy,low,True,,,fan:lldb-356,Lemming Crazy Contest 1.dat#3
3571,Lemming Crazy Contest 1,The union of two mates,False,102.75,Easy,low,True,,,fan:lldb-356,Lemming Crazy Contest 1.dat#4
3572,Modlvls,"Just Dig, Bash, and Bridge",False,84.65,Beginner,low,True,,,fan:lldb-357,Modlvls.dat#0
3573,Modlvls,Have a rotten day,False,93.88,Beginner,low,True,,,fan:lldb-357,Modlvls.dat#1
3574,Modlvls,Steel Failures,False,90.06,Beginner,low,True,,,fan:lldb-357,Modlvls.dat#2
3575,Modlvls,Tightrope Murder,False,44.75,Beginner,low,True,,,fan:lldb-357,Modlvls.dat#3
3576,Modlvls,The roles reversed,False,83.25,Beginner,low,True,,,fan:lldb-357,Modlvls.dat#4
3577,Modlvls,Just three minutes,False,69,Beginner,low,True,,,fan:lldb-357,Modlvls.dat#5
3578,Modlvls,And then there were four(Lems),False,89.5,Beginner,low,True,,,fan:lldb-357,Modlvls.dat#6
3579,Modlvls,No Rendezvous at the Mountain,False,94.62,Beginner,low,True,,,fan:lldb-357,Modlvls.dat#7
3580,Modlvls,The Cascade: Part II,False,111.05,Easy,low,True,,,fan:lldb-357,Modlvls.dat#8
3581,Modlvls,Spilled Pea Soup,False,87.47,Beginner,low,True,,,fan:lldb-357,Modlvls.dat#9
3582,oldbutgo,Peers of Steel,False,116.49,Easy,low,True,,,fan:lldb-358,oldbutgo.dat#0
3583,oldbutgo,Twined serpants think alike,False,106.38,Easy,low,True,,,fan:lldb-358,oldbutgo.dat#1
3584,oldbutgo,steterint max,False,113.87,Easy,low,True,,,fan:lldb-358,oldbutgo.dat#2
3585,oldbutgo,FOR THE D'NI!,False,90.25,Beginner,low,True,,,fan:lldb-358,oldbutgo.dat#3
3586,oldbutgo,Who hired that lousy builder?,False,110.44,Easy,low,True,,,fan:lldb-358,oldbutgo.dat#4
3587,oldbutgo,Agh! More 1 pixel gaps!,False,82.93,Beginner,low,True,,,fan:lldb-358,oldbutgo.dat#5
3588,oldbutgo,Halfway to Lemzoberranzan,False,82.78,Beginner,low,True,,,fan:lldb-358,oldbutgo.dat#6
3589,oldbutgo,Lemzoberranzan,False,86.84,Beginner,low,True,,,fan:lldb-358,oldbutgo.dat#7
3590,oldbutgo,Solo 1: It's full of stars!,False,106.5,Easy,low,True,,,fan:lldb-358,oldbutgo.dat#8
3591,oldbutgo,Solo 2: Is that... The pyrimid?,False,70.75,Beginner,low,True,,,fan:lldb-358,oldbutgo.dat#9
3592,wade,The Serpent's Lair,False,116.81,Easy,low,True,,,fan:lldb-359,wade.DAT#0
3593,wade,Please Save Us!,False,102,Easy,low,True,,,fan:lldb-359,wade.DAT#1
3594,wade,Temple Excavation,False,108,Easy,low,True,,,fan:lldb-359,wade.DAT#2
3595,wade,Schindler's Lemming,False,62.42,Beginner,low,True,,,fan:lldb-359,wade.DAT#3
3596,wade,Tailor-made for... wait,False,86.94,Beginner,low,True,,,fan:lldb-359,wade.DAT#4
3597,wade,Unused blank generic level,False,8,Beginner,low,True,,,fan:lldb-359,wade.DAT#5
3598,wade,Unused blank generic level,False,8,Beginner,low,True,,,fan:lldb-359,wade.DAT#6
3599,wade,Unused blank generic level,False,8,Beginner,low,True,,,fan:lldb-359,wade.DAT#7
3600,wade,Unused blank generic level,False,8,Beginner,low,True,,,fan:lldb-359,wade.DAT#8
3601,wade,Unused blank generic level,False,8,Beginner,low,True,,,fan:lldb-359,wade.DAT#9
3602,MARSHY09,Out of blockers...,False,57.75,Beginner,low,True,,,fan:lldb-360,MARSHY09.DAT#0
3603,MARSHY09,One minute warning,False,83.25,Beginner,low,True,,,fan:lldb-360,MARSHY09.DAT#1
3604,MARSHY09,Trapped inside,False,115.99,Easy,low,True,,,fan:lldb-360,MARSHY09.DAT#2
3605,MARSHY09,Builders to the rescue,False,83.84,Beginner,low,True,,,fan:lldb-360,MARSHY09.DAT#3
3606,MARSHY09,Bomber's mission,False,64.81,Beginner,low,True,,,fan:lldb-360,MARSHY09.DAT#4
3607,MARSHY09,Marshy in the middle,False,68.19,Beginner,low,True,,,fan:lldb-360,MARSHY09.DAT#5
3608,MARSHY09,Evacuating a crystal cave,False,62.75,Beginner,low,True,,,fan:lldb-360,MARSHY09.DAT#6
3609,MARSHY09,Lemming march,False,67.5,Beginner,low,True,,,fan:lldb-360,MARSHY09.DAT#7
3610,MARSHY09,A short break,False,92.51,Beginner,low,True,,,fan:lldb-360,MARSHY09.DAT#8
3611,MARSHY09,Edge of Zeus,False,93.88,Beginner,low,True,,,fan:lldb-360,MARSHY09.DAT#9
3612,togpak,Up and around,False,81.15,Beginner,low,True,,,fan:lldb-361,togpak.dat#0
3613,togpak,Life's a roller coaster,False,86.12,Beginner,low,True,,,fan:lldb-361,togpak.dat#1
3614,togpak,Mind the gap,False,75.12,Beginner,low,True,,,fan:lldb-361,togpak.dat#2
3615,togpak,"If you build it, they will come",False,93.9,Beginner,low,True,,,fan:lldb-361,togpak.dat#3
3616,togpak,Lemmings over the mountain,False,79.55,Beginner,low,True,,,fan:lldb-361,togpak.dat#4
3617,togpak,Survival of the fittest?,False,106.08,Easy,low,True,,,fan:lldb-361,togpak.dat#5
3618,togpak,Martyrdom,False,91.97,Beginner,low,True,,,fan:lldb-361,togpak.dat#6
3619,togpak,Either way will work,False,85.31,Beginner,low,True,,,fan:lldb-361,togpak.dat#7
3620,togpak,Short on supplies,False,71.67,Beginner,low,True,,,fan:lldb-361,togpak.dat#8
3621,togpak,Through snow and ice,False,102.44,Easy,low,True,,,fan:lldb-361,togpak.dat#9
3622,m 91 1,Journey through Acheron,False,89.98,Beginner,low,True,,,fan:lldb-362,m91-1.dat#0
3623,m 91 1,Flame Broiled Lemming,False,84.75,Beginner,low,True,,,fan:lldb-362,m91-1.dat#1
3624,m 91 1,Watch Your Step....,False,102.81,Easy,low,True,,,fan:lldb-362,m91-1.dat#2
3625,m 91 1,Funeral for a Friend.. or..,False,85.8,Beginner,low,True,,,fan:lldb-362,m91-1.dat#3
3626,m 91 1,Under Construction,False,114.5,Easy,low,True,,,fan:lldb-362,m91-1.dat#4
3627,m 91 1,Lem Aid,False,71.19,Beginner,low,True,,,fan:lldb-362,m91-1.dat#5
3628,m 91 1,Criss Cross Crisis,False,87.65,Beginner,low,True,,,fan:lldb-362,m91-1.dat#6
3629,m 91 1,Blowtorches are fun!,False,114.59,Easy,low,True,,,fan:lldb-362,m91-1.dat#7
3630,m 91 1,Stairways to Heaven,False,91.06,Beginner,low,True,,,fan:lldb-362,m91-1.dat#8
3631,m 91 1,The All Seeing Eye Is The Key,False,92.5,Beginner,low,True,,,fan:lldb-362,m91-1.dat#9
3632,m 91 2,Beginners Labyrinth,False,101.5,Easy,low,True,,,fan:lldb-363,m91-2.dat#0
3633,m 91 2,Easy Does It,False,100.12,Easy,low,True,,,fan:lldb-363,m91-2.dat#1
3634,m 91 2,Intermediate Labyrinth,False,113.2,Easy,low,True,,,fan:lldb-363,m91-2.dat#2
3635,m 91 2,Monkey Island,False,96.07,Beginner,low,True,,,fan:lldb-363,m91-2.dat#3
3636,m 91 2,Does Steel Really Work?,False,82.6,Beginner,low,True,,,fan:lldb-363,m91-2.dat#4
3637,m 91 2,Always Raising the Bar,False,113.69,Easy,low,True,,,fan:lldb-363,m91-2.dat#5
3638,m 91 2,Bend Your Mind,False,73.55,Beginner,low,True,,,fan:lldb-363,m91-2.dat#6
3639,m 91 2,Lemming House,False,118.7,Easy,low,True,,,fan:lldb-363,m91-2.dat#7
3640,m 91 2,Split Decision,False,87.45,Beginner,low,True,,,fan:lldb-363,m91-2.dat#8
3641,m 91 2,Really Really Bad Labyrinth,False,118.29,Easy,low,True,,,fan:lldb-363,m91-2.dat#9
3642,Twigpak2,Double Rift,False,98.25,Beginner,low,True,,,fan:lldb-364,twigpak2.dat#0
3643,Twigpak2,Chinese Swap,False,84.65,Beginner,low,True,,,fan:lldb-364,twigpak2.dat#1
3644,Twigpak2,Demolition or Construction?!,False,67.12,Beginner,low,True,,,fan:lldb-364,twigpak2.dat#2
3645,Twigpak2,Remage Wall,False,100.57,Easy,low,True,,,fan:lldb-364,twigpak2.dat#3
3646,Twigpak2,Burnout,False,115.25,Easy,low,True,,,fan:lldb-364,twigpak2.dat#4
3647,Twigpak2,The Don't Trip Slip Split Splat,False,107.03,Easy,low,True,,,fan:lldb-364,twigpak2.dat#5
3648,Twigpak2,Bubble Bath... of Death! Ha Ha!,False,106.62,Easy,low,True,,,fan:lldb-364,twigpak2.dat#6
3649,Twigpak2,Percision,False,86.94,Beginner,low,True,,,fan:lldb-364,twigpak2.dat#7
3650,Twigpak2,And Now For Something Impossible,False,81.5,Beginner,low,True,,,fan:lldb-364,twigpak2.dat#8
3651,Twigpak2,Unused Generic Blank Leve;,False,58,Beginner,low,True,,,fan:lldb-364,twigpak2.dat#9
3652,LEVIPAK1,Fall before the building,False,69,Beginner,low,True,,,fan:lldb-365,LEVPAK1.DAT#0
3653,LEVIPAK1,Need any help from above ?,False,114.5,Easy,low,True,,,fan:lldb-365,LEVPAK1.DAT#1
3654,LEVIPAK1,Bad Arrow !,False,114.5,Easy,low,True,,,fan:lldb-365,LEVPAK1.DAT#2
3655,LEVIPAK1,VERY MENACING !!,False,90.9,Beginner,low,True,,,fan:lldb-365,LEVPAK1.DAT#3
3656,LEVIPAK1,"Dolly Dimple,not that simple",False,75.25,Beginner,low,True,,,fan:lldb-365,LEVPAK1.DAT#4
3657,LEVIPAK1,We may not fall down,False,69,Beginner,low,True,,,fan:lldb-365,LEVPAK1.DAT#5
3658,LEVIPAK1,Judgment day,False,64.84,Beginner,low,True,,,fan:lldb-365,LEVPAK1.DAT#6
3659,LEVIPAK1,Greenpiece,False,57.61,Beginner,low,True,,,fan:lldb-365,LEVPAK1.DAT#7
3660,LEVIPAK1,Hurry up! Go down!!,False,97.74,Beginner,low,True,,,fan:lldb-365,LEVPAK1.DAT#8
3661,LEVIPAK1,Escape the wolfs claw!,False,84.65,Beginner,low,True,,,fan:lldb-365,LEVPAK1.DAT#9
3662,LEVIPAK2,Umbrellas sold out!,False,83.25,Beginner,low,True,,,fan:lldb-366,LEVIPAK2.DAT#0
3663,LEVIPAK2,Splatter bonus,False,99.95,Beginner,low,True,,,fan:lldb-366,LEVIPAK2.DAT#1
3664,LEVIPAK2,Bridge over the mississippi,False,97.15,Beginner,low,True,,,fan:lldb-366,LEVIPAK2.DAT#2
3665,LEVIPAK2,"Tension sheet,good idea",False,107.84,Easy,low,True,,,fan:lldb-366,LEVIPAK2.DAT#3
3666,LEVIPAK2,Yeah right...you wish!,False,99.14,Beginner,low,True,,,fan:lldb-366,LEVIPAK2.DAT#4
3667,LEVIPAK2,The Golden Lem Bridge,False,95.75,Beginner,low,True,,,fan:lldb-366,LEVIPAK2.DAT#5
3668,LEVIPAK2,Need more help from above ?,False,114.5,Easy,low,True,,,fan:lldb-366,LEVIPAK2.DAT#6
3669,LEVIPAK2,Water Cascade,False,92.3,Beginner,low,True,,,fan:lldb-366,LEVIPAK2.DAT#7
3670,LEVIPAK2,No world without you,False,92.3,Beginner,low,True,,,fan:lldb-366,LEVIPAK2.DAT#8
3671,LEVIPAK2,Ventral maintenance,False,89.64,Beginner,low,True,,,fan:lldb-366,LEVIPAK2.DAT#9
3672,LEVIPAK3,Trough the breach,False,108.25,Easy,low,True,,,fan:lldb-367,LEVIPAK3.DAT#0
3673,LEVIPAK3,The lemming paradox,False,88.01,Beginner,low,True,,,fan:lldb-367,LEVIPAK3.DAT#1
3674,LEVIPAK3,The Golden Lem Bridge (part 2),False,89.5,Beginner,low,True,,,fan:lldb-367,LEVIPAK3.DAT#2
3675,LEVIPAK3,Gas distribution facility,False,91.83,Beginner,low,True,,,fan:lldb-367,LEVIPAK3.DAT#3
3676,LEVIPAK3,Encounter at farpoint,False,89.5,Beginner,low,True,,,fan:lldb-367,LEVIPAK3.DAT#4
3677,LEVIPAK3,Hurry up! Go down!! (part 2),False,90.25,Beginner,low,True,,,fan:lldb-367,LEVIPAK3.DAT#5
3678,LEVIPAK3,"Houston,we got a problem !",False,86.05,Beginner,low,True,,,fan:lldb-367,LEVIPAK3.DAT#6
3679,LEVIPAK3,Imperfection,False,93.7,Beginner,low,True,,,fan:lldb-367,LEVIPAK3.DAT#7
3680,LEVIPAK3,The abyss,False,103.87,Easy,low,True,,,fan:lldb-367,LEVIPAK3.DAT#8
3681,LEVIPAK3,Hang And No Life,False,118.7,Easy,low,True,,,fan:lldb-367,LEVIPAK3.DAT#9
3682,LEVIPAK4,"Beam me up,Scotty",False,117.3,Easy,low,True,,,fan:lldb-368,levipak4.dat#0
3683,LEVIPAK4,Lookout tower,False,105.79,Easy,low,True,,,fan:lldb-368,levipak4.dat#1
3684,LEVIPAK4,Climb and no life,False,113.85,Easy,low,True,,,fan:lldb-368,levipak4.dat#2
3685,LEVIPAK4,Magic: the bombering,False,88.69,Beginner,low,True,,,fan:lldb-368,levipak4.dat#3
3686,LEVIPAK4,Imperfection (part 613),False,87.45,Beginner,low,True,,,fan:lldb-368,levipak4.dat#4
3687,LEVIPAK4,A platform would be handy,False,92.3,Beginner,low,True,,,fan:lldb-368,levipak4.dat#5
3688,LEVIPAK4,se7en,False,93.7,Beginner,low,True,,,fan:lldb-368,levipak4.dat#6
3689,LEVIPAK4,Going up ?,False,84.65,Beginner,low,True,,,fan:lldb-368,levipak4.dat#7
3690,LEVIPAK4,Unimatrix zero,False,104.8,Easy,low,True,,,fan:lldb-368,levipak4.dat#8
3691,LEVIPAK4,Containment breach !,False,108.25,Easy,low,True,,,fan:lldb-368,levipak4.dat#9
3692,Pieuw05,01 - Tolosa.ini,False,101.3,Easy,low,True,,,fan:lldb-369,01 - Tolosa.ini#-1
3693,Pieuw05,02 - Utopia.ini,False,102,Easy,low,True,,,fan:lldb-369,02 - Utopia.ini#-1
3694,Pieuw05,03 - Reciprocity.ini,False,97.6,Beginner,low,True,,,fan:lldb-369,03 - Reciprocity.ini#-1
3695,Pieuw05,04 - Karjalanpiirakat.ini,False,92.5,Beginner,low,True,,,fan:lldb-369,04 - Karjalanpiirakat.ini#-1
3696,Pieuw05,05 - Vertigo.ini,False,104.19,Easy,low,True,,,fan:lldb-369,05 - Vertigo.ini#-1
3697,Pieuw05,06 - Totem.ini,False,94.94,Beginner,low,True,,,fan:lldb-369,06 - Totem.ini#-1
3698,Pieuw05,07 - Coalescing.ini,False,98.55,Beginner,low,True,,,fan:lldb-369,07 - Coalescing.ini#-1
3699,Pieuw05,08 - Parsimony.ini,False,111.84,Easy,low,True,,,fan:lldb-369,08 - Parsimony.ini#-1
3700,Pieuw05,09 - Ecotone.ini,False,102.32,Easy,low,True,,,fan:lldb-369,09 - Ecotone.ini#-1
3701,Pieuw05,10 - Cozenage.ini,False,86.45,Beginner,low,True,,,fan:lldb-369,10 - Cozenage.ini#-1
3702,Andi,Frosty Lemmings,False,82.12,Beginner,low,True,,,fan:lldb-370,andi.DAT#0
3703,Andi,Under Construction,False,115.49,Easy,low,True,,,fan:lldb-370,andi.DAT#1
3704,Andi,New Lemmings Technology,False,95.89,Beginner,low,True,,,fan:lldb-370,andi.DAT#2
3705,Andi,LEMMINGS FOR EVER ! ! !,False,121.5,Easy,low,True,,,fan:lldb-370,andi.DAT#3
3706,Andi,Underground Lemmings,False,115.49,Easy,low,True,,,fan:lldb-370,andi.DAT#4
3707,Andi,The City,False,101.05,Easy,low,True,,,fan:lldb-370,andi.DAT#5
3708,Andi,A Lemming Nightmare,False,117.3,Easy,low,True,,,fan:lldb-370,andi.DAT#6
3709,Andi,Two Sides in Lemmingland,False,113.24,Easy,low,True,,,fan:lldb-370,andi.DAT#7
3710,Andi,Ruins,False,112.65,Easy,low,True,,,fan:lldb-370,andi.DAT#8
3711,Andi,Heaven can't wait we hope again!,False,117.3,Easy,low,True,,,fan:lldb-370,andi.DAT#9
3712,beta,"Down, Down, down in the ground",False,60.88,Beginner,low,True,,,fan:lldb-371,beta.dat#0
3713,beta,The level-wide web,False,69,Beginner,low,True,,,fan:lldb-371,beta.dat#1
3714,beta,How do I bomb the way up?,False,59,Beginner,low,True,,,fan:lldb-371,beta.dat#2
3715,beta,Which Exit?,False,83.84,Beginner,low,True,,,fan:lldb-371,beta.dat#3
3716,E3Levelpack F,Primal Technology,False,89.5,Beginner,low,True,,,fan:lldb-372,E3Levelpack_F.dat#0
3717,E3Levelpack F,Jump the Queue,False,83.35,Beginner,low,True,,,fan:lldb-372,E3Levelpack_F.dat#1
3718,E3Levelpack F,Lemmings United,False,73,Beginner,low,True,,,fan:lldb-372,E3Levelpack_F.dat#2
3719,E3Levelpack F,Kung-Fu Bashing,False,97.15,Beginner,low,True,,,fan:lldb-372,E3Levelpack_F.dat#3
3720,E3Levelpack F,That Freezing Feeling,False,102,Easy,low,True,,,fan:lldb-372,E3Levelpack_F.dat#4
3721,E3Levelpack F,The Daedalus,False,95.1,Beginner,low,True,,,fan:lldb-372,E3Levelpack_F.dat#5
3722,E3Levelpack F,Minimal Trouble,False,72,Beginner,low,True,,,fan:lldb-372,E3Levelpack_F.dat#6
3723,E3Levelpack F,Prismatic Cave,False,69.17,Beginner,low,True,,,fan:lldb-372,E3Levelpack_F.dat#7
3724,E3Levelpack F,Mining Frenzy,False,77,Beginner,low,True,,,fan:lldb-372,E3Levelpack_F.dat#8
3725,E3Levelpack F,I Am T.A.,False,95.12,Beginner,low,True,,,fan:lldb-372,E3Levelpack_F.dat#9
3726,Insulfrog LVL PK 1,Steps,False,116.98,Easy,low,True,,,fan:lldb-373,Insulfrog+LVL+PK+1.DAT#0
3727,Insulfrog LVL PK 1,Pipework,False,94,Beginner,low,True,,,fan:lldb-373,Insulfrog+LVL+PK+1.DAT#1
3728,Insulfrog LVL PK 1,4 times the fun,False,116.85,Easy,low,True,,,fan:lldb-373,Insulfrog+LVL+PK+1.DAT#2
3729,Insulfrog LVL PK 1,It is very complicated,False,106.17,Easy,low,True,,,fan:lldb-373,Insulfrog+LVL+PK+1.DAT#3
3730,Insulfrog LVL PK 1,This might be a doddle!,False,89.5,Beginner,low,True,,,fan:lldb-373,Insulfrog+LVL+PK+1.DAT#4
3731,Insulfrog LVL PK 1,The  Long Crystal Trip,False,108,Easy,low,True,,,fan:lldb-373,Insulfrog+LVL+PK+1.DAT#5
3732,Insulfrog LVL PK 1,The road of hell,False,118.7,Easy,low,True,,,fan:lldb-373,Insulfrog+LVL+PK+1.DAT#6
3733,Insulfrog LVL PK 1,Island Hopping,False,109,Easy,low,True,,,fan:lldb-373,Insulfrog+LVL+PK+1.DAT#7
3734,Insulfrog LVL PK 1,Tiberium Field,False,84.5,Beginner,low,True,,,fan:lldb-373,Insulfrog+LVL+PK+1.DAT#8
3735,Insulfrog LVL PK 1,Cavern Of Dreams,False,83.25,Beginner,low,True,,,fan:lldb-373,Insulfrog+LVL+PK+1.DAT#9
3736,justdigcomp,Return of the BombSquad (Conway),False,82.55,Beginner,low,True,,,fan:lldb-374,justdigcomp.dat#0
3737,justdigcomp,Juanjos Just dig!,False,75.41,Beginner,low,True,,,fan:lldb-374,justdigcomp.dat#1
3738,justdigcomp,INCONCEIVABLE! (Steve),False,94,Beginner,low,True,,,fan:lldb-374,justdigcomp.dat#2
3739,justdigcomp,Just drown! (Tumble),False,83.25,Beginner,low,True,,,fan:lldb-374,justdigcomp.dat#3
3740,justdigcomp,Roundabout Route (Lem'ka),False,94.57,Beginner,low,True,,,fan:lldb-374,justdigcomp.dat#4
3741,twigpak1,Blast Around,False,52.75,Beginner,low,True,,,fan:lldb-375,twigpak1.dat#0
3742,twigpak1,Networking,False,114.5,Easy,low,True,,,fan:lldb-375,twigpak1.dat#1
3743,twigpak1,The Snowy Caves,False,102.45,Easy,low,True,,,fan:lldb-375,twigpak1.dat#2
3744,twigpak1,Lemmvile Woods,False,98.38,Beginner,low,True,,,fan:lldb-375,twigpak1.dat#3
3745,twigpak1,Follow The Golden Pipe,False,67.12,Beginner,low,True,,,fan:lldb-375,twigpak1.dat#4
3746,twigpak1,The Pyramid of Lezma,False,97.15,Beginner,low,True,,,fan:lldb-375,twigpak1.dat#5
3747,twigpak1,Do What You Want!,False,95.73,Beginner,low,True,,,fan:lldb-375,twigpak1.dat#6
3748,twigpak1,The Caves Under The Mountain,False,73.25,Beginner,low,True,,,fan:lldb-375,twigpak1.dat#7
3749,twigpak1,I Have Another Cunning Plan,False,118.7,Easy,low,True,,,fan:lldb-375,twigpak1.dat#8
3750,twigpak1,0100101100 ~ mIasMA ~ 0100010010,False,107.78,Easy,low,True,,,fan:lldb-375,twigpak1.dat#9
3751,twigpak3,The Clanger,False,89.5,Beginner,low,True,,,fan:lldb-376,twigpak3.dat#0
3752,twigpak3,The Rat Race,False,81.5,Beginner,low,True,,,fan:lldb-376,twigpak3.dat#1
3753,twigpak3,Control The Flow,False,82.8,Beginner,low,True,,,fan:lldb-376,twigpak3.dat#2
3754,twigpak3,Think Fast!,False,99.54,Beginner,low,True,,,fan:lldb-376,twigpak3.dat#3
3755,twigpak3,Blockafloater,False,115.9,Easy,low,True,,,fan:lldb-376,twigpak3.dat#4
3756,twigpak3,Undermining,False,81.38,Beginner,low,True,,,fan:lldb-376,twigpak3.dat#5
3757,twigpak3,Passing Loop,False,115.9,Easy,low,True,,,fan:lldb-376,twigpak3.dat#6
3758,twigpak3,Corrosion,False,95.76,Beginner,low,True,,,fan:lldb-376,twigpak3.dat#7
3759,twigpak3,Think Fast! - Part 2,False,104.39,Easy,low,True,,,fan:lldb-376,twigpak3.dat#8
3760,shveg01,Just Dig?,False,95.75,Beginner,low,True,,,fan:lldb-377,shveg01.dat#0
3761,shveg01,The Big Drop,False,94,Beginner,low,True,,,fan:lldb-377,shveg01.dat#1
3762,shveg01,Impasse,False,83.25,Beginner,low,True,,,fan:lldb-377,shveg01.dat#2
3763,shveg01,Secret Hideout,False,86.25,Beginner,low,True,,,fan:lldb-377,shveg01.dat#3
3764,shveg01,Diffusion,False,89.25,Beginner,low,True,,,fan:lldb-377,shveg01.dat#4
3765,shveg01,Evacuation,False,92.28,Beginner,low,True,,,fan:lldb-377,shveg01.dat#5
3766,shveg01,Tempus Fugit,False,95.75,Beginner,low,True,,,fan:lldb-377,shveg01.dat#6
3767,shveg01,Comic Book Heroes,False,75.74,Beginner,low,True,,,fan:lldb-377,shveg01.dat#7
3768,shveg01,A stitch in time saves nine...,False,87.42,Beginner,low,True,,,fan:lldb-377,shveg01.dat#8
3769,shveg01,Hit the Slopes!,False,86.25,Beginner,low,True,,,fan:lldb-377,shveg01.dat#9
3770,shveg02,Wall to Wall,False,81.5,Beginner,low,True,,,fan:lldb-378,shveg02.dat#0
3771,shveg02,Primitive Bridges,False,95.75,Beginner,low,True,,,fan:lldb-378,shveg02.dat#1
3772,shveg02,Necker Cube,False,87.75,Beginner,low,True,,,fan:lldb-378,shveg02.dat#2
3773,shveg02,Necker Cube (part two),False,95.75,Beginner,low,True,,,fan:lldb-378,shveg02.dat#3
3774,shveg02,There's one small problem...,False,113.85,Easy,low,True,,,fan:lldb-378,shveg02.dat#4
3775,shveg02,Destined for Death,False,83,Beginner,low,True,,,fan:lldb-378,shveg02.dat#5
3776,shveg02,In need of guidance...,False,106.4,Easy,low,True,,,fan:lldb-378,shveg02.dat#6
3777,shveg02,Mining (co)operation,False,92.08,Beginner,low,True,,,fan:lldb-378,shveg02.dat#7
3778,shveg02,Floating to safety,False,44.75,Beginner,low,True,,,fan:lldb-378,shveg02.dat#8
3779,shveg02,Try climbing that!,False,84.65,Beginner,low,True,,,fan:lldb-378,shveg02.dat#9
3780,shveg03,Gotta keep 'em separated,False,112.45,Easy,low,True,,,fan:lldb-379,shveg03.dat#0
3781,shveg03,To each his own,False,104.8,Easy,low,True,,,fan:lldb-379,shveg03.dat#1
3782,shveg03,Another Impasse,False,92.3,Beginner,low,True,,,fan:lldb-379,shveg03.dat#2
3783,shveg03,"Hurry up please, it's time",False,95.75,Beginner,low,True,,,fan:lldb-379,shveg03.dat#3
3784,shveg03,100% Recycled Lemming,False,70.28,Beginner,low,True,,,fan:lldb-379,shveg03.dat#4
3785,shveg03,Now try saving them all...,False,102,Easy,low,True,,,fan:lldb-379,shveg03.dat#5
3786,shveg03,Crossing paths,False,89.5,Beginner,low,True,,,fan:lldb-379,shveg03.dat#6
3787,shveg03,Take the stairs!,False,94,Beginner,low,True,,,fan:lldb-379,shveg03.dat#7
3788,shveg03,Pipe Dream,False,87.65,Beginner,low,True,,,fan:lldb-379,shveg03.dat#8
3789,shveg03,"Oh, the possibilities...",False,91.53,Beginner,low,True,,,fan:lldb-379,shveg03.dat#9
3790,ClamSpam06,Singular Squish,False,75.15,Beginner,low,True,,,fan:lldb-382,ClamSpam06_4lvls.dat#0
3791,ClamSpam06,Bumpy Ride,False,86.05,Beginner,low,True,,,fan:lldb-382,ClamSpam06_4lvls.dat#1
3792,ClamSpam06,RABBIX,False,85.31,Beginner,low,True,,,fan:lldb-382,ClamSpam06_4lvls.dat#2
3793,ClamSpam06,Digger convergence,False,78.67,Beginner,low,True,,,fan:lldb-382,ClamSpam06_4lvls.dat#3
3794,Gronklems 1,The basin,False,95.39,Beginner,low,True,,,fan:lldb-384,Gronklems 2.dat#0
3795,Gronklems 1,The iron duck,False,83.25,Beginner,low,True,,,fan:lldb-384,Gronklems 2.dat#1
3796,Gronklems 1,Big grey island,False,81.25,Beginner,low,True,,,fan:lldb-384,Gronklems 2.dat#2
3797,Gronklems 1,LASER_TEST_0001,False,87.75,Beginner,low,True,,,fan:lldb-384,Gronklems 2.dat#3
3798,Gronklems 1,The lemming missile,False,69.62,Beginner,low,True,,,fan:lldb-384,Gronklems 2.dat#4
3799,Gronklems 1,All hail Q,False,92.92,Beginner,low,True,,,fan:lldb-384,Gronklems 2.dat#5
3800,Gronklems 1,Stack of bricks,False,89.97,Beginner,low,True,,,fan:lldb-384,Gronklems 2.dat#6
3801,Gronklems 1,Stripey blocks!,False,89.5,Beginner,low,True,,,fan:lldb-384,Gronklems 2.dat#7
3802,Gronklems 1,Suckers...,False,77,Beginner,low,True,,,fan:lldb-384,Gronklems 2.dat#8
3803,Gronklems 1,Just across the wall,False,81.5,Beginner,low,True,,,fan:lldb-384,Gronklems 2.dat#9
3804,Gronklems 2,Column construction,False,99.95,Beginner,low,True,,,fan:lldb-385,Gronklems 3.dat#0
3805,Gronklems 2,I must exclaim!,False,95.53,Beginner,low,True,,,fan:lldb-385,Gronklems 3.dat#1
3806,Gronklems 2,pEA prOcEssIng plAnt,False,104.15,Easy,low,True,,,fan:lldb-385,Gronklems 3.dat#2
3807,Gronklems 2,I Ron.E,False,100.25,Easy,low,True,,,fan:lldb-385,Gronklems 3.dat#3
3808,Gronklems 2,A simple task can be so hard...,False,101.45,Easy,low,True,,,fan:lldb-385,Gronklems 3.dat#4
3809,Gronklems 2,Lemming go up. Lemming go down,False,77,Beginner,low,True,,,fan:lldb-385,Gronklems 3.dat#5
3810,Gronklems 2,UP THERE!?,False,78.9,Beginner,low,True,,,fan:lldb-385,Gronklems 3.dat#6
3811,Gronklems 2,The very cruel level,False,36.2,Beginner,low,True,,,fan:lldb-385,Gronklems 3.dat#7
3812,Gronklems 2,Water pool,False,110.17,Easy,low,True,,,fan:lldb-385,Gronklems 3.dat#8
3813,Gronklems 2,The wide gap,False,113.56,Easy,low,True,,,fan:lldb-385,Gronklems 3.dat#9
3814,Gronklems 1,gronklems -1.dat 1,False,109.21,Easy,low,True,,,fan:lldb-386,Gronklems -1.dat#0
3815,Gronklems 1,gronklems -1.dat 2,False,131.03,Easy,low,True,,,fan:lldb-386,Gronklems -1.dat#1
3816,Gronklems 1,Poles apart,False,114.5,Easy,low,True,,,fan:lldb-386,Gronklems -1.dat#2
3817,Gronklems 1,gronklems -1.dat 4,False,100.14,Easy,low,True,,,fan:lldb-386,Gronklems -1.dat#3
3818,Eymerich 01,Suburban Workflow,False,77,Beginner,low,True,,,fan:lldb-387,Eymerich_01.dat#0
3819,Eymerich 01,No Lem's Land,False,87.75,Beginner,low,True,,,fan:lldb-387,Eymerich_01.dat#1
3820,Eymerich 01,Discovery Channel,False,77,Beginner,low,True,,,fan:lldb-387,Eymerich_01.dat#2
3821,Eymerich 01,Life as a Worm,False,89.5,Beginner,low,True,,,fan:lldb-387,Eymerich_01.dat#3
3822,Eymerich 01,Pit and Pendulum,False,94.44,Beginner,low,True,,,fan:lldb-387,Eymerich_01.dat#4
3823,Eymerich 01,Conveyor Bolt,False,90.65,Beginner,low,True,,,fan:lldb-387,Eymerich_01.dat#5
3824,Eymerich 01,"The Great Wall, part one",False,93.58,Beginner,low,True,,,fan:lldb-387,Eymerich_01.dat#6
3825,Eymerich 01,Sacrifical Tendencies,False,91.56,Beginner,low,True,,,fan:lldb-387,Eymerich_01.dat#7
3826,Eymerich 01,One Hot Minute,False,93.9,Beginner,low,True,,,fan:lldb-387,Eymerich_01.dat#8
3827,Eymerich 01,Clockwork Pink,False,101.35,Easy,low,True,,,fan:lldb-387,Eymerich_01.dat#9
3828,geoopck2,About to Break,False,101.35,Easy,low,True,,,fan:lldb-388,geooPk2_preview2.dat#0
3829,geoopck2,Recurrent Sacrifice,False,73.3,Beginner,low,True,,,fan:lldb-388,geooPk2_preview2.dat#1
3830,geoopck2,Just as You'd Expect,False,80.69,Beginner,low,True,,,fan:lldb-388,geooPk2_preview2.dat#2
3831,geoopck2,One Step Off,False,90.9,Beginner,low,True,,,fan:lldb-388,geooPk2_preview2.dat#3
3832,Levelpak001,Welcome to Hell,False,86.25,Beginner,low,True,,,fan:lldb-389,LEVELPAK.DAT#0
3833,Levelpak001,Seeing red,False,108,Easy,low,True,,,fan:lldb-389,LEVELPAK.DAT#1
3834,Levelpak001,Going up?,False,88.85,Beginner,low,True,,,fan:lldb-389,LEVELPAK.DAT#2
3835,Levelpak001,Go outside and play,False,84.5,Beginner,low,True,,,fan:lldb-389,LEVELPAK.DAT#3
3836,Levelpak001,Lost Something?,False,88.55,Beginner,low,True,,,fan:lldb-389,LEVELPAK.DAT#4
3837,Levelpak001,Crazy Cave,False,54,Beginner,low,True,,,fan:lldb-389,LEVELPAK.DAT#5
3838,Levelpak001,Hitting the ice,False,81.38,Beginner,low,True,,,fan:lldb-389,LEVELPAK.DAT#6
3839,Levelpak001,Ugly Pink Thing,False,115.9,Easy,low,True,,,fan:lldb-389,LEVELPAK.DAT#7
3840,Levelpak001,High Tech,False,82.75,Beginner,low,True,,,fan:lldb-389,LEVELPAK.DAT#8
3841,Levelpak001,The Final Test,False,95.12,Beginner,low,True,,,fan:lldb-389,LEVELPAK.DAT#9
3842,elfpack02,Flashback,False,102,Easy,low,True,,,fan:lldb-390,elfpak02.dat#0
3843,elfpack02,A new Miniature,False,109.62,Easy,low,True,,,fan:lldb-390,elfpak02.dat#1
3844,elfpack02,Tailor-made for clickers,False,80.85,Beginner,low,True,,,fan:lldb-390,elfpak02.dat#2
3845,elfpack02,The Miniature strikes back,False,106.38,Easy,low,True,,,fan:lldb-390,elfpak02.dat#3
3846,elfpack02,Snowhere,False,89.25,Beginner,low,True,,,fan:lldb-390,elfpak02.dat#4
3847,elfpack02,The Miniature returns,False,111.25,Easy,low,True,,,fan:lldb-390,elfpak02.dat#5
3848,elfpack02,I hope You found this backroute,False,82.88,Beginner,low,True,,,fan:lldb-390,elfpak02.dat#6
3849,elfpack02,Magno Boots Testing Room,False,60,Beginner,low,True,,,fan:lldb-390,elfpak02.dat#7
3850,elfpack02,A nearly-boxed-in level,False,89.25,Beginner,low,True,,,fan:lldb-390,elfpak02.dat#8
3851,elfpack02,Morning Coffee,False,70.38,Beginner,low,True,,,fan:lldb-390,elfpak02.dat#9
3852,elfpack03,My kingdom for an umbrella!,False,75.25,Beginner,low,True,,,fan:lldb-391,elfpak03.dat#0
3853,elfpack03,Through the elevator shaft,False,72,Beginner,low,True,,,fan:lldb-391,elfpak03.dat#1
3854,elfpack03,A dozen of builders,False,72,Beginner,low,True,,,fan:lldb-391,elfpak03.dat#2
3855,elfpack03,Sightseeing tour,False,87.75,Beginner,low,True,,,fan:lldb-391,elfpak03.dat#3
3856,elfpack03,Pillar symphony,False,87.5,Beginner,low,True,,,fan:lldb-391,elfpak03.dat#4
3857,elfpack03,Don't hang around for long,False,86.25,Beginner,low,True,,,fan:lldb-391,elfpak03.dat#5
3858,elfpack03,Feel the difference I,False,83,Beginner,low,True,,,fan:lldb-391,elfpak03.dat#6
3859,elfpack03,Oh no! We left the food at home,False,81,Beginner,low,True,,,fan:lldb-391,elfpak03.dat#7
3860,elfpack03,On the top of the world,False,81.25,Beginner,low,True,,,fan:lldb-391,elfpak03.dat#8
3861,elfpack03,Feel the difference II,False,74.75,Beginner,low,True,,,fan:lldb-391,elfpak03.dat#9
3862,Pieuw01,Iron Industry,False,94,Beginner,low,True,,,fan:lldb-393,pieuw01.dat#0
3863,Pieuw01,The Hiking Tour,False,98.55,Beginner,low,True,,,fan:lldb-393,pieuw01.dat#1
3864,Pieuw01,Return to the Fold,False,95.75,Beginner,low,True,,,fan:lldb-393,pieuw01.dat#2
3865,Pieuw01,Backward Train,False,95.75,Beginner,low,True,,,fan:lldb-393,pieuw01.dat#3
3866,Pieuw01,Through the Block,False,87.75,Beginner,low,True,,,fan:lldb-393,pieuw01.dat#4
3867,Pieuw01,The big U-Turn,False,93.05,Beginner,low,True,,,fan:lldb-393,pieuw01.dat#5
3868,Pieuw01,Unwilling Funambulist,False,81.5,Beginner,low,True,,,fan:lldb-393,pieuw01.dat#6
3869,Pieuw01,The Landing Trail,False,88.73,Beginner,low,True,,,fan:lldb-393,pieuw01.dat#7
3870,Pieuw01,Two Stragglers,False,81.5,Beginner,low,True,,,fan:lldb-393,pieuw01.dat#8
3871,Pieuw01,Diving Area,False,104.8,Easy,low,True,,,fan:lldb-393,pieuw01.dat#9
3872,Pieuw02,The Ghost Cross,False,79.55,Beginner,low,True,,,fan:lldb-394,pieuw02.dat#0
3873,Pieuw02,Grassy Path,False,67,Beginner,low,True,,,fan:lldb-394,pieuw02.dat#1
3874,Pieuw02,So Logical,False,90.5,Beginner,low,True,,,fan:lldb-394,pieuw02.dat#2
3875,Pieuw02,Diggin' the Air,False,94,Beginner,low,True,,,fan:lldb-394,pieuw02.dat#3
3876,Pieuw02,Lemmings on a Thread,False,100.8,Easy,low,True,,,fan:lldb-394,pieuw02.dat#4
3877,Pieuw02,Fearsome Rain,False,92.25,Beginner,low,True,,,fan:lldb-394,pieuw02.dat#5
3878,Pieuw02,The Lemming Gallery,False,109.65,Easy,low,True,,,fan:lldb-394,pieuw02.dat#6
3879,Pieuw02,Underground Exit,False,83.25,Beginner,low,True,,,fan:lldb-394,pieuw02.dat#7
3880,Pieuw02,Evil Sandglass,False,89.5,Beginner,low,True,,,fan:lldb-394,pieuw02.dat#8
3881,Pieuw02,X Marks Nothing,False,94,Beginner,low,True,,,fan:lldb-394,pieuw02.dat#9
3882,The Apple Computer Level,The Apple Computer Level,False,90.25,Beginner,low,True,,,fan:lldb-395,apple.dat#0
3883,Lemmings Heaven Contest 2008,contest10_patienceisavirtue.ini,False,87.88,Beginner,low,True,,,fan:lldb-396,levelpack/contest10_patienceisavirtue.ini#-1
3884,Lemmings Heaven Contest 2008,contest1_Rock house.ini,False,81.5,Beginner,low,True,,,fan:lldb-396,levelpack/contest1_Rock house.ini#-1
3885,Lemmings Heaven Contest 2008,contest1_RockHouse.ini,False,81.5,Beginner,low,True,,,fan:lldb-396,levelpack/contest1_RockHouse.ini#-1
3886,Lemmings Heaven Contest 2008,contest2_So close.ini,False,81.95,Beginner,low,True,,,fan:lldb-396,levelpack/contest2_So close.ini#-1
3887,Lemmings Heaven Contest 2008,contest2_SoClose.ini,False,81.95,Beginner,low,True,,,fan:lldb-396,levelpack/contest2_SoClose.ini#-1
3888,Lemmings Heaven Contest 2008,contest3_theoilrig.ini,False,90.9,Beginner,low,True,,,fan:lldb-396,levelpack/contest3_theoilrig.ini#-1
3889,Lemmings Heaven Contest 2008,contest4_handlewithcare.ini,False,102.85,Easy,low,True,,,fan:lldb-396,levelpack/contest4_handlewithcare.ini#-1
3890,Lemmings Heaven Contest 2008,contest5_statueoflemetry.ini,False,114.18,Easy,low,True,,,fan:lldb-396,levelpack/contest5_statueoflemetry.ini#-1
3891,Lemmings Heaven Contest 2008,contest6_The Rambaldi Eye.ini,False,77.17,Beginner,low,True,,,fan:lldb-396,levelpack/contest6_The Rambaldi Eye.ini#-1
3892,Lemmings Heaven Contest 2008,contest6_TheRambaldiEye.ini,False,77.17,Beginner,low,True,,,fan:lldb-396,levelpack/contest6_TheRambaldiEye.ini#-1
3893,Lemmings Heaven Contest 2008,contest7_Fall Guy.ini,False,107.8,Easy,low,True,,,fan:lldb-396,levelpack/contest7_Fall Guy.ini#-1
3894,Lemmings Heaven Contest 2008,contest7_FallGuy.ini,False,107.8,Easy,low,True,,,fan:lldb-396,levelpack/contest7_FallGuy.ini#-1
3895,Lemmings Heaven Contest 2008,contest8_Out in Sixty Seconds.ini,False,95.1,Beginner,low,True,,,fan:lldb-396,levelpack/contest8_Out in Sixty Seconds.ini#-1
3896,Lemmings Heaven Contest 2008,contest8_OutInSixtySeconds.ini,False,95.1,Beginner,low,True,,,fan:lldb-396,levelpack/contest8_OutInSixtySeconds.ini#-1
3897,Lemmings Heaven Contest 2008,contest9_DerangementofScience.ini,False,97.15,Beginner,low,True,,,fan:lldb-396,levelpack/contest9_DerangementofScience.ini#-1
3898,Lemmings Heaven Contest 2010,01loftyD.ini,False,81.17,Beginner,low,True,,,fan:lldb-397,2010 CONTEST/01loftyD.ini#-1
3899,Lemmings Heaven Contest 2010,02loftyD.ini,False,93.9,Beginner,low,True,,,fan:lldb-397,2010 CONTEST/02loftyD.ini#-1
3900,Lemmings Heaven Contest 2010,03Ellischant.lvl,False,97.9,Beginner,low,True,,,fan:lldb-397,2010 CONTEST/03Ellischant.lvl#-1
3901,Lemmings Heaven Contest 2010,04Dodochacalo.ini,False,86.64,Beginner,low,True,,,fan:lldb-397,2010 CONTEST/04Dodochacalo.ini#-1
3902,Lemmings Heaven Contest 2010,05pieuw.ini,False,81.5,Beginner,low,True,,,fan:lldb-397,2010 CONTEST/05pieuw.ini#-1
3903,Lemmings Heaven Contest 2010,06ftk99.lvl,False,84.65,Beginner,low,True,,,fan:lldb-397,2010 CONTEST/06ftk99.lvl#-1
3904,Lemmings Heaven Contest 2010,07Dodochacalo.ini,False,92.62,Beginner,low,True,,,fan:lldb-397,2010 CONTEST/07Dodochacalo.ini#-1
3905,Lemmings Heaven Contest 2010,08pieuw.ini,False,81.08,Beginner,low,True,,,fan:lldb-397,2010 CONTEST/08pieuw.ini#-1
3906,Lemmings Heaven Contest 2010,09ftk99.lvl,False,83.25,Beginner,low,True,,,fan:lldb-397,2010 CONTEST/09ftk99.lvl#-1
3907,Lemmings Heaven Contest 2010,10karmew32.lvl,False,93.9,Beginner,low,True,,,fan:lldb-397,2010 CONTEST/10karmew32.lvl#-1
3908,Lemmings Heaven Contest 2010,11Ellischant.lvl,False,82.8,Beginner,low,True,,,fan:lldb-397,2010 CONTEST/11Ellischant.lvl#-1
3909,Lemmings Heaven Contest 2010,12loftyD.ini,False,90.9,Beginner,low,True,,,fan:lldb-397,2010 CONTEST/12loftyD.ini#-1
3910,Lemmings Heaven Contest 2010,13gronkling.ini,False,88.85,Beginner,low,True,,,fan:lldb-397,2010 CONTEST/13gronkling.ini#-1
3911,Lemmings Heaven Contest 2010,14lacktardo.ini.ini,False,89.82,Beginner,low,True,,,fan:lldb-397,2010 CONTEST/14lacktardo.ini.ini#-1
3912,Lemmings Heaven Contest 2010,15loftyD.ini,False,83.25,Beginner,low,True,,,fan:lldb-397,2010 CONTEST/15loftyD.ini#-1
3913,Lemmings Heaven Contest 2010,16karmew32.lvl,False,88.85,Beginner,low,True,,,fan:lldb-397,2010 CONTEST/16karmew32.lvl#-1
3914,Lemmings Heaven Contest 2010,17Ellischant.lvl,False,104.26,Easy,low,True,,,fan:lldb-397,2010 CONTEST/17Ellischant.lvl#-1
3915,Lemmings Heaven Contest 2010,18pieuw.ini,False,85.44,Beginner,low,True,,,fan:lldb-397,2010 CONTEST/18pieuw.ini#-1
3916,Lemmings Heaven Contest 2010,19lacktardo.ini.ini,False,84.65,Beginner,low,True,,,fan:lldb-397,2010 CONTEST/19lacktardo.ini.ini#-1
3917,Lemmings Heaven Contest 2010,20lacktardo.lvl.ini,False,89.5,Beginner,low,True,,,fan:lldb-397,2010 CONTEST/20lacktardo.lvl.ini#-1
3918,MYSPEC,Every Single One Counts!,False,114.5,Easy,low,True,,,fan:lldb-398,MYSPEC.DAT#0
3919,Mon0lith,The Mon0lith,False,99.9,Beginner,low,True,,,fan:lldb-399,TheMon0lith.dat#0
3920,TUT,The Unidentified Territory,False,102.59,Easy,low,True,,,fan:lldb-400,TUT.DAT#0
3921,Christmas 2013,2013.ini,False,117.3,Easy,low,True,,,fan:lldb-401,christmas/2013.ini#-1
3922,Grent01,1. Lemming Sold Seperately.ini,False,99.95,Beginner,low,True,,,fan:lldb-402,Grent01/1. Lemming Sold Seperately.ini#-1
3923,Grent01,10. Elegance.ini,False,108.03,Easy,low,True,,,fan:lldb-402,Grent01/10. Elegance.ini#-1
3924,Grent01,2. Who doesn't love triangles.ini,False,96.93,Beginner,low,True,,,fan:lldb-402,Grent01/2. Who doesn't love triangles.ini#-1
3925,Grent01,3. Flaming Death.ini,False,99.5,Beginner,low,True,,,fan:lldb-402,Grent01/3. Flaming Death.ini#-1
3926,Grent01,4. Lemming Designer.ini,False,90.68,Beginner,low,True,,,fan:lldb-402,Grent01/4. Lemming Designer.ini#-1
3927,Grent01,5. Almost Equilibrium.ini,False,109.18,Easy,low,True,,,fan:lldb-402,Grent01/5. Almost Equilibrium.ini#-1
3928,Grent01,6. Backpedal Lemmings.ini,False,96.7,Beginner,low,True,,,fan:lldb-402,Grent01/6. Backpedal Lemmings.ini#-1
3929,Grent01,7. It's Raining Lem.ini,False,104.78,Easy,low,True,,,fan:lldb-402,Grent01/7. It's Raining Lem.ini#-1
3930,Grent01,8. Break It Down.ini,False,106.2,Easy,low,True,,,fan:lldb-402,Grent01/8. Break It Down.ini#-1
3931,Grent01,9. All At Once.ini,False,108.03,Easy,low,True,,,fan:lldb-402,Grent01/9. All At Once.ini#-1
3932,Level Jam Contest 3,Lake Guardian,False,108.25,Easy,low,True,,,fan:lldb-403,LevelJam3.dat#0
3933,Level Jam Contest 3,Gate To Hades,False,81.5,Beginner,low,True,,,fan:lldb-403,LevelJam3.dat#1
3934,Level Jam Contest 3,Ethereality,False,110.4,Easy,low,True,,,fan:lldb-403,LevelJam3.dat#2
3935,Level Jam Contest 3,Tree House,False,81.2,Beginner,low,True,,,fan:lldb-403,LevelJam3.dat#3
3936,Level Jam Contest 3,Thanatos Gambit,False,98.3,Beginner,low,True,,,fan:lldb-403,LevelJam3.dat#4
3937,Level Jam Contest 3,factory,False,117.3,Easy,low,True,,,fan:lldb-403,LevelJam3.dat#5
3938,Genesis 2P 1,There can be only one,False,104.53,Easy,low,True,,,fan:lldb-404,Genesis 2P 1.dat#0
3939,Genesis 2P 1,Still everything to play for,False,109.4,Easy,low,True,,,fan:lldb-404,Genesis 2P 1.dat#1
3940,Genesis 2P 1,In the thick of the fray,False,104.63,Easy,low,True,,,fan:lldb-404,Genesis 2P 1.dat#2
3941,Genesis 2P 1,Game on!  Choose your tactics.,False,109.4,Easy,low,True,,,fan:lldb-404,Genesis 2P 1.dat#3
3942,Genesis 2P 1,Good game! Good game!,False,104.53,Easy,low,True,,,fan:lldb-404,Genesis 2P 1.dat#4
3943,Genesis 2P 1,The Rubbish Dump,False,112.65,Easy,low,True,,,fan:lldb-404,Genesis 2P 1.dat#5
3944,Genesis 2P 1,and the winner is.....,False,109.4,Easy,low,True,,,fan:lldb-404,Genesis 2P 1.dat#6
3945,Genesis 2P 1,Any chance of a truce?,False,103.15,Easy,low,True,,,fan:lldb-404,Genesis 2P 1.dat#7
3946,Genesis 2P 1,Now use miners and climbers,False,86.65,Beginner,low,True,,,fan:lldb-404,Genesis 2P 1.dat#8
3947,Genesis 2P 1,Joy joy joy,False,79.35,Beginner,low,True,,,fan:lldb-404,Genesis 2P 1.dat#9
3948,Genesis 2P 2,Just for fun or to the death?,False,93.4,Beginner,low,True,,,fan:lldb-405,Genesis 2P 2.dat#0
3949,Genesis 2P 2,A task for blockers and bomber,False,61.65,Beginner,low,True,,,fan:lldb-405,Genesis 2P 2.dat#1
3950,Genesis 2P 2,Cross-over Point,False,77.4,Beginner,low,True,,,fan:lldb-405,Genesis 2P 2.dat#2
3951,Genesis 2P 2,The Passing Place,False,95.6,Beginner,low,True,,,fan:lldb-405,Genesis 2P 2.dat#3
3952,Genesis 2P 2,"Take what you can, when you can",False,96.9,Beginner,low,True,,,fan:lldb-405,Genesis 2P 2.dat#4
3953,Genesis 2P 2,The Hammock...,False,106.4,Easy,low,True,,,fan:lldb-405,Genesis 2P 2.dat#5
3954,Genesis 2P 2,A task for blockers and bomber,False,86.65,Beginner,low,True,,,fan:lldb-405,Genesis 2P 2.dat#6
3955,Genesis 2P 2,Islands in the Sky,False,92.34,Beginner,low,True,,,fan:lldb-405,Genesis 2P 2.dat#7
3956,Genesis 2P 2,May the craftiest player win,False,109.4,Easy,low,True,,,fan:lldb-405,Genesis 2P 2.dat#8
3957,Genesis 2P 2,We're in this one together,False,104.53,Easy,low,True,,,fan:lldb-405,Genesis 2P 2.dat#9
3958,Just Some Levels,lvl034.ini,False,93.58,Beginner,low,True,,,fan:lldb-406,4_lem/lvl034.ini#-1
3959,Just Some Levels,lvl035.ini,False,115.09,Easy,low,True,,,fan:lldb-406,4_lem/lvl035.ini#-1
3960,Just Some Levels,lvl036.ini,False,112.65,Easy,low,True,,,fan:lldb-406,4_lem/lvl036.ini#-1
3961,Just Some Levels,lvl040.ini,False,81.5,Beginner,low,True,,,fan:lldb-406,4_lem/lvl040.ini#-1
3962,Just Some Levels,lvl044.ini,False,87.78,Beginner,low,True,,,fan:lldb-406,4_lem/lvl044.ini#-1
3963,Just Some Levels,lvl046.ini,False,97.51,Beginner,low,True,,,fan:lldb-406,4_lem/lvl046.ini#-1
3964,Just Some Levels,lvl049.ini,False,102.18,Easy,low,True,,,fan:lldb-406,4_lem/lvl049.ini#-1
3965,Just Some Levels,lvl051.ini,False,84.4,Beginner,low,True,,,fan:lldb-406,4_lem/lvl051.ini#-1
3966,Just Some Levels,lvl053.ini,False,100.74,Easy,low,True,,,fan:lldb-406,4_lem/lvl053.ini#-1
3967,Just Some Levels,lvl054.ini,False,79.75,Beginner,low,True,,,fan:lldb-406,4_lem/lvl054.ini#-1
3968,Orig Extra Levels,Test map,False,74.33,Beginner,low,True,,,fan:lldb-407,Orig Extra Levels.dat#0
3969,Orig Extra Levels,flag test map,False,83.73,Beginner,low,True,,,fan:lldb-407,Orig Extra Levels.dat#1
3970,Orig Extra Levels,One Way to Freedom,False,87.11,Beginner,low,True,,,fan:lldb-407,Orig Extra Levels.dat#2
3971,Orig Extra Levels,Ohayo Lemming-san!,False,106.38,Easy,low,True,,,fan:lldb-407,Orig Extra Levels.dat#3
3972,Just Some More Levels,delayrelay.ini,False,95.3,Beginner,low,True,,,fan:lldb-408,mslevels2/delayrelay.ini#-1
3973,Just Some More Levels,frenzy.ini,False,90.9,Beginner,low,True,,,fan:lldb-408,mslevels2/frenzy.ini#-1
3974,Just Some More Levels,littletitle.ini,False,106.08,Easy,low,True,,,fan:lldb-408,mslevels2/littletitle.ini#-1
3975,Just Some More Levels,mimic.ini,False,101.35,Easy,low,True,,,fan:lldb-408,mslevels2/mimic.ini#-1
3976,Just Some More Levels,multitask.ini,False,93.97,Beginner,low,True,,,fan:lldb-408,mslevels2/multitask.ini#-1
3977,Just Some More Levels,planking.ini,False,85.44,Beginner,low,True,,,fan:lldb-408,mslevels2/planking.ini#-1
3978,Just Some More Levels,strifecircle.ini,False,99.95,Beginner,low,True,,,fan:lldb-408,mslevels2/strifecircle.ini#-1
3979,Just Some More Levels,substitution.ini,False,91,Beginner,low,True,,,fan:lldb-408,mslevels2/substitution.ini#-1
3980,Just Some More Levels,trust.ini,False,76.05,Beginner,low,True,,,fan:lldb-408,mslevels2/trust.ini#-1
3981,Just Some More Levels,twolemmings.ini,False,104.8,Easy,low,True,,,fan:lldb-408,mslevels2/twolemmings.ini#-1
3982,Building Practice,Building Practice,False,77,Beginner,low,True,,,fan:lldb-409,BUILDING.DAT#0
3983,ClamSpam06 4lvls,Singular Squish II,False,75.15,Beginner,low,True,,,fan:lldb-410,ClamSpam06_4lvls.dat#0
3984,ClamSpam06 4lvls,Bumpy Ride II,False,86.05,Beginner,low,True,,,fan:lldb-410,ClamSpam06_4lvls.dat#1
3985,ClamSpam06 4lvls,RABBIX II,False,85.31,Beginner,low,True,,,fan:lldb-410,ClamSpam06_4lvls.dat#2
3986,ClamSpam06 4lvls,Digger convergence,False,78.67,Beginner,low,True,,,fan:lldb-410,ClamSpam06_4lvls.dat#3
3987,mobius05,Lemming no climb hill,False,85.24,Beginner,low,True,,,fan:lldb-411,mobius05.dat#0
3988,mobius05,"Oh Lemming, Where Art Thou?",False,112.45,Easy,low,True,,,fan:lldb-411,mobius05.dat#1
3989,mobius05,Way Down in the Hole,False,104.8,Easy,low,True,,,fan:lldb-411,mobius05.dat#2
3990,mobius05,Take a Giant Nose Dive,False,109.43,Easy,low,True,,,fan:lldb-411,mobius05.dat#3
3991,mobius05,Operation Barbarossa,False,86.05,Beginner,low,True,,,fan:lldb-411,mobius05.dat#4
3992,mobius05,The Bricks of Wrath,False,98.3,Beginner,low,True,,,fan:lldb-411,mobius05.dat#5
3993,mobius05,Inventions and Dimensions,False,88.85,Beginner,low,True,,,fan:lldb-411,mobius05.dat#6
3994,mobius05,The Lemming Who Japed,False,103.4,Easy,low,True,,,fan:lldb-411,mobius05.dat#7
3995,mobius05,Take a Giant Nose Dive (part 2),False,101.55,Easy,low,True,,,fan:lldb-411,mobius05.dat#8
3996,mobius05,Absolute Zero,False,87.65,Beginner,low,True,,,fan:lldb-411,mobius05.dat#9
3997,mobius06,Obstacle 1,False,93.7,Beginner,low,True,,,fan:lldb-412,mobius06.dat#0
3998,mobius06,Cirque Du Solemming,False,101.55,Easy,low,True,,,fan:lldb-412,mobius06.dat#1
3999,mobius06,Who by Fire?,False,98.55,Beginner,low,True,,,fan:lldb-412,mobius06.dat#2
4000,mobius06,The First Will Be Last,False,95.3,Beginner,low,True,,,fan:lldb-412,mobius06.dat#3
4001,mobius06,Ascension,False,84.62,Beginner,low,True,,,fan:lldb-412,mobius06.dat#4
4002,mobius06,The Cliffs of Insanity,False,96.58,Beginner,low,True,,,fan:lldb-412,mobius06.dat#5
4003,mobius06,Five Easy Steps...,False,97.15,Beginner,low,True,,,fan:lldb-412,mobius06.dat#6
4004,mobius06,Pearls Before Swine,False,99.95,Beginner,low,True,,,fan:lldb-412,mobius06.dat#7
4005,mobius06,General Tsao's Lemming,False,112.45,Easy,low,True,,,fan:lldb-412,mobius06.dat#8
4006,GeoffLems Minipack,Enclosure,False,107.44,Easy,low,True,,,fan:lldb-413,GeoffLems_Minipack.dat#0
4007,GeoffLems Minipack,Planks,False,81.5,Beginner,low,True,,,fan:lldb-413,GeoffLems_Minipack.dat#1
4008,GeoffLems Minipack,Tank!,False,81.5,Beginner,low,True,,,fan:lldb-413,GeoffLems_Minipack.dat#2
4009,GeoffLems Minipack,Lemmington Abbey,False,72.56,Beginner,low,True,,,fan:lldb-413,GeoffLems_Minipack.dat#3
4010,GeoffLems Minipack,Pipe Room,False,102.99,Easy,low,True,,,fan:lldb-413,GeoffLems_Minipack.dat#4
4011,GeoffLems Minipack,T-REX,False,60.88,Beginner,low,True,,,fan:lldb-413,GeoffLems_Minipack.dat#5
4012,GeoffLems Minipack,Lemming In Zest,False,98.3,Beginner,low,True,,,fan:lldb-413,GeoffLems_Minipack.dat#6
4013,GeoffLems Minipack,Lemmings in the Radiator,False,87.5,Beginner,low,True,,,fan:lldb-413,GeoffLems_Minipack.dat#7
4014,GeoffLems Minipack,Gluten-Free Organic Lemmings,False,113.2,Easy,low,True,,,fan:lldb-413,GeoffLems_Minipack.dat#8
4015,GeoffLems Minipack,Roger's Pass,False,90.65,Beginner,low,True,,,fan:lldb-413,GeoffLems_Minipack.dat#9
4016,QBeez06,The Equine Enigma,False,87.55,Beginner,low,True,,,fan:lldb-414,QBeez06.dat#0
4017,QBeez06,"Be patient, now.",False,95.53,Beginner,low,True,,,fan:lldb-414,QBeez06.dat#1
4018,QBeez06,Throne Room,False,86.12,Beginner,low,True,,,fan:lldb-414,QBeez06.dat#2
4019,QBeez06,He who waits behind the wall....,False,94,Beginner,low,True,,,fan:lldb-414,QBeez06.dat#3
4020,QBeez06,Smoke and Mirrors,False,102,Easy,low,True,,,fan:lldb-414,QBeez06.dat#4
4021,QBeez06,Two's Complement,False,100.38,Easy,low,True,,,fan:lldb-414,QBeez06.dat#5
4022,QBeez06,What comes down must go up.,False,95.75,Beginner,low,True,,,fan:lldb-414,QBeez06.dat#6
4023,QBeez06,Rose Garden,False,108.35,Easy,low,True,,,fan:lldb-414,QBeez06.dat#7
4024,QBeez06,A Staggering Realization,False,99.6,Beginner,low,True,,,fan:lldb-414,QBeez06.dat#8
4025,QBeez06,Lemmings of the Hidden Temple,False,111.05,Easy,low,True,,,fan:lldb-414,QBeez06.dat#9
4026,Blizzard of Lemm,001.ini,False,77.84,Beginner,low,True,,,fan:lldb-415,levels/Blizzlem/001.ini#-1
4027,Blizzard of Lemm,002.ini,False,82.12,Beginner,low,True,,,fan:lldb-415,levels/Blizzlem/002.ini#-1
4028,Blizzard of Lemm,003.ini,False,84.65,Beginner,low,True,,,fan:lldb-415,levels/Blizzlem/003.ini#-1
4029,Blizzard of Lemm,004.ini,False,100.25,Easy,low,True,,,fan:lldb-415,levels/Blizzlem/004.ini#-1
4030,Blizzard of Lemm,005.ini,False,61,Beginner,low,True,,,fan:lldb-415,levels/Blizzlem/005.ini#-1
4031,Blizzard of Lemm,006.ini,False,61,Beginner,low,True,,,fan:lldb-415,levels/Blizzlem/006.ini#-1
4032,Blizzard of Lemm,007.ini,False,62.75,Beginner,low,True,,,fan:lldb-415,levels/Blizzlem/007.ini#-1
4033,Blizzard of Lemm,008.ini,False,74.95,Beginner,low,True,,,fan:lldb-415,levels/Blizzlem/008.ini#-1
4034,Blizzard of Lemm,009.ini,False,111.25,Easy,low,True,,,fan:lldb-415,levels/Blizzlem/009.ini#-1
4035,Blizzard of Lemm,010.ini,False,61.94,Beginner,low,True,,,fan:lldb-415,levels/Blizzlem/010.ini#-1
4036,Blizzard of Lemm,011.ini,False,77.83,Beginner,low,True,,,fan:lldb-415,levels/Blizzlem/011.ini#-1
4037,Blizzard of Lemm,012.ini,False,87.65,Beginner,low,True,,,fan:lldb-415,levels/Blizzlem/012.ini#-1
4038,Blizzard of Lemm,013.ini,False,57.88,Beginner,low,True,,,fan:lldb-415,levels/Blizzlem/013.ini#-1
4039,Blizzard of Lemm,014.ini,False,75.22,Beginner,low,True,,,fan:lldb-415,levels/Blizzlem/014.ini#-1
4040,Blizzard of Lemm,015.ini,False,83.25,Beginner,low,True,,,fan:lldb-415,levels/Blizzlem/015.ini#-1
4041,Blizzard of Lemm,016.ini,False,91.28,Beginner,low,True,,,fan:lldb-415,levels/Blizzlem/016.ini#-1
4042,Blizzard of Lemm,101.ini,False,106.5,Easy,low,True,,,fan:lldb-415,levels/Blizzlem/101.ini#-1
4043,Blizzard of Lemm,102.ini,False,102.99,Easy,low,True,,,fan:lldb-415,levels/Blizzlem/102.ini#-1
4044,Blizzard of Lemm,103.ini,False,93.7,Beginner,low,True,,,fan:lldb-415,levels/Blizzlem/103.ini#-1
4045,Blizzard of Lemm,104.ini,False,61,Beginner,low,True,,,fan:lldb-415,levels/Blizzlem/104.ini#-1
4046,Blizzard of Lemm,105.ini,False,89.5,Beginner,low,True,,,fan:lldb-415,levels/Blizzlem/105.ini#-1
4047,Blizzard of Lemm,106.ini,False,106.4,Easy,low,True,,,fan:lldb-415,levels/Blizzlem/106.ini#-1
4048,Blizzard of Lemm,107.ini,False,95.1,Beginner,low,True,,,fan:lldb-415,levels/Blizzlem/107.ini#-1
4049,Blizzard of Lemm,108.ini,False,76.75,Beginner,low,True,,,fan:lldb-415,levels/Blizzlem/108.ini#-1
4050,Blizzard of Lemm,109.ini,False,79.8,Beginner,low,True,,,fan:lldb-415,levels/Blizzlem/109.ini#-1
4051,Blizzard of Lemm,110.ini,False,75.25,Beginner,low,True,,,fan:lldb-415,levels/Blizzlem/110.ini#-1
4052,Blizzard of Lemm,111.ini,False,105,Easy,low,True,,,fan:lldb-415,levels/Blizzlem/111.ini#-1
4053,Blizzard of Lemm,112.ini,False,87.75,Beginner,low,True,,,fan:lldb-415,levels/Blizzlem/112.ini#-1
4054,Blizzard of Lemm,113.ini,False,100.38,Easy,low,True,,,fan:lldb-415,levels/Blizzlem/113.ini#-1
4055,Blizzard of Lemm,114.ini,False,95.75,Beginner,low,True,,,fan:lldb-415,levels/Blizzlem/114.ini#-1
4056,Blizzard of Lemm,115.ini,False,95.89,Beginner,low,True,,,fan:lldb-415,levels/Blizzlem/115.ini#-1
4057,Blizzard of Lemm,116.ini,False,89.5,Beginner,low,True,,,fan:lldb-415,levels/Blizzlem/116.ini#-1
4058,Blizzard of Lemm,201.ini,False,82.79,Beginner,low,True,,,fan:lldb-415,levels/Blizzlem/201.ini#-1
4059,Blizzard of Lemm,202.ini,False,86.25,Beginner,low,True,,,fan:lldb-415,levels/Blizzlem/202.ini#-1
4060,Blizzard of Lemm,203.ini,False,81.09,Beginner,low,True,,,fan:lldb-415,levels/Blizzlem/203.ini#-1
4061,Blizzard of Lemm,204.ini,False,94.85,Beginner,low,True,,,fan:lldb-415,levels/Blizzlem/204.ini#-1
4062,Blizzard of Lemm,205.ini,False,87.79,Beginner,low,True,,,fan:lldb-415,levels/Blizzlem/205.ini#-1
4063,Blizzard of Lemm,206.ini,False,115.09,Easy,low,True,,,fan:lldb-415,levels/Blizzlem/206.ini#-1
4064,Blizzard of Lemm,207.ini,False,73.86,Beginner,low,True,,,fan:lldb-415,levels/Blizzlem/207.ini#-1
4065,Blizzard of Lemm,208.ini,False,87.65,Beginner,low,True,,,fan:lldb-415,levels/Blizzlem/208.ini#-1
4066,Blizzard of Lemm,209.ini,False,91.97,Beginner,low,True,,,fan:lldb-415,levels/Blizzlem/209.ini#-1
4067,Blizzard of Lemm,210.ini,False,83.25,Beginner,low,True,,,fan:lldb-415,levels/Blizzlem/210.ini#-1
4068,Blizzard of Lemm,211.ini,False,114.28,Easy,low,True,,,fan:lldb-415,levels/Blizzlem/211.ini#-1
4069,Blizzard of Lemm,212.ini,False,100.92,Easy,low,True,,,fan:lldb-415,levels/Blizzlem/212.ini#-1
4070,Blizzard of Lemm,213.ini,False,106.08,Easy,low,True,,,fan:lldb-415,levels/Blizzlem/213.ini#-1
4071,Blizzard of Lemm,214.ini,False,103.4,Easy,low,True,,,fan:lldb-415,levels/Blizzlem/214.ini#-1
4072,Blizzard of Lemm,215.ini,False,102,Easy,low,True,,,fan:lldb-415,levels/Blizzlem/215.ini#-1
4073,Blizzard of Lemm,216.ini,False,94,Beginner,low,True,,,fan:lldb-415,levels/Blizzlem/216.ini#-1
4074,Blizzard of Lemm,301.ini,False,106.4,Easy,low,True,,,fan:lldb-415,levels/Blizzlem/301.ini#-1
4075,Blizzard of Lemm,302.ini,False,79.88,Beginner,low,True,,,fan:lldb-415,levels/Blizzlem/302.ini#-1
4076,Blizzard of Lemm,303.ini,False,114.5,Easy,low,True,,,fan:lldb-415,levels/Blizzlem/303.ini#-1
4077,Blizzard of Lemm,304.ini,False,104.8,Easy,low,True,,,fan:lldb-415,levels/Blizzlem/304.ini#-1
4078,Blizzard of Lemm,305.ini,False,98.55,Beginner,low,True,,,fan:lldb-415,levels/Blizzlem/305.ini#-1
4079,Blizzard of Lemm,306.ini,False,81.38,Beginner,low,True,,,fan:lldb-415,levels/Blizzlem/306.ini#-1
4080,Blizzard of Lemm,307.ini,False,69,Beginner,low,True,,,fan:lldb-415,levels/Blizzlem/307.ini#-1
4081,Blizzard of Lemm,308.ini,False,71.88,Beginner,low,True,,,fan:lldb-415,levels/Blizzlem/308.ini#-1
4082,Blizzard of Lemm,309.ini,False,107.55,Easy,low,True,,,fan:lldb-415,levels/Blizzlem/309.ini#-1
4083,Blizzard of Lemm,310.ini,False,81.38,Beginner,low,True,,,fan:lldb-415,levels/Blizzlem/310.ini#-1
4084,Blizzard of Lemm,311.ini,False,86.94,Beginner,low,True,,,fan:lldb-415,levels/Blizzlem/311.ini#-1
4085,Blizzard of Lemm,312.ini,False,104.75,Easy,low,True,,,fan:lldb-415,levels/Blizzlem/312.ini#-1
4086,Blizzard of Lemm,313.ini,False,77.77,Beginner,low,True,,,fan:lldb-415,levels/Blizzlem/313.ini#-1
4087,Blizzard of Lemm,314.ini,False,112.45,Easy,low,True,,,fan:lldb-415,levels/Blizzlem/314.ini#-1
4088,Blizzard of Lemm,315.ini,False,104.15,Easy,low,True,,,fan:lldb-415,levels/Blizzlem/315.ini#-1
4089,Blizzard of Lemm,316.ini,False,106.5,Easy,low,True,,,fan:lldb-415,levels/Blizzlem/316.ini#-1
4090,Blizzard of Lemm,317.ini,False,102.1,Easy,low,True,,,fan:lldb-415,levels/Blizzlem/317.ini#-1
4091,grams88,25th Birthday of Lemmings.ini,False,69,Beginner,low,True,,,fan:lldb-416,25th Birthday of Lemmings.ini#-1
4092,grams88,Above The Pepsi Max.ini,False,77,Beginner,low,True,,,fan:lldb-416,Above The Pepsi Max.ini#-1
4093,grams88,Be Careful Where You Dig.ini,False,81.5,Beginner,low,True,,,fan:lldb-416,Be Careful Where You Dig.ini#-1
4094,grams88,Bomboozal Not Quite.ini,False,94.53,Beginner,low,True,,,fan:lldb-416,Bomboozal Not Quite.ini#-1
4095,grams88,Building Blocks.ini,False,62.75,Beginner,low,True,,,fan:lldb-416,Building Blocks.ini#-1
4096,grams88,Dash.ini,False,103.92,Easy,low,True,,,fan:lldb-416,Dash.ini#-1
4097,grams88,Four Entrances.ini,False,94,Beginner,low,True,,,fan:lldb-416,Four Entrances.ini#-1
4098,grams88,Graeme's Nightmare.ini,False,83.69,Beginner,low,True,,,fan:lldb-416,Graeme's Nightmare.ini#-1
4099,grams88,Hidden Sand.ini,False,109.65,Easy,low,True,,,fan:lldb-416,Hidden Sand.ini#-1
4100,grams88,I Love Bubbles.ini,False,102,Easy,low,True,,,fan:lldb-416,I Love Bubbles.ini#-1
4101,grams88,It's Snowing.ini,False,106.5,Easy,low,True,,,fan:lldb-416,It's Snowing.ini#-1
4102,grams88,Little house on top.ini,False,91.29,Beginner,low,True,,,fan:lldb-416,Little house on top.ini#-1
4103,grams88,Pipe level.ini,False,98.75,Beginner,low,True,,,fan:lldb-416,Pipe level.ini#-1
4104,grams88,Puzzle Time.ini,False,93.15,Beginner,low,True,,,fan:lldb-416,Puzzle Time.ini#-1
4105,grams88,Revisit.ini,False,87.75,Beginner,low,True,,,fan:lldb-416,Revisit.ini#-1
4106,grams88,Steel Works Edit.ini,False,102,Easy,low,True,,,fan:lldb-416,Steel Works Edit.ini#-1
4107,grams88,Ten Scattered lemmings.ini,False,113.85,Easy,low,True,,,fan:lldb-416,Ten Scattered lemmings.ini#-1
4108,grams88,Too Much Things Going on.ini,False,102.99,Easy,low,True,,,fan:lldb-416,Too Much Things Going on.ini#-1
4109,grams88,Up The Gap.ini,False,93.59,Beginner,low,True,,,fan:lldb-416,Up The Gap.ini#-1
4110,grams88,Which Way Should we Go.ini,False,64.38,Beginner,low,True,,,fan:lldb-416,Which Way Should we Go.ini#-1
4111,bigqtwo,"It's your skull, Buckaroo!",False,59,Beginner,low,True,,,fan:lldb-417,bigqtwo.dat#0
4112,bigqtwo,"Down, Down, Down, and Down!",False,83.43,Beginner,low,True,,,fan:lldb-417,bigqtwo.dat#1
4113,bigqtwo,Oh! No! Reflectors!,False,58.88,Beginner,low,True,,,fan:lldb-417,bigqtwo.dat#2
4114,bigqtwo,The Cystel Calls!,False,93.4,Beginner,low,True,,,fan:lldb-417,bigqtwo.dat#3
4115,bigqtwo,SO NEAR AND YET SO FAR!,False,65.25,Beginner,low,True,,,fan:lldb-417,bigqtwo.dat#4
4116,bigqtwo,Two islands and two lakes,False,67.81,Beginner,low,True,,,fan:lldb-417,bigqtwo.dat#5
4117,bigqtwo,The big land before the steel!,False,71.67,Beginner,low,True,,,fan:lldb-417,bigqtwo.dat#6
4118,bigqtwo,STEEL MAN COMES CALLIN' AT DOOR,False,85.44,Beginner,low,True,,,fan:lldb-417,bigqtwo.dat#7
4119,bigqtwo,I put my hands... On my head...,False,79.5,Beginner,low,True,,,fan:lldb-417,bigqtwo.dat#8
4120,bigqtwo,"Crystel, Steel, and Teamwork.",False,71.19,Beginner,low,True,,,fan:lldb-417,bigqtwo.dat#9
4121,bigqthree,Escape from the Watergate Hotel,False,64.34,Beginner,low,True,,,fan:lldb-418,bigqthree.dat#0
4122,Dehodson,Pillars of character,False,90.75,Beginner,low,True,,,fan:lldb-419,Dehodson.dat#0
4123,2112,Rhythm of Lem,False,105.55,Easy,low,True,,,fan:lldb-420,2112.dat#0
4124,Luis Pack,Temple of Return,False,108.18,Easy,low,True,,,fan:lldb-421,Luis Pack.dat#0
4125,fullglitch,LemEdit generated Level,False,115.9,Easy,low,True,,,fan:lldb-422,fullglitch.dat#0
4126,unfinisd,Loop the loop!,False,87.75,Beginner,low,True,,,fan:lldb-423,unfinisd.dat#0
4127,Andi2,Lemmings on the bridge,False,74.95,Beginner,low,True,,,fan:lldb-424,andi2.dat#0
4128,Andi2,Unused blank generic level,False,8,Beginner,low,True,,,fan:lldb-424,andi2.dat#1
4129,Andi2,Unused blank generic level,False,8,Beginner,low,True,,,fan:lldb-424,andi2.dat#2
4130,Andi2,Unused blank generic level,False,8,Beginner,low,True,,,fan:lldb-424,andi2.dat#3
4131,Andi2,Unused blank generic level,False,8,Beginner,low,True,,,fan:lldb-424,andi2.dat#4
4132,Andi2,Unused blank generic level,False,8,Beginner,low,True,,,fan:lldb-424,andi2.dat#5
4133,Andi2,Unused blank generic level,False,8,Beginner,low,True,,,fan:lldb-424,andi2.dat#6
4134,Andi2,Unused blank generic level,False,8,Beginner,low,True,,,fan:lldb-424,andi2.dat#7
4135,Andi2,Unused blank generic level,False,8,Beginner,low,True,,,fan:lldb-424,andi2.dat#8
4136,Andi2,Unused blank generic level,False,8,Beginner,low,True,,,fan:lldb-424,andi2.dat#9
4137,Badpack,and 90's for all!,False,90.71,Beginner,low,True,,,fan:lldb-425,Badpack.dat#0
4138,GM06,The Great Migration '06,False,98.38,Beginner,low,True,,,fan:lldb-426,GM06.dat#0
4139,Neato,The Sword,False,106.5,Easy,low,True,,,fan:lldb-427,Neato.dat#0
4140,Bipolar,Bipolar Maniac,False,101.19,Easy,low,True,,,fan:lldb-428,Bipolar.dat#0
4141,CYSTN,Can you save them? No,False,96.31,Beginner,low,True,,,fan:lldb-429,CYSTN.dat#0
4142,Level Design Game 01,Challenge Solution Simon,False,62.75,Beginner,low,True,,,fan:lldb-430,LDChallenge01.dat#0
4143,Level Design Game 01,The Lucky 4,False,39.88,Beginner,low,True,,,fan:lldb-430,LDChallenge01.dat#1
4144,Level Design Game 01,Pinpoint Accuracy,False,51.25,Beginner,low,True,,,fan:lldb-430,LDChallenge01.dat#2
4145,Level Design Game 01,Splitting Hairs,False,48.82,Beginner,low,True,,,fan:lldb-430,LDChallenge01.dat#3
4146,Level Design Game 01,"Zoo Zitter Kazey (Short ""e"")",False,98.25,Beginner,low,True,,,fan:lldb-430,LDChallenge01.dat#4
4147,Level Design Game 01,Lemming Efficiancy Plan,False,62.75,Beginner,low,True,,,fan:lldb-430,LDChallenge01.dat#5
4148,Level Design Game 02,Confirm Me,False,69.32,Beginner,low,True,,,fan:lldb-431,LDChallenge02.dat#0
4149,Level Design Game 02,Circuit bent,False,78.15,Beginner,low,True,,,fan:lldb-431,LDChallenge02.dat#1
4150,Level Design Game 02,Circuit bent,False,83.35,Beginner,low,True,,,fan:lldb-431,LDChallenge02.dat#2
4151,Level Design Game 02,IS challenge 1,False,68.75,Beginner,low,True,,,fan:lldb-431,LDChallenge02.dat#3
4152,Level Design Game 03,FINGER OF DEATH,False,44.78,Beginner,low,True,,,fan:lldb-432,LDChallenge03.dat#0
4153,Level Design Game 03,CCX's Finger,False,62.75,Beginner,low,True,,,fan:lldb-432,LDChallenge03.dat#1
4154,Level Design Game 03,One Piece Wonder,False,67,Beginner,low,True,,,fan:lldb-432,LDChallenge03.dat#2
4155,Level Design Game 03,A toe,False,52.75,Beginner,low,True,,,fan:lldb-432,LDChallenge03.dat#3
4156,Level Design Game 03,A toe Take 2,False,67.25,Beginner,low,True,,,fan:lldb-432,LDChallenge03.dat#4
4157,Level Design Game 04,Pass Interference,False,62.75,Beginner,low,True,,,fan:lldb-433,LDChallenge04.dat#0
4158,Level Design Game 04,Out of Line,False,39.9,Beginner,low,True,,,fan:lldb-433,LDChallenge04.dat#1
4159,Level Design Game 05,General wooden contraption no.73,False,62.15,Beginner,low,True,,,fan:lldb-434,LDChallenge05.dat#0
4160,Level Design Game 05,Stop and Go,False,77,Beginner,low,True,,,fan:lldb-434,LDChallenge05.dat#1
4161,Level Design Game 05,Lemcon Nine,False,33.86,Beginner,low,True,,,fan:lldb-434,LDChallenge05.dat#2
4162,Level Design Game 05,General wooden contraption no.73,False,78.4,Beginner,low,True,,,fan:lldb-434,LDChallenge05.dat#3
4163,Level Design Game 05,Lemcon Nine,False,42.15,Beginner,low,True,,,fan:lldb-434,LDChallenge05.dat#4
4164,Level Design Game 06,Circular Dependency,False,70.75,Beginner,low,True,,,fan:lldb-435,LDChallenge06.dat#0
4165,Level Design Game 06,ldchallenge06.dat 2,False,84.65,Beginner,low,True,,,fan:lldb-435,LDChallenge06.dat#1
4166,Level Design Game 06,Mutual Dependency,False,62.75,Beginner,low,True,,,fan:lldb-435,LDChallenge06.dat#2
4167,Level Design Game 06,Dependency Puzzle,False,62.75,Beginner,low,True,,,fan:lldb-435,LDChallenge06.dat#3
4168,Level Design Game 07,Even Steven,False,84.65,Beginner,low,True,,,fan:lldb-436,LDChallenge07.dat#0
4169,Level Design Game 07,Even Steven,False,84.65,Beginner,low,True,,,fan:lldb-436,LDChallenge07.dat#1
4170,Level Design Game 07,Soulmates,False,70.75,Beginner,low,True,,,fan:lldb-436,LDChallenge07.dat#2
4171,Level Design Game 08,ldchallenge08.dat 1,False,73.5,Beginner,low,True,,,fan:lldb-437,LDChallenge08.dat#0
4172,Level Design Game 08,ldchallenge08.dat 2,False,46.75,Beginner,low,True,,,fan:lldb-437,LDChallenge08.dat#1
4173,Level Design Game 08,ldchallenge08.dat 3,False,67.25,Beginner,low,True,,,fan:lldb-437,LDChallenge08.dat#2
4174,Level Design Game 08,Vertical Oblivion,False,69,Beginner,low,True,,,fan:lldb-437,LDChallenge08.dat#3
4175,Level Design Game 09,Challenge level,False,109.4,Easy,low,True,,,fan:lldb-438,LDChallenge09.dat#0
4176,Level Design Game 09,Challenge level,False,109.4,Easy,low,True,,,fan:lldb-438,LDChallenge09.dat#1
4177,Level Design Game 09,8-ball,False,96.75,Beginner,low,True,,,fan:lldb-438,LDChallenge09.dat#2
4178,Level Design Game 09,Challenge level,False,109.4,Easy,low,True,,,fan:lldb-438,LDChallenge09.dat#3
4179,Level Design Game 09,Challenge level,False,109.4,Easy,low,True,,,fan:lldb-438,LDChallenge09.dat#4
4180,Level Design Game 09,Challenge level,False,109.4,Easy,low,True,,,fan:lldb-438,LDChallenge09.dat#5
4181,ccexplores test levels,A Giant Leap for Lemkind,False,83.25,Beginner,low,True,,,fan:lldb-447,ccxtestlevels.dat#0
4182,ccexplores test levels,Test Timing,False,24,Beginner,low,True,,,fan:lldb-447,ccxtestlevels.dat#1
4183,ccexplores test levels,Test Timing,False,24,Beginner,low,True,,,fan:lldb-447,ccxtestlevels.dat#2
4184,GM00,Clear the traps,False,101.91,Easy,low,True,,,fan:lldb-448,GM00.dat#0
4185,GM00,Clear the traps II,False,107.78,Easy,low,True,,,fan:lldb-448,GM00.dat#1
4186,GM00,Are we going for a walk?,False,84.18,Beginner,low,True,,,fan:lldb-448,GM00.dat#2
4187,GM00,Entrances to heaven,False,68.5,Beginner,low,True,,,fan:lldb-448,GM00.dat#3
4188,GM00,No choice but to follow them,False,75.15,Beginner,low,True,,,fan:lldb-448,GM00.dat#4
4189,GM00,Use more blockers,False,46.5,Beginner,low,True,,,fan:lldb-448,GM00.dat#5
4190,GM00,All the things I have done,False,100.74,Easy,low,True,,,fan:lldb-448,GM00.dat#6
4191,GM00,Help is en route,False,73.5,Beginner,low,True,,,fan:lldb-448,GM00.dat#7
4192,GM00,It's all the way over there,False,56,Beginner,low,True,,,fan:lldb-448,GM00.dat#8
4193,GM00,In the attic,False,81.92,Beginner,low,True,,,fan:lldb-448,GM00.dat#9
4194,comppak,Sculpture Maze (Tumble_weed),False,106.5,Easy,low,True,,,fan:lldb-449,comppak.dat#0
4195,comppak,Training Course (Conway),False,115.9,Easy,low,True,,,fan:lldb-449,comppak.dat#1
4196,comppak,"Down, Around and Up (Lemeri)",False,106.5,Easy,low,True,,,fan:lldb-449,comppak.dat#2
4197,comppak,The bridge ! (Dragons_Lover),False,115.9,Easy,low,True,,,fan:lldb-449,comppak.dat#3
4198,comppak,A Moonlight Stroll (Louise),False,106.5,Easy,low,True,,,fan:lldb-449,comppak.dat#4
4199,comppak,Infer-no (Lem'ka),False,115.9,Easy,low,True,,,fan:lldb-449,comppak.dat#5
4200,comppak,Lemedit competition template.,False,98.25,Beginner,low,True,,,fan:lldb-449,comppak.dat#6
4201,Member competition,G3K,False,70.38,Beginner,low,True,,,fan:lldb-450,Membercomp.dat#0
4202,Member competition,DrangonsLover,False,116.49,Easy,low,True,,,fan:lldb-450,Membercomp.dat#1
4203,insulfrog extra,Tunnelers,False,59,Beginner,low,True,,,fan:lldb-451,insulfrogextra.dat#0
4204,Isus Other Levels,Cannonball,False,97.94,Beginner,low,True,,,fan:lldb-452,isuotherlevels.dat#0
4205,Isus Other Levels,Minerminute,False,62.62,Beginner,low,True,,,fan:lldb-452,isuotherlevels.dat#1
4206,Jazzem,Lemmings at Tiffany's,False,86.05,Beginner,low,True,,,fan:lldb-453,Jazzem.dat#0
4207,JMGM01,New Life,False,115.68,Easy,low,True,,,fan:lldb-454,JMGM01.dat#0
4208,JMGM01,No use for a steel area,False,72.81,Beginner,low,True,,,fan:lldb-454,JMGM01.dat#1
4209,JMGM01,Episode 2: Torment,False,111.84,Easy,low,True,,,fan:lldb-454,JMGM01.dat#2
4210,JMGM01,Back in Hell,False,102.31,Easy,low,True,,,fan:lldb-454,JMGM01.dat#3
4211,JMGM01,Chains of Imprisonment,False,87.62,Beginner,low,True,,,fan:lldb-454,JMGM01.dat#4
4212,JMGM01,Across the Pillars,False,59,Beginner,low,True,,,fan:lldb-454,JMGM01.dat#5
4213,JMGM01,Looks easy but its not,False,90.33,Beginner,low,True,,,fan:lldb-454,JMGM01.dat#6
4214,JMGM01,Wall of Death,False,81.82,Beginner,low,True,,,fan:lldb-454,JMGM01.dat#7
4215,JMGM01,This looks odd,False,75,Beginner,low,True,,,fan:lldb-454,JMGM01.dat#8
4216,JMGM01,They just have to run,False,102,Easy,low,True,,,fan:lldb-454,JMGM01.dat#9
4217,JMGM02,I was not meant to feel this,False,94.31,Beginner,low,True,,,fan:lldb-455,JMGM02.DAT#0
4218,JMGM02,Story of a lonely lemming,False,87.75,Beginner,low,True,,,fan:lldb-455,JMGM02.DAT#1
4219,JMGM02,The Wall,False,82.08,Beginner,low,True,,,fan:lldb-455,JMGM02.DAT#2
4220,JMGM02,Detention Center,False,97.15,Beginner,low,True,,,fan:lldb-455,JMGM02.DAT#3
4221,JMGM02,I was not meant to do this,False,101.62,Easy,low,True,,,fan:lldb-455,JMGM02.DAT#4
4222,JMGM02,What an AWESOMEII level,False,103.67,Easy,low,True,,,fan:lldb-455,JMGM02.DAT#5
4223,JMGM02,Invisible Terrain,False,94.84,Beginner,low,True,,,fan:lldb-455,JMGM02.DAT#6
4224,JMGM02,I wasnt meant to make this,False,62.75,Beginner,low,True,,,fan:lldb-455,JMGM02.DAT#7
4225,JMGM02,What happened to the terrain?,False,106.38,Easy,low,True,,,fan:lldb-455,JMGM02.DAT#8
4226,JMGM02,These walls,False,102.8,Easy,low,True,,,fan:lldb-455,JMGM02.DAT#9
4227,JM Acid Bath,Acid Bath,False,96.88,Beginner,low,True,,,fan:lldb-456,JMacidbath.dat#0
4228,Leviathans Other Levels,How to evacuate a gold mine ?,False,68.19,Beginner,low,True,,,fan:lldb-457,LeviOtherLevels.dat#0
4229,Leviathans Other Levels,Let's climb trough now...,False,69,Beginner,low,True,,,fan:lldb-457,LeviOtherLevels.dat#1
4230,Leviathans Other Levels,Fall and no life.,False,92.3,Beginner,low,True,,,fan:lldb-457,LeviOtherLevels.dat#2
4231,Leviathans Other Levels,Highway to hell,False,98.73,Beginner,low,True,,,fan:lldb-457,LeviOtherLevels.dat#3
4232,Leviathans Other Levels,Litter on the highway,False,98.73,Beginner,low,True,,,fan:lldb-457,LeviOtherLevels.dat#4
4233,Leviathans Other Levels,Underground world,False,109.79,Easy,low,True,,,fan:lldb-457,LeviOtherLevels.dat#5
4234,Leviathans Other Levels,The 3 musketeers,False,98.55,Beginner,low,True,,,fan:lldb-457,LeviOtherLevels.dat#6
4235,Kindness,Kindness That Can Kill,False,64.81,Beginner,low,True,,,fan:lldb-458,Kindness.dat#0
4236,NOTEASY,Not as easy as it looks...,False,114.5,Easy,low,True,,,fan:lldb-459,NOTEASY.dat#0
4237,SgBPak01,Four Lemmings And A Funeral,False,106.38,Easy,low,True,,,fan:lldb-460,SgBPak01.dat#0
4238,SgBPak01,A Simple Bash And Mine Job..?,False,89.5,Beginner,low,True,,,fan:lldb-460,SgBPak01.dat#1
4239,SgBPak01,Hypothermia,False,105.69,Easy,low,True,,,fan:lldb-460,SgBPak01.dat#2
4240,SgBPak01,Send In The Specialists,False,106.38,Easy,low,True,,,fan:lldb-460,SgBPak01.dat#3
4241,SgBPak01,How To Kill A Lemming,False,112.04,Easy,low,True,,,fan:lldb-460,SgBPak01.dat#4
4242,SgBPak01,Someone Stole The Floaters,False,108.84,Easy,low,True,,,fan:lldb-460,SgBPak01.dat#5
4243,SgBPak01,Flat-Packed Lemmings,False,93.9,Beginner,low,True,,,fan:lldb-460,SgBPak01.dat#6
4244,SgBPak01,"Just Build, Right?",False,101.59,Easy,low,True,,,fan:lldb-460,SgBPak01.dat#7
4245,SgBPak01,Pressed For Time,False,90.9,Beginner,low,True,,,fan:lldb-460,SgBPak01.dat#8
4246,geoopak5,Synchronisation (1),False,95.85,Beginner,low,True,,,fan:lldb-461,geoopak5.dat#0
4247,geoopak5,Synchronisation (2),False,98.75,Beginner,low,True,,,fan:lldb-461,geoopak5.dat#1
4248,geoopak5,Getting down the cliff,False,80.2,Beginner,low,True,,,fan:lldb-461,geoopak5.dat#2
4249,WBUG,just to show another WinLemm bug,False,87.75,Beginner,low,True,,,fan:lldb-462,WBUG.dat#0
4250,Group Levels,LemEdit generated Level,False,85.8,Beginner,low,True,,,fan:lldb-463,Group Levels.dat#0
4251,Group Levels,LemEdit generated Level,False,96.05,Beginner,low,True,,,fan:lldb-463,Group Levels.dat#1
4252,Group Levels,Collaboration,False,102.3,Easy,low,True,,,fan:lldb-463,Group Levels.dat#2
4253,Group Levels,LemEdit generated Level,False,59,Beginner,low,True,,,fan:lldb-463,Group Levels.dat#3
4254,Group Levels,LemEdit generated Level,False,69.23,Beginner,low,True,,,fan:lldb-463,Group Levels.dat#4
4255,Group Levels,LemEdit generated Level,False,90.78,Beginner,low,True,,,fan:lldb-463,Group Levels.dat#5
4256,Group Levels,LemEdit generated Level,False,107.03,Easy,low,True,,,fan:lldb-463,Group Levels.dat#6
4257,Group Levels,LemEdit generated Level,False,114.68,Easy,low,True,,,fan:lldb-463,Group Levels.dat#7
4258,Finland,"This, my friends, is Finland...",False,79.8,Beginner,low,True,,,fan:lldb-464,Finland.dat#0
4259,LEMREMAKE,Turn around young lemmings! (rm),False,77.44,Beginner,low,True,,,fan:lldb-465,LEMREMAKE.dat#0
4260,LEMREMAKE,Tribute to M.C.Escher (remake),False,102,Easy,low,True,,,fan:lldb-465,LEMREMAKE.dat#1
4261,LEMREMAKE,Going their seperate ways (rm),False,84.65,Beginner,low,True,,,fan:lldb-465,LEMREMAKE.dat#2
4262,LEMREMAKE,And then there were four.. (rm),False,100.25,Easy,low,True,,,fan:lldb-465,LEMREMAKE.dat#3
4263,LEMREMAKE,You Live and Lem (remake),False,98.25,Beginner,low,True,,,fan:lldb-465,LEMREMAKE.dat#4
4264,LEMREMAKE,This should be a doddle (remake),False,90.25,Beginner,low,True,,,fan:lldb-465,LEMREMAKE.dat#5
4265,LEMREMAKE,Tailor-made for blockers (rm),False,46.5,Beginner,low,True,,,fan:lldb-465,LEMREMAKE.dat#6
4266,LEMREMAKE,Just a minute (remake),False,95.75,Beginner,low,True,,,fan:lldb-465,LEMREMAKE.dat#7
4267,LEMREMAKE,Down and Out Lemmings (remake),False,106.5,Easy,low,True,,,fan:lldb-465,LEMREMAKE.dat#8
4268,LEMREMAKE,Tightrope City (remake),False,77.44,Beginner,low,True,,,fan:lldb-465,LEMREMAKE.dat#9
4269,GrentLems,01 Foreshadowing.ini,False,102,Easy,low,True,,,fan:lldb-466,GrentLems/01 Foreshadowing.ini#-1
4270,GrentLems,02 Who let the lemmings out !.ini,False,98.97,Beginner,low,True,,,fan:lldb-466,GrentLems/02 Who let the lemmings out !.ini#-1
4271,GrentLems,03 Complacency.ini,False,93.9,Beginner,low,True,,,fan:lldb-466,GrentLems/03 Complacency.ini#-1
4272,GrentLems,04 Lem waz' here.ini,False,89.5,Beginner,low,True,,,fan:lldb-466,GrentLems/04 Lem waz' here.ini#-1
4273,GrentLems,05 Christmas Chill.ini,False,101.78,Easy,low,True,,,fan:lldb-466,GrentLems/05 Christmas Chill.ini#-1
4274,GrentLems,06 Abandoned Palace.ini,False,109.1,Easy,low,True,,,fan:lldb-466,GrentLems/06 Abandoned Palace.ini#-1
4275,GrentLems,07 Separate the Crowd.ini,False,102,Easy,low,True,,,fan:lldb-466,GrentLems/07 Separate the Crowd.ini#-1
4276,GrentLems,08 Lemming Designer.ini,False,98.33,Beginner,low,True,,,fan:lldb-466,GrentLems/08 Lemming Designer.ini#-1
4277,GrentLems,09 Caught in the Symmetry.ini,False,108.35,Easy,low,True,,,fan:lldb-466,GrentLems/09 Caught in the Symmetry.ini#-1
4278,GrentLems,10 Tiptoe through the Factory.ini,False,94.55,Beginner,low,True,,,fan:lldb-466,GrentLems/10 Tiptoe through the Factory.ini#-1
4279,GrentLems,11 All that extra work.ini,False,109.65,Easy,low,True,,,fan:lldb-466,GrentLems/11 All that extra work.ini#-1
4280,GrentLems,12 Cosmic Junk.ini,False,98.75,Beginner,low,True,,,fan:lldb-466,GrentLems/12 Cosmic Junk.ini#-1
4281,GrentLems,13 Lemming Sold Separately.ini,False,99.95,Beginner,low,True,,,fan:lldb-466,GrentLems/13 Lemming Sold Separately.ini#-1
4282,GrentLems,14 It's Raining Lem.ini,False,90.88,Beginner,low,True,,,fan:lldb-466,GrentLems/14 It's Raining Lem.ini#-1
4283,GrentLems,15 All at once.ini,False,108.03,Easy,low,True,,,fan:lldb-466,GrentLems/15 All at once.ini#-1
4284,GrentLems,16 A Double Rotation.ini,False,101.55,Easy,low,True,,,fan:lldb-466,GrentLems/16 A Double Rotation.ini#-1
4285,Web 3 0,Web 3.0,False,114.5,Easy,low,True,,,fan:lldb-467,Web3.dat#0
4286,joem4,The exit has been blocked,False,75.73,Beginner,low,True,,,fan:lldb-468,joem4.dat#0
4287,joem4,The freezing cold,False,105.56,Easy,low,True,,,fan:lldb-468,joem4.dat#1
4288,joem4,Best be careful out there,False,83.25,Beginner,low,True,,,fan:lldb-468,joem4.dat#2
4289,joem4,"Snow,Snow,Snow and Snow",False,84.08,Beginner,low,True,,,fan:lldb-468,joem4.dat#3
4290,joem4,Bash and build,False,114.5,Easy,low,True,,,fan:lldb-468,joem4.dat#4
4291,joem4,Only two minutes left,False,70.75,Beginner,low,True,,,fan:lldb-468,joem4.dat#5
4292,joem4,C for ur self,False,84.65,Beginner,low,True,,,fan:lldb-468,joem4.dat#6
4293,joem4,Damage Incorporated,False,73.75,Beginner,low,True,,,fan:lldb-468,joem4.dat#7
4294,joem4,1 way says the wall,False,98.86,Beginner,low,True,,,fan:lldb-468,joem4.dat#8
4295,joem4,As long as we try our best,False,81,Beginner,low,True,,,fan:lldb-468,joem4.dat#9
4296,Skeletonskeletons Level Pack,altitude_with_attitude.ini,False,97.15,Beginner,low,True,,,fan:lldb-469,altitude_with_attitude.ini#-1
4297,Skeletonskeletons Level Pack,be_alert_theres_traps_to_avert.ini,False,93.7,Beginner,low,True,,,fan:lldb-469,be_alert_theres_traps_to_avert.ini#-1
4298,Skeletonskeletons Level Pack,bedlam_in_lemmingshire.ini,False,75.25,Beginner,low,True,,,fan:lldb-469,bedlam_in_lemmingshire.ini#-1
4299,Skeletonskeletons Level Pack,blessed_are_the_bricks.ini,False,93.7,Beginner,low,True,,,fan:lldb-469,blessed_are_the_bricks.ini#-1
4300,Skeletonskeletons Level Pack,building_suspense.ini,False,75.25,Beginner,low,True,,,fan:lldb-469,building_suspense.ini#-1
4301,Skeletonskeletons Level Pack,group_assignment.ini,False,84,Beginner,low,True,,,fan:lldb-469,group_assignment.ini#-1
4302,Skeletonskeletons Level Pack,oh_chute.ini,False,75.12,Beginner,low,True,,,fan:lldb-469,oh_chute.ini#-1
4303,Skeletonskeletons Level Pack,over_and_out.ini,False,71.19,Beginner,low,True,,,fan:lldb-469,over_and_out.ini#-1
4304,Skeletonskeletons Level Pack,pole_lands_poles.ini,False,103.25,Easy,low,True,,,fan:lldb-469,pole_lands_poles.ini#-1
4305,Skeletonskeletons Level Pack,pyrefract.ini,False,80.42,Beginner,low,True,,,fan:lldb-469,pyrefract.ini#-1
4306,Unreachable Heights,Unreachable Heights,False,94.45,Beginner,low,True,,,fan:lldb-470,Unreachable Heights/Unreachable Heights.dat#0
4307,Ron Stards Rodents,Asphodel Meadows,False,68.45,Beginner,low,True,,,fan:lldb-471,RSRdnt01.dat#0
4308,Ron Stards Rodents,Toys in the Arctic,False,110.4,Easy,low,True,,,fan:lldb-471,RSRdnt01.dat#1
4309,Ron Stards Rodents,Trekking foray,False,105.75,Easy,low,True,,,fan:lldb-471,RSRdnt01.dat#2
4310,Ron Stards Rodents,Christmas at Damocles',False,103.4,Easy,low,True,,,fan:lldb-471,RSRdnt01.dat#3
4311,Ron Stards Rodents,No time for a spa,False,89.5,Beginner,low,True,,,fan:lldb-471,RSRdnt01.dat#4
4312,Ron Stards Rodents,Marooned,False,101.35,Easy,low,True,,,fan:lldb-471,RSRdnt01.dat#5
4313,Ron Stards Rodents,The Freedom Man,False,103.4,Easy,low,True,,,fan:lldb-471,RSRdnt01.dat#6
4314,Ron Stards Rodents,Workers of the World,False,97.15,Beginner,low,True,,,fan:lldb-471,RSRdnt01.dat#7
4315,Ron Stards Rodents,Honi Soit,False,91.3,Beginner,low,True,,,fan:lldb-471,RSRdnt01.dat#8
4316,Ron Stards Rodents,End of quarantine,False,112.45,Easy,low,True,,,fan:lldb-471,RSRdnt01.dat#9
4317,CPs Level Pack,Lake in the Cavern,False,78.15,Beginner,low,True,,,fan:lldb-472,LEMPACK.DAT#0
4318,CPs Level Pack,The Great Pillar,False,95.3,Beginner,low,True,,,fan:lldb-472,LEMPACK.DAT#1
4319,CPs Level Pack,The Glacial Trek,False,93.7,Beginner,low,True,,,fan:lldb-472,LEMPACK.DAT#2
4320,CPs Level Pack,Lemmingfalls,False,111.05,Easy,low,True,,,fan:lldb-472,LEMPACK.DAT#3
4321,CPs Level Pack,Operation Rescue,False,107.78,Easy,low,True,,,fan:lldb-472,LEMPACK.DAT#4
4322,CPs Level Pack,Hold them back,False,104.15,Easy,low,True,,,fan:lldb-472,LEMPACK.DAT#5
4323,CPs Level Pack,Rough Landing,False,89.03,Beginner,low,True,,,fan:lldb-472,LEMPACK.DAT#6
4324,CPs Level Pack,Divergent Missions,False,111.9,Easy,low,True,,,fan:lldb-472,LEMPACK.DAT#7
4325,CPs Level Pack,01.LVL,False,78.15,Beginner,low,True,,,fan:lldb-472,levels/01.LVL#-1
4326,CPs Level Pack,02.LVL,False,95.3,Beginner,low,True,,,fan:lldb-472,levels/02.LVL#-1
4327,CPs Level Pack,03.LVL,False,93.7,Beginner,low,True,,,fan:lldb-472,levels/03.LVL#-1
4328,CPs Level Pack,04.LVL,False,111.05,Easy,low,True,,,fan:lldb-472,levels/04.LVL#-1
4329,CPs Level Pack,05.LVL,False,107.78,Easy,low,True,,,fan:lldb-472,levels/05.LVL#-1
4330,CPs Level Pack,06.LVL,False,104.15,Easy,low,True,,,fan:lldb-472,levels/06.LVL#-1
4331,CPs Level Pack,07.LVL,False,89.03,Beginner,low,True,,,fan:lldb-472,levels/07.LVL#-1
4332,CPs Level Pack,08.LVL,False,111.9,Easy,low,True,,,fan:lldb-472,levels/08.LVL#-1
4333,DOS Fun,Just dig!,False,44.74,Beginner,high,True,digger,,fan:lldb-473,Fun.DAT#0
4334,DOS Fun,Only floaters can survive this,False,121.12,Easy,medium,True,floater,,fan:lldb-473,Fun.DAT#1
4335,DOS Fun,Tailor-made for blockers,False,188.6,Easy,medium,True,blocker,,fan:lldb-473,Fun.DAT#2
4336,DOS Fun,Now use miners and climbers,False,194.62,Easy,medium,True,climber;miner,,fan:lldb-473,Fun.DAT#3
4337,DOS Fun,You need bashers this time,False,67.67,Beginner,medium,True,basher,,fan:lldb-473,Fun.DAT#4
4338,DOS Fun,A task for blockers and bombers,False,129.82,Easy,medium,True,blocker;bomber,,fan:lldb-473,Fun.DAT#5
4339,DOS Fun,Builders will help you here,False,155.98,Easy,medium,True,builder;multiple-worker-coordination,,fan:lldb-473,Fun.DAT#6
4340,DOS Fun,Not as complicated as it looks,False,149.97,Easy,medium,True,basher;builder,,fan:lldb-473,Fun.DAT#7
4341,DOS Fun,As long as you try your best,False,296.53,Moderate,medium,True,basher;builder;digger;miner,,fan:lldb-473,Fun.DAT#8
4342,DOS Fun,Smile if you love lemmings,False,234.36,Moderate,medium,True,basher;builder;floater;miner,,fan:lldb-473,Fun.DAT#9
4343,DOS Fun,Keep your hair on Mr. Lemming,False,427.47,Challenging,medium,True,builder;digger,,fan:lldb-473,Fun.DAT#10
4344,DOS Fun,Patience,False,421.98,Challenging,medium,True,blocker;builder;climber;digger;floater;miner;multiple-worker-coordination,,fan:lldb-473,Fun.DAT#11
4345,DOS Fun,We all fall down,False,157.63,Easy,medium,True,digger,,fan:lldb-473,Fun.DAT#12
4346,DOS Fun,Origins and Lemmings,False,501.55,Hard,medium,True,basher;blocker;builder;climber;digger;floater;multiple-worker-coordination,,fan:lldb-473,Fun.DAT#13
4347,DOS Fun,Don't let your eyes deceive you,False,488.66,Challenging,medium,True,blocker;builder;climber;digger;floater;miner;multiple-worker-coordination,,fan:lldb-473,Fun.DAT#14
4348,DOS Fun,Don't do anything too hasty,False,442.35,Challenging,medium,True,basher;blocker;builder;climber;digger;miner,,fan:lldb-473,Fun.DAT#15
4349,DOS Fun,Easy when you know how,False,256.86,Moderate,medium,True,basher;builder;digger;multiple-worker-coordination,,fan:lldb-473,Fun.DAT#16
4350,DOS Fun,Let's block and blow,False,67.41,Beginner,medium,True,bomber,,fan:lldb-473,Fun.DAT#17
4351,DOS Fun,Take good care of my Lemmings,False,190.08,Easy,medium,True,basher;builder;multiple-worker-coordination,,fan:lldb-473,Fun.DAT#18
4352,DOS Fun,We are now at LEMCON ONE,False,273.12,Moderate,medium,True,basher;builder;digger;multiple-worker-coordination,,fan:lldb-473,Fun.DAT#19
4353,DOS Fun,You Live and Lem,False,202.83,Moderate,medium,True,basher;builder;miner,,fan:lldb-473,Fun.DAT#20
4354,DOS Fun,A Beast of a level,False,325.32,Tricky,medium,True,basher;blocker;builder;digger;miner,,fan:lldb-473,Fun.DAT#21
4355,DOS Fun,I've lost that Lemming feeling,False,356.12,Tricky,medium,True,basher;digger,,fan:lldb-473,Fun.DAT#22
4356,DOS Fun,Konbanwa Lemming san,False,271.56,Moderate,medium,True,blocker;builder;digger;floater;miner,,fan:lldb-473,Fun.DAT#23
4357,DOS Fun,Lemmings Lemmings everywhere,False,71.79,Beginner,medium,True,basher,,fan:lldb-473,Fun.DAT#24
4358,DOS Fun,Nightmare on Lem street,False,365.98,Tricky,medium,True,basher;builder;digger,,fan:lldb-473,Fun.DAT#25
4359,DOS Fun,Let's be careful out there,False,288.66,Moderate,medium,True,builder;digger;floater;miner;multiple-worker-coordination,,fan:lldb-473,Fun.DAT#26
4360,DOS Fun,If only they could fly,False,198.34,Easy,medium,True,builder;climber;digger;floater,,fan:lldb-473,Fun.DAT#27
4361,DOS Fun,worra lorra lemmings,False,240.62,Moderate,medium,True,basher;blocker;builder;miner,,fan:lldb-473,Fun.DAT#28
4362,DOS Fun,Lock up your Lemmings,False,283.85,Moderate,medium,True,builder;digger;multiple-worker-coordination,,fan:lldb-473,Fun.DAT#29
4363,DOS Tricky,This should be a doddle!,False,299.58,Moderate,medium,True,basher;blocker;builder;miner;multiple-worker-coordination,,fan:lldb-474,Tricky.DAT#0
4364,DOS Tricky,We all fall down,False,170.09,Easy,medium,True,digger,,fan:lldb-474,Tricky.DAT#1
4365,DOS Tricky,A ladder would be handy,False,394.92,Tricky,medium,True,basher;builder;climber;digger;floater;miner;multiple-worker-coordination,,fan:lldb-474,Tricky.DAT#2
4366,DOS Tricky,Here's one I prepared earlier,False,426.91,Challenging,medium,True,builder;climber;digger;floater;multiple-worker-coordination,,fan:lldb-474,Tricky.DAT#3
4367,DOS Tricky,Careless clicking costs lives,False,190.58,Easy,medium,True,basher;builder;multiple-worker-coordination,,fan:lldb-474,Tricky.DAT#4
4368,DOS Tricky,Lemmingology,False,381.74,Tricky,medium,True,basher;blocker;builder;digger;miner,,fan:lldb-474,Tricky.DAT#5
4369,DOS Tricky,"Been there, seen it, done it",False,536.62,Hard,medium,True,basher;blocker;builder;climber;digger;floater;multiple-worker-coordination,,fan:lldb-474,Tricky.DAT#6
4370,DOS Tricky,Lemming sanctuary in sight,False,146.54,Easy,medium,True,builder;multiple-worker-coordination,,fan:lldb-474,Tricky.DAT#7
4371,DOS Tricky,They just keep on coming,False,361.83,Tricky,medium,True,builder;digger;miner,,fan:lldb-474,Tricky.DAT#8
4372,DOS Tricky,There's a lot of them about,False,446.37,Challenging,medium,True,blocker;builder;climber;miner;multiple-worker-coordination,,fan:lldb-474,Tricky.DAT#9
4373,DOS Tricky,Lemmings in the attic,False,309.71,Tricky,medium,True,basher;builder;climber;miner;multiple-worker-coordination,,fan:lldb-474,Tricky.DAT#10
4374,DOS Tricky,Bitter Lemming,False,239.79,Moderate,medium,True,basher;builder;digger;floater,,fan:lldb-474,Tricky.DAT#11
4375,DOS Tricky,Lemming Drops,False,418.77,Challenging,medium,True,basher;blocker;builder;climber;digger;floater,,fan:lldb-474,Tricky.DAT#12
4376,DOS Tricky,MENACING !!,False,565.1,Hard,medium,True,basher;blocker;builder;climber;digger;miner;multiple-worker-coordination,,fan:lldb-474,Tricky.DAT#13
4377,DOS Tricky,Ozone friendly Lemmings,False,194.92,Easy,medium,True,bomber,,fan:lldb-474,Tricky.DAT#14
4378,DOS Tricky,Luvly Jubly,False,205.59,Moderate,medium,True,basher;bomber;miner,,fan:lldb-474,Tricky.DAT#15
4379,DOS Tricky,Diet Lemmingaid,False,144.5,Easy,medium,True,bomber,,fan:lldb-474,Tricky.DAT#16
4380,DOS Tricky,It's Lemmingentry Watson,False,216.7,Moderate,medium,True,builder;digger;floater,,fan:lldb-474,Tricky.DAT#17
4381,DOS Tricky,Postcard from Lemmingland,False,346.74,Tricky,medium,True,basher;builder;climber;digger;floater;miner,,fan:lldb-474,Tricky.DAT#18
4382,DOS Tricky,One way digging to freedom,False,368.42,Tricky,medium,True,basher;builder;climber;digger;floater,,fan:lldb-474,Tricky.DAT#19
4383,DOS Tricky,All the 6`s ........,False,374.38,Tricky,medium,True,basher;blocker;builder;miner,,fan:lldb-474,Tricky.DAT#20
4384,DOS Tricky,Turn around young lemmings!,False,180.25,Easy,medium,True,basher;builder,,fan:lldb-474,Tricky.DAT#21
4385,DOS Tricky,From The Boundary Line,False,518.09,Hard,medium,True,basher;builder;climber;digger;floater;miner;multiple-worker-coordination,,fan:lldb-474,Tricky.DAT#22
4386,DOS Tricky,Tightrope City,False,264.39,Moderate,medium,True,basher;blocker;builder;digger,,fan:lldb-474,Tricky.DAT#23
4387,DOS Tricky,Cascade,False,407.8,Challenging,medium,True,basher;builder;digger;floater;miner;multiple-worker-coordination,,fan:lldb-474,Tricky.DAT#24
4388,DOS Tricky,I have a cunning plan,False,416.66,Challenging,medium,True,basher;blocker;builder;digger;miner,,fan:lldb-474,Tricky.DAT#25
4389,DOS Tricky,The Island of the Wicker people,False,413.26,Challenging,medium,True,basher;builder;climber;digger;miner,,fan:lldb-474,Tricky.DAT#26
4390,DOS Tricky,Lost something?,False,148.88,Easy,medium,True,basher;builder;miner,,fan:lldb-474,Tricky.DAT#27
4391,DOS Tricky,Rainbow Island,False,301.05,Tricky,medium,True,basher;blocker;builder;multiple-worker-coordination,,fan:lldb-474,Tricky.DAT#28
4392,DOS Tricky,The Crankshaft,False,537.25,Hard,medium,True,blocker;builder;climber;digger;floater;miner;multiple-worker-coordination,,fan:lldb-474,Tricky.DAT#29
4393,DOS Taxing,If at first you don`t succeed..,False,238.73,Moderate,medium,True,basher;builder;digger,,fan:lldb-475,Taxing.DAT#0
4394,DOS Taxing,"Watch out, there`s traps about",False,537.81,Hard,medium,True,basher;blocker;builder;digger;miner;multiple-worker-coordination,,fan:lldb-475,Taxing.DAT#1
4395,DOS Taxing,Heaven can wait (we hope!!!!),False,281.82,Moderate,medium,True,builder;multiple-worker-coordination,,fan:lldb-475,Taxing.DAT#2
4396,DOS Taxing,Lend a helping hand....,False,353.52,Tricky,medium,True,basher;blocker;builder;digger;miner;multiple-worker-coordination,,fan:lldb-475,Taxing.DAT#3
4397,DOS Taxing,The Prison!,False,349.2,Tricky,medium,True,basher;blocker;builder;digger,,fan:lldb-475,Taxing.DAT#4
4398,DOS Taxing,Compression Method 1,False,318.21,Tricky,medium,True,basher;digger,,fan:lldb-475,Taxing.DAT#5
4399,DOS Taxing,Every Lemming for himself!!!,False,360.25,Tricky,medium,True,basher;bomber;builder;climber;multiple-worker-coordination,,fan:lldb-475,Taxing.DAT#6
4400,DOS Taxing,The Art Gallery,False,226.89,Moderate,medium,True,basher;builder;multiple-worker-coordination,,fan:lldb-475,Taxing.DAT#7
4401,DOS Taxing,Perseverance,False,320.77,Tricky,medium,True,basher;builder;floater;miner,,fan:lldb-475,Taxing.DAT#8
4402,DOS Taxing,Izzie Wizzie lemmings get busy,False,434.67,Challenging,medium,True,basher;blocker;builder;digger;miner,,fan:lldb-475,Taxing.DAT#9
4403,DOS Taxing,The ascending pillar scenario,False,506.15,Hard,medium,True,basher;builder;climber;digger;floater;miner;multiple-worker-coordination,,fan:lldb-475,Taxing.DAT#10
4404,DOS Taxing,Livin` On The Edge,False,318.94,Tricky,medium,True,basher;builder;multiple-worker-coordination,,fan:lldb-475,Taxing.DAT#11
4405,DOS Taxing,Upsidedown World,False,423.24,Challenging,medium,True,basher;blocker;builder;climber;digger;miner,,fan:lldb-475,Taxing.DAT#12
4406,DOS Taxing,Hunt the Nessy....,False,410.57,Challenging,medium,True,basher;builder;digger;miner;multiple-worker-coordination,,fan:lldb-475,Taxing.DAT#13
4407,DOS Taxing,What an AWESOME level,False,184.84,Easy,medium,True,builder;multiple-worker-coordination,,fan:lldb-475,Taxing.DAT#14
4408,DOS Taxing,Mary Poppins` land,False,338.28,Tricky,medium,True,builder;floater;multiple-worker-coordination,,fan:lldb-475,Taxing.DAT#15
4409,DOS Taxing,X marks the spot,False,443.6,Challenging,medium,True,builder;climber;miner;multiple-worker-coordination,,fan:lldb-475,Taxing.DAT#16
4410,DOS Taxing,Tribute to M.C.Escher,False,320.79,Tricky,medium,True,basher;builder;floater;multiple-worker-coordination,,fan:lldb-475,Taxing.DAT#17
4411,DOS Taxing,Bomboozal,False,83.79,Beginner,medium,True,bomber,,fan:lldb-475,Taxing.DAT#18
4412,DOS Taxing,Walk the web rope,False,350.04,Tricky,medium,True,basher;builder;climber;digger;multiple-worker-coordination,,fan:lldb-475,Taxing.DAT#19
4413,DOS Taxing,Feel the heat!,False,346.04,Tricky,medium,True,basher;blocker;builder;digger;miner;multiple-worker-coordination,,fan:lldb-475,Taxing.DAT#20
4414,DOS Taxing,Come on over to my place,False,380.13,Tricky,medium,True,basher;blocker;builder;digger;floater;miner,,fan:lldb-475,Taxing.DAT#21
4415,DOS Taxing,King of the castle,False,170.33,Easy,medium,True,builder;multiple-worker-coordination,,fan:lldb-475,Taxing.DAT#22
4416,DOS Taxing,Take a running jump.....,False,244.56,Moderate,medium,True,builder;multiple-worker-coordination,,fan:lldb-475,Taxing.DAT#23
4417,DOS Taxing,Follow the leader...,False,215.15,Moderate,medium,True,basher;builder;multiple-worker-coordination,,fan:lldb-475,Taxing.DAT#24
4418,DOS Taxing,Triple Trouble,False,341.86,Tricky,medium,True,basher;builder;climber;digger;multiple-worker-coordination,,fan:lldb-475,Taxing.DAT#25
4419,DOS Taxing,Call in the bomb squad,False,288.44,Moderate,medium,True,blocker;bomber;builder;multiple-worker-coordination,,fan:lldb-475,Taxing.DAT#26
4420,DOS Taxing,POOR WEE CREATURES!,False,460.8,Challenging,medium,True,basher;blocker;bomber;builder;climber;floater;miner,,fan:lldb-475,Taxing.DAT#27
4421,DOS Taxing,How do I dig up the way?,False,419.2,Challenging,medium,True,basher;builder;climber;digger;floater;miner;multiple-worker-coordination,,fan:lldb-475,Taxing.DAT#28
4422,DOS Taxing,We all fall down,False,159.45,Easy,medium,True,digger,,fan:lldb-475,Taxing.DAT#29
4423,DOS Mayhem,Steel Works,False,333.15,Tricky,medium,True,blocker;builder;digger;floater;multiple-worker-coordination,,fan:lldb-476,Mayhem.DAT#0
4424,DOS Mayhem,The Boiler Room,False,230.65,Moderate,medium,True,builder;climber;floater,,fan:lldb-476,Mayhem.DAT#1
4425,DOS Mayhem,It`s hero time!,False,373.02,Tricky,medium,True,blocker;builder;digger;floater;miner,,fan:lldb-476,Mayhem.DAT#2
4426,DOS Mayhem,The Crossroads,False,180.36,Easy,medium,True,basher,,fan:lldb-476,Mayhem.DAT#3
4427,DOS Mayhem,"Down, along, up. In that order",False,331.74,Tricky,medium,True,blocker;builder;digger;multiple-worker-coordination,,fan:lldb-476,Mayhem.DAT#4
4428,DOS Mayhem,One way or another,False,397.09,Tricky,medium,True,builder;digger;miner,,fan:lldb-476,Mayhem.DAT#5
4429,DOS Mayhem,Poles Apart,False,349.15,Tricky,medium,True,basher;builder;digger;multiple-worker-coordination,,fan:lldb-476,Mayhem.DAT#6
4430,DOS Mayhem,Last one out is a rotten egg!,False,398.22,Tricky,medium,True,builder;climber;digger;miner,,fan:lldb-476,Mayhem.DAT#7
4431,DOS Mayhem,Curse of the Pharaohs,False,314.49,Tricky,medium,True,basher;blocker;builder;digger,,fan:lldb-476,Mayhem.DAT#8
4432,DOS Mayhem,Pillars of Hercules,False,554.17,Hard,medium,True,basher;blocker;builder;climber;digger;floater;multiple-worker-coordination,,fan:lldb-476,Mayhem.DAT#9
4433,DOS Mayhem,We all fall down,False,162.96,Easy,medium,True,digger,,fan:lldb-476,Mayhem.DAT#10
4434,DOS Mayhem,The Far Side,False,417.09,Challenging,medium,True,basher;builder;climber;digger;miner,,fan:lldb-476,Mayhem.DAT#11
4435,DOS Mayhem,The Great Lemming Caper,False,342.9,Tricky,medium,True,basher;builder;climber;floater;multiple-worker-coordination,,fan:lldb-476,Mayhem.DAT#12
4436,DOS Mayhem,Pea Soup,False,98.34,Beginner,medium,True,builder,,fan:lldb-476,Mayhem.DAT#13
4437,DOS Mayhem,The Fast Food Kitchen...,False,562.66,Hard,medium,True,basher;blocker;builder;climber;digger;floater;miner;multiple-worker-coordination,,fan:lldb-476,Mayhem.DAT#14
4438,DOS Mayhem,Just a Minute...,False,312.01,Tricky,medium,True,basher;digger,,fan:lldb-476,Mayhem.DAT#15
4439,DOS Mayhem,Stepping Stones,False,457.22,Challenging,medium,True,basher;blocker;builder;climber;digger;miner,,fan:lldb-476,Mayhem.DAT#16
4440,DOS Mayhem,And then there were four....,False,569.32,Hard,medium,True,basher;blocker;builder;climber;miner;multiple-worker-coordination,,fan:lldb-476,Mayhem.DAT#17
4441,DOS Mayhem,Time to get up!,False,319.74,Tricky,medium,True,bomber;builder;climber;multiple-worker-coordination,,fan:lldb-476,Mayhem.DAT#18
4442,DOS Mayhem,No added colours or Lemmings,False,364.2,Tricky,medium,True,basher;blocker;builder;climber;miner,,fan:lldb-476,Mayhem.DAT#19
4443,DOS Mayhem,With a twist of lemming please,False,304.53,Tricky,medium,True,basher;builder;digger;floater,,fan:lldb-476,Mayhem.DAT#20
4444,DOS Mayhem,A BeastII of a level,False,450.37,Challenging,medium,True,basher;builder;climber;digger;miner,,fan:lldb-476,Mayhem.DAT#21
4445,DOS Mayhem,Going up.......,False,292.2,Moderate,medium,True,basher;builder;multiple-worker-coordination,,fan:lldb-476,Mayhem.DAT#22
4446,DOS Mayhem,All or Nothing,False,265.22,Moderate,medium,True,basher,,fan:lldb-476,Mayhem.DAT#23
4447,DOS Mayhem,Have a nice day!,False,449.58,Challenging,medium,True,basher;blocker;builder;digger;floater;miner;multiple-worker-coordination,,fan:lldb-476,Mayhem.DAT#24
4448,DOS Mayhem,The Steel Mines of Kessel,False,212.48,Moderate,medium,True,blocker;bomber;builder,,fan:lldb-476,Mayhem.DAT#25
4449,DOS Mayhem,Just a Minute (Part Two),False,212.3,Moderate,medium,True,basher;digger,,fan:lldb-476,Mayhem.DAT#26
4450,DOS Mayhem,Mind the step.....,False,199.18,Easy,medium,True,basher;builder;digger,,fan:lldb-476,Mayhem.DAT#27
4451,DOS Mayhem,Save Me,False,393.27,Tricky,medium,True,basher;blocker;builder;digger,,fan:lldb-476,Mayhem.DAT#28
4452,DOS Mayhem,Rendezvous at the Mountain,False,536.15,Hard,medium,True,builder;climber;digger;miner;multiple-worker-coordination,,fan:lldb-476,Mayhem.DAT#29
4453,DOS Amiga Tame,Down And Out Lemmings,False,90.25,Beginner,low,True,,,fan:lldb-477,Tame.DAT#0
4454,DOS Amiga Tame,Rent-a-Lemming,False,82.25,Beginner,low,True,,,fan:lldb-477,Tame.DAT#1
4455,DOS Amiga Tame,Undercover Lemming,False,90.25,Beginner,low,True,,,fan:lldb-477,Tame.DAT#2
4456,DOS Amiga Tame,Downwardly Mobile Lemmings,False,90.25,Beginner,low,True,,,fan:lldb-477,Tame.DAT#3
4457,DOS Amiga Tame,Snuggle up to a Lemming,False,90.25,Beginner,low,True,,,fan:lldb-477,Tame.DAT#4
4458,DOS Amiga Tame,Intsy-Wintsy...Lemming?,False,82.25,Beginner,low,True,,,fan:lldb-477,Tame.DAT#5
4459,DOS Amiga Tame,Who`s That Lemming,False,90.25,Beginner,low,True,,,fan:lldb-477,Tame.DAT#6
4460,DOS Amiga Tame,Dangerzone,False,90.25,Beginner,low,True,,,fan:lldb-477,Tame.DAT#7
4461,DOS Amiga Tame,And now this...,False,90.25,Beginner,low,True,,,fan:lldb-477,Tame.DAT#8
4462,DOS Amiga Tame,New Lemmings On The Block,False,82.25,Beginner,low,True,,,fan:lldb-477,Tame.DAT#9
4463,DOS Amiga Tame,With Compliments,False,90.25,Beginner,low,True,,,fan:lldb-477,Tame.DAT#10
4464,DOS Amiga Tame,Citizen Lemming,False,90.25,Beginner,low,True,,,fan:lldb-477,Tame.DAT#11
4465,DOS Amiga Tame,Thunder-Lemmings are go!,False,90.25,Beginner,low,True,,,fan:lldb-477,Tame.DAT#12
4466,DOS Amiga Tame,Get a little extra help,False,82.25,Beginner,low,True,,,fan:lldb-477,Tame.DAT#13
4467,DOS Amiga Tame,Not just a pretty Lemming,False,90.25,Beginner,low,True,,,fan:lldb-477,Tame.DAT#14
4468,DOS Amiga Tame,Gone With The Lemming,False,90.25,Beginner,low,True,,,fan:lldb-477,Tame.DAT#15
4469,DOS Amiga Tame,"Honey, I Saved The Lemmings",False,90.25,Beginner,low,True,,,fan:lldb-477,Tame.DAT#16
4470,DOS Amiga Tame,Lemmings For Presidents!,False,82.25,Beginner,low,True,,,fan:lldb-477,Tame.DAT#17
4471,DOS Amiga Tame,Lemming Productions Present...,False,90.25,Beginner,low,True,,,fan:lldb-477,Tame.DAT#18
4472,DOS Amiga Tame,Custom built for Lemmings,False,90.25,Beginner,low,True,,,fan:lldb-477,Tame.DAT#19
4473,DOS Amiga Crazy,"Quote: ""That`s a good level""",False,94.45,Beginner,low,True,,,fan:lldb-478,Crazy.DAT#0
4474,DOS Amiga Crazy,Dolly Dimple,False,75.25,Beginner,low,True,,,fan:lldb-478,Crazy.DAT#1
4475,DOS Amiga Crazy,Many Lemmings make level work,False,75.7,Beginner,low,True,,,fan:lldb-478,Crazy.DAT#2
4476,DOS Amiga Crazy,Lemming Express,False,83.25,Beginner,low,True,,,fan:lldb-478,Crazy.DAT#3
4477,DOS Amiga Crazy,24 hour Lemathon,False,61,Beginner,low,True,,,fan:lldb-478,Crazy.DAT#4
4478,DOS Amiga Crazy,The Stack,False,75.25,Beginner,low,True,,,fan:lldb-478,Crazy.DAT#5
4479,DOS Amiga Crazy,"And now, the end is near...",False,97.15,Beginner,low,True,,,fan:lldb-478,Crazy.DAT#6
4480,DOS Amiga Crazy,KEEP ON TRUCKING,False,99.97,Beginner,low,True,,,fan:lldb-478,Crazy.DAT#7
4481,DOS Amiga Crazy,On the Antarctic Coast,False,117.3,Easy,low,True,,,fan:lldb-478,Crazy.DAT#8
4482,DOS Amiga Crazy,ROCKY VI,False,105.79,Easy,low,True,,,fan:lldb-478,Crazy.DAT#9
4483,DOS Amiga Crazy,No Problemming!,False,39.75,Beginner,low,True,,,fan:lldb-478,Crazy.DAT#10
4484,DOS Amiga Crazy,Lemming Friendly,False,79.47,Beginner,low,True,,,fan:lldb-478,Crazy.DAT#11
4485,DOS Amiga Crazy,It`s a trade off,False,71.5,Beginner,low,True,,,fan:lldb-478,Crazy.DAT#12
4486,DOS Amiga Crazy,Time waits for no Lemming,False,90.75,Beginner,low,True,,,fan:lldb-478,Crazy.DAT#13
4487,DOS Amiga Crazy,Worra load of old blocks!,False,87,Beginner,low,True,,,fan:lldb-478,Crazy.DAT#14
4488,DOS Amiga Crazy,Across The Gap,False,106.5,Easy,low,True,,,fan:lldb-478,Crazy.DAT#15
4489,DOS Amiga Crazy,DIGGING FOR VICTORY,False,95.1,Beginner,low,True,,,fan:lldb-478,Crazy.DAT#16
4490,DOS Amiga Crazy,NO PROBLEM,False,102.95,Easy,low,True,,,fan:lldb-478,Crazy.DAT#17
4491,DOS Amiga Crazy,DON`T PANIC,False,109.2,Easy,low,True,,,fan:lldb-478,Crazy.DAT#18
4492,DOS Amiga Crazy,Ice Ice Lemming,False,65.25,Beginner,low,True,,,fan:lldb-478,Crazy.DAT#19
4493,DOS Amiga Wild,PoP YoR ToP!!!,False,85.71,Beginner,low,True,,,fan:lldb-479,Wild.DAT#0
4494,DOS Amiga Wild,Lemming Hotel,False,98.38,Beginner,low,True,,,fan:lldb-479,Wild.DAT#1
4495,DOS Amiga Wild,Lemming Rhythms,False,87.91,Beginner,low,True,,,fan:lldb-479,Wild.DAT#2
4496,DOS Amiga Wild,Meeting Adjourned,False,86,Beginner,low,True,,,fan:lldb-479,Wild.DAT#3
4497,DOS Amiga Wild,Lemming Head,False,70.38,Beginner,low,True,,,fan:lldb-479,Wild.DAT#4
4498,DOS Amiga Wild,Just A Quicky,False,87.75,Beginner,low,True,,,fan:lldb-479,Wild.DAT#5
4499,DOS Amiga Wild,You Take the High Road,False,81.5,Beginner,low,True,,,fan:lldb-479,Wild.DAT#6
4500,DOS Amiga Wild,It`s a tight fit!,False,79.75,Beginner,low,True,,,fan:lldb-479,Wild.DAT#7
4501,DOS Amiga Wild,Ice Station Lemming,False,81.5,Beginner,low,True,,,fan:lldb-479,Wild.DAT#8
4502,DOS Amiga Wild,Higgledy Piggledy,False,59.12,Beginner,low,True,,,fan:lldb-479,Wild.DAT#9
4503,DOS Amiga Wild,Mutiny On The Bounty,False,101.35,Easy,low,True,,,fan:lldb-479,Wild.DAT#10
4504,DOS Amiga Wild,SNOW JOKE,False,92.05,Beginner,low,True,,,fan:lldb-479,Wild.DAT#11
4505,DOS Amiga Wild,ONWARD AND UPWARD,False,101.37,Easy,low,True,,,fan:lldb-479,Wild.DAT#12
4506,DOS Amiga Wild,ICE SPY,False,100.74,Easy,low,True,,,fan:lldb-479,Wild.DAT#13
4507,DOS Amiga Wild,THE SILENCE OF THE LEMMINGS,False,92.05,Beginner,low,True,,,fan:lldb-479,Wild.DAT#14
4508,DOS Amiga Wild,"Take care, Sweetie",False,78.4,Beginner,low,True,,,fan:lldb-479,Wild.DAT#15
4509,DOS Amiga Wild,The Chain with no name,False,94,Beginner,low,True,,,fan:lldb-479,Wild.DAT#16
4510,DOS Amiga Wild,Dr Lemminggood,False,68.88,Beginner,low,True,,,fan:lldb-479,Wild.DAT#17
4511,DOS Amiga Wild,Lemmingdelica,False,81.66,Beginner,low,True,,,fan:lldb-479,Wild.DAT#18
4512,DOS Amiga Wild,Got anything....Lemmingy???,False,88.42,Beginner,low,True,,,fan:lldb-479,Wild.DAT#19
4513,DOS Amiga Wicked,LeMming ToMato KetchUp fAcilitY,False,98.3,Beginner,low,True,,,fan:lldb-480,Wicked.DAT#0
4514,DOS Amiga Wicked,Inroducing SUPERLEMMING,False,87.75,Beginner,low,True,,,fan:lldb-480,Wicked.DAT#1
4515,DOS Amiga Wicked,This Corrosion,False,81.5,Beginner,low,True,,,fan:lldb-480,Wicked.DAT#2
4516,DOS Amiga Wicked,Oh No! It`s the 4TH DIMENSION!,False,84.15,Beginner,low,True,,,fan:lldb-480,Wicked.DAT#3
4517,DOS Amiga Wicked,Chill out!,False,87.75,Beginner,low,True,,,fan:lldb-480,Wicked.DAT#4
4518,DOS Amiga Wicked,PoP TiL YoU DrOp!,False,69.19,Beginner,low,True,,,fan:lldb-480,Wicked.DAT#5
4519,DOS Amiga Wicked,Last Lemming To Lemmingcentral,False,65.75,Beginner,low,True,,,fan:lldb-480,Wicked.DAT#6
4520,DOS Amiga Wicked,A TOWERING PROBLEM,False,84.5,Beginner,low,True,,,fan:lldb-480,Wicked.DAT#7
4521,DOS Amiga Wicked,How on Earth?,False,72,Beginner,low,True,,,fan:lldb-480,Wicked.DAT#8
4522,DOS Amiga Wicked,Temple of Love,False,100.7,Easy,low,True,,,fan:lldb-480,Wicked.DAT#9
4523,DOS Amiga Wicked,ROCKY ROAD,False,98.3,Beginner,low,True,,,fan:lldb-480,Wicked.DAT#10
4524,DOS Amiga Wicked,Suicidal Tendencies,False,88.69,Beginner,low,True,,,fan:lldb-480,Wicked.DAT#11
4525,DOS Amiga Wicked,Almost Nearly Virtual Reality,False,96.19,Beginner,low,True,,,fan:lldb-480,Wicked.DAT#12
4526,DOS Amiga Wicked,The Lemming Learning Curve,False,93.59,Beginner,low,True,,,fan:lldb-480,Wicked.DAT#13
4527,DOS Amiga Wicked,"SPAM,SPAM,SPAM,EGG AND LEMMING",False,103.15,Easy,low,True,,,fan:lldb-480,Wicked.DAT#14
4528,DOS Amiga Wicked,Five Alive,False,82.33,Beginner,low,True,,,fan:lldb-480,Wicked.DAT#15
4529,DOS Amiga Wicked,Down the tube,False,88.42,Beginner,low,True,,,fan:lldb-480,Wicked.DAT#16
4530,DOS Amiga Wicked,LoTs moRe wHeRe TheY caMe fRom,False,91.73,Beginner,low,True,,,fan:lldb-480,Wicked.DAT#17
4531,DOS Amiga Wicked,"Up, Down or Round and Round",False,72.55,Beginner,low,True,,,fan:lldb-480,Wicked.DAT#18
4532,DOS Amiga Wicked,The Lemming Funhouse,False,89.97,Beginner,low,True,,,fan:lldb-480,Wicked.DAT#19
4533,DOS Amiga Havoc,Tubular Lemmings,False,94.12,Beginner,low,True,,,fan:lldb-481,Havoc.DAT#0
4534,DOS Amiga Havoc,Be more than just a number,False,86.67,Beginner,low,True,,,fan:lldb-481,Havoc.DAT#1
4535,DOS Amiga Havoc,It`s the price you have to pay,False,109.65,Easy,low,True,,,fan:lldb-481,Havoc.DAT#2
4536,DOS Amiga Havoc,The race against cliches,False,87.75,Beginner,low,True,,,fan:lldb-481,Havoc.DAT#3
4537,DOS Amiga Havoc,There`s madness in the method,False,94,Beginner,low,True,,,fan:lldb-481,Havoc.DAT#4
4538,DOS Amiga Havoc,Now get out of that!,False,75.25,Beginner,low,True,,,fan:lldb-481,Havoc.DAT#5
4539,DOS Amiga Havoc,Creature Discomforts,False,98.38,Beginner,low,True,,,fan:lldb-481,Havoc.DAT#6
4540,DOS Amiga Havoc,Lemming about town,False,92.5,Beginner,low,True,,,fan:lldb-481,Havoc.DAT#7
4541,DOS Amiga Havoc,AAAAAARRRRRRGGGGGGHHHHHH!!!!!!,False,75.25,Beginner,low,True,,,fan:lldb-481,Havoc.DAT#8
4542,DOS Amiga Havoc,Flow Control,False,74.14,Beginner,low,True,,,fan:lldb-481,Havoc.DAT#9
4543,DOS Amiga Havoc,"Welcome to the party, pal!",False,73.5,Beginner,low,True,,,fan:lldb-481,Havoc.DAT#10
4544,DOS Amiga Havoc,It`s all a matter of timing,False,62.75,Beginner,low,True,,,fan:lldb-481,Havoc.DAT#11
4545,DOS Amiga Havoc,HIGHLAND FLING,False,93.72,Beginner,low,True,,,fan:lldb-481,Havoc.DAT#12
4546,DOS Amiga Havoc,Synchronised Lemming,False,89.5,Beginner,low,True,,,fan:lldb-481,Havoc.DAT#13
4547,DOS Amiga Havoc,Have an ice day,False,92.05,Beginner,low,True,,,fan:lldb-481,Havoc.DAT#14
4548,DOS Amiga Havoc,Scaling the Heights,False,86.25,Beginner,low,True,,,fan:lldb-481,Havoc.DAT#15
4549,DOS Amiga Havoc,Where Lemmings Dare,False,113.04,Easy,low,True,,,fan:lldb-481,Havoc.DAT#16
4550,DOS Amiga Havoc,Lemmings in a situation,False,107.32,Easy,low,True,,,fan:lldb-481,Havoc.DAT#17
4551,DOS Amiga Havoc,Looks a Bit Nippy Out There,False,98.55,Beginner,low,True,,,fan:lldb-481,Havoc.DAT#18
4552,DOS Amiga Havoc,LOoK BeFoRe YoU LeAp!,False,84.08,Beginner,low,True,,,fan:lldb-481,Havoc.DAT#19
4553,DOS Frost,Chains of Command,False,114.5,Easy,low,True,,,fan:lldb-482,Frost.DAT#0
4554,DOS Frost,Ski Jump!,False,118.05,Easy,low,True,,,fan:lldb-482,Frost.DAT#1
4555,DOS Frost,CindyLand,False,112.47,Easy,low,True,,,fan:lldb-482,Frost.DAT#2
4556,DOS Frost,Separate Ways,False,80.85,Beginner,low,True,,,fan:lldb-482,Frost.DAT#3
4557,DOS Frost,Lemming Reunification,False,106.5,Easy,low,True,,,fan:lldb-482,Frost.DAT#4
4558,DOS Frost,The Land of the Bizarre,False,98.09,Beginner,low,True,,,fan:lldb-482,Frost.DAT#5
4559,DOS Frost,Happy New Year!,False,80.9,Beginner,low,True,,,fan:lldb-482,Frost.DAT#6
4560,DOS Frost,Division Bell,False,112.47,Easy,low,True,,,fan:lldb-482,Frost.DAT#7
4561,DOS Frost,Quest for Kieran,False,98.55,Beginner,low,True,,,fan:lldb-482,Frost.DAT#8
4562,DOS Frost,Four Play,False,114.5,Easy,low,True,,,fan:lldb-482,Frost.DAT#9
4563,DOS Frost,Maybe not such a doddle,False,114.5,Easy,low,True,,,fan:lldb-482,Frost.DAT#10
4564,DOS Frost,It's Boxing Day!,False,82.44,Beginner,low,True,,,fan:lldb-482,Frost.DAT#11
4565,DOS Frost,2 Minutes before midnight,False,77,Beginner,low,True,,,fan:lldb-482,Frost.DAT#12
4566,DOS Frost,Happy New Year II!,False,76.1,Beginner,low,True,,,fan:lldb-482,Frost.DAT#13
4567,DOS Frost,Plethora of Presents,False,97.9,Beginner,low,True,,,fan:lldb-482,Frost.DAT#14
4568,DOS Frost,Up on the Rooftops,False,87.34,Beginner,low,True,,,fan:lldb-482,Frost.DAT#15
4569,DOS Hail,Go Thataway!,False,106.2,Easy,low,True,,,fan:lldb-483,Hail.DAT#0
4570,DOS Hail,Break On Through,False,97.92,Beginner,low,True,,,fan:lldb-483,Hail.DAT#1
4571,DOS Hail,And a Happy New Year!,False,99.65,Beginner,low,True,,,fan:lldb-483,Hail.DAT#2
4572,DOS Hail,Lemmintaschen?,False,107.44,Easy,low,True,,,fan:lldb-483,Hail.DAT#3
4573,DOS Hail,Get the Point?,False,81.09,Beginner,low,True,,,fan:lldb-483,Hail.DAT#4
4574,DOS Hail,Surprise Package?,False,49.22,Beginner,low,True,,,fan:lldb-483,Hail.DAT#5
4575,DOS Hail,Steel Ice Span,False,77,Beginner,low,True,,,fan:lldb-483,Hail.DAT#6
4576,DOS Hail,Sir Edmund Hilemming,False,95.75,Beginner,low,True,,,fan:lldb-483,Hail.DAT#7
4577,DOS Hail,"Up, up, and away!",False,84.65,Beginner,low,True,,,fan:lldb-483,Hail.DAT#8
4578,DOS Hail,"Lemmy in the cold, cold ground",False,97.15,Beginner,low,True,,,fan:lldb-483,Hail.DAT#9
4579,DOS Hail,Emmings!  (No L),False,109.65,Easy,low,True,,,fan:lldb-483,Hail.DAT#10
4580,DOS Hail,Merry Christmaze,False,70.75,Beginner,low,True,,,fan:lldb-483,Hail.DAT#11
4581,DOS Hail,Polar Expedition,False,108.25,Easy,low,True,,,fan:lldb-483,Hail.DAT#12
4582,DOS Hail,Rendezvous II,False,108.25,Easy,low,True,,,fan:lldb-483,Hail.DAT#13
4583,DOS Hail,Steel Block Party,False,103.4,Easy,low,True,,,fan:lldb-483,Hail.DAT#14
4584,DOS Hail,Peak of Performance,False,115.9,Easy,low,True,,,fan:lldb-483,Hail.DAT#15
4585,DOS Flurry,Climbing to the Top!,False,114.5,Easy,low,True,,,fan:lldb-484,Flurry.DAT#0
4586,DOS Flurry,Floating Lemming Flurry,False,109.18,Easy,low,True,,,fan:lldb-484,Flurry.DAT#1
4587,DOS Flurry,Holiday Mining,False,106.51,Easy,low,True,,,fan:lldb-484,Flurry.DAT#2
4588,DOS Flurry,Lemming Tracks in the Snow!,False,115.45,Easy,low,True,,,fan:lldb-484,Flurry.DAT#3
4589,DOS Flurry,Christmas South of the Equator,False,94.23,Beginner,low,True,,,fan:lldb-484,Flurry.DAT#4
4590,DOS Flurry,Lemming Snowfall,False,99.65,Beginner,low,True,,,fan:lldb-484,Flurry.DAT#5
4591,DOS Flurry,Lemming Snowjourn,False,98.25,Beginner,low,True,,,fan:lldb-484,Flurry.DAT#6
4592,DOS Flurry,Vacation in Gemland,False,81.5,Beginner,low,True,,,fan:lldb-484,Flurry.DAT#7
4593,DOS Flurry,A Block from Home,False,115.27,Easy,low,True,,,fan:lldb-484,Flurry.DAT#8
4594,DOS Flurry,32 Lemmings Below Zero,False,112.99,Easy,low,True,,,fan:lldb-484,Flurry.DAT#9
4595,DOS Flurry,At Home in a Cave,False,99.44,Beginner,low,True,,,fan:lldb-484,Flurry.DAT#10
4596,DOS Flurry,Presents of Mind,False,75.78,Beginner,low,True,,,fan:lldb-484,Flurry.DAT#11
4597,DOS Flurry,Yo-yo Lem-lem,False,86.05,Beginner,low,True,,,fan:lldb-484,Flurry.DAT#12
4598,DOS Flurry,Marshmallow Land,False,104.47,Easy,low,True,,,fan:lldb-484,Flurry.DAT#13
4599,DOS Flurry,Head for the Hills!,False,97.15,Beginner,low,True,,,fan:lldb-484,Flurry.DAT#14
4600,DOS Flurry,The Long Way Around,False,98.75,Beginner,low,True,,,fan:lldb-484,Flurry.DAT#15
4601,DOS Blitz,Oogilemming!,False,99.5,Beginner,low,True,,,fan:lldb-485,Blitz.DAT#0
4602,DOS Blitz,Lemmings Up High,False,83.25,Beginner,low,True,,,fan:lldb-485,Blitz.DAT#1
4603,DOS Blitz,Check Your Hints!,False,87.75,Beginner,low,True,,,fan:lldb-485,Blitz.DAT#2
4604,DOS Blitz,Santus Lemmingus,False,112.45,Easy,low,True,,,fan:lldb-485,Blitz.DAT#3
4605,DOS Blitz,It Came Upon a Lemnight Clear,False,112.47,Easy,low,True,,,fan:lldb-485,Blitz.DAT#4
4606,DOS Blitz,A Single Lemming...,False,95.75,Beginner,low,True,,,fan:lldb-485,Blitz.DAT#5
4607,DOS Blitz,Break on through...,False,86.79,Beginner,low,True,,,fan:lldb-485,Blitz.DAT#6
4608,DOS Blitz,Presents of Mind II,False,77,Beginner,low,True,,,fan:lldb-485,Blitz.DAT#7
4609,DOS Blitz,Lemmings...The Motion Picture,False,112.47,Easy,low,True,,,fan:lldb-485,Blitz.DAT#8
4610,DOS Blitz,The Wrath of Lem,False,97.15,Beginner,low,True,,,fan:lldb-485,Blitz.DAT#9
4611,DOS Blitz,The Search for Lem,False,109.65,Easy,low,True,,,fan:lldb-485,Blitz.DAT#10
4612,DOS Blitz,The Voyage Home...,False,64.94,Beginner,low,True,,,fan:lldb-485,Blitz.DAT#11
4613,DOS Blitz,The Final Frontier,False,113.58,Easy,low,True,,,fan:lldb-485,Blitz.DAT#12
4614,DOS Blitz,The Undiscovered Country,False,83.25,Beginner,low,True,,,fan:lldb-485,Blitz.DAT#13
4615,DOS Blitz,The Needs of the Many...,False,72.58,Beginner,low,True,,,fan:lldb-485,Blitz.DAT#14
4616,DOS Blitz,The Next Lemeration,False,86.45,Beginner,low,True,,,fan:lldb-485,Blitz.DAT#15
4617,DOS Xmas 1991,Merry Christmas Mr Lemming,False,106.65,Easy,low,True,,,fan:lldb-486,Xmas 1991.DAT#0
4618,DOS Xmas 1991,Christmas Bonus,False,103.85,Easy,low,True,,,fan:lldb-486,Xmas 1991.DAT#1
4619,DOS Xmas 1991,Time waits for no Lemming,False,90.75,Beginner,low,True,,,fan:lldb-486,Xmas 1991.DAT#2
4620,DOS Xmas 1991,This Corrosion,False,81.5,Beginner,low,True,,,fan:lldb-486,Xmas 1991.DAT#3
4621,DOS Xmas 1992,Jingle Lemming,False,58.7,Beginner,low,True,,,fan:lldb-487,Xmas 1992.DAT#0
4622,DOS Xmas 1992,Happy Holidays Mr Lemming!,False,106.34,Easy,low,True,,,fan:lldb-487,Xmas 1992.DAT#1
4623,DOS Xmas 1992,A Lemming Holiday,False,122.9,Easy,low,True,,,fan:lldb-487,Xmas 1992.DAT#2
4624,DOS Xmas 1992,The North Poles,False,110.4,Easy,low,True,,,fan:lldb-487,Xmas 1992.DAT#3
4625,Genesis Fun,Just dig !,False,33.5,Beginner,low,True,,,fan:lldb-488,Genesis Fun.dat#0
4626,Genesis Fun,Only floaters can survive this,False,33.5,Beginner,low,True,,,fan:lldb-488,Genesis Fun.dat#1
4627,Genesis Fun,Tailor-made for blockers,False,33.5,Beginner,low,True,,,fan:lldb-488,Genesis Fun.dat#2
4628,Genesis Fun,Now use miners and climbers,False,77,Beginner,low,True,,,fan:lldb-488,Genesis Fun.dat#3
4629,Genesis Fun,You need bashers this time,False,44.75,Beginner,low,True,,,fan:lldb-488,Genesis Fun.dat#4
4630,Genesis Fun,A task for blockers and bombers,False,52.4,Beginner,low,True,,,fan:lldb-488,Genesis Fun.dat#5
4631,Genesis Fun,Builders will help you here,False,46.5,Beginner,low,True,,,fan:lldb-488,Genesis Fun.dat#6
4632,Genesis Fun,Not as complicated as it looks,False,112.88,Easy,low,True,,,fan:lldb-488,Genesis Fun.dat#7
4633,Genesis Fun,As long as you try your best,False,112.65,Easy,low,True,,,fan:lldb-488,Genesis Fun.dat#8
4634,Genesis Fun,5 miles if you love Lemmings,False,98.25,Beginner,low,True,,,fan:lldb-488,Genesis Fun.dat#9
4635,Genesis Fun,Keep your hair on Mr.Lemming,False,109.3,Easy,low,True,,,fan:lldb-488,Genesis Fun.dat#10
4636,Genesis Fun,Patience,False,90.25,Beginner,low,True,,,fan:lldb-488,Genesis Fun.dat#11
4637,Genesis Fun,We all fall down,False,70.75,Beginner,low,True,,,fan:lldb-488,Genesis Fun.dat#12
4638,Genesis Fun,Room with no exit,False,70.75,Beginner,low,True,,,fan:lldb-488,Genesis Fun.dat#13
4639,Genesis Fun,Tea time in the ball country,False,104.75,Easy,low,True,,,fan:lldb-488,Genesis Fun.dat#14
4640,Genesis Fun,Take a little rest.,False,108,Easy,low,True,,,fan:lldb-488,Genesis Fun.dat#15
4641,Genesis Fun,Easy when you know how,False,95,Beginner,low,True,,,fan:lldb-488,Genesis Fun.dat#16
4642,Genesis Fun,Let's block and blow,False,67.71,Beginner,low,True,,,fan:lldb-488,Genesis Fun.dat#17
4643,Genesis Fun,Catch more floaters.,False,103.25,Easy,low,True,,,fan:lldb-488,Genesis Fun.dat#18
4644,Genesis Fun,We are now at lemcom one,False,101.5,Easy,low,True,,,fan:lldb-488,Genesis Fun.dat#19
4645,Genesis Fun,Lemmings in the attic,False,72.15,Beginner,low,True,,,fan:lldb-488,Genesis Fun.dat#20
4646,Genesis Fun,A Beast of a level,False,100,Easy,low,True,,,fan:lldb-488,Genesis Fun.dat#21
4647,Genesis Fun,Under construction,False,84.25,Beginner,low,True,,,fan:lldb-488,Genesis Fun.dat#22
4648,Genesis Fun,Konbanwa Lemming san,False,106.47,Easy,low,True,,,fan:lldb-488,Genesis Fun.dat#23
4649,Genesis Fun,Lemmings Lemmings everywhere,False,90.25,Beginner,low,True,,,fan:lldb-488,Genesis Fun.dat#24
4650,Genesis Fun,The Great Lemming Caper,False,115.9,Easy,low,True,,,fan:lldb-488,Genesis Fun.dat#25
4651,Genesis Fun,Let's be careful out there,False,98.25,Beginner,low,True,,,fan:lldb-488,Genesis Fun.dat#26
4652,Genesis Fun,If only they could fly,False,105.7,Easy,low,True,,,fan:lldb-488,Genesis Fun.dat#27
4653,Genesis Fun,Dark dawn,False,104.75,Easy,low,True,,,fan:lldb-488,Genesis Fun.dat#28
4654,Genesis Fun,Lock up your Lemmings,False,102.9,Easy,low,True,,,fan:lldb-488,Genesis Fun.dat#29
4655,Genesis Tricky,We all fall down,False,70.75,Beginner,low,True,,,fan:lldb-489,Genesis Tricky.dat#0
4656,Genesis Tricky,A ladder would be handy,False,98.25,Beginner,low,True,,,fan:lldb-489,Genesis Tricky.dat#1
4657,Genesis Tricky,Lemmingology,False,109.4,Easy,low,True,,,fan:lldb-489,Genesis Tricky.dat#2
4658,Genesis Tricky,The ascending pillar scenario,False,97.83,Beginner,low,True,,,fan:lldb-489,Genesis Tricky.dat#3
4659,Genesis Tricky,Lemming sanctuary in sight,False,64,Beginner,low,True,,,fan:lldb-489,Genesis Tricky.dat#4
4660,Genesis Tricky,Lemming in the attic,False,109.3,Easy,low,True,,,fan:lldb-489,Genesis Tricky.dat#5
4661,Genesis Tricky,Bitter Lemming,False,100,Easy,low,True,,,fan:lldb-489,Genesis Tricky.dat#6
4662,Genesis Tricky,Lemming Drops,False,104.75,Easy,low,True,,,fan:lldb-489,Genesis Tricky.dat#7
4663,Genesis Tricky,Where do you see Lemmings?,False,113.2,Easy,low,True,,,fan:lldb-489,Genesis Tricky.dat#8
4664,Genesis Tricky,Keep Step,False,113.85,Easy,low,True,,,fan:lldb-489,Genesis Tricky.dat#9
4665,Genesis Tricky,Let's go to the moon!,False,92,Beginner,low,True,,,fan:lldb-489,Genesis Tricky.dat#10
4666,Genesis Tricky,Go out for a walk?,False,73.25,Beginner,low,True,,,fan:lldb-489,Genesis Tricky.dat#11
4667,Genesis Tricky,Salvage boat,False,83.25,Beginner,low,True,,,fan:lldb-489,Genesis Tricky.dat#12
4668,Genesis Tricky,MENACING !!,False,90.25,Beginner,low,True,,,fan:lldb-489,Genesis Tricky.dat#13
4669,Genesis Tricky,Ozone friendly Lemmings,False,49.75,Beginner,low,True,,,fan:lldb-489,Genesis Tricky.dat#14
4670,Genesis Tricky,Lovely jubilee,False,76.75,Beginner,low,True,,,fan:lldb-489,Genesis Tricky.dat#15
4671,Genesis Tricky,Diet Lemmingaid,False,70.85,Beginner,low,True,,,fan:lldb-489,Genesis Tricky.dat#16
4672,Genesis Tricky,It's Lemmingentry Watson,False,78.25,Beginner,low,True,,,fan:lldb-489,Genesis Tricky.dat#17
4673,Genesis Tricky,Postcard from Lemmingland,False,94,Beginner,low,True,,,fan:lldb-489,Genesis Tricky.dat#18
4674,Genesis Tricky,One way digging to freedom,False,112.88,Easy,low,True,,,fan:lldb-489,Genesis Tricky.dat#19
4675,Genesis Tricky,Don't leave any Lemmings,False,67,Beginner,low,True,,,fan:lldb-489,Genesis Tricky.dat#20
4676,Genesis Tricky,Turn around young Lemmings!,False,86.25,Beginner,low,True,,,fan:lldb-489,Genesis Tricky.dat#21
4677,Genesis Tricky,From the Boundary Line,False,81,Beginner,low,True,,,fan:lldb-489,Genesis Tricky.dat#22
4678,Genesis Tricky,Tightrope City,False,104.47,Easy,low,True,,,fan:lldb-489,Genesis Tricky.dat#23
4679,Genesis Tricky,Cascade,False,79,Beginner,low,True,,,fan:lldb-489,Genesis Tricky.dat#24
4680,Genesis Tricky,I have a cunning plan,False,109.65,Easy,low,True,,,fan:lldb-489,Genesis Tricky.dat#25
4681,Genesis Tricky,Everyone turn left,False,72.15,Beginner,low,True,,,fan:lldb-489,Genesis Tricky.dat#26
4682,Genesis Tricky,Lost something?,False,111.25,Easy,low,True,,,fan:lldb-489,Genesis Tricky.dat#27
4683,Genesis Tricky,Konnichiwa Lemming san,False,77,Beginner,low,True,,,fan:lldb-489,Genesis Tricky.dat#28
4684,Genesis Tricky,Don't follow me.,False,62.75,Beginner,low,True,,,fan:lldb-489,Genesis Tricky.dat#29
4685,Genesis Taxing,The bridge is breaking down.,False,90.9,Beginner,low,True,,,fan:lldb-490,Genesis Taxing.dat#0
4686,Genesis Taxing,Temporary peace,False,83.25,Beginner,low,True,,,fan:lldb-490,Genesis Taxing.dat#1
4687,Genesis Taxing,No choice but to follow them,False,78.4,Beginner,low,True,,,fan:lldb-490,Genesis Taxing.dat#2
4688,Genesis Taxing,Lend a helping hand....,False,98.08,Beginner,low,True,,,fan:lldb-490,Genesis Taxing.dat#3
4689,Genesis Taxing,The Prison!,False,89.03,Beginner,low,True,,,fan:lldb-490,Genesis Taxing.dat#4
4690,Genesis Taxing,Compression Method 1,False,76.5,Beginner,low,True,,,fan:lldb-490,Genesis Taxing.dat#5
4691,Genesis Taxing,Jump down!,False,83.25,Beginner,low,True,,,fan:lldb-490,Genesis Taxing.dat#6
4692,Genesis Taxing,Lemmings search for treasure.,False,89.5,Beginner,low,True,,,fan:lldb-490,Genesis Taxing.dat#7
4693,Genesis Taxing,Perseverance,False,114.5,Easy,low,True,,,fan:lldb-490,Genesis Taxing.dat#8
4694,Genesis Taxing,Izzie Wizzie Lemmings get busy,False,103.4,Easy,low,True,,,fan:lldb-490,Genesis Taxing.dat#9
4695,Genesis Taxing,The ascending pillar scenario,False,94,Beginner,low,True,,,fan:lldb-490,Genesis Taxing.dat#10
4696,Genesis Taxing,Livin' On The Edge,False,110.8,Easy,low,True,,,fan:lldb-490,Genesis Taxing.dat#11
4697,Genesis Taxing,Walk through here but cautiously,False,94.45,Beginner,low,True,,,fan:lldb-490,Genesis Taxing.dat#12
4698,Genesis Taxing,Value each moment,False,77.1,Beginner,low,True,,,fan:lldb-490,Genesis Taxing.dat#13
4699,Genesis Taxing,What an AWESOME level,False,100,Easy,low,True,,,fan:lldb-490,Genesis Taxing.dat#14
4700,Genesis Taxing,Umbrella Land.,False,88.53,Beginner,low,True,,,fan:lldb-490,Genesis Taxing.dat#15
4701,Genesis Taxing,Lunch time,False,100.15,Easy,low,True,,,fan:lldb-490,Genesis Taxing.dat#16
4702,Genesis Taxing,Tribute to M.C.Escher,False,85.17,Beginner,low,True,,,fan:lldb-490,Genesis Taxing.dat#17
4703,Genesis Taxing,Bomboozal,False,67.96,Beginner,low,True,,,fan:lldb-490,Genesis Taxing.dat#18
4704,Genesis Taxing,Fall and no life.,False,92.3,Beginner,low,True,,,fan:lldb-490,Genesis Taxing.dat#19
4705,Genesis Taxing,Feel the heat!,False,115.9,Easy,low,True,,"replay saved mismatch: expected 20, got 0",fan:lldb-490,Genesis Taxing.dat#20
4706,Genesis Taxing,Come on over to my place,False,102,Easy,low,True,,,fan:lldb-490,Genesis Taxing.dat#21
4707,Genesis Taxing,King of the castle,False,69.12,Beginner,low,True,,,fan:lldb-490,Genesis Taxing.dat#22
4708,Genesis Taxing,Keep all enemies out.,False,75.25,Beginner,low,True,,,fan:lldb-490,Genesis Taxing.dat#23
4709,Genesis Taxing,Watch right and left!,False,104.39,Easy,low,True,,,fan:lldb-490,Genesis Taxing.dat#24
4710,Genesis Taxing,Triple trouble,False,116.98,Easy,low,True,,,fan:lldb-490,Genesis Taxing.dat#25
4711,Genesis Taxing,Watch your fingertip!,False,88.85,Beginner,low,True,,,fan:lldb-490,Genesis Taxing.dat#26
4712,Genesis Taxing,Watch right or left!,False,82.48,Beginner,low,True,,,fan:lldb-490,Genesis Taxing.dat#27
4713,Genesis Taxing,How do I dig out a path?,False,112.88,Easy,low,True,,,fan:lldb-490,Genesis Taxing.dat#28
4714,Genesis Taxing,We all fall down,False,70.75,Beginner,low,True,,,fan:lldb-490,Genesis Taxing.dat#29
4715,Genesis Mayhem,Let's get together.,False,87.45,Beginner,low,True,,,fan:lldb-491,Genesis Mayhem.dat#0
4716,Genesis Mayhem,The Boiler Room,False,93.9,Beginner,low,True,,,fan:lldb-491,Genesis Mayhem.dat#1
4717,Genesis Mayhem,It's hero time,False,117.3,Easy,low,True,,,fan:lldb-491,Genesis Mayhem.dat#2
4718,Genesis Mayhem,The Crossroads,False,69,Beginner,low,True,,,fan:lldb-491,Genesis Mayhem.dat#3
4719,Genesis Mayhem,"Down,along,up,in that order",False,104.33,Easy,low,True,,,fan:lldb-491,Genesis Mayhem.dat#4
4720,Genesis Mayhem,Over the wall,False,87.55,Beginner,low,True,,,fan:lldb-491,Genesis Mayhem.dat#5
4721,Genesis Mayhem,Poles apart,False,92.5,Beginner,low,True,,,fan:lldb-491,Genesis Mayhem.dat#6
4722,Genesis Mayhem,Last one out is a rotten egg!,False,101.55,Easy,low,True,,,fan:lldb-491,Genesis Mayhem.dat#7
4723,Genesis Mayhem,Twins,False,69,Beginner,low,True,,,fan:lldb-491,Genesis Mayhem.dat#8
4724,Genesis Mayhem,Dangerous balcony,False,84.65,Beginner,low,True,,,fan:lldb-491,Genesis Mayhem.dat#9
4725,Genesis Mayhem,We all fall down,False,70.75,Beginner,low,True,,,fan:lldb-491,Genesis Mayhem.dat#10
4726,Genesis Mayhem,The Other Side.,False,94,Beginner,low,True,,,fan:lldb-491,Genesis Mayhem.dat#11
4727,Genesis Mayhem,The Great Lemming Caper,False,115.9,Easy,low,True,,,fan:lldb-491,Genesis Mayhem.dat#12
4728,Genesis Mayhem,Climb and fall. Fall and climb.,False,63.8,Beginner,low,True,,,fan:lldb-491,Genesis Mayhem.dat#13
4729,Genesis Mayhem,Two ponds,False,90.9,Beginner,low,True,,,fan:lldb-491,Genesis Mayhem.dat#14
4730,Genesis Mayhem,Just a Minute...,False,89.5,Beginner,low,True,,,fan:lldb-491,Genesis Mayhem.dat#15
4731,Genesis Mayhem,Stepping Stones,False,104.19,Easy,low,True,,,fan:lldb-491,Genesis Mayhem.dat#16
4732,Genesis Mayhem,Two different worlds,False,97.9,Beginner,low,True,,,fan:lldb-491,Genesis Mayhem.dat#17
4733,Genesis Mayhem,Time to get up!,False,80.65,Beginner,low,True,,,fan:lldb-491,Genesis Mayhem.dat#18
4734,Genesis Mayhem,No added colors or Lemmings,False,95.75,Beginner,low,True,,,fan:lldb-491,Genesis Mayhem.dat#19
4735,Genesis Mayhem,With a twist of Lemming please,False,87.75,Beginner,low,True,,,fan:lldb-491,Genesis Mayhem.dat#20
4736,Genesis Mayhem,A BeastII of a level,False,101.62,Easy,low,True,,,fan:lldb-491,Genesis Mayhem.dat#21
4737,Genesis Mayhem,A group of entrances,False,109.75,Easy,low,True,,,fan:lldb-491,Genesis Mayhem.dat#22
4738,Genesis Mayhem,All or Nothing,False,72.15,Beginner,low,True,,,fan:lldb-491,Genesis Mayhem.dat#23
4739,Genesis Mayhem,Have a nice day!,False,105,Easy,low,True,,,fan:lldb-491,Genesis Mayhem.dat#24
4740,Genesis Mayhem,Lemming eater,False,99.95,Beginner,low,True,,,fan:lldb-491,Genesis Mayhem.dat#25
4741,Genesis Mayhem,Just a Minute (Part Two),False,95.75,Beginner,low,True,,,fan:lldb-491,Genesis Mayhem.dat#26
4742,Genesis Mayhem,Leftovers are not always a waste,False,87,Beginner,low,True,,,fan:lldb-491,Genesis Mayhem.dat#27
4743,Genesis Mayhem,"No hurry, Relax.",False,86.78,Beginner,low,True,,,fan:lldb-491,Genesis Mayhem.dat#28
4744,Genesis Mayhem,Lemmings' Ark,False,95.75,Beginner,low,True,,,fan:lldb-491,Genesis Mayhem.dat#29
4745,Genesis Present,Natural life,False,115.25,Easy,low,True,,,fan:lldb-492,Genesis Present.dat#0
4746,Genesis Present,Don't leave my Lemmings.,False,76.75,Beginner,low,True,,,fan:lldb-492,Genesis Present.dat#1
4747,Genesis Present,Let me get out of here!,False,114.5,Easy,low,True,,,fan:lldb-492,Genesis Present.dat#2
4748,Genesis Present,Lemmings standing on the earth,False,114.05,Easy,low,True,,,fan:lldb-492,Genesis Present.dat#3
4749,Genesis Present,Darkness of the royal family,False,108,Easy,low,True,,,fan:lldb-492,Genesis Present.dat#4
4750,Genesis Present,No time for a detour,False,113.85,Easy,low,True,,,fan:lldb-492,Genesis Present.dat#5
4751,Genesis Present,Everyone turn Left!,False,70.42,Beginner,low,True,,,fan:lldb-492,Genesis Present.dat#6
4752,Genesis Present,Libra (Part two),False,77,Beginner,low,True,,,fan:lldb-492,Genesis Present.dat#7
4753,Genesis Present,"Fix the road, quick!",False,58.85,Beginner,low,True,,,fan:lldb-492,Genesis Present.dat#8
4754,Genesis Present,Where are you heading?,False,67.5,Beginner,low,True,,,fan:lldb-492,Genesis Present.dat#9
4755,Genesis Present,Field athletics,False,69,Beginner,low,True,,,fan:lldb-492,Genesis Present.dat#10
4756,Genesis Present,Balance Beam,False,84.65,Beginner,low,True,,,fan:lldb-492,Genesis Present.dat#11
4757,Genesis Present,Watch your step (Part two).,False,77,Beginner,low,True,,,fan:lldb-492,Genesis Present.dat#12
4758,Genesis Present,Like an overflowing wave,False,69,Beginner,low,True,,,fan:lldb-492,Genesis Present.dat#13
4759,Genesis Present,Evil whisper,False,89.5,Beginner,low,True,,,fan:lldb-492,Genesis Present.dat#14
4760,Genesis Present,A Trap is a trap.,False,55.4,Beginner,low,True,,,fan:lldb-492,Genesis Present.dat#15
4761,Genesis Present,Electric circuit,False,89.5,Beginner,low,True,,,fan:lldb-492,Genesis Present.dat#16
4762,Genesis Present,King of Lemmings,False,79.8,Beginner,low,True,,,fan:lldb-492,Genesis Present.dat#17
4763,Genesis Present,Acrophobia,False,96.83,Beginner,low,True,,,fan:lldb-492,Genesis Present.dat#18
4764,Genesis Present,Lemmings-preying iron plate,False,80.95,Beginner,low,True,,,fan:lldb-492,Genesis Present.dat#19
4765,Genesis Present,Use your brain better.,False,83.25,Beginner,low,True,,,fan:lldb-492,Genesis Present.dat#20
4766,Genesis Present,None title,False,65.75,Beginner,low,True,,,fan:lldb-492,Genesis Present.dat#21
4767,Genesis Present,Precarious oasis,False,89.5,Beginner,low,True,,,fan:lldb-492,Genesis Present.dat#22
4768,Genesis Present,Everyone's a hard nut.,False,104.8,Easy,low,True,,,fan:lldb-492,Genesis Present.dat#23
4769,Genesis Present,Underground city,False,84.65,Beginner,low,True,,,fan:lldb-492,Genesis Present.dat#24
4770,Genesis Present,Pitfall,False,86.05,Beginner,low,True,,,fan:lldb-492,Genesis Present.dat#25
4771,Genesis Present,Try anything once.,False,107.6,Easy,low,True,,,fan:lldb-492,Genesis Present.dat#26
4772,Genesis Present,Which one are you trying to get?,False,114.5,Easy,low,True,,,fan:lldb-492,Genesis Present.dat#27
4773,Genesis Present,Private room available,False,89.5,Beginner,low,True,,,fan:lldb-492,Genesis Present.dat#28
4774,Genesis Present,Final impediment,False,103.4,Easy,low,True,,,fan:lldb-492,Genesis Present.dat#29
4775,Genesis Sunsoft,Rules to fall,False,208.05,Moderate,medium,True,digger;floater,,fan:lldb-493,Genesis Sunsoft.dat#0
4776,Genesis Sunsoft,Inside the bone,False,330.59,Tricky,medium,True,basher;builder;multiple-worker-coordination,,fan:lldb-493,Genesis Sunsoft.dat#1
4777,Genesis Sunsoft,Anxiety,False,261.73,Moderate,medium,True,builder;miner;release-rate-manipulation,,fan:lldb-493,Genesis Sunsoft.dat#2
4778,Genesis Sunsoft,Train your body,False,269.76,Moderate,medium,True,basher;builder;digger,,fan:lldb-493,Genesis Sunsoft.dat#3
4779,Genesis Sunsoft,Watch your step,False,308.23,Tricky,medium,True,basher;blocker;bomber;builder;release-rate-manipulation,,fan:lldb-493,Genesis Sunsoft.dat#4
4780,Genesis Sunsoft,Libra,False,287.44,Moderate,medium,True,blocker;bomber,,fan:lldb-493,Genesis Sunsoft.dat#5
4781,Genesis Sunsoft,Everyone turn left (Part two),False,86.77,Beginner,medium,True,miner,,fan:lldb-493,Genesis Sunsoft.dat#6
4782,Genesis Sunsoft,Is this a circus?,False,239.53,Moderate,medium,True,basher;builder,,fan:lldb-493,Genesis Sunsoft.dat#7
4783,Genesis Sunsoft,Evacuating a coal mine,False,331.06,Tricky,medium,True,basher;builder;climber;miner,,fan:lldb-493,Genesis Sunsoft.dat#8
4784,Genesis Sunsoft,Spiral staircase,False,278.68,Moderate,medium,True,blocker;bomber;builder;digger,,fan:lldb-493,Genesis Sunsoft.dat#9
4785,Genesis Sunsoft,Turn around and look.,False,218.5,Moderate,medium,True,builder;miner,,fan:lldb-493,Genesis Sunsoft.dat#10
4786,Genesis Sunsoft,Water processing plant,False,431.98,Challenging,medium,True,basher;builder;floater;miner;multiple-worker-coordination;release-rate-manipulation,,fan:lldb-493,Genesis Sunsoft.dat#11
4787,Genesis Sunsoft,Doomsday,False,321.34,Tricky,medium,True,blocker;bomber;builder;climber,,fan:lldb-493,Genesis Sunsoft.dat#12
4788,Genesis Sunsoft,No world without you,False,382.47,Tricky,medium,True,basher;builder;climber;digger;multiple-worker-coordination,,fan:lldb-493,Genesis Sunsoft.dat#13
4789,Genesis Sunsoft,Exodus!,False,378.92,Tricky,medium,True,basher;builder;climber;floater;release-rate-manipulation,,fan:lldb-493,Genesis Sunsoft.dat#14
4790,Genesis Sunsoft,Here is Mr.Lemming's house,False,311.52,Tricky,medium,True,basher;blocker;bomber;builder;digger;miner,,fan:lldb-493,Genesis Sunsoft.dat#15
4791,Genesis Sunsoft,Cave quest,False,355.21,Tricky,medium,True,basher;blocker;builder;digger,,fan:lldb-493,Genesis Sunsoft.dat#16
4792,Genesis Sunsoft,SUNSOFT Special,False,389.0,Tricky,medium,True,basher;blocker;bomber;builder;digger;release-rate-manipulation,,fan:lldb-493,Genesis Sunsoft.dat#17
4793,Genesis Sunsoft,Let's go camping.,False,211.4,Moderate,medium,True,builder;digger,,fan:lldb-493,Genesis Sunsoft.dat#18
4794,Genesis Sunsoft,Haunted botanical garden,False,343.01,Tricky,medium,True,builder;digger;miner;multiple-worker-coordination,,fan:lldb-493,Genesis Sunsoft.dat#19
4795,Genesis Sunsoft,Be sure to be a builder.,False,302.66,Tricky,medium,True,basher;blocker;builder;miner,,fan:lldb-493,Genesis Sunsoft.dat#20
4796,Genesis Sunsoft,Watch right or left (Part two),False,357.49,Tricky,medium,True,basher;bomber;builder;digger;release-rate-manipulation,,fan:lldb-493,Genesis Sunsoft.dat#21
4797,Genesis Sunsoft,Move on in two separate groups.,False,421.14,Challenging,medium,True,basher;blocker;builder;multiple-worker-coordination,,fan:lldb-493,Genesis Sunsoft.dat#22
4798,Genesis Sunsoft,"Out, away from the tune",False,340.13,Tricky,medium,True,basher;blocker;bomber;builder,,fan:lldb-493,Genesis Sunsoft.dat#23
4799,Genesis Sunsoft,Stray sheep,False,352.12,Tricky,medium,True,basher;blocker;builder;digger;miner;release-rate-manipulation,,fan:lldb-493,Genesis Sunsoft.dat#24
4800,Genesis Sunsoft,Just a minute (Part Three),False,446.95,Challenging,medium,True,basher;climber;digger;miner;multiple-worker-coordination;release-rate-manipulation,,fan:lldb-493,Genesis Sunsoft.dat#25
4801,Genesis Sunsoft,Two heads are better...,False,265.3,Moderate,medium,True,bomber;climber;floater,,fan:lldb-493,Genesis Sunsoft.dat#26
4802,Genesis Sunsoft,The gate trap Lemmings.,False,425.62,Challenging,medium,True,basher;blocker;builder;digger;multiple-worker-coordination,,fan:lldb-493,Genesis Sunsoft.dat#27
4803,Genesis Sunsoft,I am A.T.,False,232.62,Moderate,medium,True,builder;digger;release-rate-manipulation,,fan:lldb-493,Genesis Sunsoft.dat#28
4804,Genesis Sunsoft,Fall and no life (Part Two),False,513.76,Hard,medium,True,basher;builder;floater;miner;multiple-worker-coordination,,fan:lldb-493,Genesis Sunsoft.dat#29
4805,JANNPCK3,Awaiting the Winter Frost,False,92.3,Beginner,low,True,,,fan:lldb-494,JANNPCK3.DAT#0
4806,JANNPCK3,Lemming of Sorrows,False,106.08,Easy,low,True,,,fan:lldb-494,JANNPCK3.DAT#1
4807,JANNPCK3,Doomed,False,89.5,Beginner,low,True,,,fan:lldb-494,JANNPCK3.DAT#2
4808,JANNPCK3,Forests of Witchery,False,84.65,Beginner,low,True,,,fan:lldb-494,JANNPCK3.DAT#3
4809,JANNPCK3,Awaiting Your Victory,False,95.75,Beginner,low,True,,,fan:lldb-494,JANNPCK3.DAT#4
4810,JANNPCK3,Do it the hard way!,False,102.99,Easy,low,True,,,fan:lldb-494,JANNPCK3.DAT#5
4811,JANNPCK3,Warrior of Ice,False,103.5,Easy,low,True,,,fan:lldb-494,JANNPCK3.DAT#6
4812,JANNPCK3,Not so fast!,False,90.9,Beginner,low,True,,,fan:lldb-494,JANNPCK3.DAT#7
4813,JANNPCK3,Powerslave,False,100.96,Easy,low,True,,,fan:lldb-494,JANNPCK3.DAT#8
4814,JANNPCK3,Z'Ha'Dum,False,117.89,Easy,low,True,,,fan:lldb-494,JANNPCK3.DAT#9
4815,MARTPCK1,A Giant Leap for Lemmingkind,False,95.85,Beginner,low,True,,,fan:lldb-495,MARTPCK1.DAT#0
4816,MARTPCK1,Stairway to Heaven,False,100.25,Easy,low,True,,,fan:lldb-495,MARTPCK1.DAT#1
4817,MARTPCK1,The Pool,False,101.35,Easy,low,True,,,fan:lldb-495,MARTPCK1.DAT#2
4818,MARTPCK1,Can You Dig It?,False,108.25,Easy,low,True,,,fan:lldb-495,MARTPCK1.DAT#3
4819,MARTPCK1,Two Minute Warning,False,106.5,Easy,low,True,,,fan:lldb-495,MARTPCK1.DAT#4
4820,MARTPCK1,The Brick,False,94.83,Beginner,low,True,,,fan:lldb-495,MARTPCK1.DAT#5
4821,MARTPCK1,Crystal Clear Lemmings,False,98.08,Beginner,low,True,,,fan:lldb-495,MARTPCK1.DAT#6
4822,MARTPCK1,Achtung Lemming,False,83.03,Beginner,low,True,,,fan:lldb-495,MARTPCK1.DAT#7
4823,MARTPCK1,Holy Cow!,False,96.9,Beginner,low,True,,,fan:lldb-495,MARTPCK1.DAT#8
4824,MARTPCK1,Episode X - The Phantom Exit,False,90.38,Beginner,low,True,,,fan:lldb-495,MARTPCK1.DAT#9
4825,MARTPCK2,It's Raining Lemmings,False,106.5,Easy,low,True,,,fan:lldb-496,MARTPCK2.DAT#0
4826,MARTPCK2,The China Syndrome,False,68.75,Beginner,low,True,,,fan:lldb-496,MARTPCK2.DAT#1
4827,MARTPCK2,Lemming in a Cone,False,105,Easy,low,True,,,fan:lldb-496,MARTPCK2.DAT#2
4828,MARTPCK2,"Up, Up and Away!",False,89.94,Beginner,low,True,,,fan:lldb-496,MARTPCK2.DAT#3
4829,MARTPCK2,It's a Magical World,False,108.25,Easy,low,True,,,fan:lldb-496,MARTPCK2.DAT#4
4830,MARTPCK2,Lemming Come Back!,False,52.75,Beginner,low,True,,,fan:lldb-496,MARTPCK2.DAT#5
4831,MARTPCK2,Cliffhanger,False,109.65,Easy,low,True,,,fan:lldb-496,MARTPCK2.DAT#6
4832,MARTPCK2,The Only Way is Up,False,108.26,Easy,low,True,,,fan:lldb-496,MARTPCK2.DAT#7
4833,MARTPCK2,Back in a minute...,False,104.75,Easy,low,True,,,fan:lldb-496,MARTPCK2.DAT#8
4834,MARTPCK2,The Lemmyrinth,False,81.5,Beginner,low,True,,,fan:lldb-496,MARTPCK2.DAT#9
4835,MARTPCK3,In the Countree,False,92.25,Beginner,low,True,,,fan:lldb-497,MARTPCK3.DAT#0
4836,MARTPCK3,Level Under Construction,False,94,Beginner,low,True,,,fan:lldb-497,MARTPCK3.DAT#1
4837,MARTPCK3,Stalkers,False,103.25,Easy,low,True,,,fan:lldb-497,MARTPCK3.DAT#2
4838,MARTPCK3,Guess What...,False,89.25,Beginner,low,True,,,fan:lldb-497,MARTPCK3.DAT#3
4839,MARTPCK3,Slave to the Rhythm,False,115.9,Easy,low,True,,,fan:lldb-497,MARTPCK3.DAT#4
4840,MARTPCK3,Deep Deep Down,False,90.75,Beginner,low,True,,,fan:lldb-497,MARTPCK3.DAT#5
4841,MARTPCK3,Four Lemmings and a Funeral,False,87.62,Beginner,low,True,,,fan:lldb-497,MARTPCK3.DAT#6
4842,MARTPCK3,Six Ways to Success (I Guess),False,75.25,Beginner,low,True,,,fan:lldb-497,MARTPCK3.DAT#7
4843,MARTPCK3,Meet & Greet,False,115.9,Easy,low,True,,,fan:lldb-497,MARTPCK3.DAT#8
4844,MARTPCK3,Fallout Boys,False,25.22,Beginner,low,True,,,fan:lldb-497,MARTPCK3.DAT#9
4845,KillerMasters Lemmings 1 Tame,Just Climb Mountain!,False,33.5,Beginner,low,True,,,fan:lldb-505,KillerMaster 1 Tame 1.dat#0
4846,KillerMasters Lemmings 1 Tame,Only Float is Survive,False,33.5,Beginner,low,True,,,fan:lldb-505,KillerMaster 1 Tame 1.dat#1
4847,KillerMasters Lemmings 1 Tame,World Wide Web,False,46.5,Beginner,low,True,,,fan:lldb-505,KillerMaster 1 Tame 1.dat#2
4848,KillerMasters Lemmings 1 Tame,Guard!,False,55.9,Beginner,low,True,,,fan:lldb-505,KillerMaster 1 Tame 1.dat#3
4849,KillerMasters Lemmings 1 Tame,The Broken Stair,False,54.5,Beginner,low,True,,,fan:lldb-505,KillerMaster 1 Tame 1.dat#4
4850,KillerMasters Lemmings 1 Tame,Crush & Crash 1,False,46.5,Beginner,low,True,,,fan:lldb-505,KillerMaster 1 Tame 1.dat#5
4851,KillerMasters Lemmings 1 Tame,Crush & Crash 2,False,54.5,Beginner,low,True,,,fan:lldb-505,KillerMaster 1 Tame 1.dat#6
4852,KillerMasters Lemmings 1 Tame,Crush & Crash 3,False,46.5,Beginner,low,True,,,fan:lldb-505,KillerMaster 1 Tame 1.dat#7
4853,KillerMasters Lemmings 1 Tame,FlameBungee,False,69,Beginner,low,True,,,fan:lldb-505,KillerMaster 1 Tame 1.dat#8
4854,KillerMasters Lemmings 1 Tame,Bomber Rainbow,False,52.75,Beginner,low,True,,,fan:lldb-505,KillerMaster 1 Tame 1.dat#9
4855,KillerMasters Lemmings 1 Tame,Create & Remove Collection,False,52.75,Beginner,low,True,,,fan:lldb-505,KillerMaster 1 Tame 2.dat#0
4856,KillerMasters Lemmings 1 Tame,Exit for Hell!,False,52.75,Beginner,low,True,,,fan:lldb-505,KillerMaster 1 Tame 2.dat#1
4857,KillerMasters Lemmings 1 Tame,Broken Pipe?,False,98.25,Beginner,low,True,,,fan:lldb-505,KillerMaster 1 Tame 2.dat#2
4858,KillerMasters Lemmings 1 Tame,Toy Train,False,90.25,Beginner,low,True,,,fan:lldb-505,KillerMaster 1 Tame 2.dat#3
4859,KillerMasters Lemmings 1 Tame,Hot Dungeon,False,90.25,Beginner,low,True,,,fan:lldb-505,KillerMaster 1 Tame 2.dat#4
4860,KillerMasters Lemmings 1 Tame,I Love Gold,False,98.25,Beginner,low,True,,,fan:lldb-505,KillerMaster 1 Tame 2.dat#5
4861,KillerMasters Lemmings 1 Tame,It's...... FACE??,False,90.25,Beginner,low,True,,,fan:lldb-505,KillerMaster 1 Tame 2.dat#6
4862,KillerMasters Lemmings 1 Tame,Go and Roll(?),False,98.25,Beginner,low,True,,,fan:lldb-505,KillerMaster 1 Tame 2.dat#7
4863,KillerMasters Lemmings 1 Tame,Hole in One,False,98.25,Beginner,low,True,,,fan:lldb-505,KillerMaster 1 Tame 2.dat#8
4864,KillerMasters Lemmings 1 Tame,Genome Project,False,90.25,Beginner,low,True,,,fan:lldb-505,KillerMaster 1 Tame 2.dat#9
4865,KillerMasters Lemmings 1 Crazy,Flame Lake,False,98.25,Beginner,low,True,,,fan:lldb-506,KillerMaster 1 Crazy 1.dat#0
4866,KillerMasters Lemmings 1 Crazy,Space Fighter,False,90.25,Beginner,low,True,,,fan:lldb-506,KillerMaster 1 Crazy 1.dat#1
4867,KillerMasters Lemmings 1 Crazy,Fantasy Underworld,False,92.93,Beginner,low,True,,,fan:lldb-506,KillerMaster 1 Crazy 1.dat#2
4868,KillerMasters Lemmings 1 Crazy,WasteLand,False,99.65,Beginner,low,True,,,fan:lldb-506,KillerMaster 1 Crazy 1.dat#3
4869,KillerMasters Lemmings 1 Crazy,HELP!! IT'S GIANT WORMS!!,False,112.47,Easy,low,True,,,fan:lldb-506,KillerMaster 1 Crazy 1.dat#4
4870,KillerMasters Lemmings 1 Crazy,I don't like death,False,117.3,Easy,low,True,,,fan:lldb-506,KillerMaster 1 Crazy 1.dat#5
4871,KillerMasters Lemmings 1 Crazy,Fire & Flame Aduventure,False,109.18,Easy,low,True,,,fan:lldb-506,KillerMaster 1 Crazy 1.dat#6
4872,KillerMasters Lemmings 1 Crazy,Bone World,False,105.07,Easy,low,True,,,fan:lldb-506,KillerMaster 1 Crazy 1.dat#7
4873,KillerMasters Lemmings 1 Crazy,Let's Play Gyrodrop,False,82.25,Beginner,low,True,,,fan:lldb-506,KillerMaster 1 Crazy 1.dat#8
4874,KillerMasters Lemmings 1 Crazy,Network Hacking!,False,89.95,Beginner,low,True,,,fan:lldb-506,KillerMaster 1 Crazy 1.dat#9
4875,KillerMasters Lemmings 1 Crazy,What is the.. Ghost?,False,98.25,Beginner,low,True,,,fan:lldb-506,KillerMaster 1 Crazy 2.dat#0
4876,KillerMasters Lemmings 1 Crazy,MENACING !!,False,565.1,Hard,medium,True,basher;blocker;builder;climber;digger;miner;multiple-worker-coordination,,fan:lldb-506,KillerMaster 1 Crazy 2.dat#1
4877,KillerMasters Lemmings 1 Crazy,Dying Message....,False,98.38,Beginner,low,True,,,fan:lldb-506,KillerMaster 1 Crazy 2.dat#2
4878,KillerMasters Lemmings 1 Crazy,Operating System,False,95.67,Beginner,low,True,,,fan:lldb-506,KillerMaster 1 Crazy 2.dat#3
4879,KillerMasters Lemmings 1 Crazy,In the Cave,False,107.78,Easy,low,True,,,fan:lldb-506,KillerMaster 1 Crazy 2.dat#4
4880,KillerMasters Lemmings 1 Crazy,Altar of Flame,False,118.7,Easy,low,True,,,fan:lldb-506,KillerMaster 1 Crazy 2.dat#5
4881,KillerMasters Lemmings 1 Crazy,Giant V,False,97.98,Beginner,low,True,,,fan:lldb-506,KillerMaster 1 Crazy 2.dat#6
4882,KillerMasters Lemmings 1 Crazy,Top of Mountain,False,101.62,Easy,low,True,,,fan:lldb-506,KillerMaster 1 Crazy 2.dat#7
4883,KillerMasters Lemmings 1 Crazy,Secret Gate,False,98.38,Beginner,low,True,,,fan:lldb-506,KillerMaster 1 Crazy 2.dat#8
4884,KillerMasters Lemmings 1 Crazy,Hell's Livingroom,False,96.4,Beginner,low,True,,,fan:lldb-506,KillerMaster 1 Crazy 2.dat#9
4885,KillerMasters Lemmings 1 Wild,I Lost Something,False,82.3,Beginner,low,True,,,fan:lldb-507,KillerMaster 1 Wild 1.dat#0
4886,KillerMasters Lemmings 1 Wild,HELP ME!!,False,111.84,Easy,low,True,,,fan:lldb-507,KillerMaster 1 Wild 1.dat#1
4887,KillerMasters Lemmings 1 Wild,I want to go Right......,False,62.75,Beginner,low,True,,,fan:lldb-507,KillerMaster 1 Wild 1.dat#2
4888,KillerMasters Lemmings 1 Wild,Hell Lamp,False,92.08,Beginner,low,True,,,fan:lldb-507,KillerMaster 1 Wild 1.dat#3
4889,KillerMasters Lemmings 1 Wild,Playing Underground,False,90.9,Beginner,low,True,,,fan:lldb-507,KillerMaster 1 Wild 1.dat#4
4890,KillerMasters Lemmings 1 Wild,Where is Really Exit?,False,77,Beginner,low,True,,,fan:lldb-507,KillerMaster 1 Wild 1.dat#5
4891,KillerMasters Lemmings 1 Wild,A Beast of a level,False,325.32,Tricky,medium,True,basher;blocker;builder;digger;miner,,fan:lldb-507,KillerMaster 1 Wild 1.dat#6
4892,KillerMasters Lemmings 1 Wild,What is the Lemming Soup,False,75.78,Beginner,low,True,,,fan:lldb-507,KillerMaster 1 Wild 1.dat#7
4893,KillerMasters Lemmings 1 Wild,Infreno Bakery,False,87.88,Beginner,low,True,,,fan:lldb-507,KillerMaster 1 Wild 1.dat#8
4894,KillerMasters Lemmings 1 Wild,Let's Bungee,False,83.25,Beginner,low,True,,,fan:lldb-507,KillerMaster 1 Wild 1.dat#9
4895,KillerMasters Lemmings 1 Wild,The Goonies,False,92.3,Beginner,low,True,,,fan:lldb-507,KillerMaster 1 Wild 2.dat#0
4896,KillerMasters Lemmings 1 Wild,Play Music with Lemming,False,86.67,Beginner,low,True,,,fan:lldb-507,KillerMaster 1 Wild 2.dat#1
4897,KillerMasters Lemmings 1 Wild,Hunting Graveyard,False,58.84,Beginner,low,True,,,fan:lldb-507,KillerMaster 1 Wild 2.dat#2
4898,KillerMasters Lemmings 1 Wild,How we get there?,False,77.86,Beginner,low,True,,,fan:lldb-507,KillerMaster 1 Wild 2.dat#3
4899,KillerMasters Lemmings 1 Wild,Wooden Maze,False,68.45,Beginner,low,True,,,fan:lldb-507,KillerMaster 1 Wild 2.dat#4
4900,KillerMasters Lemmings 1 Wild,A BeastII of a level,False,450.37,Challenging,medium,True,basher;builder;climber;digger;miner,,fan:lldb-507,KillerMaster 1 Wild 2.dat#5
4901,KillerMasters Lemmings 1 Wild,The Best of website is......,False,62.75,Beginner,low,True,,,fan:lldb-507,KillerMaster 1 Wild 2.dat#6
4902,KillerMasters Lemmings 1 Wild,Where am I....???,False,98.38,Beginner,low,True,,,fan:lldb-507,KillerMaster 1 Wild 2.dat#7
4903,KillerMasters Lemmings 1 Wild,Cyborglem Lab,False,80.1,Beginner,low,True,,,fan:lldb-507,KillerMaster 1 Wild 2.dat#8
4904,KillerMasters Lemmings 1 Wild,Go to Wicked!!,False,69,Beginner,low,True,,,fan:lldb-507,KillerMaster 1 Wild 2.dat#9
4905,KillerMasters Lemmings 1 Wicked,"Welcome to New World, Wicked.",False,48.25,Beginner,low,True,,,fan:lldb-508,KillerMaster 1 Wicked 1.dat#0
4906,KillerMasters Lemmings 1 Wicked,Left need Help,False,76.53,Beginner,low,True,,,fan:lldb-508,KillerMaster 1 Wicked 1.dat#1
4907,KillerMasters Lemmings 1 Wicked,Funtopia,False,69,Beginner,low,True,,,fan:lldb-508,KillerMaster 1 Wicked 1.dat#2
4908,KillerMasters Lemmings 1 Wicked,Type this Word!,False,74.25,Beginner,low,True,,,fan:lldb-508,KillerMaster 1 Wicked 1.dat#3
4909,KillerMasters Lemmings 1 Wicked,FunnyTopia,False,78.4,Beginner,low,True,,,fan:lldb-508,KillerMaster 1 Wicked 1.dat#4
4910,KillerMasters Lemmings 1 Wicked,****ing Word!!,False,114.5,Easy,low,True,,,fan:lldb-508,KillerMaster 1 Wicked 1.dat#5
4911,KillerMasters Lemmings 1 Wicked,Ice Spike,False,75.25,Beginner,low,True,,,fan:lldb-508,KillerMaster 1 Wicked 1.dat#6
4912,KillerMasters Lemmings 1 Wicked,Build Block,False,61.94,Beginner,low,True,,,fan:lldb-508,KillerMaster 1 Wicked 1.dat#7
4913,KillerMasters Lemmings 1 Wicked,K' Zadam's Toy,False,87.88,Beginner,low,True,,,fan:lldb-508,KillerMaster 1 Wicked 1.dat#8
4914,KillerMasters Lemmings 1 Wicked,Lemming COMBO,False,65.12,Beginner,low,True,,,fan:lldb-508,KillerMaster 1 Wicked 1.dat#9
4915,KillerMasters Lemmings 1 Wicked,Cheer Up! Going to Victory,False,83.25,Beginner,low,True,,,fan:lldb-508,KillerMaster 1 Wicked 2.dat#0
4916,KillerMasters Lemmings 1 Wicked,Wow! It's a Bubble Land!,False,82.44,Beginner,low,True,,,fan:lldb-508,KillerMaster 1 Wicked 2.dat#1
4917,KillerMasters Lemmings 1 Wicked,Take a Rest - Tea Time,False,79.8,Beginner,low,True,,,fan:lldb-508,KillerMaster 1 Wicked 2.dat#2
4918,KillerMasters Lemmings 1 Wicked,Unknown Plain,False,73.5,Beginner,low,True,,,fan:lldb-508,KillerMaster 1 Wicked 2.dat#3
4919,KillerMasters Lemmings 1 Wicked,The Gradius,False,84.65,Beginner,low,True,,,fan:lldb-508,KillerMaster 1 Wicked 2.dat#4
4920,KillerMasters Lemmings 1 Wicked,Armageddon!!,False,35.25,Beginner,low,True,,,fan:lldb-508,KillerMaster 1 Wicked 2.dat#5
4921,KillerMasters Lemmings 1 Wicked,Currupt Tree,False,61,Beginner,low,True,,,fan:lldb-508,KillerMaster 1 Wicked 2.dat#6
4922,KillerMasters Lemmings 1 Wicked,Frozen Prison,False,65.1,Beginner,low,True,,,fan:lldb-508,KillerMaster 1 Wicked 2.dat#7
4923,KillerMasters Lemmings 1 Wicked,Hell Castle,False,81.2,Beginner,low,True,,,fan:lldb-508,KillerMaster 1 Wicked 2.dat#8
4924,KillerMasters Lemmings 1 Wicked,Go to HAVOC!,False,77,Beginner,low,True,,,fan:lldb-508,KillerMaster 1 Wicked 2.dat#9
4925,KillerMasters Lemmings 1 Havoc,You going to Lemming Master,False,108.25,Easy,low,True,,,fan:lldb-509,KillerMaster 1 Havoc 1.dat#0
4926,KillerMasters Lemmings 1 Havoc,Do you Remember this Stage?,False,84.65,Beginner,low,True,,,fan:lldb-509,KillerMaster 1 Havoc 1.dat#1
4927,KillerMasters Lemmings 1 Havoc,Broken Toy Train! Quickly!,False,75.25,Beginner,low,True,,,fan:lldb-509,KillerMaster 1 Havoc 1.dat#2
4928,KillerMasters Lemmings 1 Havoc,Broken Pipe is Repairing...,False,60.75,Beginner,low,True,,,fan:lldb-509,KillerMaster 1 Havoc 1.dat#3
4929,KillerMasters Lemmings 1 Havoc,Never Lemmings Play Bungee,False,89.5,Beginner,low,True,,,fan:lldb-509,KillerMaster 1 Havoc 1.dat#4
4930,KillerMasters Lemmings 1 Havoc,Impossible Climb Mountain!,False,80.42,Beginner,low,True,,,fan:lldb-509,KillerMaster 1 Havoc 1.dat#5
4931,KillerMasters Lemmings 1 Havoc,Hell's Livingroom - Part 2,False,86.05,Beginner,low,True,,,fan:lldb-509,KillerMaster 1 Havoc 1.dat#6
4932,KillerMasters Lemmings 1 Havoc,We always need time?,False,95.67,Beginner,low,True,,,fan:lldb-509,KillerMaster 1 Havoc 1.dat#7
4933,KillerMasters Lemmings 1 Havoc,Dark Cloud of Snow Joker,False,95.1,Beginner,low,True,,,fan:lldb-509,KillerMaster 1 Havoc 1.dat#8
4934,KillerMasters Lemmings 1 Havoc,TrashLand,False,103.4,Easy,low,True,,,fan:lldb-509,KillerMaster 1 Havoc 1.dat#9
4935,KillerMasters Lemmings 1 Havoc,"Only, Only Lucky Play",False,91.49,Beginner,low,True,,,fan:lldb-509,KillerMaster 1 Havoc 2.dat#0
4936,KillerMasters Lemmings 1 Havoc,Make a Best - Click Time,False,84.65,Beginner,low,True,,,fan:lldb-509,KillerMaster 1 Havoc 2.dat#1
4937,KillerMasters Lemmings 1 Havoc,Black Hall for Lemmings,False,73.93,Beginner,low,True,,,fan:lldb-509,KillerMaster 1 Havoc 2.dat#2
4938,KillerMasters Lemmings 1 Havoc,Emerald Mountain,False,95.1,Beginner,low,True,,,fan:lldb-509,KillerMaster 1 Havoc 2.dat#3
4939,KillerMasters Lemmings 1 Havoc,"It's not Ghost. Then, What?",False,74.56,Beginner,low,True,,,fan:lldb-509,KillerMaster 1 Havoc 2.dat#4
4940,KillerMasters Lemmings 1 Havoc,Infernal Flame Prison,False,98.55,Beginner,low,True,,,fan:lldb-509,KillerMaster 1 Havoc 2.dat#5
4941,KillerMasters Lemmings 1 Havoc,New Message -From KillerMaster-,False,69,Beginner,low,True,,,fan:lldb-509,KillerMaster 1 Havoc 2.dat#6
4942,KillerMasters Lemmings 1 Havoc,Choose your lucky PASSWORD!,False,90.5,Beginner,low,True,,,fan:lldb-509,KillerMaster 1 Havoc 2.dat#7
4943,KillerMasters Lemmings 1 Havoc,Final Test. Victory of Failed?,False,113.87,Easy,low,True,,,fan:lldb-509,KillerMaster 1 Havoc 2.dat#8
4944,KillerMasters Lemmings 1 Havoc,CONGRATULATIONS! ALL CLEAR!,False,106.5,Easy,low,True,,,fan:lldb-509,KillerMaster 1 Havoc 2.dat#9
4945,KillerMasters Lemmings 2 Tame,Welcome Back!,False,99.65,Beginner,low,True,,,fan:lldb-510,KillerMaster 2 Tame 1.dat#0
4946,KillerMasters Lemmings 2 Tame,Virus Rush,False,98.25,Beginner,low,True,,,fan:lldb-510,KillerMaster 2 Tame 1.dat#1
4947,KillerMasters Lemmings 2 Tame,We want to escape!,False,90.25,Beginner,low,True,,,fan:lldb-510,KillerMaster 2 Tame 1.dat#2
4948,KillerMasters Lemmings 2 Tame,Egypt's Trap,False,101.05,Easy,low,True,,,fan:lldb-510,KillerMaster 2 Tame 1.dat#3
4949,KillerMasters Lemmings 2 Tame,Double Lemmings,False,99.65,Beginner,low,True,,,fan:lldb-510,KillerMaster 2 Tame 1.dat#4
4950,KillerMasters Lemmings 2 Tame,Rock and Lock,False,98.25,Beginner,low,True,,,fan:lldb-510,KillerMaster 2 Tame 1.dat#5
4951,KillerMasters Lemmings 2 Tame,Strange Trees,False,82.25,Beginner,low,True,,,fan:lldb-510,KillerMaster 2 Tame 1.dat#6
4952,KillerMasters Lemmings 2 Tame,It's easy? Well...,False,102.45,Easy,low,True,,,fan:lldb-510,KillerMaster 2 Tame 1.dat#7
4953,KillerMasters Lemmings 2 Tame,A Crystal Mine!,False,98.25,Beginner,low,True,,,fan:lldb-510,KillerMaster 2 Tame 1.dat#8
4954,KillerMasters Lemmings 2 Tame,Lemmings in the Fire,False,98.25,Beginner,low,True,,,fan:lldb-510,KillerMaster 2 Tame 1.dat#9
4955,KillerMasters Lemmings 2 Tame,Flaoting Paradise,False,98.25,Beginner,low,True,,,fan:lldb-510,KillerMaster 2 Tame 2.dat#0
4956,KillerMasters Lemmings 2 Tame,Lemming's Totem,False,98.25,Beginner,low,True,,,fan:lldb-510,KillerMaster 2 Tame 2.dat#1
4957,KillerMasters Lemmings 2 Tame,Seeing is NOT Believing (Part1),False,99.65,Beginner,low,True,,,fan:lldb-510,KillerMaster 2 Tame 2.dat#2
4958,KillerMasters Lemmings 2 Tame,Seeing is NOT Believing (Part2),False,98.25,Beginner,low,True,,,fan:lldb-510,KillerMaster 2 Tame 2.dat#3
4959,KillerMasters Lemmings 2 Tame,Ready to Drop!,False,90.25,Beginner,low,True,,,fan:lldb-510,KillerMaster 2 Tame 2.dat#4
4960,KillerMasters Lemmings 2 Tame,Screen is NOT all,False,90.25,Beginner,low,True,,,fan:lldb-510,KillerMaster 2 Tame 2.dat#5
4961,KillerMasters Lemmings 2 Tame,Seeing is NOT Believing (Part3),False,114.5,Easy,low,True,,,fan:lldb-510,KillerMaster 2 Tame 2.dat#6
4962,KillerMasters Lemmings 2 Tame,Ancient Egypt Lemmings,False,90.25,Beginner,low,True,,,fan:lldb-510,KillerMaster 2 Tame 2.dat#7
4963,KillerMasters Lemmings 2 Tame,Spider Nest,False,90.25,Beginner,low,True,,,fan:lldb-510,KillerMaster 2 Tame 2.dat#8
4964,KillerMasters Lemmings 2 Tame,Lemmings Air Strike!!!,False,103.67,Easy,low,True,,,fan:lldb-510,KillerMaster 2 Tame 2.dat#9
4965,KillerMasters Lemmings 2 Crazy,Snowman's Mountain,False,88.6,Beginner,low,True,,,fan:lldb-511,KillerMaster 2 Crazy 1.dat#0
4966,KillerMasters Lemmings 2 Crazy,Black Hawk Down,False,117.3,Easy,low,True,,,fan:lldb-511,KillerMaster 2 Crazy 1.dat#1
4967,KillerMasters Lemmings 2 Crazy,Exit is Next Door,False,86.94,Beginner,low,True,,,fan:lldb-511,KillerMaster 2 Crazy 1.dat#2
4968,KillerMasters Lemmings 2 Crazy,Seeing is NOT Believing (Part4),False,114.5,Easy,low,True,,,fan:lldb-511,KillerMaster 2 Crazy 1.dat#3
4969,KillerMasters Lemmings 2 Crazy,THE TIME HAS COME!,False,96.5,Beginner,low,True,,,fan:lldb-511,KillerMaster 2 Crazy 1.dat#4
4970,KillerMasters Lemmings 2 Crazy,Lemmings die?,False,84.65,Beginner,low,True,,,fan:lldb-511,KillerMaster 2 Crazy 1.dat#5
4971,KillerMasters Lemmings 2 Crazy,Bungeeeeeeeeeeeeeeeeeeeeeeeeee!,False,58.88,Beginner,low,True,,,fan:lldb-511,KillerMaster 2 Crazy 1.dat#6
4972,KillerMasters Lemmings 2 Crazy,Sawmill,False,94.12,Beginner,low,True,,,fan:lldb-511,KillerMaster 2 Crazy 1.dat#7
4973,KillerMasters Lemmings 2 Crazy,"Sweet, Sweet Home",False,85.4,Beginner,low,True,,,fan:lldb-511,KillerMaster 2 Crazy 1.dat#8
4974,KillerMasters Lemmings 2 Crazy,Seeing is NOT Believing (Part5),False,77.99,Beginner,low,True,,,fan:lldb-511,KillerMaster 2 Crazy 1.dat#9
4975,KillerMasters Lemmings 2 Crazy,The Thinnest Column,False,39.75,Beginner,low,True,,,fan:lldb-511,KillerMaster 2 Crazy 2.dat#0
4976,KillerMasters Lemmings 2 Crazy,TOO NARROW!!,False,77,Beginner,low,True,,,fan:lldb-511,KillerMaster 2 Crazy 2.dat#1
4977,KillerMasters Lemmings 2 Crazy,Something Must Need,False,76.72,Beginner,low,True,,,fan:lldb-511,KillerMaster 2 Crazy 2.dat#2
4978,ssam1221s Lemmings Tame,Warming Up,False,62.75,Beginner,low,True,,,fan:lldb-512,ssam1221 Tame 1.dat#0
4979,ssam1221s Lemmings Tame,Sacrifice,False,47.75,Beginner,low,True,,,fan:lldb-512,ssam1221 Tame 1.dat#1
4980,ssam1221s Lemmings Tame,Inferno can wait (we hope!!!!),False,41.35,Beginner,low,True,,,fan:lldb-512,ssam1221 Tame 1.dat#2
4981,ssam1221s Lemmings Tame,One more....,False,61.94,Beginner,low,True,,,fan:lldb-512,ssam1221 Tame 1.dat#3
4982,ssam1221s Lemmings Tame,PoP YoR BoTtOm!!!,False,71.65,Beginner,low,True,,,fan:lldb-512,ssam1221 Tame 1.dat#4
4983,ssam1221s Lemmings Tame,The door to GOP,False,63.17,Beginner,low,True,,,fan:lldb-512,ssam1221 Tame 1.dat#5
4984,ssam1221s Lemmings Tame,ROCKY XI,False,52.75,Beginner,low,True,,,fan:lldb-512,ssam1221 Tame 1.dat#6
4985,ssam1221s Lemmings Tame,LemEdit generated Level,False,90.25,Beginner,low,True,,,fan:lldb-512,ssam1221 Tame 1.dat#7
4986,ssam1221s Lemmings Tame,"Create ""Nothing"" to ""Existence""",False,54.62,Beginner,low,True,,,fan:lldb-512,ssam1221 Tame 1.dat#8
4987,ssam1221s Lemmings Tame,Something Wrong....,False,46.06,Beginner,low,True,,,fan:lldb-512,ssam1221 Tame 1.dat#9
4988,ssam1221s Lemmings Tame,Not as Compilcated as it looks?,False,62.75,Beginner,low,True,,,fan:lldb-512,ssam1221 Tame 2.dat#0
4989,ssam1221s Lemmings Tame,He needs to build time,False,77,Beginner,low,True,,,fan:lldb-512,ssam1221 Tame 2.dat#1
4990,ssam1221s Lemmings Tame,Natural Refrigerator,False,95.75,Beginner,low,True,,,fan:lldb-512,ssam1221 Tame 2.dat#2
4991,ssam1221s Lemmings Tame,Go Behind and Look for Exit,False,74.34,Beginner,low,True,,,fan:lldb-512,ssam1221 Tame 2.dat#3
4992,ssam1221s Lemmings Tame,More than half to be Saved,False,81.5,Beginner,low,True,,,fan:lldb-512,ssam1221 Tame 2.dat#4
4993,ssam1221s Lemmings Tame,JAILBREAK!!!!,False,92.3,Beginner,low,True,,,fan:lldb-512,ssam1221 Tame 2.dat#5
4994,ssam1221s Lemmings Tame,Mission : TNT EXPLOSION,False,93.58,Beginner,low,True,,,fan:lldb-512,ssam1221 Tame 2.dat#6
4995,ssam1221s Lemmings Tame,EXIT : Next Room,False,108.25,Easy,low,True,,,fan:lldb-512,ssam1221 Tame 2.dat#7
4996,ssam1221s Lemmings Tame,Rescue Ranger,False,83.25,Beginner,low,True,,,fan:lldb-512,ssam1221 Tame 2.dat#8
4997,ssam1221s Lemmings Tame,You have various tools!,False,85.84,Beginner,low,True,,,fan:lldb-512,ssam1221 Tame 2.dat#9
4998,ssam1221s Lemmings Crazy,Avalanche!,False,90.09,Beginner,low,True,,,fan:lldb-513,ssam1221 Crazy 1.dat#0
4999,ssam1221s Lemmings Crazy,Bridges of Crows and Magpies,False,97.15,Beginner,low,True,,,fan:lldb-513,ssam1221 Crazy 1.dat#1
5000,ssam1221s Lemmings Crazy,A Harmonious Lemmings Life,False,88.85,Beginner,low,True,,,fan:lldb-513,ssam1221 Crazy 1.dat#2
5001,ssam1221s Lemmings Crazy,100% To Be Saved... Possible?,False,114.5,Easy,low,True,,,fan:lldb-513,ssam1221 Crazy 1.dat#3
5002,ssam1221s Lemmings Crazy,"Honey, I Killed The Lemmings",False,79.55,Beginner,low,True,,,fan:lldb-513,ssam1221 Crazy 1.dat#4
5003,ssam1221s Lemmings Crazy,Burning Head Lemmings,False,84.43,Beginner,low,True,,,fan:lldb-513,ssam1221 Crazy 1.dat#5
5004,ssam1221s Lemmings Crazy,An Unstoppable Force,False,69,Beginner,low,True,,,fan:lldb-513,ssam1221 Crazy 1.dat#6
5005,ssam1221s Lemmings Crazy,Boiler Room,False,95.5,Beginner,low,True,,,fan:lldb-513,ssam1221 Crazy 1.dat#7
5006,ssam1221s Lemmings Crazy,Minecremming,False,74.44,Beginner,low,True,,,fan:lldb-513,ssam1221 Crazy 1.dat#8
5007,ssam1221s Lemmings Crazy,?,False,73.38,Beginner,low,True,,,fan:lldb-513,ssam1221 Crazy 1.dat#9
5008,ssam1221s Lemmings Crazy,LemZIP 8.2,False,61.67,Beginner,low,True,,,fan:lldb-513,ssam1221 Crazy 2.dat#0
5009,ssam1221s Lemmings Crazy,Test Mice's Maze,False,69.94,Beginner,low,True,,,fan:lldb-513,ssam1221 Crazy 2.dat#1
5010,ssam1221s Lemmings Crazy,Origin of Gaia,False,90.9,Beginner,low,True,,,fan:lldb-513,ssam1221 Crazy 2.dat#2
5011,ssam1221s Lemmings Crazy,"No Dream, No Hope",False,107.78,Easy,low,True,,,fan:lldb-513,ssam1221 Crazy 2.dat#3
5012,ssam1221s Lemmings Crazy,Trash Facility,False,93.46,Beginner,low,True,,,fan:lldb-513,ssam1221 Crazy 2.dat#4
5013,ssam1221s Lemmings Crazy,Slug Fortress,False,92.3,Beginner,low,True,,,fan:lldb-513,ssam1221 Crazy 2.dat#5
5014,ssam1221s Lemmings Crazy,He needs to build time (Part 2),False,77,Beginner,low,True,,,fan:lldb-513,ssam1221 Crazy 2.dat#6
5015,ssam1221s Lemmings Crazy,Dizzy Trouble,False,50.8,Beginner,low,True,,,fan:lldb-513,ssam1221 Crazy 2.dat#7
5016,ssam1221s Lemmings Crazy,Let's punch out!!,False,64.94,Beginner,low,True,,,fan:lldb-513,ssam1221 Crazy 2.dat#8
5017,ssam1221s Lemmings Crazy,The Chosen One,False,51.16,Beginner,low,True,,,fan:lldb-513,ssam1221 Crazy 2.dat#9
5018,ssam1221s Lemmings Wild,4-Way Problem,False,78.4,Beginner,low,True,,,fan:lldb-514,ssam1221 Wild 1.dat#0
5019,ssam1221s Lemmings Wild,The Yetilem's Lair,False,83.25,Beginner,low,True,,,fan:lldb-514,ssam1221 Wild 1.dat#1
5020,ssam1221s Lemmings Wild,Your time is up!,False,101.22,Easy,low,True,,,fan:lldb-514,ssam1221 Wild 1.dat#2
5021,ssam1221s Lemmings Wild,Infernal Totem,False,104.9,Easy,low,True,,,fan:lldb-514,ssam1221 Wild 1.dat#3
5022,ssam1221s Lemmings Wild,ssam1221 wild 1.dat 5,False,19.25,Beginner,low,True,,,fan:lldb-514,ssam1221 Wild 1.dat#4
5023,ssam1221s Lemmings Wild,Hot Jumping Snowman,False,99.95,Beginner,low,True,,,fan:lldb-514,ssam1221 Wild 1.dat#5
5024,ssam1221s Lemmings Wild,Brick Mountain,False,90.9,Beginner,low,True,,,fan:lldb-514,ssam1221 Wild 1.dat#6
5025,ssam1221s Lemmings Wild,Poor Construction,False,77,Beginner,low,True,,,fan:lldb-514,ssam1221 Wild 1.dat#7
5026,ssam1221s Lemmings Wild,It's Tasting Time!,False,66.75,Beginner,low,True,,,fan:lldb-514,ssam1221 Wild 1.dat#8
5027,ssam1221s Lemmings Wild,It's Lemmy Day,False,122.9,Easy,low,True,,,fan:lldb-514,ssam1221 Wild 1.dat#9
5028,ssam1221s Lemmings Wild,Lem-Thermoelectric Power Plant,False,102.72,Easy,low,True,,,fan:lldb-514,ssam1221 Wild 2.dat#0
5029,ssam1221s Lemmings Wild,Flying DutchLem,False,69,Beginner,low,True,,,fan:lldb-514,ssam1221 Wild 2.dat#1
5030,ssam1221s Lemmings Wild,No Problemming!,False,39.75,Beginner,low,True,,,fan:lldb-514,ssam1221 Wild 2.dat#2
5031,ssam1221s Lemmings Wild,Bad command or file name,False,74.5,Beginner,low,True,,,fan:lldb-514,ssam1221 Wild 2.dat#3
5032,ssam1221s Lemmings Wild,Go Behind and Look for Exit (2),False,78.4,Beginner,low,True,,,fan:lldb-514,ssam1221 Wild 2.dat#4
5033,ssam1221s Lemmings Wild,"Again, Your time is up!",False,105.69,Easy,low,True,,,fan:lldb-514,ssam1221 Wild 2.dat#5
5034,ssam1221s Lemmings Wild,Law Abiding Lemizen,False,70.75,Beginner,low,True,,,fan:lldb-514,ssam1221 Wild 2.dat#6
5035,ssam1221s Lemmings Wild,Lemming Convevor belt,False,89.5,Beginner,low,True,,,fan:lldb-514,ssam1221 Wild 2.dat#7
5036,ssam1221s Lemmings Wild,You need bashers this time,False,79.06,Beginner,low,True,,,fan:lldb-514,ssam1221 Wild 2.dat#8
5037,ssam1221s Lemmings Wild,"Finally, Your time is up!",False,100.25,Easy,low,True,,,fan:lldb-514,ssam1221 Wild 2.dat#9
5038,ssam1221s Lemmings Wicked,Lemmings 2: The Platformers,False,83.25,Beginner,low,True,,,fan:lldb-515,ssam1221 Wicked 1.dat#0
5039,ssam1221s Lemmings Wicked,return 50;,False,87.75,Beginner,low,True,,,fan:lldb-515,ssam1221 Wicked 1.dat#1
5040,ssam1221s Lemmings Wicked,Steel blocks are not perfect...,False,102,Easy,low,True,,,fan:lldb-515,ssam1221 Wicked 1.dat#2
5041,ssam1221s Lemmings Wicked,He needs to build time (Part 3),False,76.5,Beginner,low,True,,,fan:lldb-515,ssam1221 Wicked 1.dat#3
5042,ssam1221s Lemmings Wicked,Keep your hair on Ms. Lemming,False,83.25,Beginner,low,True,,,fan:lldb-515,ssam1221 Wicked 1.dat#4
5043,ssam1221s Lemmings Wicked,Just Dig......?,False,68.15,Beginner,low,True,,,fan:lldb-515,ssam1221 Wicked 1.dat#5
5044,ssam1221s Lemmings Wicked,Simple complexity,False,109.62,Easy,low,True,,,fan:lldb-515,ssam1221 Wicked 1.dat#6
5045,ssam1221s Lemmings Wicked,Lemmings of Persia,False,106.5,Easy,low,True,,,fan:lldb-515,ssam1221 Wicked 1.dat#7
5046,ssam1221s Lemmings Wicked,"You need ""BASHERS"" this time",False,83.69,Beginner,low,True,,,fan:lldb-515,ssam1221 Wicked 1.dat#8
5047,ssam1221s Lemmings Wicked,The Messiah Returns,False,105.69,Easy,low,True,,,fan:lldb-515,ssam1221 Wicked 1.dat#9
5048,ssam1221s Lemmings Wicked,"Let's use ""B(uilder)""asher",False,79.15,Beginner,low,True,,,fan:lldb-515,ssam1221 Wicked 2.dat#0
5049,ssam1221s Lemmings Wicked,Lemmings Get Lost in Afterlife,False,62.75,Beginner,low,True,,,fan:lldb-515,ssam1221 Wicked 2.dat#1
5050,ssam1221s Lemmings Wicked,Need Lemming's Unification,False,89.5,Beginner,low,True,,,fan:lldb-515,ssam1221 Wicked 2.dat#2
5051,ssam1221s Lemmings Wicked,Virus in Network,False,78,Beginner,low,True,,,fan:lldb-515,ssam1221 Wicked 2.dat#3
5052,ssam1221s Lemmings Wicked,A Wonderful Art by Artist Lem,False,67.25,Beginner,low,True,,,fan:lldb-515,ssam1221 Wicked 2.dat#4
5053,ssam1221s Lemmings Wicked,The Recycled Stack,False,73.62,Beginner,low,True,,,fan:lldb-515,ssam1221 Wicked 2.dat#5
5054,ssam1221s Lemmings Wicked,Death Island Zone,False,92.05,Beginner,low,True,,,fan:lldb-515,ssam1221 Wicked 2.dat#6
5055,ssam1221s Lemmings Wicked,He needs to build time (Part 4),False,81.62,Beginner,low,True,,,fan:lldb-515,ssam1221 Wicked 2.dat#7
5056,ssam1221s Lemmings Wicked,Simpler complexity,False,98.25,Beginner,low,True,,,fan:lldb-515,ssam1221 Wicked 2.dat#8
5057,Van Clan Tame,Bash This!,False,46.5,Beginner,low,True,,,fan:lldb-517,Van Clan Tame 1.dat#0
5058,Van Clan Tame,Just Float!,False,62.75,Beginner,low,True,,,fan:lldb-517,Van Clan Tame 1.dat#1
5059,Van Clan Tame,Bomberman,False,46.5,Beginner,low,True,,,fan:lldb-517,Van Clan Tame 1.dat#2
5060,Van Clan Tame,Up Up UP They Go,False,46.5,Beginner,low,True,,,fan:lldb-517,Van Clan Tame 1.dat#3
5061,Van Clan Tame,Slanted Bashers,False,46.5,Beginner,low,True,,,fan:lldb-517,Van Clan Tame 1.dat#4
5062,Van Clan Tame,Step By Step Guide To Building,False,46.5,Beginner,low,True,,,fan:lldb-517,Van Clan Tame 1.dat#5
5063,Van Clan Tame,Just Like Blockwork,False,46.5,Beginner,low,True,,,fan:lldb-517,Van Clan Tame 1.dat#6
5064,Van Clan Tame,Wombat Hollow,False,46.5,Beginner,low,True,,,fan:lldb-517,Van Clan Tame 1.dat#7
5065,Van Clan Tame,V For Vendetta,False,90.25,Beginner,low,True,,,fan:lldb-517,Van Clan Tame 1.dat#8
5066,Van Clan Tame,Merry Lemmings,False,94.44,Beginner,low,True,,,fan:lldb-517,Van Clan Tame 1.dat#9
5067,Van Clan Tame,It Takes Two To Tango,False,90.25,Beginner,low,True,,,fan:lldb-517,Van Clan Tame 2.dat#0
5068,Van Clan Tame,Tower Of Lemmings,False,100,Easy,low,True,,,fan:lldb-517,Van Clan Tame 2.dat#1
5069,Van Clan Tame,Pipe Dream,False,90.25,Beginner,low,True,,,fan:lldb-517,Van Clan Tame 2.dat#2
5070,Van Clan Tame,The Green Mile,False,82.25,Beginner,low,True,,,fan:lldb-517,Van Clan Tame 2.dat#3
5071,Van Clan Tame,Under The Bridge,False,99.65,Beginner,low,True,,,fan:lldb-517,Van Clan Tame 2.dat#4
5072,Van Clan Tame,A Builders Job Is Never Done,False,90.25,Beginner,low,True,,,fan:lldb-517,Van Clan Tame 2.dat#5
5073,Van Clan Tame,You Want Me To Go Where???,False,98.38,Beginner,low,True,,,fan:lldb-517,Van Clan Tame 2.dat#6
5074,Van Clan Tame,Follow The Yellow Brick Road,False,90.25,Beginner,low,True,,,fan:lldb-517,Van Clan Tame 2.dat#7
5075,Van Clan Tame,X-Lems,False,90.25,Beginner,low,True,,,fan:lldb-517,Van Clan Tame 2.dat#8
5076,Van Clan Tame,Frostbite,False,90.25,Beginner,low,True,,,fan:lldb-517,Van Clan Tame 2.dat#9
5077,Van Clan Crazy,Sydney Harbour Bridge,False,106.5,Easy,low,True,,,fan:lldb-518,Van Clan Crazy 1.dat#0
5078,Van Clan Crazy,Ripping Out The Floor,False,69,Beginner,low,True,,,fan:lldb-518,Van Clan Crazy 1.dat#1
5079,Van Clan Crazy,Valley Of Fire,False,81.95,Beginner,low,True,,,fan:lldb-518,Van Clan Crazy 1.dat#2
5080,Van Clan Crazy,Lemmings Roastin On An Open Fire,False,118.29,Easy,low,True,,,fan:lldb-518,Van Clan Crazy 1.dat#3
5081,Van Clan Crazy,Down Under,False,57.75,Beginner,low,True,,,fan:lldb-518,Van Clan Crazy 1.dat#4
5082,Van Clan Crazy,Winter Wonderland,False,114.09,Easy,low,True,,,fan:lldb-518,Van Clan Crazy 1.dat#5
5083,Van Clan Crazy,Einy Meenie Mieny Moe,False,85.72,Beginner,low,True,,,fan:lldb-518,Van Clan Crazy 1.dat#6
5084,Van Clan Crazy,What A Predicament,False,98.55,Beginner,low,True,,,fan:lldb-518,Van Clan Crazy 1.dat#7
5085,Van Clan Crazy,The Mexican Wave,False,74.44,Beginner,low,True,,,fan:lldb-518,Van Clan Crazy 1.dat#8
5086,Van Clan Crazy,Star Wars I: The Phantom Exit,False,78.25,Beginner,low,True,,,fan:lldb-518,Van Clan Crazy 1.dat#9
5087,Van Clan Crazy,Lemming City,False,116,Easy,low,True,,,fan:lldb-518,Van Clan Crazy 2.dat#0
5088,Van Clan Crazy,The Sixth Lemming,False,98.5,Beginner,low,True,,,fan:lldb-518,Van Clan Crazy 2.dat#1
5089,Van Clan Crazy,City Of The Damned,False,113.85,Easy,low,True,,,fan:lldb-518,Van Clan Crazy 2.dat#2
5090,Van Clan Crazy,How To Make A Lemming Quilt,False,102.44,Easy,low,True,,,fan:lldb-518,Van Clan Crazy 2.dat#3
5091,Van Clan Crazy,The Long Way Around,False,87.34,Beginner,low,True,,,fan:lldb-518,Van Clan Crazy 2.dat#4
5092,Van Clan Crazy,Rocket Power,False,105.69,Easy,low,True,,,fan:lldb-518,Van Clan Crazy 2.dat#5
5093,Van Clan Crazy,Top Of The World,False,78.94,Beginner,low,True,,,fan:lldb-518,Van Clan Crazy 2.dat#6
5094,Van Clan Crazy,Snow Way Home,False,73.5,Beginner,low,True,,,fan:lldb-518,Van Clan Crazy 2.dat#7
5095,Van Clan Crazy,The Swamp,False,105.85,Easy,low,True,,,fan:lldb-518,Van Clan Crazy 2.dat#8
5096,Van Clan Crazy,Fangorn Forest,False,97.69,Beginner,low,True,,,fan:lldb-518,Van Clan Crazy 2.dat#9
5097,Van Clan Wild,Get Up There,False,68.59,Beginner,low,True,,,fan:lldb-519,Van Clan Wild 1.dat#0
5098,Van Clan Wild,Only One Shot,False,75.25,Beginner,low,True,,,fan:lldb-519,Van Clan Wild 1.dat#1
5099,Van Clan Wild,5 Ways To Get Through,False,105.69,Easy,low,True,,,fan:lldb-519,Van Clan Wild 1.dat#2
5100,Van Clan Wild,Bomberman II,False,66.03,Beginner,low,True,,,fan:lldb-519,Van Clan Wild 1.dat#3
5101,Van Clan Wild,Get It Right,False,61.53,Beginner,low,True,,,fan:lldb-519,Van Clan Wild 1.dat#4
5102,Van Clan Wild,The Thin Blue Line,False,67.78,Beginner,low,True,,,fan:lldb-519,Van Clan Wild 1.dat#5
5103,Van Clan Wild,Get Back,False,80.85,Beginner,low,True,,,fan:lldb-519,Van Clan Wild 1.dat#6
5104,Van Clan Wild,Land Mines,False,58.69,Beginner,low,True,,,fan:lldb-519,Van Clan Wild 1.dat#7
5105,Van Clan Wild,Build To The Top,False,74.44,Beginner,low,True,,,fan:lldb-519,Van Clan Wild 1.dat#8
5106,Van Clan Wild,Raiders Of The Lost Lemmings,False,63.06,Beginner,low,True,,,fan:lldb-519,Van Clan Wild 1.dat#9
5107,Van Clan Wild,Journey To The Mountain Top,False,99.84,Beginner,low,True,,,fan:lldb-519,Van Clan Wild 2.dat#0
5108,Van Clan Wild,What Lies Beneath,False,87.34,Beginner,low,True,,,fan:lldb-519,Van Clan Wild 2.dat#1
5109,Van Clan Wild,Fawlty Towers,False,69,Beginner,low,True,,,fan:lldb-519,Van Clan Wild 2.dat#2
5110,Van Clan Wild,Humpty Dumpty Sat On A Wall,False,83.69,Beginner,low,True,,,fan:lldb-519,Van Clan Wild 2.dat#3
5111,Van Clan Wild,The Power Of Three....,False,112.53,Easy,low,True,,,fan:lldb-519,Van Clan Wild 2.dat#4
5112,Van Clan Wild,...Will Set Us Free,False,106.5,Easy,low,True,,,fan:lldb-519,Van Clan Wild 2.dat#5
5113,Van Clan Wild,Walk The Plank,False,89.5,Beginner,low,True,,,fan:lldb-519,Van Clan Wild 2.dat#6
5114,Van Clan Wild,StarWarsII:Attack Of The Lemming,False,95.75,Beginner,low,True,,,fan:lldb-519,Van Clan Wild 2.dat#7
5115,Van Clan Wild,The Long And Winding Road,False,114.09,Easy,low,True,,,fan:lldb-519,Van Clan Wild 2.dat#8
5116,Van Clan Wild,Asteroids In Space,False,86.9,Beginner,low,True,,,fan:lldb-519,Van Clan Wild 2.dat#9
5117,Van Clan Wicked,Lethal Lemmings,False,59.15,Beginner,low,True,,,fan:lldb-520,Van Clan Wicked 1.dat#0
5118,Van Clan Wicked,Make No Mistakes,False,75.25,Beginner,low,True,,,fan:lldb-520,Van Clan Wicked 1.dat#1
5119,Van Clan Wicked,Work Through The Pain,False,101.19,Easy,low,True,,,fan:lldb-520,Van Clan Wicked 1.dat#2
5120,Van Clan Wicked,Lemming On A Wire,False,74.44,Beginner,low,True,,,fan:lldb-520,Van Clan Wicked 1.dat#3
5121,Van Clan Wicked,The Two Towers,False,116.49,Easy,low,True,,,fan:lldb-520,Van Clan Wicked 1.dat#4
5122,Van Clan Wicked,Superbowl,False,68.75,Beginner,low,True,,,fan:lldb-520,Van Clan Wicked 1.dat#5
5123,Van Clan Wicked,Round The Bend,False,81.09,Beginner,low,True,,,fan:lldb-520,Van Clan Wicked 1.dat#6
5124,Van Clan Wicked,Smile Time!!!,False,93.19,Beginner,low,True,,,fan:lldb-520,Van Clan Wicked 1.dat#7
5125,Van Clan Wicked,A Sticky Situation,False,76.22,Beginner,low,True,,,fan:lldb-520,Van Clan Wicked 1.dat#8
5126,Van Clan Wicked,Gone Fishing,False,89.5,Beginner,low,True,,,fan:lldb-520,Van Clan Wicked 1.dat#9
5127,Van Clan Wicked,Vertigo,False,75.56,Beginner,low,True,,,fan:lldb-520,Van Clan Wicked 2.dat#0
5128,Van Clan Wicked,How To Cook Lemmings,False,97.74,Beginner,low,True,,,fan:lldb-520,Van Clan Wicked 2.dat#1
5129,Van Clan Wicked,Tal Rasha's Tomb,False,106.09,Easy,low,True,,,fan:lldb-520,Van Clan Wicked 2.dat#2
5130,Van Clan Wicked,Escape From L.A. Crystals,False,98.09,Beginner,low,True,,,fan:lldb-520,Van Clan Wicked 2.dat#3
5131,Van Clan Wicked,Trapped In Many Ways,False,64.12,Beginner,low,True,,,fan:lldb-520,Van Clan Wicked 2.dat#5
5132,Van Clan Wicked,Super Lemming All-Stars,False,103.79,Easy,low,True,,,fan:lldb-520,Van Clan Wicked 2.dat#6
5133,Van Clan Wicked,Serious Lems,False,73.95,Beginner,low,True,,,fan:lldb-520,Van Clan Wicked 2.dat#7
5134,Van Clan Wicked,No Holds Barred,False,83.69,Beginner,low,True,,,fan:lldb-520,Van Clan Wicked 2.dat#8
5135,Van Clan Wicked,Pyramids Of Giza,False,81.5,Beginner,low,True,,,fan:lldb-520,Van Clan Wicked 2.dat#9
5136,Van Clan Havoc,Tiptoe Travels,False,87.75,Beginner,low,True,,,fan:lldb-521,Van Clan Havoc 1.dat#0
5137,Van Clan Havoc,Don't Pop Til You Get Enough,False,64.94,Beginner,low,True,,,fan:lldb-521,Van Clan Havoc 1.dat#1
5138,Van Clan Havoc,Look It's The Alphabet,False,105.69,Easy,low,True,,,fan:lldb-521,Van Clan Havoc 1.dat#2
5139,Van Clan Havoc,Cliffhanger,False,88.42,Beginner,low,True,,,fan:lldb-521,Van Clan Havoc 1.dat#3
5140,Van Clan Havoc,Pipeline Expressway,False,68.19,Beginner,low,True,,,fan:lldb-521,Van Clan Havoc 1.dat#4
5141,Van Clan Havoc,War Of The Lemmmings,False,76.19,Beginner,low,True,,,fan:lldb-521,Van Clan Havoc 1.dat#5
5142,Van Clan Havoc,Baby Steps,False,86.94,Beginner,low,True,,,fan:lldb-521,Van Clan Havoc 1.dat#6
5143,Van Clan Havoc,The Abyss,False,106.5,Easy,low,True,,,fan:lldb-521,Van Clan Havoc 1.dat#7
5144,Van Clan Havoc,Cool Lemmings,False,73.09,Beginner,low,True,,,fan:lldb-521,Van Clan Havoc 1.dat#8
5145,Van Clan Havoc,Labyrinth,False,75.25,Beginner,low,True,,,fan:lldb-521,Van Clan Havoc 1.dat#9
5146,Van Clan Havoc,Kurast Bazaar,False,99.97,Beginner,low,True,,,fan:lldb-521,Van Clan Havoc 2.dat#0
5147,Van Clan Havoc,Bridge Over Troubled Water,False,83.25,Beginner,low,True,,,fan:lldb-521,Van Clan Havoc 2.dat#1
5148,Van Clan Havoc,The Gift,False,70.5,Beginner,low,True,,,fan:lldb-521,Van Clan Havoc 2.dat#2
5149,Van Clan Havoc,Exit Wounds,False,74.38,Beginner,low,True,,,fan:lldb-521,Van Clan Havoc 2.dat#3
5150,Van Clan Havoc,Life On The Highwire,False,40.41,Beginner,low,True,,,fan:lldb-521,Van Clan Havoc 2.dat#4
5151,Van Clan Havoc,Mountain Inn,False,77.03,Beginner,low,True,,,fan:lldb-521,Van Clan Havoc 2.dat#5
5152,Van Clan Havoc,The Weight Of The World,False,102.18,Easy,low,True,,,fan:lldb-521,Van Clan Havoc 2.dat#6
5153,Van Clan Havoc,The Lemming Trap,False,101.19,Easy,low,True,,,fan:lldb-521,Van Clan Havoc 2.dat#7
5154,Van Clan Havoc,Tactical Fireworks,False,61.53,Beginner,low,True,,,fan:lldb-521,Van Clan Havoc 2.dat#8
5155,Van Clan Havoc,Mirror World,False,102.59,Easy,low,True,,,fan:lldb-521,Van Clan Havoc 2.dat#9
5156,Deceits Lemmings Fun,So much with my lemmings,False,95.5,Beginner,low,True,,,fan:lldb-522,Deceit Fun.dat#0
5157,Deceits Lemmings Fun,Livin' Large!,False,93.7,Beginner,low,True,,,fan:lldb-522,Deceit Fun.dat#1
5158,Deceits Lemmings Fun,Lemmings Now Looked Up,False,97.67,Beginner,low,True,,,fan:lldb-522,Deceit Fun.dat#2
5159,Deceits Lemmings Fun,Romeo n Juliet,False,84.65,Beginner,low,True,,,fan:lldb-522,Deceit Fun.dat#3
5160,Deceits Lemmings Fun,Freedom of the Lemmings,False,86.05,Beginner,low,True,,,fan:lldb-522,Deceit Fun.dat#4
5161,Deceits Lemmings Tricky,Ice Battle!,False,76.23,Beginner,low,True,,,fan:lldb-523,Deceit Tricky 1.dat#0
5162,Deceits Lemmings Tricky,Monkey Magic,False,79.34,Beginner,low,True,,,fan:lldb-523,Deceit Tricky 1.dat#1
5163,Deceits Lemmings Tricky,PiPeLiNe PaRaLLeL,False,69,Beginner,low,True,,,fan:lldb-523,Deceit Tricky 1.dat#2
5164,Deceits Lemmings Tricky,Meet the Nessy Again,False,90.33,Beginner,low,True,,,fan:lldb-523,Deceit Tricky 1.dat#3
5165,Deceits Lemmings Tricky,Two's Company,False,95.1,Beginner,low,True,,,fan:lldb-523,Deceit Tricky 1.dat#4
5166,Deceits Lemmings Tricky,Excavation Area,False,89.25,Beginner,low,True,,,fan:lldb-523,Deceit Tricky 1.dat#5
5167,Deceits Lemmings Tricky,Northland Builders,False,77,Beginner,low,True,,,fan:lldb-523,Deceit Tricky 1.dat#6
5168,Deceits Lemmings Tricky,Consider Yourself,False,81.5,Beginner,low,True,,,fan:lldb-523,Deceit Tricky 1.dat#7
5169,Deceits Lemmings Tricky,Stairway Garden,False,57.75,Beginner,low,True,,,fan:lldb-523,Deceit Tricky 1.dat#8
5170,Deceits Lemmings Tricky,No Doubt,False,102.1,Easy,low,True,,,fan:lldb-523,Deceit Tricky 1.dat#9
5171,Deceits Lemmings Tricky,So Efficient,False,90.1,Beginner,low,True,,,fan:lldb-523,Deceit Tricky 2.dat#0
5172,Deceits Lemmings Tricky,Hold the Line,False,66.97,Beginner,low,True,,,fan:lldb-523,Deceit Tricky 2.dat#1
5173,Deceits Lemmings Tricky,"And, take a little guess..",False,109.4,Easy,low,True,,,fan:lldb-523,Deceit Tricky 2.dat#2
5174,Deceits Lemmings Tricky,The Lemming March,False,106.5,Easy,low,True,,,fan:lldb-523,Deceit Tricky 2.dat#3
5175,Deceits Lemmings Taxing,One More Corrosion,False,72.69,Beginner,low,True,,,fan:lldb-524,Deceit Taxing 1.dat#0
5176,Deceits Lemmings Taxing,BroadBanded,False,103.9,Easy,low,True,,,fan:lldb-524,Deceit Taxing 1.dat#1
5177,Deceits Lemmings Taxing,I My Me Mine Miner,False,72,Beginner,low,True,,,fan:lldb-524,Deceit Taxing 1.dat#2
5178,Deceits Lemmings Taxing,Symmetrical Structure System,False,86.12,Beginner,low,True,,,fan:lldb-524,Deceit Taxing 1.dat#3
5179,Deceits Lemmings Taxing,Watch me Follow...,False,75.25,Beginner,low,True,,,fan:lldb-524,Deceit Taxing 1.dat#4
5180,Deceits Lemmings Taxing,Jack O'Lemming,False,73.38,Beginner,low,True,,,fan:lldb-524,Deceit Taxing 1.dat#5
5181,Deceits Lemmings Taxing,It's a Phase,False,97.54,Beginner,low,True,,,fan:lldb-524,Deceit Taxing 1.dat#6
5182,Deceits Lemmings Taxing,The Coal Plant,False,100.74,Easy,low,True,,,fan:lldb-524,Deceit Taxing 1.dat#7
5183,Deceits Lemmings Taxing,Slow Esthetics,False,84.65,Beginner,low,True,,,fan:lldb-524,Deceit Taxing 1.dat#8
5184,Deceits Lemmings Taxing,Pillar Confusion,False,99.29,Beginner,low,True,,,fan:lldb-524,Deceit Taxing 1.dat#9
5185,Deceits Lemmings Taxing,DownHill,False,102,Easy,low,True,,,fan:lldb-524,Deceit Taxing 2.dat#0
5186,Deceits Lemmings Taxing,It Lems On,False,95.75,Beginner,low,True,,,fan:lldb-524,Deceit Taxing 2.dat#1
5187,Deceits Lemmings Taxing,Around and Around,False,102.1,Easy,low,True,,,fan:lldb-524,Deceit Taxing 2.dat#2
5188,Deceits Lemmings Taxing,Bubble Trouble,False,100.12,Easy,low,True,,,fan:lldb-524,Deceit Taxing 2.dat#3
5189,Deceits Lemmings Mayhem,Island over the horizon,False,94.12,Beginner,low,True,,,fan:lldb-525,Deceit Mayhem 1.dat#0
5190,Deceits Lemmings Mayhem,Vertical Sequence,False,84.5,Beginner,low,True,,,fan:lldb-525,Deceit Mayhem 1.dat#1
5191,Deceits Lemmings Mayhem,Crystal Method,False,95.75,Beginner,low,True,,,fan:lldb-525,Deceit Mayhem 1.dat#2
5192,Deceits Lemmings Mayhem,Build Nine,False,70.75,Beginner,low,True,,,fan:lldb-525,Deceit Mayhem 1.dat#3
5193,Deceits Lemmings Mayhem,Critical Cross,False,105.01,Easy,low,True,,,fan:lldb-525,Deceit Mayhem 1.dat#4
5194,Deceits Lemmings Mayhem,Lemmings Uncharted,False,103.25,Easy,low,True,,,fan:lldb-525,Deceit Mayhem 1.dat#5
5195,Deceits Lemmings Mayhem,PoP PoP LoVeLY,False,101.07,Easy,low,True,,,fan:lldb-525,Deceit Mayhem 1.dat#6
5196,Deceits Lemmings Mayhem,Stairwork Progress,False,103.4,Easy,low,True,,,fan:lldb-525,Deceit Mayhem 1.dat#7
5197,Deceits Lemmings Mayhem,The Law of the Jungle,False,98.33,Beginner,low,True,,,fan:lldb-525,Deceit Mayhem 1.dat#8
5198,Deceits Lemmings Mayhem,Lemming Atelier,False,110.48,Easy,low,True,,,fan:lldb-525,Deceit Mayhem 1.dat#9
5199,Deceits Lemmings Mayhem,Complexity,False,114.05,Easy,low,True,,,fan:lldb-525,Deceit Mayhem 2.dat#0
5200,Deceits Lemmings Mayhem,Shorty Deep Inside,False,87.75,Beginner,low,True,,,fan:lldb-525,Deceit Mayhem 2.dat#1
5201,Deceits Lemmings Mayhem,Bitter than cold,False,114.5,Easy,low,True,,,fan:lldb-525,Deceit Mayhem 2.dat#2
5202,Deceits Lemmings Mayhem,Lemmings Fever,False,110.83,Easy,low,True,,,fan:lldb-525,Deceit Mayhem 2.dat#3
5203,Deceits Lemmings Mayhem,It's All About the Style,False,95.75,Beginner,low,True,,,fan:lldb-525,Deceit Mayhem 2.dat#4
5204,Deceits Lemmings Mayhem,The Scaffold,False,109.65,Easy,low,True,,,fan:lldb-525,Deceit Mayhem 2.dat#5
5205,Deceits Lemmings Mayhem,Quintuple Squeeze Machine,False,73.5,Beginner,low,True,,,fan:lldb-525,Deceit Mayhem 2.dat#6
5206,Deceits Lemmings Mayhem,The Enigma,False,102,Easy,low,True,,,fan:lldb-525,Deceit Mayhem 2.dat#7
5207,Deceits Lemmings Mayhem,Was it worth?,False,79.75,Beginner,low,True,,,fan:lldb-525,Deceit Mayhem 2.dat#8
5208,Deceits Lemmings Mayhem,Kreuzung at the Mountain,False,101.53,Easy,low,True,,,fan:lldb-525,Deceit Mayhem 2.dat#9
5209,Deceits Lemmings Mayhem,Enter at your own risk...,False,100.15,Easy,low,True,,,fan:lldb-525,Deceit Mayhem 3.dat#0
5210,cLemmings Fun,Lemming Crystaliers,False,102.44,Easy,low,True,,,fan:lldb-526,cLemmings Fun 1.DAT#0
5211,cLemmings Fun,Breakfast at Lemming's,False,102.44,Easy,low,True,,,fan:lldb-526,cLemmings Fun 1.DAT#1
5212,cLemmings Fun,With Lemmings on Top,False,102.44,Easy,low,True,,,fan:lldb-526,cLemmings Fun 1.DAT#2
5213,cLemmings Fun,Ellipsis,False,102.44,Easy,low,True,,,fan:lldb-526,cLemmings Fun 2.DAT#0
5214,cLemmings Fun,Crematory Chamber,False,113.24,Easy,low,True,,,fan:lldb-526,cLemmings Fun 2.DAT#1
5215,cLemmings Fun,Tour de Lemming,False,111.84,Easy,low,True,,,fan:lldb-526,cLemmings Fun 2.DAT#2
5216,cLemmings Fun,Grassy Dreams,False,86.19,Beginner,low,True,,,fan:lldb-526,cLemmings Fun 2.DAT#3
5217,cLemmings Fun,Walking Bombers,False,58.56,Beginner,low,True,,,fan:lldb-526,cLemmings Fun 2.DAT#4
5218,cLemmings Fun,Through the Crystal Caverns,False,102.44,Easy,low,True,,,fan:lldb-526,cLemmings Fun 2.DAT#5
5219,cLemmings Fun,Over or Under,False,102.44,Easy,low,True,,,fan:lldb-526,cLemmings Fun 2.DAT#6
5220,cLemmings Fun,Lemming Athletics,False,99.65,Beginner,low,True,,,fan:lldb-526,cLemmings Fun 2.DAT#7
5221,cLemmings Fun,The Stairs to Lemminghood,False,110.44,Easy,low,True,,,fan:lldb-526,cLemmings Fun 2.DAT#8
5222,cLemmings Fun,Lemmings Everywhere,False,99.88,Beginner,low,True,,,fan:lldb-526,cLemmings Fun 2.DAT#9
5223,cLemmings Fun,Huff and Puff,False,109.62,Easy,low,True,,,fan:lldb-526,cLemmings Fun 3.DAT#0
5224,cLemmings Fun,A Dangerous Mining Operation,False,108.41,Easy,low,True,,,fan:lldb-526,cLemmings Fun 3.DAT#1
5225,cLemmings Fun,Not so Fast!,False,101.05,Easy,low,True,,,fan:lldb-526,cLemmings Fun 3.DAT#2
5226,cLemmings Fun,Lemming Polishing Co.,False,102.44,Easy,low,True,,,fan:lldb-526,cLemmings Fun 3.DAT#3
5227,cLemmings Fun,A Towering Problem,False,110.44,Easy,low,True,,,fan:lldb-526,cLemmings Fun 3.DAT#4
5228,cLemmings Fun,The Lemming Tower,False,102.44,Easy,low,True,,,fan:lldb-526,cLemmings Fun 3.DAT#5
5229,cLemmings Fun,Pink Lemming,False,81.5,Beginner,low,True,,,fan:lldb-526,cLemmings Fun 3.DAT#6
5230,cLemmings Fun,Climbing the Mountain,False,90.25,Beginner,low,True,,,fan:lldb-526,cLemmings Fun 3.DAT#7
5231,cLemmings Fun,Frantic Lemmings,False,98.38,Beginner,low,True,,,fan:lldb-526,cLemmings Fun 3.DAT#8
5232,cLemmings Fun,It's Lemmorama!,False,98.25,Beginner,low,True,,,fan:lldb-526,cLemmings Fun 3.DAT#9
5233,cLemmings Tricky,Simple Enough,False,85.44,Beginner,low,True,,,fan:lldb-527,cLemmings Tricky 1.DAT#0
5234,cLemmings Tricky,Clinging on for Dear Life,False,98.38,Beginner,low,True,,,fan:lldb-527,cLemmings Tricky 1.DAT#1
5235,cLemmings Tricky,Patchwork Stairs,False,89.94,Beginner,low,True,,,fan:lldb-527,cLemmings Tricky 1.DAT#2
5236,cLemmings Tricky,Up and Over,False,110.44,Easy,low,True,,,fan:lldb-527,cLemmings Tricky 1.DAT#3
5237,cLemmings Tricky,Fortissimo,False,57.12,Beginner,low,True,,,fan:lldb-527,cLemmings Tricky 1.DAT#4
5238,cLemmings Tricky,"The Good, The Bad, and The Ugly",False,80.07,Beginner,low,True,,,fan:lldb-527,cLemmings Tricky 1.DAT#5
5239,cLemmings Tricky,Maniacal Lemmings,False,74.49,Beginner,low,True,,,fan:lldb-527,cLemmings Tricky 1.DAT#6
5240,cLemmings Tricky,Deja Vu,False,97.94,Beginner,low,True,,,fan:lldb-527,cLemmings Tricky 1.DAT#7
5241,cLemmings Tricky,The Three Cs,False,89.94,Beginner,low,True,,,fan:lldb-527,cLemmings Tricky 1.DAT#8
5242,cLemmings Tricky,Partition Casualties,False,54.02,Beginner,low,True,,,fan:lldb-527,cLemmings Tricky 1.DAT#9
5243,cLemmings Tricky,Scrambled Lemmings,False,56.97,Beginner,low,True,,,fan:lldb-527,cLemmings Tricky 2.DAT#0
5244,cLemmings Tricky,Anticlimacticism,False,70.75,Beginner,low,True,,,fan:lldb-527,cLemmings Tricky 2.DAT#1
5245,cLemmings Tricky,A Recurring Impediment(part 1),False,103.72,Easy,low,True,,,fan:lldb-527,cLemmings Tricky 2.DAT#2
5246,cLemmings Tricky,Puffy Want More!,False,90.88,Beginner,low,True,,,fan:lldb-527,cLemmings Tricky 2.DAT#3
5247,cLemmings Tricky,Anticlimacticism II,False,90.09,Beginner,low,True,,,fan:lldb-527,cLemmings Tricky 2.DAT#4
5248,cLemmings Tricky,Cordial Acceptance,False,113.69,Easy,low,True,,,fan:lldb-527,cLemmings Tricky 2.DAT#5
5249,cLemmings Tricky,Dead Lemmings Tell no Tales,False,98.34,Beginner,low,True,,,fan:lldb-527,cLemmings Tricky 2.DAT#6
5250,cLemmings Tricky,Anticlimacticism III,False,105.66,Easy,low,True,,,fan:lldb-527,cLemmings Tricky 2.DAT#7
5251,cLemmings Tricky,Not as Easy as It Looks,False,95.53,Beginner,low,True,,,fan:lldb-527,cLemmings Tricky 2.DAT#8
5252,cLemmings Tricky,Dual Lemmings,False,101.19,Easy,low,True,,,fan:lldb-527,cLemmings Tricky 2.DAT#9
5253,cLemmings Tricky,Floaters Away!,False,83.25,Beginner,low,True,,,fan:lldb-527,cLemmings Tricky 3.DAT#0
5254,cLemmings Tricky,Anticimacticism IV,False,83.25,Beginner,low,True,,,fan:lldb-527,cLemmings Tricky 3.DAT#1
5255,cLemmings Tricky,Antiprolemmingterralationness,False,102.59,Easy,low,True,,,fan:lldb-527,cLemmings Tricky 3.DAT#2
5256,cLemmings Tricky,Cranial Stress,False,92.3,Beginner,low,True,,,fan:lldb-527,cLemmings Tricky 3.DAT#3
5257,cLemmings Tricky,Carnivorous Crystals,False,99.95,Beginner,low,True,,,fan:lldb-527,cLemmings Tricky 3.DAT#4
5258,cLemmings Tricky,The Dirty Work,False,101.53,Easy,low,True,,,fan:lldb-527,cLemmings Tricky 3.DAT#5
5259,cLemmings Tricky,The Trickster,False,113.19,Easy,low,True,,,fan:lldb-527,cLemmings Tricky 3.DAT#6
5260,cLemmings Tricky,Anticlimacticism V,False,103.99,Easy,low,True,,,fan:lldb-527,cLemmings Tricky 3.DAT#7
5261,cLemmings Tricky,On Stair Duty,False,88.69,Beginner,low,True,,,fan:lldb-527,cLemmings Tricky 3.DAT#8
5262,cLemmings Tricky,Exploration Brigade,False,90.9,Beginner,low,True,,,fan:lldb-527,cLemmings Tricky 3.DAT#9
5263,cLemmings Taxing,A Recurring Impediment(part 2),False,103.72,Easy,low,True,,,fan:lldb-528,cLemmings Taxing 1.DAT#0
5264,cLemmings Taxing,Pleasure to Meet You,False,93.19,Beginner,low,True,,,fan:lldb-528,cLemmings Taxing 1.DAT#1
5265,cLemmings Taxing,Hunting Lemmings,False,101.19,Easy,low,True,,,fan:lldb-528,cLemmings Taxing 1.DAT#2
5266,cLemmings Taxing,Classical Lemmings,False,106.4,Easy,low,True,,,fan:lldb-528,cLemmings Taxing 1.DAT#3
5267,cLemmings Taxing,The Melting Pot,False,91.49,Beginner,low,True,,,fan:lldb-528,cLemmings Taxing 1.DAT#4
5268,cLemmings Taxing,Lemming Distillation,False,95.34,Beginner,low,True,,,fan:lldb-528,cLemmings Taxing 1.DAT#5
5269,cLemmings Taxing,The Quarry,False,79.19,Beginner,low,True,,,fan:lldb-528,cLemmings Taxing 1.DAT#6
5270,cLemmings Taxing,"Once a Lemming, Always a Lemming",False,100.15,Easy,low,True,,,fan:lldb-528,cLemmings Taxing 1.DAT#7
5271,cLemmings Taxing,Downwards and Upwards,False,113.24,Easy,low,True,,,fan:lldb-528,cLemmings Taxing 1.DAT#8
5272,cLemmings Taxing,Fire Fun,False,102.99,Easy,low,True,,,fan:lldb-528,cLemmings Taxing 1.DAT#9
5273,cLemmings Taxing,Crystal Clear,False,84.65,Beginner,low,True,,,fan:lldb-528,cLemmings Taxing 2.DAT#0
5274,cLemmings Taxing,Down the Stairwell,False,84.4,Beginner,low,True,,,fan:lldb-528,cLemmings Taxing 2.DAT#1
5275,cLemmings Taxing,Simultaneous Action,False,105.59,Easy,low,True,,,fan:lldb-528,cLemmings Taxing 2.DAT#2
5276,cLemmings Taxing,Rainbow Island,False,77.16,Beginner,low,True,,,fan:lldb-528,cLemmings Taxing 2.DAT#3
5277,cLemmings Taxing,Pillars of One-Way,False,82.19,Beginner,low,True,,,fan:lldb-528,cLemmings Taxing 2.DAT#4
5278,cLemmings Taxing,An Unfriendly Gesture,False,101.19,Easy,low,True,,,fan:lldb-528,cLemmings Taxing 2.DAT#5
5279,cLemmings Taxing,End With a BANG!,False,80.59,Beginner,low,True,,,fan:lldb-528,cLemmings Taxing 2.DAT#6
5280,cLemmings Taxing,"Pachelbel's ""Canon in Splat""",False,96.72,Beginner,low,True,,,fan:lldb-528,cLemmings Taxing 2.DAT#7
5281,cLemmings Taxing,The Blind Side,False,101.59,Easy,low,True,,,fan:lldb-528,cLemmings Taxing 2.DAT#8
5282,cLemmings Taxing,The Quartet,False,102.44,Easy,low,True,,,fan:lldb-528,cLemmings Taxing 2.DAT#9
5283,cLemmings Taxing,Ten Green Lemmings,False,92.5,Beginner,low,True,,,fan:lldb-528,cLemmings Taxing 3.DAT#0
5284,cLemmings Taxing,The Incinerator,False,90.9,Beginner,low,True,,,fan:lldb-528,cLemmings Taxing 3.DAT#1
5285,cLemmings Taxing,The Cobwebs,False,69,Beginner,low,True,,,fan:lldb-528,cLemmings Taxing 3.DAT#2
5286,cLemmings Taxing,Lemming Graveyard,False,103.99,Easy,low,True,,,fan:lldb-528,cLemmings Taxing 3.DAT#3
5287,cLemmings Taxing,Path Integral Formalism,False,86.05,Beginner,low,True,,,fan:lldb-528,cLemmings Taxing 3.DAT#4
5288,cLemmings Taxing,"First-come, First-serve",False,97.15,Beginner,low,True,,,fan:lldb-528,cLemmings Taxing 3.DAT#5
5289,cLemmings Taxing,"M.C.Escher's ""Relativity""",False,83.25,Beginner,low,True,,,fan:lldb-528,cLemmings Taxing 3.DAT#6
5290,cLemmings Taxing,Lemming Extravaganza,False,103.87,Easy,low,True,,,fan:lldb-528,cLemmings Taxing 3.DAT#7
5291,cLemmings Taxing,Lucky Four,False,106.2,Easy,low,True,,,fan:lldb-528,cLemmings Taxing 3.DAT#8
5292,cLemmings Taxing,A Glorious Battle,False,89.5,Beginner,low,True,,,fan:lldb-528,cLemmings Taxing 3.DAT#9
5293,cLemmings Mayhem,Over the River,False,101.19,Easy,low,True,,,fan:lldb-529,cLemmings Mayhem 1.DAT#0
5294,cLemmings Mayhem,Lemming Barbeque,False,102.86,Easy,low,True,,,fan:lldb-529,cLemmings Mayhem 1.DAT#1
5295,cLemmings Mayhem,Ornamental Discoveries,False,92.89,Beginner,low,True,,,fan:lldb-529,cLemmings Mayhem 1.DAT#2
5296,cLemmings Mayhem,Walking With the Letters,False,110.24,Easy,low,True,,,fan:lldb-529,cLemmings Mayhem 1.DAT#3
5297,cLemmings Mayhem,The Grass is Always Greener,False,90.49,Beginner,low,True,,,fan:lldb-529,cLemmings Mayhem 1.DAT#4
5298,cLemmings Mayhem,Di-Lemm-A,False,108.25,Easy,low,True,,,fan:lldb-529,cLemmings Mayhem 1.DAT#5
5299,cLemmings Mayhem,Lemming Packaging Facility,False,88.24,Beginner,low,True,,,fan:lldb-529,cLemmings Mayhem 1.DAT#6
5300,cLemmings Mayhem,Around and Around,False,99.95,Beginner,low,True,,,fan:lldb-529,cLemmings Mayhem 1.DAT#7
5301,cLemmings Mayhem,Lemming Anatomy Experimentations,False,105.39,Easy,low,True,,,fan:lldb-529,cLemmings Mayhem 1.DAT#8
5302,cLemmings Mayhem,Beat the Clock,False,95.75,Beginner,low,True,,,fan:lldb-529,cLemmings Mayhem 1.DAT#9
5303,cLemmings Mayhem,The Great Wall of Lemma,False,110.64,Easy,low,True,,,fan:lldb-529,cLemmings Mayhem 2.DAT#0
5304,cLemmings Mayhem,Lem up!,False,97.15,Beginner,low,True,,,fan:lldb-529,cLemmings Mayhem 2.DAT#1
5305,cLemmings Mayhem,"Up the stairs, down the stairs",False,114.5,Easy,low,True,,,fan:lldb-529,cLemmings Mayhem 2.DAT#2
5306,cLemmings Mayhem,The Webinar,False,67.12,Beginner,low,True,,,fan:lldb-529,cLemmings Mayhem 2.DAT#3
5307,cLemmings Mayhem,An Unwelcome Sight,False,95.53,Beginner,low,True,,,fan:lldb-529,cLemmings Mayhem 2.DAT#4
5308,cLemmings Mayhem,Taproot,False,90.49,Beginner,low,True,,,fan:lldb-529,cLemmings Mayhem 2.DAT#5
5309,cLemmings Mayhem,Lemming Haphazard,False,95.53,Beginner,low,True,,,fan:lldb-529,cLemmings Mayhem 2.DAT#6
5310,cLemmings Mayhem,Execution Machine,False,92.14,Beginner,low,True,,,fan:lldb-529,cLemmings Mayhem 2.DAT#7
5311,cLemmings Mayhem,Tunnels and Lemmings,False,98.53,Beginner,low,True,,,fan:lldb-529,cLemmings Mayhem 2.DAT#8
5312,cLemmings Mayhem,A Recurring Impediment(part 3),False,76.3,Beginner,low,True,,,fan:lldb-529,cLemmings Mayhem 2.DAT#9
5313,cLemmings Mayhem,Through Hell,False,84.87,Beginner,low,True,,,fan:lldb-529,cLemmings Mayhem 3.DAT#0
5314,cLemmings Mayhem,Through the Burrows,False,99.41,Beginner,low,True,,,fan:lldb-529,cLemmings Mayhem 3.DAT#1
5315,cLemmings Mayhem,The Splatathon,False,63.69,Beginner,low,True,,,fan:lldb-529,cLemmings Mayhem 3.DAT#2
5316,cLemmings Mayhem,Star Trek,False,94.94,Beginner,low,True,,,fan:lldb-529,cLemmings Mayhem 3.DAT#3
5317,cLemmings Mayhem,The Boiler Room,False,98.55,Beginner,low,True,,,fan:lldb-529,cLemmings Mayhem 3.DAT#4
5318,cLemmings Mayhem,Pillars of the Earth,False,95.22,Beginner,low,True,,,fan:lldb-529,cLemmings Mayhem 3.DAT#5
5319,cLemmings Mayhem,Accurate Puncuality,False,103.4,Easy,low,True,,,fan:lldb-529,cLemmings Mayhem 3.DAT#6
5320,cLemmings Mayhem,The Crescendo,False,82.88,Beginner,low,True,,,fan:lldb-529,cLemmings Mayhem 3.DAT#7
5321,cLemmings Mayhem,The Three Musketeers,False,111.05,Easy,low,True,,,fan:lldb-529,cLemmings Mayhem 3.DAT#8
5322,cLemmings Mayhem,All's fair in Love and War,False,115.45,Easy,low,True,,,fan:lldb-529,cLemmings Mayhem 3.DAT#9
5323,Oh No More cLemmings Tame,Just Dig!,False,33.5,Beginner,low,True,,,fan:lldb-530,OhNoMorecLemmings Tame 1.DAT#0
5324,Oh No More cLemmings Tame,Now Use Miners and Climbers,False,77,Beginner,low,True,,,fan:lldb-530,OhNoMorecLemmings Tame 1.DAT#1
5325,Oh No More cLemmings Tame,Only Floaters Can Survive This,False,25.5,Beginner,low,True,,,fan:lldb-530,OhNoMorecLemmings Tame 1.DAT#2
5326,Oh No More cLemmings Tame,You Need Bashers This Time,False,36.75,Beginner,low,True,,,fan:lldb-530,OhNoMorecLemmings Tame 1.DAT#3
5327,Oh No More cLemmings Tame,Tailor Made for Blockers,False,36.75,Beginner,low,True,,,fan:lldb-530,OhNoMorecLemmings Tame 1.DAT#4
5328,Oh No More cLemmings Tame,Let's Block and Blow!,False,43,Beginner,low,True,,,fan:lldb-530,OhNoMorecLemmings Tame 1.DAT#5
5329,Oh No More cLemmings Tame,Builders Will Help You Here,False,28.75,Beginner,low,True,,,fan:lldb-530,OhNoMorecLemmings Tame 1.DAT#6
5330,Oh No More cLemmings Tame,Making Snowlemmings,False,100,Easy,low,True,,,fan:lldb-530,OhNoMorecLemmings Tame 1.DAT#7
5331,Oh No More cLemmings Tame,Be RiGhT bAcK!,False,100,Easy,low,True,,,fan:lldb-530,OhNoMorecLemmings Tame 1.DAT#8
5332,Oh No More cLemmings Tame,It'll be Comin' Round the Mtn.,False,108,Easy,low,True,,,fan:lldb-530,OhNoMorecLemmings Tame 1.DAT#9
5333,Oh No More cLemmings Tame,Lemmings in the Tub,False,108,Easy,low,True,,,fan:lldb-530,OhNoMorecLemmings Tame 2.DAT#0
5334,Oh No More cLemmings Tame,Frostlemm,False,108,Easy,low,True,,,fan:lldb-530,OhNoMorecLemmings Tame 2.DAT#1
5335,Oh No More cLemmings Tame,Just a Bit of Lemmings,False,92,Beginner,low,True,,,fan:lldb-530,OhNoMorecLemmings Tame 2.DAT#2
5336,Oh No More cLemmings Tame,The Mountain Peaks,False,108,Easy,low,True,,,fan:lldb-530,OhNoMorecLemmings Tame 2.DAT#3
5337,Oh No More cLemmings Tame,Lemmings of the West,False,100,Easy,low,True,,,fan:lldb-530,OhNoMorecLemmings Tame 2.DAT#4
5338,Oh No More cLemmings Tame,Free Lemmings,False,100,Easy,low,True,,,fan:lldb-530,OhNoMorecLemmings Tame 2.DAT#5
5339,Oh No More cLemmings Tame,Bubbles in the Lemms,False,100,Easy,low,True,,,fan:lldb-530,OhNoMorecLemmings Tame 2.DAT#6
5340,Oh No More cLemmings Tame,"Snowflakes, snowflakes, . . .",False,100,Easy,low,True,,,fan:lldb-530,OhNoMorecLemmings Tame 2.DAT#7
5341,Oh No More cLemmings Tame,The Great Lemming Road,False,92,Beginner,low,True,,,fan:lldb-530,OhNoMorecLemmings Tame 2.DAT#8
5342,Oh No More cLemmings Tame,Lemming's Night,False,100,Easy,low,True,,,fan:lldb-530,OhNoMorecLemmings Tame 2.DAT#9
5343,Oh No More cLemmings Crazy,The Mad Freezer,False,115.9,Easy,low,True,,,fan:lldb-531,OhNoMorecLemmings Crazy 1.DAT#0
5344,Oh No More cLemmings Crazy,LEMMINGS IS KILLING,False,102.44,Easy,low,True,,,fan:lldb-531,OhNoMorecLemmings Crazy 1.DAT#1
5345,Oh No More cLemmings Crazy,Hard to Swallow,False,48.56,Beginner,low,True,,,fan:lldb-531,OhNoMorecLemmings Crazy 1.DAT#2
5346,Oh No More cLemmings Crazy,"Time, Time, Time!",False,77.59,Beginner,low,True,,,fan:lldb-531,OhNoMorecLemmings Crazy 1.DAT#3
5347,Oh No More cLemmings Crazy,Lemming Language,False,112.47,Easy,low,True,,,fan:lldb-531,OhNoMorecLemmings Crazy 1.DAT#4
5348,Oh No More cLemmings Crazy,The Peaks,False,115.09,Easy,low,True,,,fan:lldb-531,OhNoMorecLemmings Crazy 1.DAT#5
5349,Oh No More cLemmings Crazy,Proffesional Preferences,False,114.5,Easy,low,True,,,fan:lldb-531,OhNoMorecLemmings Crazy 1.DAT#6
5350,Oh No More cLemmings Crazy,Lemming Bubbles,False,114.09,Easy,low,True,,,fan:lldb-531,OhNoMorecLemmings Crazy 1.DAT#7
5351,Oh No More cLemmings Crazy,ohnomoreclemmings crazy 1.dat 9,False,115.36,Easy,low,True,,,fan:lldb-531,OhNoMorecLemmings Crazy 1.DAT#8
5352,Oh No More cLemmings Crazy,The Digfest,False,94,Beginner,low,True,,,fan:lldb-531,OhNoMorecLemmings Crazy 1.DAT#9
5353,Oh No More cLemmings Crazy,If Not For the Lemmings . . .,False,102.44,Easy,low,True,,,fan:lldb-531,OhNoMorecLemmings Crazy 2.DAT#0
5354,Oh No More cLemmings Crazy,Cloudy Skies,False,101.59,Easy,low,True,,,fan:lldb-531,OhNoMorecLemmings Crazy 2.DAT#1
5355,Oh No More cLemmings Crazy,Mortar and Blocks,False,77,Beginner,low,True,,,fan:lldb-531,OhNoMorecLemmings Crazy 2.DAT#2
5356,Oh No More cLemmings Crazy,Lack of Solidity,False,95.1,Beginner,low,True,,,fan:lldb-531,OhNoMorecLemmings Crazy 2.DAT#3
5357,Oh No More cLemmings Crazy,Jump the Crack,False,98.14,Beginner,low,True,,,fan:lldb-531,OhNoMorecLemmings Crazy 2.DAT#4
5358,Oh No More cLemmings Crazy,Lemmings at the Wall,False,94.94,Beginner,low,True,,,fan:lldb-531,OhNoMorecLemmings Crazy 2.DAT#5
5359,Oh No More cLemmings Crazy,Prepare to be Mindblown,False,98.55,Beginner,low,True,,,fan:lldb-531,OhNoMorecLemmings Crazy 2.DAT#6
5360,Oh No More cLemmings Crazy,Lemmings On The Spot,False,75.25,Beginner,low,True,,,fan:lldb-531,OhNoMorecLemmings Crazy 2.DAT#7
5361,Oh No More cLemmings Crazy,Goldlemming!,False,74.95,Beginner,low,True,,,fan:lldb-531,OhNoMorecLemmings Crazy 2.DAT#8
5362,Oh No More cLemmings Crazy,Lemmy Balboa,False,74.11,Beginner,low,True,,,fan:lldb-531,OhNoMorecLemmings Crazy 2.DAT#9
5363,Oh No More cLemmings Wild,Wild Lemmings,False,107.44,Easy,low,True,,,fan:lldb-532,OhNoMorecLemmings Wild 1.DAT#0
5364,Oh No More cLemmings Wild,Lemprints in the Snow,False,87.65,Beginner,low,True,,,fan:lldb-532,OhNoMorecLemmings Wild 1.DAT#1
5365,Oh No More cLemmings Wild,Valley of the Kings,False,107.19,Easy,low,True,,,fan:lldb-532,OhNoMorecLemmings Wild 1.DAT#2
5366,Oh No More cLemmings Wild,That Isn't Right!,False,99.14,Beginner,low,True,,,fan:lldb-532,OhNoMorecLemmings Wild 1.DAT#3
5367,Oh No More cLemmings Wild,No Thank You,False,70,Beginner,low,True,,,fan:lldb-532,OhNoMorecLemmings Wild 1.DAT#4
5368,Oh No More cLemmings Wild,Tragic Occurrences,False,91.89,Beginner,low,True,,,fan:lldb-532,OhNoMorecLemmings Wild 1.DAT#5
5369,Oh No More cLemmings Wild,A Nicer Take on Timing,False,76.51,Beginner,low,True,,,fan:lldb-532,OhNoMorecLemmings Wild 1.DAT#6
5370,Oh No More cLemmings Wild,To That and a Little to Lemmings,False,88.69,Beginner,low,True,,,fan:lldb-532,OhNoMorecLemmings Wild 1.DAT#7
5371,Oh No More cLemmings Wild,Buried in the Snow . . .,False,102.99,Easy,low,True,,,fan:lldb-532,OhNoMorecLemmings Wild 1.DAT#8
5372,Oh No More cLemmings Wild,Lemgnosis,False,73.53,Beginner,low,True,,,fan:lldb-532,OhNoMorecLemmings Wild 1.DAT#9
5373,Oh No More cLemmings Wild,GoNe WiTh ThE wInD,False,67.84,Beginner,low,True,,,fan:lldb-532,OhNoMorecLemmings Wild 2.DAT#0
5374,Oh No More cLemmings Wild,"Fear, Uncertainty, and Doubt",False,104.8,Easy,low,True,,,fan:lldb-532,OhNoMorecLemmings Wild 2.DAT#1
5375,Oh No More cLemmings Wild,The Cold Room,False,90.9,Beginner,low,True,,,fan:lldb-532,OhNoMorecLemmings Wild 2.DAT#2
5376,Oh No More cLemmings Wild,Written in Pascal . . .,False,95.34,Beginner,low,True,,,fan:lldb-532,OhNoMorecLemmings Wild 2.DAT#3
5377,Oh No More cLemmings Wild,To Da Loo . . .,False,85.19,Beginner,low,True,,,fan:lldb-532,OhNoMorecLemmings Wild 2.DAT#4
5378,Oh No More cLemmings Wild,Wild Thing . . .,False,76.19,Beginner,low,True,,,fan:lldb-532,OhNoMorecLemmings Wild 2.DAT#5
5379,Oh No More cLemmings Wild,Puzzled? I Think So . . .,False,87.75,Beginner,low,True,,,fan:lldb-532,OhNoMorecLemmings Wild 2.DAT#6
5380,Oh No More cLemmings Wild,Timing Indeed . . .,False,72.81,Beginner,low,True,,,fan:lldb-532,OhNoMorecLemmings Wild 2.DAT#7
5381,Oh No More cLemmings Wild,Creativity Beyond Lemmings . . .,False,78.4,Beginner,low,True,,,fan:lldb-532,OhNoMorecLemmings Wild 2.DAT#8
5382,Oh No More cLemmings Wild,Snowcaps,False,85.72,Beginner,low,True,,,fan:lldb-532,OhNoMorecLemmings Wild 2.DAT#9
5383,Oh No More cLemmings Wicked,Wicked Cool!,False,81.5,Beginner,low,True,,,fan:lldb-533,OhNoMorecLemmings Wicked 1.DAT#0
5384,Oh No More cLemmings Wicked,The Classic Turnaround Level,False,83.25,Beginner,low,True,,,fan:lldb-533,OhNoMorecLemmings Wicked 1.DAT#1
5385,Oh No More cLemmings Wicked,Easy Going Lemmings,False,74.56,Beginner,low,True,,,fan:lldb-533,OhNoMorecLemmings Wicked 1.DAT#2
5386,Oh No More cLemmings Wicked,I'll  Give You Some Leeway,False,95.75,Beginner,low,True,,,fan:lldb-533,OhNoMorecLemmings Wicked 1.DAT#3
5387,Oh No More cLemmings Wicked,The Advantageous Masterpiece,False,92.66,Beginner,low,True,,,fan:lldb-533,OhNoMorecLemmings Wicked 1.DAT#4
5388,Oh No More cLemmings Wicked,I'm Sorry Yggdrasil,False,89.05,Beginner,low,True,,,fan:lldb-533,OhNoMorecLemmings Wicked 1.DAT#5
5389,Oh No More cLemmings Wicked,The Cave of Despair . . .,False,98.14,Beginner,low,True,,,fan:lldb-533,OhNoMorecLemmings Wicked 1.DAT#6
5390,Oh No More cLemmings Wicked,The c Means Custom,False,67.92,Beginner,low,True,,,fan:lldb-533,OhNoMorecLemmings Wicked 1.DAT#7
5391,Oh No More cLemmings Wicked,One of Many Illusions,False,85.84,Beginner,low,True,,,fan:lldb-533,OhNoMorecLemmings Wicked 1.DAT#8
5392,Oh No More cLemmings Wicked,Do the Lemwalk,False,87.75,Beginner,low,True,,,fan:lldb-533,OhNoMorecLemmings Wicked 1.DAT#9
5393,Oh No More cLemmings Wicked,Snowlemmings,False,84.24,Beginner,low,True,,,fan:lldb-533,OhNoMorecLemmings Wicked 2.DAT#0
5394,Oh No More cLemmings Wicked,The Final Barrier,False,81.5,Beginner,low,True,,,fan:lldb-533,OhNoMorecLemmings Wicked 2.DAT#1
5395,Oh No More cLemmings Wicked,Unnecessary Lemmings,False,108.03,Easy,low,True,,,fan:lldb-533,OhNoMorecLemmings Wicked 2.DAT#2
5396,Oh No More cLemmings Wicked,What's Better Than Bubbles?,False,64.52,Beginner,low,True,,,fan:lldb-533,OhNoMorecLemmings Wicked 2.DAT#3
5397,Oh No More cLemmings Wicked,A Fistful of Lemmings,False,88.96,Beginner,low,True,,,fan:lldb-533,OhNoMorecLemmings Wicked 2.DAT#4
5398,Oh No More cLemmings Wicked,. . . And a Few Lemmings More,False,115.09,Easy,low,True,,,fan:lldb-533,OhNoMorecLemmings Wicked 2.DAT#5
5399,Oh No More cLemmings Wicked,That isn't a Lemming . . .,False,80.11,Beginner,low,True,,,fan:lldb-533,OhNoMorecLemmings Wicked 2.DAT#6
5400,Oh No More cLemmings Wicked,Only the Tip of the Iceberg,False,85.3,Beginner,low,True,,,fan:lldb-533,OhNoMorecLemmings Wicked 2.DAT#7
5401,Oh No More cLemmings Wicked,"Lemmings, The Astronomical!",False,91.56,Beginner,low,True,,,fan:lldb-533,OhNoMorecLemmings Wicked 2.DAT#8
5402,Oh No More cLemmings Wicked,On to Greener Pastures,False,95.53,Beginner,low,True,,,fan:lldb-533,OhNoMorecLemmings Wicked 2.DAT#9
5403,Oh No More cLemmings Havoc,My Kingdom for a Lemming!,False,65.22,Beginner,low,True,,,fan:lldb-534,OhNoMorecLemmings Havoc 1.DAT#0
5404,Oh No More cLemmings Havoc,Tracking the Snowy Vastness. . .,False,78.71,Beginner,low,True,,,fan:lldb-534,OhNoMorecLemmings Havoc 1.DAT#1
5405,Oh No More cLemmings Havoc,Of The Lemmings Not,False,91.89,Beginner,low,True,,,fan:lldb-534,OhNoMorecLemmings Havoc 1.DAT#2
5406,Oh No More cLemmings Havoc,Superlemming Vendetta,False,86.94,Beginner,low,True,,,fan:lldb-534,OhNoMorecLemmings Havoc 1.DAT#3
5407,Oh No More cLemmings Havoc,"Oh Dear, Not Again",False,92.89,Beginner,low,True,,,fan:lldb-534,OhNoMorecLemmings Havoc 1.DAT#4
5408,Oh No More cLemmings Havoc,What is it Now?,False,92.3,Beginner,low,True,,,fan:lldb-534,OhNoMorecLemmings Havoc 1.DAT#5
5409,Oh No More cLemmings Havoc,Lemming Ablation,False,103.18,Easy,low,True,,,fan:lldb-534,OhNoMorecLemmings Havoc 1.DAT#6
5410,Oh No More cLemmings Havoc,The Chameleon of DMA,False,98.55,Beginner,low,True,,,fan:lldb-534,OhNoMorecLemmings Havoc 1.DAT#7
5411,Oh No More cLemmings Havoc,The Chain Gang,False,86.05,Beginner,low,True,,,fan:lldb-534,OhNoMorecLemmings Havoc 1.DAT#8
5412,Oh No More cLemmings Havoc,Sliding on Thin Ice,False,83.25,Beginner,low,True,,,fan:lldb-534,OhNoMorecLemmings Havoc 1.DAT#9
5413,Oh No More cLemmings Havoc,The Corners of the Map,False,86.05,Beginner,low,True,,,fan:lldb-534,OhNoMorecLemmings Havoc 2.DAT#0
5414,Oh No More cLemmings Havoc,Beware the Devil Lemming,False,93.7,Beginner,low,True,,,fan:lldb-534,OhNoMorecLemmings Havoc 2.DAT#1
5415,Oh No More cLemmings Havoc,With a Bitter Aftertaste,False,101.19,Easy,low,True,,,fan:lldb-534,OhNoMorecLemmings Havoc 2.DAT#2
5416,Oh No More cLemmings Havoc,Snowed In,False,93.7,Beginner,low,True,,,fan:lldb-534,OhNoMorecLemmings Havoc 2.DAT#3
5417,Oh No More cLemmings Havoc,The Great Lemming Excursion,False,91.49,Beginner,low,True,,,fan:lldb-534,OhNoMorecLemmings Havoc 2.DAT#4
5418,Oh No More cLemmings Havoc,Bricky,False,89.28,Beginner,low,True,,,fan:lldb-534,OhNoMorecLemmings Havoc 2.DAT#5
5419,Oh No More cLemmings Havoc,Just a Spoonful of Sugar,False,87.65,Beginner,low,True,,,fan:lldb-534,OhNoMorecLemmings Havoc 2.DAT#6
5420,Oh No More cLemmings Havoc,Take a Chill Pill,False,95.89,Beginner,low,True,,,fan:lldb-534,OhNoMorecLemmings Havoc 2.DAT#7
5421,Oh No More cLemmings Havoc,Scale the Heights,False,80.34,Beginner,low,True,,,fan:lldb-534,OhNoMorecLemmings Havoc 2.DAT#8
5422,Oh No More cLemmings Havoc,The Space-Lemming Conundrum,False,94.89,Beginner,low,True,,,fan:lldb-534,OhNoMorecLemmings Havoc 2.DAT#9
5423,Holiday cLemmings Frost,Floating Down!,False,33.5,Beginner,low,True,,,fan:lldb-535,Holiday cLemmings Frost 1.DAT#0
5424,Holiday cLemmings Frost,Digging Tasks,False,65.09,Beginner,low,True,,,fan:lldb-535,Holiday cLemmings Frost 1.DAT#1
5425,Holiday cLemmings Frost,Building Past Death,False,60.59,Beginner,low,True,,,fan:lldb-535,Holiday cLemmings Frost 1.DAT#2
5426,Holiday cLemmings Frost,"Climbing Will Help, Now",False,72.15,Beginner,low,True,,,fan:lldb-535,Holiday cLemmings Frost 1.DAT#3
5427,Holiday cLemmings Frost,My Pretty Little Lemmings,False,114.64,Easy,low,True,,,fan:lldb-535,Holiday cLemmings Frost 1.DAT#4
5428,Holiday cLemmings Frost,The Ice Box,False,111.84,Easy,low,True,,,fan:lldb-535,Holiday cLemmings Frost 1.DAT#5
5429,Holiday cLemmings Frost,"Lemmings Like Ike, Too",False,110.44,Easy,low,True,,,fan:lldb-535,Holiday cLemmings Frost 1.DAT#6
5430,Holiday cLemmings Frost,Fosty The Lemman,False,102.44,Easy,low,True,,,fan:lldb-535,Holiday cLemmings Frost 1.DAT#7
5431,Holiday cLemmings Frost,Snow Fortress,False,117.44,Easy,low,True,,,fan:lldb-535,Holiday cLemmings Frost 1.DAT#8
5432,Holiday cLemmings Frost,A Pun on Puns,False,110.44,Easy,low,True,,,fan:lldb-535,Holiday cLemmings Frost 1.DAT#9
5433,Holiday cLemmings Frost,Snow The Lemmings Went Ahead,False,102.44,Easy,low,True,,,fan:lldb-535,Holiday cLemmings Frost 2.DAT#0
5434,Holiday cLemmings Frost,Whiteout,False,102.44,Easy,low,True,,,fan:lldb-535,Holiday cLemmings Frost 2.DAT#1
5435,Holiday cLemmings Frost,"That, Though, Is a Lemming",False,111.84,Easy,low,True,,,fan:lldb-535,Holiday cLemmings Frost 2.DAT#2
5436,Holiday cLemmings Frost,-Teen Ninety-Four,False,116.04,Easy,low,True,,,fan:lldb-535,Holiday cLemmings Frost 2.DAT#3
5437,Holiday cLemmings Frost,"To Life, and Lots of Presents",False,110.44,Easy,low,True,,,fan:lldb-535,Holiday cLemmings Frost 2.DAT#4
5438,Holiday cLemmings Frost,The Snowy Ages,False,111.84,Easy,low,True,,,fan:lldb-535,Holiday cLemmings Frost 2.DAT#5
5439,Holiday cLemmings Hail,Leeemmy! You Know What You Are?!,False,107.78,Easy,low,True,,,fan:lldb-536,Holiday cLemmings Hail 1.DAT#0
5440,Holiday cLemmings Hail,Through The Snow They Go,False,72.31,Beginner,low,True,,,fan:lldb-536,Holiday cLemmings Hail 1.DAT#1
5441,Holiday cLemmings Hail,The Presents Are Pouring In!,False,77.99,Beginner,low,True,,,fan:lldb-536,Holiday cLemmings Hail 1.DAT#2
5442,Holiday cLemmings Hail,"Lights In The Cold, Winter Night",False,91.69,Beginner,low,True,,,fan:lldb-536,Holiday cLemmings Hail 1.DAT#3
5443,Holiday cLemmings Hail,"Let it Snow, Let it Snow, . . .",False,114.5,Easy,low,True,,,fan:lldb-536,Holiday cLemmings Hail 1.DAT#4
5444,Holiday cLemmings Hail,Ice Skewer,False,103.66,Easy,low,True,,,fan:lldb-536,Holiday cLemmings Hail 1.DAT#5
5445,Holiday cLemmings Hail,Ho Ho Ho!,False,104.47,Easy,low,True,,,fan:lldb-536,Holiday cLemmings Hail 1.DAT#6
5446,Holiday cLemmings Hail,The Great Antarctic Voyage,False,119.47,Easy,low,True,,,fan:lldb-536,Holiday cLemmings Hail 1.DAT#7
5447,Holiday cLemmings Hail,Is That Better?,False,77.16,Beginner,low,True,,,fan:lldb-536,Holiday cLemmings Hail 1.DAT#8
5448,Holiday cLemmings Hail,Lemmmigns!,False,116.67,Easy,low,True,,,fan:lldb-536,Holiday cLemmings Hail 1.DAT#9
5449,Holiday cLemmings Hail,A Free-For-All!,False,106.5,Easy,low,True,,,fan:lldb-536,Holiday cLemmings Hail 2.DAT#0
5450,Holiday cLemmings Hail,The Lem Lax Land,False,85.64,Beginner,low,True,,,fan:lldb-536,Holiday cLemmings Hail 2.DAT#1
5451,Holiday cLemmings Hail,Say Whaaaaa?,False,46.38,Beginner,low,True,,,fan:lldb-536,Holiday cLemmings Hail 2.DAT#2
5452,Holiday cLemmings Hail,No Rendezvous For You!,False,93.07,Beginner,low,True,,,fan:lldb-536,Holiday cLemmings Hail 2.DAT#3
5453,Holiday cLemmings Hail,"Up, Up, And Away!!!",False,98.14,Beginner,low,True,,,fan:lldb-536,Holiday cLemmings Hail 2.DAT#4
5454,Holiday cLemmings Hail,Ice Party at Steel's House!,False,97.74,Beginner,low,True,,,fan:lldb-536,Holiday cLemmings Hail 2.DAT#5
5455,Holiday cLemmings Flurry,Ice Lemm,False,60.31,Beginner,low,True,,,fan:lldb-537,Holiday cLemmings Flurry 1.DAT#0
5456,Holiday cLemmings Flurry,"No Entry, No Exit",False,86.25,Beginner,low,True,,,fan:lldb-537,Holiday cLemmings Flurry 1.DAT#1
5457,Holiday cLemmings Flurry,One Lone Lemm In The Snow,False,86.05,Beginner,low,True,,,fan:lldb-537,Holiday cLemmings Flurry 1.DAT#2
5458,Holiday cLemmings Flurry,The Snows of Time,False,92.48,Beginner,low,True,,,fan:lldb-537,Holiday cLemmings Flurry 1.DAT#3
5459,Holiday cLemmings Flurry,They Killed Lemmy!,False,75.33,Beginner,low,True,,,fan:lldb-537,Holiday cLemmings Flurry 1.DAT#4
5460,Holiday cLemmings Flurry,No Lemmings For You!,False,97.9,Beginner,low,True,,,fan:lldb-537,Holiday cLemmings Flurry 1.DAT#5
5461,Holiday cLemmings Flurry,Lemming Business,False,89.5,Beginner,low,True,,,fan:lldb-537,Holiday cLemmings Flurry 1.DAT#6
5462,Holiday cLemmings Flurry,Biglemm Was Here,False,107.39,Easy,low,True,,,fan:lldb-537,Holiday cLemmings Flurry 1.DAT#7
5463,Holiday cLemmings Flurry,Snow Removal Team,False,71.24,Beginner,low,True,,,fan:lldb-537,Holiday cLemmings Flurry 1.DAT#8
5464,Holiday cLemmings Flurry,"Snow Me, Lemmings!",False,78.4,Beginner,low,True,,,fan:lldb-537,Holiday cLemmings Flurry 1.DAT#9
5465,Holiday cLemmings Flurry,The Second Splatathon,False,75.41,Beginner,low,True,,,fan:lldb-537,Holiday cLemmings Flurry 2.DAT#0
5466,Holiday cLemmings Flurry,Lemmings of the Rising Sun,False,90.65,Beginner,low,True,,,fan:lldb-537,Holiday cLemmings Flurry 2.DAT#1
5467,Holiday cLemmings Flurry,The Blizzard,False,97.74,Beginner,low,True,,,fan:lldb-537,Holiday cLemmings Flurry 2.DAT#2
5468,Holiday cLemmings Flurry,Bringing in the Presents,False,109.99,Easy,low,True,,,fan:lldb-537,Holiday cLemmings Flurry 2.DAT#3
5469,Holiday cLemmings Flurry,Vacation Gone Wrong,False,98.55,Beginner,low,True,,,fan:lldb-537,Holiday cLemmings Flurry 2.DAT#4
5470,Holiday cLemmings Flurry,Lemmings Insurance,False,75.96,Beginner,low,True,,,fan:lldb-537,Holiday cLemmings Flurry 2.DAT#5
5471,Holiday cLemmings Blitz,The Snow is Melting,False,104.8,Easy,low,True,,,fan:lldb-538,Holiday cLemmings Blitz 1.DAT#0
5472,Holiday cLemmings Blitz,Microsoft Holidays in 1994,False,101.19,Easy,low,True,,,fan:lldb-538,Holiday cLemmings Blitz 1.DAT#1
5473,Holiday cLemmings Blitz,The Lemmings Expertise Lemming,False,93.7,Beginner,low,True,,,fan:lldb-538,Holiday cLemmings Blitz 1.DAT#2
5474,Holiday cLemmings Blitz,The Great Snowy Lemmousine,False,83.25,Beginner,low,True,,,fan:lldb-538,Holiday cLemmings Blitz 1.DAT#3
5475,Holiday cLemmings Blitz,Snow in the Lems,False,98.14,Beginner,low,True,,,fan:lldb-538,Holiday cLemmings Blitz 1.DAT#4
5476,Holiday cLemmings Blitz,Christmas in Upsidedown World,False,82.6,Beginner,low,True,,,fan:lldb-538,Holiday cLemmings Blitz 1.DAT#5
5477,Holiday cLemmings Blitz,The Snow Shack,False,89.5,Beginner,low,True,,,fan:lldb-538,Holiday cLemmings Blitz 1.DAT#6
5478,Holiday cLemmings Blitz,Saintly Lemmings,False,87.45,Beginner,low,True,,,fan:lldb-538,Holiday cLemmings Blitz 1.DAT#7
5479,Holiday cLemmings Blitz,The Snowish March,False,84.65,Beginner,low,True,,,fan:lldb-538,Holiday cLemmings Blitz 1.DAT#8
5480,Holiday cLemmings Blitz,Christmas on the snow,False,83.25,Beginner,low,True,,,fan:lldb-538,Holiday cLemmings Blitz 1.DAT#9
5481,Holiday cLemmings Blitz,"Snowy Days, Snowy Days . . .",False,92.3,Beginner,low,True,,,fan:lldb-538,Holiday cLemmings Blitz 2.DAT#0
5482,Holiday cLemmings Blitz,The Snow is Coming,False,100.54,Easy,low,True,,,fan:lldb-538,Holiday cLemmings Blitz 2.DAT#1
5483,Holiday cLemmings Blitz,Iced Lemmings,False,95.75,Beginner,low,True,,,fan:lldb-538,Holiday cLemmings Blitz 2.DAT#2
5484,Holiday cLemmings Blitz,Snowy Trails . . .,False,90.9,Beginner,low,True,,,fan:lldb-538,Holiday cLemmings Blitz 2.DAT#3
5485,Holiday cLemmings Blitz,The Christmas Classic,False,77.18,Beginner,low,True,,,fan:lldb-538,Holiday cLemmings Blitz 2.DAT#4
5486,Holiday cLemmings Blitz,Happy New Year!,False,84.65,Beginner,low,True,,,fan:lldb-538,Holiday cLemmings Blitz 2.DAT#5
5487,Pieuws Lemmings 2007 Peace,Have a Pleasant Journey !,False,52.75,Beginner,low,True,,,fan:lldb-542,Pieuw 2007 Peace 1.DAT#0
5488,Pieuws Lemmings 2007 Peace,Oscillating Lemmings,False,60.75,Beginner,low,True,,,fan:lldb-542,Pieuw 2007 Peace 1.DAT#1
5489,Pieuws Lemmings 2007 Peace,Traffic Policemen are Comming !,False,52.75,Beginner,low,True,,,fan:lldb-542,Pieuw 2007 Peace 1.DAT#2
5490,Pieuws Lemmings 2007 Peace,Subterranean Exit,False,60.75,Beginner,low,True,,,fan:lldb-542,Pieuw 2007 Peace 1.DAT#3
5491,Pieuws Lemmings 2007 Peace,Let's review what they can do,False,100,Easy,low,True,,,fan:lldb-542,Pieuw 2007 Peace 1.DAT#4
5492,Pieuws Lemmings 2007 Peace,Rising to Paradise,False,52.75,Beginner,low,True,,,fan:lldb-542,Pieuw 2007 Peace 1.DAT#5
5493,Pieuws Lemmings 2007 Peace,Deep Forest,False,82.25,Beginner,low,True,,,fan:lldb-542,Pieuw 2007 Peace 1.DAT#6
5494,Pieuws Lemmings 2007 Peace,Frozen Lemmings,False,106.38,Easy,low,True,,,fan:lldb-542,Pieuw 2007 Peace 1.DAT#7
5495,Pieuws Lemmings 2007 Peace,A job for Miners,False,52.75,Beginner,low,True,,,fan:lldb-542,Pieuw 2007 Peace 1.DAT#8
5496,Pieuws Lemmings 2007 Peace,Avoid the Fall !,False,90.25,Beginner,low,True,,,fan:lldb-542,Pieuw 2007 Peace 1.DAT#9
5497,Pieuws Lemmings 2007 Peace,Follow the Arrow,False,99.65,Beginner,low,True,,,fan:lldb-542,Pieuw 2007 Peace 2.DAT#0
5498,Pieuws Lemmings 2007 Peace,Make him act before Falling,False,66.17,Beginner,low,True,,,fan:lldb-542,Pieuw 2007 Peace 2.DAT#1
5499,Pieuws Lemmings 2007 Peace,Use your feet to climb,False,54.62,Beginner,low,True,,,fan:lldb-542,Pieuw 2007 Peace 2.DAT#2
5500,Pieuws Lemmings 2007 Peace,The Strange Relict of Rhodes,False,92,Beginner,low,True,,,fan:lldb-542,Pieuw 2007 Peace 2.DAT#3
5501,Pieuws Lemmings 2007 Peace,Don't look Downwards !,False,90.25,Beginner,low,True,,,fan:lldb-542,Pieuw 2007 Peace 2.DAT#4
5502,Pieuws Lemmings 2007 Peace,This is not a prison,False,90.33,Beginner,low,True,,,fan:lldb-542,Pieuw 2007 Peace 2.DAT#5
5503,Pieuws Lemmings 2007 Peace,Rock Desert,False,90.25,Beginner,low,True,,,fan:lldb-542,Pieuw 2007 Peace 2.DAT#6
5504,Pieuws Lemmings 2007 Peace,Wood piece,False,84,Beginner,low,True,,,fan:lldb-542,Pieuw 2007 Peace 2.DAT#7
5505,Pieuws Lemmings 2007 Peace,It's a Pipe-World,False,67.96,Beginner,low,True,,,fan:lldb-542,Pieuw 2007 Peace 2.DAT#8
5506,Pieuws Lemmings 2007 Peace,The Emerald Grotto,False,51,Beginner,low,True,,,fan:lldb-542,Pieuw 2007 Peace 2.DAT#9
5507,Pieuws Lemmings 2007 Awkward,Lemmings in a Box,False,87.75,Beginner,low,True,,,fan:lldb-543,Pieuw 2007 Awkward 1.DAT#0
5508,Pieuws Lemmings 2007 Awkward,Iron Industry,False,94,Beginner,low,True,,,fan:lldb-543,Pieuw 2007 Awkward 1.DAT#1
5509,Pieuws Lemmings 2007 Awkward,Swallowing Lemmings,False,69.35,Beginner,low,True,,,fan:lldb-543,Pieuw 2007 Awkward 1.DAT#2
5510,Pieuws Lemmings 2007 Awkward,Snakefood,False,75.25,Beginner,low,True,,,fan:lldb-543,Pieuw 2007 Awkward 1.DAT#3
5511,Pieuws Lemmings 2007 Awkward,In an Anthill,False,75.25,Beginner,low,True,,,fan:lldb-543,Pieuw 2007 Awkward 1.DAT#4
5512,Pieuws Lemmings 2007 Awkward,Lemming City,False,108,Easy,low,True,,,fan:lldb-543,Pieuw 2007 Awkward 1.DAT#5
5513,Pieuws Lemmings 2007 Awkward,Grassy Path,False,81.3,Beginner,low,True,,,fan:lldb-543,Pieuw 2007 Awkward 1.DAT#6
5514,Pieuws Lemmings 2007 Awkward,Don't let them  being greedy,False,92.4,Beginner,low,True,,,fan:lldb-543,Pieuw 2007 Awkward 1.DAT#7
5515,Pieuws Lemmings 2007 Awkward,Work hard and Die,False,72.65,Beginner,low,True,,,fan:lldb-543,Pieuw 2007 Awkward 1.DAT#8
5516,Pieuws Lemmings 2007 Awkward,The Hiking Tour,False,98.55,Beginner,low,True,,,fan:lldb-543,Pieuw 2007 Awkward 1.DAT#9
5517,Pieuws Lemmings 2007 Awkward,Cloud-Covered Stalactite,False,91.83,Beginner,low,True,,,fan:lldb-543,Pieuw 2007 Awkward 2.DAT#0
5518,Pieuws Lemmings 2007 Awkward,Be cruel with your workers,False,78.67,Beginner,low,True,,,fan:lldb-543,Pieuw 2007 Awkward 2.DAT#1
5519,Pieuws Lemmings 2007 Awkward,Hell World,False,94.12,Beginner,low,True,,,fan:lldb-543,Pieuw 2007 Awkward 2.DAT#2
5520,Pieuws Lemmings 2007 Awkward,Make a choice,False,59.25,Beginner,low,True,,,fan:lldb-543,Pieuw 2007 Awkward 2.DAT#3
5521,Pieuws Lemmings 2007 Awkward,Deepest Forest,False,58.83,Beginner,low,True,,,fan:lldb-543,Pieuw 2007 Awkward 2.DAT#4
5522,Pieuws Lemmings 2007 Awkward,The Olivine Grotto,False,51.25,Beginner,low,True,,,fan:lldb-543,Pieuw 2007 Awkward 2.DAT#5
5523,Pieuws Lemmings 2007 Awkward,Foam Bath,False,69,Beginner,low,True,,,fan:lldb-543,Pieuw 2007 Awkward 2.DAT#6
5524,Pieuws Lemmings 2007 Awkward,Dirty way,False,101.55,Easy,low,True,,,fan:lldb-543,Pieuw 2007 Awkward 2.DAT#7
5525,Pieuws Lemmings 2007 Awkward,Zigzag World,False,102.47,Easy,low,True,,,fan:lldb-543,Pieuw 2007 Awkward 2.DAT#8
5526,Pieuws Lemmings 2007 Awkward,The end,False,92.08,Beginner,low,True,,,fan:lldb-543,Pieuw 2007 Awkward 2.DAT#9
5527,Pieuws Lemmings 2007 Artful,Break the Ice,False,75.25,Beginner,low,True,,,fan:lldb-544,Pieuw 2007 Artful 1.DAT#0
5528,Pieuws Lemmings 2007 Artful,Return to the Fold,False,95.75,Beginner,low,True,,,fan:lldb-544,Pieuw 2007 Artful 1.DAT#1
5529,Pieuws Lemmings 2007 Artful,Backward Train,False,95.75,Beginner,low,True,,,fan:lldb-544,Pieuw 2007 Artful 1.DAT#2
5530,Pieuws Lemmings 2007 Artful,The Ghost Cross,False,79.55,Beginner,low,True,,,fan:lldb-544,Pieuw 2007 Artful 1.DAT#3
5531,Pieuws Lemmings 2007 Artful,Dark Valley,False,89.94,Beginner,low,True,,,fan:lldb-544,Pieuw 2007 Artful 1.DAT#4
5532,Pieuws Lemmings 2007 Artful,Have a Pleasant Journey !,False,80.2,Beginner,low,True,,,fan:lldb-544,Pieuw 2007 Artful 1.DAT#5
5533,Pieuws Lemmings 2007 Artful,Terrorist Attack,False,56,Beginner,low,True,,,fan:lldb-544,Pieuw 2007 Artful 1.DAT#6
5534,Pieuws Lemmings 2007 Artful,So Logical,False,90.5,Beginner,low,True,,,fan:lldb-544,Pieuw 2007 Artful 1.DAT#7
5535,Pieuws Lemmings 2007 Artful,Chilly Lemmings,False,87.88,Beginner,low,True,,,fan:lldb-544,Pieuw 2007 Artful 1.DAT#8
5536,Pieuws Lemmings 2007 Artful,Rising to Heaven,False,73.38,Beginner,low,True,,,fan:lldb-544,Pieuw 2007 Artful 1.DAT#9
5537,Pieuws Lemmings 2007 Artful,Clumps,False,80.4,Beginner,low,True,,,fan:lldb-544,Pieuw 2007 Artful 2.DAT#0
5538,Pieuws Lemmings 2007 Artful,Underground Exit,False,83.25,Beginner,low,True,,,fan:lldb-544,Pieuw 2007 Artful 2.DAT#1
5539,Pieuws Lemmings 2007 Artful,Stay Following the Arrow,False,96.07,Beginner,low,True,,,fan:lldb-544,Pieuw 2007 Artful 2.DAT#2
5540,Pieuws Lemmings 2007 Artful,The Drowning Walk,False,115.9,Easy,low,True,,,fan:lldb-544,Pieuw 2007 Artful 2.DAT#3
5541,Pieuws Lemmings 2007 Artful,Lemmings on a Thread,False,100.8,Easy,low,True,,,fan:lldb-544,Pieuw 2007 Artful 2.DAT#4
5542,Pieuws Lemmings 2007 Artful,How do I Turn Back ?,False,69,Beginner,low,True,,,fan:lldb-544,Pieuw 2007 Artful 2.DAT#5
5543,Pieuws Lemmings 2007 Artful,Use your brain to climb,False,79.88,Beginner,low,True,,,fan:lldb-544,Pieuw 2007 Artful 2.DAT#6
5544,Pieuws Lemmings 2007 Artful,X Marks Nothing,False,94,Beginner,low,True,,,fan:lldb-544,Pieuw 2007 Artful 2.DAT#7
5545,Pieuws Lemmings 2007 Artful,Quickie...,False,100.25,Easy,low,True,,,fan:lldb-544,Pieuw 2007 Artful 2.DAT#8
5546,Pieuws Lemmings 2007 Artful,The big U-Turn,False,104.25,Easy,low,True,,,fan:lldb-544,Pieuw 2007 Artful 2.DAT#9
5547,Pieuws Lemmings 2007 Insane,The Lemming Gallery,False,109.65,Easy,low,True,,,fan:lldb-545,Pieuw 2007 Insane 1.DAT#0
5548,Pieuws Lemmings 2007 Insane,The Warehouse,False,108.25,Easy,low,True,,,fan:lldb-545,Pieuw 2007 Insane 1.DAT#1
5549,Pieuws Lemmings 2007 Insane,Husky Lemmings,False,92.5,Beginner,low,True,,,fan:lldb-545,Pieuw 2007 Insane 1.DAT#2
5550,Pieuws Lemmings 2007 Insane,Diggin' the Air,False,94,Beginner,low,True,,,fan:lldb-545,Pieuw 2007 Insane 1.DAT#3
5551,Pieuws Lemmings 2007 Insane,Fearsome Rain,False,92.25,Beginner,low,True,,,fan:lldb-545,Pieuw 2007 Insane 1.DAT#4
5552,Pieuws Lemmings 2007 Insane,This Trick again,False,66.4,Beginner,low,True,,,fan:lldb-545,Pieuw 2007 Insane 1.DAT#5
5553,Pieuws Lemmings 2007 Insane,Through the Block,False,87.75,Beginner,low,True,,,fan:lldb-545,Pieuw 2007 Insane 1.DAT#6
5554,Pieuws Lemmings 2007 Insane,The Crossing,False,79.75,Beginner,low,True,,,fan:lldb-545,Pieuw 2007 Insane 1.DAT#7
5555,Pieuws Lemmings 2007 Insane,No Justice for Heroes,False,88.64,Beginner,low,True,,,fan:lldb-545,Pieuw 2007 Insane 1.DAT#8
5556,Pieuws Lemmings 2007 Insane,Let the Magic happen !,False,66.17,Beginner,low,True,,,fan:lldb-545,Pieuw 2007 Insane 1.DAT#9
5557,Pieuws Lemmings 2007 Insane,Two Stragglers,False,81.5,Beginner,low,True,,,fan:lldb-545,Pieuw 2007 Insane 2.DAT#0
5558,Pieuws Lemmings 2007 Insane,This Wall seems Impassable,False,77.31,Beginner,low,True,,,fan:lldb-545,Pieuw 2007 Insane 2.DAT#1
5559,Pieuws Lemmings 2007 Insane,The Barbarous Bars,False,91.4,Beginner,low,True,,,fan:lldb-545,Pieuw 2007 Insane 2.DAT#2
5560,Pieuws Lemmings 2007 Insane,The Dark Cave behind CliffTown,False,86,Beginner,low,True,,,fan:lldb-545,Pieuw 2007 Insane 2.DAT#3
5561,Pieuws Lemmings 2007 Insane,Ground City,False,108.35,Easy,low,True,,,fan:lldb-545,Pieuw 2007 Insane 2.DAT#4
5562,Pieuws Lemmings 2007 Insane,Evil Sandglass,False,89.5,Beginner,low,True,,,fan:lldb-545,Pieuw 2007 Insane 2.DAT#5
5563,Pieuws Lemmings 2007 Insane,Miner under Control,False,90.75,Beginner,low,True,,,fan:lldb-545,Pieuw 2007 Insane 2.DAT#6
5564,Pieuws Lemmings 2007 Insane,The Crossing (Part II),False,81.5,Beginner,low,True,,,fan:lldb-545,Pieuw 2007 Insane 2.DAT#7
5565,Pieuws Lemmings 2007 Insane,Diamond Ribs,False,94,Beginner,low,True,,,fan:lldb-545,Pieuw 2007 Insane 2.DAT#8
5566,Pieuws Lemmings 2007 Insane,Unwilling Funambulist,False,81.5,Beginner,low,True,,,fan:lldb-545,Pieuw 2007 Insane 2.DAT#9
5567,Deceits Lemmings Extras,Climbers can climb the wall,False,46.5,Beginner,low,True,,,fan:lldb-546,Deceit Extras 1.DAT#0
5568,Deceits Lemmings Extras,Floaters can land safely,False,46.5,Beginner,low,True,,,fan:lldb-546,Deceit Extras 1.DAT#1
5569,Deceits Lemmings Extras,Bombers can blow up themselves,False,46.5,Beginner,low,True,,,fan:lldb-546,Deceit Extras 1.DAT#2
5570,Deceits Lemmings Extras,Blockers can block others,False,46.5,Beginner,low,True,,,fan:lldb-546,Deceit Extras 1.DAT#3
5571,Deceits Lemmings Extras,Builders can build stairs,False,46.5,Beginner,low,True,,,fan:lldb-546,Deceit Extras 1.DAT#4
5572,Deceits Lemmings Extras,Bashers can bash the wall,False,54.5,Beginner,low,True,,,fan:lldb-546,Deceit Extras 1.DAT#5
5573,Deceits Lemmings Extras,Miners Can Mine Diagonally,False,55.9,Beginner,low,True,,,fan:lldb-546,Deceit Extras 1.DAT#6
5574,Deceits Lemmings Extras,Lemmings on Fire,False,65.9,Beginner,low,True,,,fan:lldb-546,Deceit Extras 2.DAT#0
5575,Deceits Lemmings Extras,Let's get it Started,False,98.25,Beginner,low,True,,,fan:lldb-546,Deceit Extras 2.DAT#1
5576,Deceits Lemmings Extras,Hollywood Lemmings,False,98.25,Beginner,low,True,,,fan:lldb-546,Deceit Extras 2.DAT#2
5577,Deceits Lemmings Extras,Welcome to the Jungle,False,90.38,Beginner,low,True,,,fan:lldb-546,Deceit Extras 2.DAT#3
5578,Deceits Lemmings Extras,Downtown Lemmings,False,90.25,Beginner,low,True,,,fan:lldb-546,Deceit Extras 2.DAT#4
5579,Deceits Lemmings Extras,PoP PoP Sparkle,False,102.31,Easy,low,True,,,fan:lldb-546,Deceit Extras 2.DAT#5
5580,Deceits Lemmings Extras,Mystic Cave,False,95,Beginner,low,True,,,fan:lldb-546,Deceit Extras 2.DAT#6
5581,Deceits Lemmings Extras,Lucy 26 Degree,False,109.11,Easy,low,True,,,fan:lldb-546,Deceit Extras 2.DAT#7
5582,Ji Hoons Lemmings Remake Heaven,Climbing in life...,False,38.38,Beginner,low,True,,,fan:lldb-547,Ji Hoon Heaven 1.DAT#0
5583,Ji Hoons Lemmings Remake Heaven,Float to safety,False,36.75,Beginner,low,True,,,fan:lldb-547,Ji Hoon Heaven 1.DAT#1
5584,Ji Hoons Lemmings Remake Heaven,Blast on through!,False,38.66,Beginner,low,True,,,fan:lldb-547,Ji Hoon Heaven 1.DAT#2
5585,Ji Hoons Lemmings Remake Heaven,Block 'n load,False,36.75,Beginner,low,True,,,fan:lldb-547,Ji Hoon Heaven 1.DAT#3
5586,Ji Hoons Lemmings Remake Heaven,Build The Way,False,33.5,Beginner,low,True,,,fan:lldb-547,Ji Hoon Heaven 1.DAT#4
5587,Ji Hoons Lemmings Remake Heaven,Cellbash,False,33.5,Beginner,low,True,,,fan:lldb-547,Ji Hoon Heaven 1.DAT#5
5588,Ji Hoons Lemmings Remake Heaven,"Mienrs <--- lol, typo",False,31.88,Beginner,low,True,,,fan:lldb-547,Ji Hoon Heaven 1.DAT#6
5589,Ji Hoons Lemmings Remake Heaven,Diggin' to a better world,False,25.5,Beginner,low,True,,,fan:lldb-547,Ji Hoon Heaven 1.DAT#7
5590,Ji Hoons Lemmings Remake Heaven,Indecision,False,98.25,Beginner,low,True,,,fan:lldb-547,Ji Hoon Heaven 1.DAT#8
5591,Ji Hoons Lemmings Remake Heaven,Stop Right There!,False,92,Beginner,low,True,,,fan:lldb-547,Ji Hoon Heaven 1.DAT#9
5592,Ji Hoons Lemmings Remake Heaven,Star Unit 16,False,100,Easy,low,True,,,fan:lldb-547,Ji Hoon Heaven 2.DAT#0
5593,Ji Hoons Lemmings Remake Heaven,Remember where you find them!,False,98.25,Beginner,low,True,,,fan:lldb-547,Ji Hoon Heaven 2.DAT#1
5594,Ji Hoons Lemmings Remake Heaven,The Room,False,87,Beginner,low,True,,,fan:lldb-547,Ji Hoon Heaven 2.DAT#2
5595,Ji Hoons Lemmings Remake Heaven,"Dude, where's my exit?",False,93.5,Beginner,low,True,,,fan:lldb-547,Ji Hoon Heaven 2.DAT#3
5596,Ji Hoons Lemmings Remake Heaven,Crystal Mine,False,106.38,Easy,low,True,,,fan:lldb-547,Ji Hoon Heaven 2.DAT#4
5597,Ji Hoons Lemmings Remake Heaven,The Ultimate Answer,False,79.93,Beginner,low,True,,,fan:lldb-547,Ji Hoon Heaven 2.DAT#5
5598,Ji Hoons Lemmings Remake Heaven,Retreat!!!,False,76.35,Beginner,low,True,,,fan:lldb-547,Ji Hoon Heaven 2.DAT#6
5599,Ji Hoons Lemmings Remake Heaven,~saranghae~,False,95.67,Beginner,low,True,,,fan:lldb-547,Ji Hoon Heaven 2.DAT#7
5600,Ji Hoons Lemmings Remake Heaven,"Stop, Block and Blow",False,35,Beginner,low,True,,,fan:lldb-547,Ji Hoon Heaven 2.DAT#8
5601,Ji Hoons Lemmings Remake Heaven,Lemmings on a Plane,False,108,Easy,low,True,,,fan:lldb-547,Ji Hoon Heaven 2.DAT#9
5602,Ji Hoons Lemmings Remake Sky,Annyeonghaseyo Lemming-Nim,False,98.25,Beginner,low,True,,,fan:lldb-548,Ji Hoon Sky 1.DAT#0
5603,Ji Hoons Lemmings Remake Sky,Lemming Island,False,110.8,Easy,low,True,,,fan:lldb-548,Ji Hoon Sky 1.DAT#1
5604,Ji Hoons Lemmings Remake Sky,From Here To Anywhere,False,108.95,Easy,low,True,,,fan:lldb-548,Ji Hoon Sky 1.DAT#2
5605,Ji Hoons Lemmings Remake Sky,Loner Lemming,False,77,Beginner,low,True,,,fan:lldb-548,Ji Hoon Sky 1.DAT#3
5606,Ji Hoons Lemmings Remake Sky,"One Day,One Lem",False,106.38,Easy,low,True,,,fan:lldb-548,Ji Hoon Sky 1.DAT#4
5607,Ji Hoons Lemmings Remake Sky,"Dude, where's my exit?",False,93.5,Beginner,low,True,,,fan:lldb-548,Ji Hoon Sky 1.DAT#5
5608,Ji Hoons Lemmings Remake Sky,Don't go there just yet...,False,81.5,Beginner,low,True,,,fan:lldb-548,Ji Hoon Sky 1.DAT#6
5609,Ji Hoons Lemmings Remake Sky,Blastin' On Up,False,76.5,Beginner,low,True,,,fan:lldb-548,Ji Hoon Sky 1.DAT#7
5610,Ji Hoons Lemmings Remake Sky,Crash the party,False,63.58,Beginner,low,True,,,fan:lldb-548,Ji Hoon Sky 1.DAT#8
5611,Ji Hoons Lemmings Remake Sky,Timetwister,False,82.44,Beginner,low,True,,,fan:lldb-548,Ji Hoon Sky 1.DAT#9
5612,Ji Hoons Lemmings Remake Sky,Retreat!!!,False,76.35,Beginner,low,True,,,fan:lldb-548,Ji Hoon Sky 2.DAT#0
5613,Ji Hoons Lemmings Remake Sky,YOUR LEM A SPLODE,False,67.12,Beginner,low,True,,,fan:lldb-548,Ji Hoon Sky 2.DAT#1
5614,Ji Hoons Lemmings Remake Sky,Nuclear Lemmings,False,68.13,Beginner,low,True,,,fan:lldb-548,Ji Hoon Sky 2.DAT#2
5615,Ji Hoons Lemmings Remake Sky,Do A Barrel Roll!,False,90.25,Beginner,low,True,,,fan:lldb-548,Ji Hoon Sky 2.DAT#3
5616,Ji Hoons Lemmings Remake Sky,Playing With Fire,False,109.4,Easy,low,True,,,fan:lldb-548,Ji Hoon Sky 2.DAT#4
5617,Ji Hoons Lemmings Remake Sky,Tribute To Timfoxxy,False,74.84,Beginner,low,True,,,fan:lldb-548,Ji Hoon Sky 2.DAT#5
5618,Ji Hoons Lemmings Remake Sky,Seven ways to kill a lemming,False,97.8,Beginner,low,True,,,fan:lldb-548,Ji Hoon Sky 2.DAT#6
5619,Ji Hoons Lemmings Remake Sky,"Oh snap, it's a lemmings level",False,100,Easy,low,True,,,fan:lldb-548,Ji Hoon Sky 2.DAT#7
5620,Ji Hoons Lemmings Remake Sky,Randomly Insane Lemmings,False,87.93,Beginner,low,True,,,fan:lldb-548,Ji Hoon Sky 2.DAT#8
5621,Ji Hoons Lemmings Remake Sky,Back to where we started...,False,98.5,Beginner,low,True,,,fan:lldb-548,Ji Hoon Sky 2.DAT#9
5622,Ji Hoons Lemmings Remake Earth,Death In All Directions,False,112.04,Easy,low,True,,,fan:lldb-549,Ji Hoon Earth 1.DAT#0
5623,Ji Hoons Lemmings Remake Earth,Find your own way home,False,65.25,Beginner,low,True,,,fan:lldb-549,Ji Hoon Earth 1.DAT#1
5624,Ji Hoons Lemmings Remake Earth,Retreat!!!,False,76.35,Beginner,low,True,,,fan:lldb-549,Ji Hoon Earth 1.DAT#2
5625,Ji Hoons Lemmings Remake Earth,All or Nothing: The Revenge,False,70.75,Beginner,low,True,,,fan:lldb-549,Ji Hoon Earth 1.DAT#3
5626,Ji Hoons Lemmings Remake Earth,Overheat,False,106.38,Easy,low,True,,,fan:lldb-549,Ji Hoon Earth 1.DAT#4
5627,Ji Hoons Lemmings Remake Earth,Suicide Drop,False,106.5,Easy,low,True,,,fan:lldb-549,Ji Hoon Earth 1.DAT#5
5628,Ji Hoons Lemmings Remake Earth,As Complicated As It Looks,False,104.88,Easy,low,True,,,fan:lldb-549,Ji Hoon Earth 1.DAT#6
5629,Ji Hoons Lemmings Remake Earth,Speed Freaks,False,62.75,Beginner,low,True,,,fan:lldb-549,Ji Hoon Earth 1.DAT#7
5630,Ji Hoons Lemmings Remake Earth,King Lem XLII,False,54.75,Beginner,low,True,,,fan:lldb-549,Ji Hoon Earth 1.DAT#8
5631,Ji Hoons Lemmings Remake Earth,We're Not The First Ones Here,False,103.25,Easy,low,True,,,fan:lldb-549,Ji Hoon Earth 1.DAT#9
5632,Ji Hoons Lemmings Remake Earth,Quarantine Break!,False,83,Beginner,low,True,,,fan:lldb-549,Ji Hoon Earth 2.DAT#0
5633,Ji Hoons Lemmings Remake Earth,Abombination,False,50.69,Beginner,low,True,,,fan:lldb-549,Ji Hoon Earth 2.DAT#1
5634,Ji Hoons Lemmings Remake Earth,l13k t3h l3mmingz0rz r t3h 1337,False,106.5,Easy,low,True,,,fan:lldb-549,Ji Hoon Earth 2.DAT#2
5635,Ji Hoons Lemmings Remake Earth,"Dude, where's my exit?",False,93.5,Beginner,low,True,,,fan:lldb-549,Ji Hoon Earth 2.DAT#3
5636,Ji Hoons Lemmings Remake Earth,Nazi Lemming,False,87.67,Beginner,low,True,,,fan:lldb-549,Ji Hoon Earth 2.DAT#4
5637,Ji Hoons Lemmings Remake Earth,Absolute Zero,False,86.94,Beginner,low,True,,,fan:lldb-549,Ji Hoon Earth 2.DAT#5
5638,Ji Hoons Lemmings Remake Earth,Block the miner!,False,82.75,Beginner,low,True,,,fan:lldb-549,Ji Hoon Earth 2.DAT#6
5639,Ji Hoons Lemmings Remake Earth,BURN!!!,False,91.55,Beginner,low,True,,,fan:lldb-549,Ji Hoon Earth 2.DAT#7
5640,Ji Hoons Lemmings Remake Earth,The worst is still to come,False,105.7,Easy,low,True,,,fan:lldb-549,Ji Hoon Earth 2.DAT#8
5641,Ji Hoons Lemmings Remake Earth,Chain Reaction,False,100,Easy,low,True,,,fan:lldb-549,Ji Hoon Earth 2.DAT#9
5642,Ji Hoons Lemmings Remake Hell,The Hundred Man March,False,114.5,Easy,low,True,,,fan:lldb-550,Ji Hoon Hell 1.DAT#0
5643,Ji Hoons Lemmings Remake Hell,"The ""Lemming"" Paradox",False,106.5,Easy,low,True,,,fan:lldb-550,Ji Hoon Hell 1.DAT#1
5644,Ji Hoons Lemmings Remake Hell,Explore The Unknown...,False,114.5,Easy,low,True,,,fan:lldb-550,Ji Hoon Hell 1.DAT#2
5645,Ji Hoons Lemmings Remake Hell,Quickly from here,False,78.25,Beginner,low,True,,,fan:lldb-550,Ji Hoon Hell 1.DAT#3
5646,Ji Hoons Lemmings Remake Hell,"Dude, where's my exit?",False,93.5,Beginner,low,True,,,fan:lldb-550,Ji Hoon Hell 1.DAT#4
5647,Ji Hoons Lemmings Remake Hell,Lemmanium-235,False,71.92,Beginner,low,True,,,fan:lldb-550,Ji Hoon Hell 1.DAT#5
5648,Ji Hoons Lemmings Remake Hell,Double Your Lemmings,False,80.85,Beginner,low,True,,,fan:lldb-550,Ji Hoon Hell 1.DAT#6
5649,Ji Hoons Lemmings Remake Hell,Lair Of The Fallen Lemming,False,115.09,Easy,low,True,,,fan:lldb-550,Ji Hoon Hell 1.DAT#7
5650,Ji Hoons Lemmings Remake Hell,New Technique,False,62.75,Beginner,low,True,,,fan:lldb-550,Ji Hoon Hell 1.DAT#8
5651,Ji Hoons Lemmings Remake Hell,Star Unit 17,False,33.5,Beginner,low,True,,,fan:lldb-550,Ji Hoon Hell 1.DAT#9
5652,Ji Hoons Lemmings Remake Hell,HELLFIRE,False,109.43,Easy,low,True,,,fan:lldb-550,Ji Hoon Hell 2.DAT#0
5653,Ji Hoons Lemmings Remake Hell,Mt. Lemmik,False,115.9,Easy,low,True,,,fan:lldb-550,Ji Hoon Hell 2.DAT#1
5654,Ji Hoons Lemmings Remake Hell,Retreat!!!,False,76.35,Beginner,low,True,,,fan:lldb-550,Ji Hoon Hell 2.DAT#2
5655,Ji Hoons Lemmings Remake Hell,Lemming Crossover,False,90.75,Beginner,low,True,,,fan:lldb-550,Ji Hoon Hell 2.DAT#3
5656,Ji Hoons Lemmings Remake Hell,Don't Look Back!,False,105,Easy,low,True,,,fan:lldb-550,Ji Hoon Hell 2.DAT#4
5657,Ji Hoons Lemmings Remake Hell,Stairing Contest,False,87.75,Beginner,low,True,,,fan:lldb-550,Ji Hoon Hell 2.DAT#5
5658,Ji Hoons Lemmings Remake Hell,The Diving Board,False,101.46,Easy,low,True,,,fan:lldb-550,Ji Hoon Hell 2.DAT#6
5659,Ji Hoons Lemmings Remake Hell,Practical Insanity,False,75.25,Beginner,low,True,,,fan:lldb-550,Ji Hoon Hell 2.DAT#7
5660,Ji Hoons Lemmings Remake Hell,When Hell Freezes Over...,False,99.95,Beginner,low,True,,,fan:lldb-550,Ji Hoon Hell 2.DAT#8
5661,Ji Hoons Lemmings Remake Hell,Pipeline Problem,False,103.67,Easy,low,True,,,fan:lldb-550,Ji Hoon Hell 2.DAT#9
5662,Lemmings Plus DOS Project Mild,Just Walk!,False,27.25,Beginner,low,True,,,fan:lldb-551,Lemmings Plus DOS Project - 01 - Mild (Part 1).dat#0
5663,Lemmings Plus DOS Project Mild,Be Careful...,False,88.5,Beginner,low,True,,,fan:lldb-551,Lemmings Plus DOS Project - 01 - Mild (Part 1).dat#1
5664,Lemmings Plus DOS Project Mild,Heading on in...,False,90.25,Beginner,low,True,,,fan:lldb-551,Lemmings Plus DOS Project - 01 - Mild (Part 1).dat#2
5665,Lemmings Plus DOS Project Mild,In The Style Of...,False,90.25,Beginner,low,True,,,fan:lldb-551,Lemmings Plus DOS Project - 01 - Mild (Part 1).dat#3
5666,Lemmings Plus DOS Project Mild,The Graveyard,False,95,Beginner,low,True,,,fan:lldb-551,Lemmings Plus DOS Project - 01 - Mild (Part 1).dat#4
5667,Lemmings Plus DOS Project Mild,The Cells,False,101.5,Easy,low,True,,,fan:lldb-551,Lemmings Plus DOS Project - 01 - Mild (Part 1).dat#5
5668,Lemmings Plus DOS Project Mild,The Staircase,False,93.5,Beginner,low,True,,,fan:lldb-551,Lemmings Plus DOS Project - 01 - Mild (Part 1).dat#6
5669,Lemmings Plus DOS Project Mild,Wish you had them?,False,88.75,Beginner,low,True,,,fan:lldb-551,Lemmings Plus DOS Project - 01 - Mild (Part 1).dat#7
5670,Lemmings Plus DOS Project Mild,Tricky Hit,False,98.25,Beginner,low,True,,,fan:lldb-551,Lemmings Plus DOS Project - 01 - Mild (Part 1).dat#8
5671,Lemmings Plus DOS Project Mild,Take Your Time...,False,72.15,Beginner,low,True,,,fan:lldb-551,Lemmings Plus DOS Project - 01 - Mild (Part 1).dat#9
5672,Lemmings Plus DOS Project Mild,Cliff Climber Lemming,False,90.25,Beginner,low,True,,,fan:lldb-551,Lemmings Plus DOS Project - 02 - Mild (Part 2).dat#0
5673,Lemmings Plus DOS Project Mild,On The Pier,False,95,Beginner,low,True,,,fan:lldb-551,Lemmings Plus DOS Project - 02 - Mild (Part 2).dat#1
5674,Lemmings Plus DOS Project Mild,Take A Shortcut!,False,98.25,Beginner,low,True,,,fan:lldb-551,Lemmings Plus DOS Project - 02 - Mild (Part 2).dat#2
5675,Lemmings Plus DOS Project Mild,Let's Go!,False,108,Easy,low,True,,,fan:lldb-551,Lemmings Plus DOS Project - 02 - Mild (Part 2).dat#3
5676,Lemmings Plus DOS Project Mild,On The Other Side,False,101.5,Easy,low,True,,,fan:lldb-551,Lemmings Plus DOS Project - 02 - Mild (Part 2).dat#4
5677,Lemmings Plus DOS Project Mild,"Farewell, My Lemming",False,82.12,Beginner,low,True,,,fan:lldb-551,Lemmings Plus DOS Project - 02 - Mild (Part 2).dat#5
5678,Lemmings Plus DOS Project Mild,Crying Over Spilt Lemming,False,99.65,Beginner,low,True,,,fan:lldb-551,Lemmings Plus DOS Project - 02 - Mild (Part 2).dat#6
5679,Lemmings Plus DOS Project Mild,Dying Not Reccomended,False,90.25,Beginner,low,True,,,fan:lldb-551,Lemmings Plus DOS Project - 02 - Mild (Part 2).dat#7
5680,Lemmings Plus DOS Project Mild,Up To Where We Go,False,104.75,Easy,low,True,,,fan:lldb-551,Lemmings Plus DOS Project - 02 - Mild (Part 2).dat#8
5681,Lemmings Plus DOS Project Mild,Stairway to Infinity,False,108,Easy,low,True,,,fan:lldb-551,Lemmings Plus DOS Project - 02 - Mild (Part 2).dat#9
5682,Lemmings Plus DOS Project Mild,Falling Away From Everything...,False,110.8,Easy,low,True,,,fan:lldb-551,Lemmings Plus DOS Project - 03 - Mild (Part 3).dat#0
5683,Lemmings Plus DOS Project Mild,Blow Down!,False,43,Beginner,low,True,,,fan:lldb-551,Lemmings Plus DOS Project - 03 - Mild (Part 3).dat#1
5684,Lemmings Plus DOS Project Mild,Step Softly...,False,93.5,Beginner,low,True,,,fan:lldb-551,Lemmings Plus DOS Project - 03 - Mild (Part 3).dat#2
5685,Lemmings Plus DOS Project Mild,With a little creativity...,False,90.25,Beginner,low,True,,,fan:lldb-551,Lemmings Plus DOS Project - 03 - Mild (Part 3).dat#3
5686,Lemmings Plus DOS Project Mild,Across The Ditch,False,101.62,Easy,low,True,,,fan:lldb-551,Lemmings Plus DOS Project - 03 - Mild (Part 3).dat#4
5687,Lemmings Plus DOS Project Mild,No Salvation I,False,90.25,Beginner,low,True,,,fan:lldb-551,Lemmings Plus DOS Project - 03 - Mild (Part 3).dat#5
5688,Lemmings Plus DOS Project Mild,The Quarantine,False,99.65,Beginner,low,True,,,fan:lldb-551,Lemmings Plus DOS Project - 03 - Mild (Part 3).dat#6
5689,Lemmings Plus DOS Project Mild,The Descending Pillar Scenario,False,98.25,Beginner,low,True,,,fan:lldb-551,Lemmings Plus DOS Project - 03 - Mild (Part 3).dat#7
5690,Lemmings Plus DOS Project Mild,We All Die Someday,False,96.75,Beginner,low,True,,,fan:lldb-551,Lemmings Plus DOS Project - 03 - Mild (Part 3).dat#8
5691,Lemmings Plus DOS Project Mild,You Just Lost The Game!!!,False,98.25,Beginner,low,True,,,fan:lldb-551,Lemmings Plus DOS Project - 03 - Mild (Part 3).dat#9
5692,Lemmings Plus DOS Project Wimpy,Lemming Net,False,90.25,Beginner,low,True,,,fan:lldb-552,Lemmings Plus DOS Project - 04 - Wimpy (Part 1).dat#0
5693,Lemmings Plus DOS Project Wimpy,Lucky Charm,False,108,Easy,low,True,,,fan:lldb-552,Lemmings Plus DOS Project - 04 - Wimpy (Part 1).dat#1
5694,Lemmings Plus DOS Project Wimpy,Just For Fun,False,111.25,Easy,low,True,,,fan:lldb-552,Lemmings Plus DOS Project - 04 - Wimpy (Part 1).dat#2
5695,Lemmings Plus DOS Project Wimpy,You Spin Me Right Round,False,70.75,Beginner,low,True,,,fan:lldb-552,Lemmings Plus DOS Project - 04 - Wimpy (Part 1).dat#3
5696,Lemmings Plus DOS Project Wimpy,Get Together,False,100,Easy,low,True,,,fan:lldb-552,Lemmings Plus DOS Project - 04 - Wimpy (Part 1).dat#4
5697,Lemmings Plus DOS Project Wimpy,Two Pathways,False,100,Easy,low,True,,,fan:lldb-552,Lemmings Plus DOS Project - 04 - Wimpy (Part 1).dat#5
5698,Lemmings Plus DOS Project Wimpy,No Salvation II,False,93.5,Beginner,low,True,,,fan:lldb-552,Lemmings Plus DOS Project - 04 - Wimpy (Part 1).dat#6
5699,Lemmings Plus DOS Project Wimpy,(Also they are ninjas.),False,87.5,Beginner,low,True,,,fan:lldb-552,Lemmings Plus DOS Project - 04 - Wimpy (Part 1).dat#7
5700,Lemmings Plus DOS Project Wimpy,It's A Thin Line!,False,111.25,Easy,low,True,,,fan:lldb-552,Lemmings Plus DOS Project - 04 - Wimpy (Part 1).dat#8
5701,Lemmings Plus DOS Project Wimpy,Labyrinth of Despair,False,103.25,Easy,low,True,,,fan:lldb-552,Lemmings Plus DOS Project - 04 - Wimpy (Part 1).dat#9
5702,Lemmings Plus DOS Project Wimpy,The Flagpole,False,95.5,Beginner,low,True,,,fan:lldb-552,Lemmings Plus DOS Project - 05 - Wimpy (Part 2).dat#0
5703,Lemmings Plus DOS Project Wimpy,"Life, the Universe, & Everything",False,87.93,Beginner,low,True,,,fan:lldb-552,Lemmings Plus DOS Project - 05 - Wimpy (Part 2).dat#1
5704,Lemmings Plus DOS Project Wimpy,A Magician Would Be Handy,False,108,Easy,low,True,,,fan:lldb-552,Lemmings Plus DOS Project - 05 - Wimpy (Part 2).dat#2
5705,Lemmings Plus DOS Project Wimpy,Head East or West?,False,108,Easy,low,True,,,fan:lldb-552,Lemmings Plus DOS Project - 05 - Wimpy (Part 2).dat#3
5706,Lemmings Plus DOS Project Wimpy,Just When You Think You Know!,False,90.12,Beginner,low,True,,,fan:lldb-552,Lemmings Plus DOS Project - 05 - Wimpy (Part 2).dat#4
5707,Lemmings Plus DOS Project Wimpy,Lemmings on Stilts,False,96.5,Beginner,low,True,,,fan:lldb-552,Lemmings Plus DOS Project - 05 - Wimpy (Part 2).dat#5
5708,Lemmings Plus DOS Project Wimpy,No Need To Worry!,False,109.4,Easy,low,True,,,fan:lldb-552,Lemmings Plus DOS Project - 05 - Wimpy (Part 2).dat#6
5709,Lemmings Plus DOS Project Wimpy,Down The Wall,False,105,Easy,low,True,,,fan:lldb-552,Lemmings Plus DOS Project - 05 - Wimpy (Part 2).dat#7
5710,Lemmings Plus DOS Project Wimpy,Whether You Lem It Or Not,False,108,Easy,low,True,,,fan:lldb-552,Lemmings Plus DOS Project - 05 - Wimpy (Part 2).dat#8
5711,Lemmings Plus DOS Project Wimpy,A Snowplow Would Be Handy,False,111.25,Easy,low,True,,,fan:lldb-552,Lemmings Plus DOS Project - 05 - Wimpy (Part 2).dat#9
5712,Lemmings Plus DOS Project Wimpy,One Step At A Time,False,118.7,Easy,low,True,,,fan:lldb-552,Lemmings Plus DOS Project - 06 - Wimpy (Part 3).dat#0
5713,Lemmings Plus DOS Project Wimpy,Fast enough?,False,56.5,Beginner,low,True,,,fan:lldb-552,Lemmings Plus DOS Project - 06 - Wimpy (Part 3).dat#1
5714,Lemmings Plus DOS Project Wimpy,It's a strange land!,False,106.38,Easy,low,True,,,fan:lldb-552,Lemmings Plus DOS Project - 06 - Wimpy (Part 3).dat#2
5715,Lemmings Plus DOS Project Wimpy,"Up, Down, Round & Round!",False,104.75,Easy,low,True,,,fan:lldb-552,Lemmings Plus DOS Project - 06 - Wimpy (Part 3).dat#3
5716,Lemmings Plus DOS Project Wimpy,Down With The Lemmings,False,109.4,Easy,low,True,,,fan:lldb-552,Lemmings Plus DOS Project - 06 - Wimpy (Part 3).dat#4
5717,Lemmings Plus DOS Project Wimpy,Saviour,False,100,Easy,low,True,,,fan:lldb-552,Lemmings Plus DOS Project - 06 - Wimpy (Part 3).dat#5
5718,Lemmings Plus DOS Project Wimpy,"Ready, Aim, Fire!!!",False,62.75,Beginner,low,True,,,fan:lldb-552,Lemmings Plus DOS Project - 06 - Wimpy (Part 3).dat#6
5719,Lemmings Plus DOS Project Wimpy,"Get up, up, up!",False,98.25,Beginner,low,True,,,fan:lldb-552,Lemmings Plus DOS Project - 06 - Wimpy (Part 3).dat#7
5720,Lemmings Plus DOS Project Wimpy,Only One Place To Go,False,101.35,Easy,low,True,,,fan:lldb-552,Lemmings Plus DOS Project - 06 - Wimpy (Part 3).dat#8
5721,Lemmings Plus DOS Project Wimpy,Counterlogical,False,110.8,Easy,low,True,,,fan:lldb-552,Lemmings Plus DOS Project - 06 - Wimpy (Part 3).dat#9
5722,Lemmings Plus DOS Project Medi,Secret to Success,False,103.25,Easy,low,True,,,fan:lldb-553,Lemmings Plus DOS Project - 07 - Medi (Part 1).dat#0
5723,Lemmings Plus DOS Project Medi,The T Level,False,98.25,Beginner,low,True,,,fan:lldb-553,Lemmings Plus DOS Project - 07 - Medi (Part 1).dat#1
5724,Lemmings Plus DOS Project Medi,The Box,False,100,Easy,low,True,,,fan:lldb-553,Lemmings Plus DOS Project - 07 - Medi (Part 1).dat#2
5725,Lemmings Plus DOS Project Medi,Getting There...,False,87.25,Beginner,low,True,,,fan:lldb-553,Lemmings Plus DOS Project - 07 - Medi (Part 1).dat#3
5726,Lemmings Plus DOS Project Medi,Safety Blast,False,44.62,Beginner,low,True,,,fan:lldb-553,Lemmings Plus DOS Project - 07 - Medi (Part 1).dat#4
5727,Lemmings Plus DOS Project Medi,Fallen,False,102,Easy,low,True,,,fan:lldb-553,Lemmings Plus DOS Project - 07 - Medi (Part 1).dat#5
5728,Lemmings Plus DOS Project Medi,Leap of Faith,False,98.25,Beginner,low,True,,,fan:lldb-553,Lemmings Plus DOS Project - 07 - Medi (Part 1).dat#6
5729,Lemmings Plus DOS Project Medi,Take Us All Home...,False,114.5,Easy,low,True,,,fan:lldb-553,Lemmings Plus DOS Project - 07 - Medi (Part 1).dat#7
5730,Lemmings Plus DOS Project Medi,The Dukes of Lemmingsville,False,109.4,Easy,low,True,,,fan:lldb-553,Lemmings Plus DOS Project - 07 - Medi (Part 1).dat#8
5731,Lemmings Plus DOS Project Medi,Bob's Mistake,False,87.75,Beginner,low,True,,,fan:lldb-553,Lemmings Plus DOS Project - 07 - Medi (Part 1).dat#9
5732,Lemmings Plus DOS Project Medi,The Long Road To Lemming High,False,102.45,Easy,low,True,,,fan:lldb-553,Lemmings Plus DOS Project - 08 - Medi (Part 2).dat#0
5733,Lemmings Plus DOS Project Medi,Step Up!,False,81.5,Beginner,low,True,,,fan:lldb-553,Lemmings Plus DOS Project - 08 - Medi (Part 2).dat#1
5734,Lemmings Plus DOS Project Medi,No Salvation III,False,96.75,Beginner,low,True,,,fan:lldb-553,Lemmings Plus DOS Project - 08 - Medi (Part 2).dat#2
5735,Lemmings Plus DOS Project Medi,All Roads Lead To Home,False,98.25,Beginner,low,True,,,fan:lldb-553,Lemmings Plus DOS Project - 08 - Medi (Part 2).dat#3
5736,Lemmings Plus DOS Project Medi,Shooting Star,False,87.88,Beginner,low,True,,,fan:lldb-553,Lemmings Plus DOS Project - 08 - Medi (Part 2).dat#4
5737,Lemmings Plus DOS Project Medi,The Lonely Pole,False,78.45,Beginner,low,True,,,fan:lldb-553,Lemmings Plus DOS Project - 08 - Medi (Part 2).dat#5
5738,Lemmings Plus DOS Project Medi,Six Feet Under,False,73.75,Beginner,low,True,,,fan:lldb-553,Lemmings Plus DOS Project - 08 - Medi (Part 2).dat#6
5739,Lemmings Plus DOS Project Medi,Going Under,False,73.95,Beginner,low,True,,,fan:lldb-553,Lemmings Plus DOS Project - 08 - Medi (Part 2).dat#7
5740,Lemmings Plus DOS Project Medi,Force Field,False,92,Beginner,low,True,,,fan:lldb-553,Lemmings Plus DOS Project - 08 - Medi (Part 2).dat#8
5741,Lemmings Plus DOS Project Medi,The Diving Board,False,112.88,Easy,low,True,,,fan:lldb-553,Lemmings Plus DOS Project - 08 - Medi (Part 2).dat#9
5742,Lemmings Plus DOS Project Medi,Ghostly Hall,False,54.75,Beginner,low,True,,,fan:lldb-553,Lemmings Plus DOS Project - 09 - Medi (Part 3).dat#0
5743,Lemmings Plus DOS Project Medi,Lemming Entertainment Center,False,100.38,Easy,low,True,,,fan:lldb-553,Lemmings Plus DOS Project - 09 - Medi (Part 3).dat#1
5744,Lemmings Plus DOS Project Medi,This Is...,False,114.5,Easy,low,True,,,fan:lldb-553,Lemmings Plus DOS Project - 09 - Medi (Part 3).dat#2
5745,Lemmings Plus DOS Project Medi,Eye of the Lemming,False,108.25,Easy,low,True,,,fan:lldb-553,Lemmings Plus DOS Project - 09 - Medi (Part 3).dat#3
5746,Lemmings Plus DOS Project Medi,Chain Reaction,False,100,Easy,low,True,,,fan:lldb-553,Lemmings Plus DOS Project - 09 - Medi (Part 3).dat#4
5747,Lemmings Plus DOS Project Medi,Overheat,False,106.38,Easy,low,True,,,fan:lldb-553,Lemmings Plus DOS Project - 09 - Medi (Part 3).dat#5
5748,Lemmings Plus DOS Project Medi,Take A Dive,False,100.7,Easy,low,True,,,fan:lldb-553,Lemmings Plus DOS Project - 09 - Medi (Part 3).dat#6
5749,Lemmings Plus DOS Project Medi,Way Up High,False,96.88,Beginner,low,True,,,fan:lldb-553,Lemmings Plus DOS Project - 09 - Medi (Part 3).dat#7
5750,Lemmings Plus DOS Project Medi,Lemmingsense,False,93.9,Beginner,low,True,,,fan:lldb-553,Lemmings Plus DOS Project - 09 - Medi (Part 3).dat#8
5751,Lemmings Plus DOS Project Medi,Consider Everything...,False,87.88,Beginner,low,True,,,fan:lldb-553,Lemmings Plus DOS Project - 09 - Medi (Part 3).dat#9
5752,Lemmings Plus DOS Project Danger,Inside Outside,False,89.42,Beginner,low,True,,,fan:lldb-554,Lemmings Plus DOS Project - 10 - Danger (Part 1).dat#0
5753,Lemmings Plus DOS Project Danger,Metal Lands,False,69,Beginner,low,True,,,fan:lldb-554,Lemmings Plus DOS Project - 10 - Danger (Part 1).dat#1
5754,Lemmings Plus DOS Project Danger,Backdraft,False,81.15,Beginner,low,True,,,fan:lldb-554,Lemmings Plus DOS Project - 10 - Danger (Part 1).dat#2
5755,Lemmings Plus DOS Project Danger,In the life of a Lemming,False,70.5,Beginner,low,True,,,fan:lldb-554,Lemmings Plus DOS Project - 10 - Danger (Part 1).dat#3
5756,Lemmings Plus DOS Project Danger,Some Kind Of Lemming,False,87.75,Beginner,low,True,,,fan:lldb-554,Lemmings Plus DOS Project - 10 - Danger (Part 1).dat#4
5757,Lemmings Plus DOS Project Danger,Alternative Logic,False,84.65,Beginner,low,True,,,fan:lldb-554,Lemmings Plus DOS Project - 10 - Danger (Part 1).dat#5
5758,Lemmings Plus DOS Project Danger,Unholy Staircase,False,95.75,Beginner,low,True,,,fan:lldb-554,Lemmings Plus DOS Project - 10 - Danger (Part 1).dat#6
5759,Lemmings Plus DOS Project Danger,With A Quirk Or Two...,False,94.45,Beginner,low,True,,,fan:lldb-554,Lemmings Plus DOS Project - 10 - Danger (Part 1).dat#7
5760,Lemmings Plus DOS Project Danger,Wall of Wisdom,False,73.25,Beginner,low,True,,,fan:lldb-554,Lemmings Plus DOS Project - 10 - Danger (Part 1).dat#8
5761,Lemmings Plus DOS Project Danger,Keeping On Track,False,67.5,Beginner,low,True,,,fan:lldb-554,Lemmings Plus DOS Project - 10 - Danger (Part 1).dat#9
5762,Lemmings Plus DOS Project Danger,The Warp Room,False,79.75,Beginner,low,True,,,fan:lldb-554,Lemmings Plus DOS Project - 11 - Danger (Part 2).dat#0
5763,Lemmings Plus DOS Project Danger,When Life Gives You Lemmings...,False,79.88,Beginner,low,True,,,fan:lldb-554,Lemmings Plus DOS Project - 11 - Danger (Part 2).dat#1
5764,Lemmings Plus DOS Project Danger,Breakthrough,False,98.75,Beginner,low,True,,,fan:lldb-554,Lemmings Plus DOS Project - 11 - Danger (Part 2).dat#2
5765,Lemmings Plus DOS Project Danger,Death In All Directions,False,112.04,Easy,low,True,,,fan:lldb-554,Lemmings Plus DOS Project - 11 - Danger (Part 2).dat#3
5766,Lemmings Plus DOS Project Danger,Circular Wavelength,False,100.38,Easy,low,True,,,fan:lldb-554,Lemmings Plus DOS Project - 11 - Danger (Part 2).dat#4
5767,Lemmings Plus DOS Project Danger,Grounded!,False,81.25,Beginner,low,True,,,fan:lldb-554,Lemmings Plus DOS Project - 11 - Danger (Part 2).dat#5
5768,Lemmings Plus DOS Project Danger,Livin' A Lie,False,100,Easy,low,True,,,fan:lldb-554,Lemmings Plus DOS Project - 11 - Danger (Part 2).dat#6
5769,Lemmings Plus DOS Project Danger,The Buildo Station,False,62.75,Beginner,low,True,,,fan:lldb-554,Lemmings Plus DOS Project - 11 - Danger (Part 2).dat#7
5770,Lemmings Plus DOS Project Danger,Antigravity,False,100.25,Easy,low,True,,,fan:lldb-554,Lemmings Plus DOS Project - 11 - Danger (Part 2).dat#8
5771,Lemmings Plus DOS Project Danger,No Salvation IV,False,100,Easy,low,True,,,fan:lldb-554,Lemmings Plus DOS Project - 11 - Danger (Part 2).dat#9
5772,Lemmings Plus DOS Project Danger,Phase Rotation Syndrome,False,69,Beginner,low,True,,,fan:lldb-554,Lemmings Plus DOS Project - 12 - Danger (Part 3).dat#0
5773,Lemmings Plus DOS Project Danger,Die the Death of the Damned,False,79.8,Beginner,low,True,,,fan:lldb-554,Lemmings Plus DOS Project - 12 - Danger (Part 3).dat#1
5774,Lemmings Plus DOS Project Danger,Lair Of The Fallen Lemming,False,115.09,Easy,low,True,,,fan:lldb-554,Lemmings Plus DOS Project - 12 - Danger (Part 3).dat#2
5775,Lemmings Plus DOS Project Danger,Find A Way Out!,False,109.4,Easy,low,True,,,fan:lldb-554,Lemmings Plus DOS Project - 12 - Danger (Part 3).dat#3
5776,Lemmings Plus DOS Project Danger,Use The Pen!!!,False,95.75,Beginner,low,True,,,fan:lldb-554,Lemmings Plus DOS Project - 12 - Danger (Part 3).dat#4
5777,Lemmings Plus DOS Project Danger,So that's the plan...,False,112.2,Easy,low,True,,,fan:lldb-554,Lemmings Plus DOS Project - 12 - Danger (Part 3).dat#5
5778,Lemmings Plus DOS Project Danger,The Deadly Climb,False,57.5,Beginner,low,True,,,fan:lldb-554,Lemmings Plus DOS Project - 12 - Danger (Part 3).dat#6
5779,Lemmings Plus DOS Project Danger,Steps,False,77,Beginner,low,True,,,fan:lldb-554,Lemmings Plus DOS Project - 12 - Danger (Part 3).dat#7
5780,Lemmings Plus DOS Project Danger,Pipeline Problem,False,103.67,Easy,low,True,,,fan:lldb-554,Lemmings Plus DOS Project - 12 - Danger (Part 3).dat#8
5781,Lemmings Plus DOS Project Danger,The Hideout,False,101.75,Easy,low,True,,,fan:lldb-554,Lemmings Plus DOS Project - 12 - Danger (Part 3).dat#9
5782,Lemmings Plus DOS Project PSYCHO,Variety Day,False,112.65,Easy,low,True,,,fan:lldb-555,Lemmings Plus DOS Project - 13 - PSYCHO (Part 1).dat#0
5783,Lemmings Plus DOS Project PSYCHO,The Parking Lot,False,95.1,Beginner,low,True,,,fan:lldb-555,Lemmings Plus DOS Project - 13 - PSYCHO (Part 1).dat#1
5784,Lemmings Plus DOS Project PSYCHO,Express Lane,False,93.04,Beginner,low,True,,,fan:lldb-555,Lemmings Plus DOS Project - 13 - PSYCHO (Part 1).dat#2
5785,Lemmings Plus DOS Project PSYCHO,Think Outside The Square!,False,103.78,Easy,low,True,,,fan:lldb-555,Lemmings Plus DOS Project - 13 - PSYCHO (Part 1).dat#3
5786,Lemmings Plus DOS Project PSYCHO,Lightspeed Lemming,False,93.9,Beginner,low,True,,,fan:lldb-555,Lemmings Plus DOS Project - 13 - PSYCHO (Part 1).dat#4
5787,Lemmings Plus DOS Project PSYCHO,The Bulldozer,False,96.74,Beginner,low,True,,,fan:lldb-555,Lemmings Plus DOS Project - 13 - PSYCHO (Part 1).dat#5
5788,Lemmings Plus DOS Project PSYCHO,Turn Back With Care,False,102.59,Easy,low,True,,,fan:lldb-555,Lemmings Plus DOS Project - 13 - PSYCHO (Part 1).dat#6
5789,Lemmings Plus DOS Project PSYCHO,Snowed In!,False,86.25,Beginner,low,True,,,fan:lldb-555,Lemmings Plus DOS Project - 13 - PSYCHO (Part 1).dat#7
5790,Lemmings Plus DOS Project PSYCHO,Coalburner,False,98.3,Beginner,low,True,,,fan:lldb-555,Lemmings Plus DOS Project - 13 - PSYCHO (Part 1).dat#8
5791,Lemmings Plus DOS Project PSYCHO,What Did You Expect?,False,74.03,Beginner,low,True,,,fan:lldb-555,Lemmings Plus DOS Project - 13 - PSYCHO (Part 1).dat#9
5792,Lemmings Plus DOS Project PSYCHO,Three Birds With One Stone,False,98.62,Beginner,low,True,,,fan:lldb-555,Lemmings Plus DOS Project - 14 - PSYCHO (Part 2).dat#0
5793,Lemmings Plus DOS Project PSYCHO,Not gonna work.,False,83.25,Beginner,low,True,,,fan:lldb-555,Lemmings Plus DOS Project - 14 - PSYCHO (Part 2).dat#1
5794,Lemmings Plus DOS Project PSYCHO,Go High Go Low,False,90.75,Beginner,low,True,,,fan:lldb-555,Lemmings Plus DOS Project - 14 - PSYCHO (Part 2).dat#2
5795,Lemmings Plus DOS Project PSYCHO,Lemmerixo,False,108.25,Easy,low,True,,,fan:lldb-555,Lemmings Plus DOS Project - 14 - PSYCHO (Part 2).dat#3
5796,Lemmings Plus DOS Project PSYCHO,Where Anything Goes,False,114.5,Easy,low,True,,,fan:lldb-555,Lemmings Plus DOS Project - 14 - PSYCHO (Part 2).dat#4
5797,Lemmings Plus DOS Project PSYCHO,Crosswork,False,92.7,Beginner,low,True,,,fan:lldb-555,Lemmings Plus DOS Project - 14 - PSYCHO (Part 2).dat#5
5798,Lemmings Plus DOS Project PSYCHO,Meeting Spot,False,87.5,Beginner,low,True,,,fan:lldb-555,Lemmings Plus DOS Project - 14 - PSYCHO (Part 2).dat#6
5799,Lemmings Plus DOS Project PSYCHO,Return of the T,False,102,Easy,low,True,,,fan:lldb-555,Lemmings Plus DOS Project - 14 - PSYCHO (Part 2).dat#7
5800,Lemmings Plus DOS Project PSYCHO,A Perfect Nightmare,False,103.4,Easy,low,True,,,fan:lldb-555,Lemmings Plus DOS Project - 14 - PSYCHO (Part 2).dat#8
5801,Lemmings Plus DOS Project PSYCHO,No Time To Die,False,114.5,Easy,low,True,,,fan:lldb-555,Lemmings Plus DOS Project - 14 - PSYCHO (Part 2).dat#9
5802,Lemmings Plus DOS Project PSYCHO,KAMIKAZE!!!,False,79.47,Beginner,low,True,,,fan:lldb-555,Lemmings Plus DOS Project - 15 - PSYCHO (Part 3).dat#0
5803,Lemmings Plus DOS Project PSYCHO,Twins,False,97.69,Beginner,low,True,,,fan:lldb-555,Lemmings Plus DOS Project - 15 - PSYCHO (Part 3).dat#1
5804,Lemmings Plus DOS Project PSYCHO,Death Row,False,100.15,Easy,low,True,,,fan:lldb-555,Lemmings Plus DOS Project - 15 - PSYCHO (Part 3).dat#2
5805,Lemmings Plus DOS Project PSYCHO,Gone In A Flash,False,100.12,Easy,low,True,,,fan:lldb-555,Lemmings Plus DOS Project - 15 - PSYCHO (Part 3).dat#3
5806,Lemmings Plus DOS Project PSYCHO,Bullet Lemming,False,110.64,Easy,low,True,,,fan:lldb-555,Lemmings Plus DOS Project - 15 - PSYCHO (Part 3).dat#4
5807,Lemmings Plus DOS Project PSYCHO,Oblivion,False,98.75,Beginner,low,True,,,fan:lldb-555,Lemmings Plus DOS Project - 15 - PSYCHO (Part 3).dat#5
5808,Lemmings Plus DOS Project PSYCHO,Perfectionism,False,94,Beginner,low,True,,,fan:lldb-555,Lemmings Plus DOS Project - 15 - PSYCHO (Part 3).dat#6
5809,Lemmings Plus DOS Project PSYCHO,To The End!,False,112.45,Easy,low,True,,,fan:lldb-555,Lemmings Plus DOS Project - 15 - PSYCHO (Part 3).dat#7
5810,Lemmings Plus DOS Project PSYCHO,No Salvation V,False,103.25,Easy,low,True,,,fan:lldb-555,Lemmings Plus DOS Project - 15 - PSYCHO (Part 3).dat#8
5811,Lemmings Plus DOS Project PSYCHO,Hellfire!,False,109.43,Easy,low,True,,,fan:lldb-555,Lemmings Plus DOS Project - 15 - PSYCHO (Part 3).dat#9
5812,New Year Lemmings 1991 92,Do or die!,False,65.9,Beginner,low,True,,,fan:lldb-557,New Year Lemmings 1991_92.DAT#0
5813,New Year Lemmings 1991 92,This is a typical Splatt level,False,99,Beginner,low,True,,,fan:lldb-557,New Year Lemmings 1991_92.DAT#1
5814,New Year Lemmings 1991 92,The Killing Game Show II,False,73.53,Beginner,low,True,,,fan:lldb-557,New Year Lemmings 1991_92.DAT#2
5815,New Year Lemmings 1991 92,The trip there and back again..,False,82.82,Beginner,low,True,,,fan:lldb-557,New Year Lemmings 1991_92.DAT#3
5816,New Year Lemmings 1991 92,A whole new year of lemmings!!!,False,88.05,Beginner,low,True,,,fan:lldb-557,New Year Lemmings 1991_92.DAT#4
5817,brickpk1,Climb and Float,False,77,Beginner,low,True,,,fan:lldb-558,brickpk1.dat#0
5818,brickpk1,Climb and Bomb,False,60.75,Beginner,low,True,,,fan:lldb-558,brickpk1.dat#1
5819,brickpk1,Climb and Block,False,60.75,Beginner,low,True,,,fan:lldb-558,brickpk1.dat#2
5820,brickpk1,Climb and Build,False,60.75,Beginner,low,True,,,fan:lldb-558,brickpk1.dat#3
5821,brickpk1,Climb and Bash,False,77,Beginner,low,True,,,fan:lldb-558,brickpk1.dat#4
5822,brickpk1,Climb and Dig,False,60.75,Beginner,low,True,,,fan:lldb-558,brickpk1.dat#5
5823,brickpk1,Float and Bomb,False,60.75,Beginner,low,True,,,fan:lldb-558,brickpk1.dat#6
5824,brickpk1,Float and Block,False,60.75,Beginner,low,True,,,fan:lldb-558,brickpk1.dat#7
5825,brickpk1,Float and Bash,False,77,Beginner,low,True,,,fan:lldb-558,brickpk1.dat#8
5826,brickpk1,Float and Build,False,57.5,Beginner,low,True,,,fan:lldb-558,brickpk1.dat#9
5827,brickpk1,Float and Dig,False,67,Beginner,low,True,,,fan:lldb-558,brickpk1.dat#10
5828,brickpk1,Bomb and Block,False,64,Beginner,low,True,,,fan:lldb-558,brickpk1.dat#11
5829,brickpk1,Bomb and Build,False,76.75,Beginner,low,True,,,fan:lldb-558,brickpk1.dat#12
5830,brickpk1,Bomb and Bash,False,60.75,Beginner,low,True,,,fan:lldb-558,brickpk1.dat#13
5831,brickpk1,Bomb and Dig,False,67,Beginner,low,True,,,fan:lldb-558,brickpk1.dat#14
5832,brickpk1,Block and Build,False,60.75,Beginner,low,True,,,fan:lldb-558,brickpk1.dat#15
5833,brickpk2,Block and Bash,False,60.75,Beginner,low,True,,,fan:lldb-559,brickpk2.dat#0
5834,brickpk2,Block and Dig,False,70.5,Beginner,low,True,,,fan:lldb-559,brickpk2.dat#1
5835,brickpk2,Build and Bash,False,77,Beginner,low,True,,,fan:lldb-559,brickpk2.dat#2
5836,brickpk2,Build and Dig,False,77,Beginner,low,True,,,fan:lldb-559,brickpk2.dat#3
5837,brickpk2,Bash and Dig,False,77,Beginner,low,True,,,fan:lldb-559,brickpk2.dat#4
5838,brickpk2,Counting their chickens,False,94.12,Beginner,low,True,,,fan:lldb-559,brickpk2.dat#5
5839,brickpk2,The Squeeze Machine,False,113.87,Easy,low,True,,,fan:lldb-559,brickpk2.dat#6
5840,brickpk2,Crossing the Chains,False,114.5,Easy,low,True,,,fan:lldb-559,brickpk2.dat#7
5841,brickpk2,Down the middle we go!,False,80,Beginner,low,True,,,fan:lldb-559,brickpk2.dat#8
5842,brickpk2,The new way out,False,82.6,Beginner,low,True,,,fan:lldb-559,brickpk2.dat#9
5843,brickpk2,tiny HUGE area,False,86.94,Beginner,low,True,,,fan:lldb-559,brickpk2.dat#10
5844,brickpk2,The three ramps,False,94,Beginner,low,True,,,fan:lldb-559,brickpk2.dat#11
5845,brickpk2,Enjoy the Ride,False,95.75,Beginner,low,True,,,fan:lldb-559,brickpk2.dat#12
5846,brickpk2,How do I get up that wall?,False,92.38,Beginner,low,True,,,fan:lldb-559,brickpk2.dat#13
5847,brickpk2,Brick layered lemming house,False,105.69,Easy,low,True,,,fan:lldb-559,brickpk2.dat#14
5848,brickpk2,Leave me alone,False,114.5,Easy,low,True,,,fan:lldb-559,brickpk2.dat#15
5849,brickpk3,Lack of Imagination,False,81.5,Beginner,low,True,,,fan:lldb-560,brickpk3.dat#0
5850,brickpk3,"Touch the ground, turn around",False,82.84,Beginner,low,True,,,fan:lldb-560,brickpk3.dat#1
5851,brickpk3,Turn around and build,False,95.75,Beginner,low,True,,,fan:lldb-560,brickpk3.dat#2
5852,brickpk3,Doom-Box,False,95.53,Beginner,low,True,,,fan:lldb-560,brickpk3.dat#3
5853,brickpk3,Feels like a maze in here,False,106.5,Easy,low,True,,,fan:lldb-560,brickpk3.dat#4
5854,brickpk3,A third stairway,False,98.75,Beginner,low,True,,,fan:lldb-560,brickpk3.dat#5
5855,brickpk3,Who likes this large room?,False,102,Easy,low,True,,,fan:lldb-560,brickpk3.dat#6
5856,brickpk3,We've Split,False,94.12,Beginner,low,True,,,fan:lldb-560,brickpk3.dat#7
5857,brickpk3,Athlete's hoot,False,89.5,Beginner,low,True,,,fan:lldb-560,brickpk3.dat#8
5858,brickpk3,Clear the pillars,False,65.34,Beginner,low,True,,,fan:lldb-560,brickpk3.dat#9
5859,brickpk3,The Structure,False,93.9,Beginner,low,True,,,fan:lldb-560,brickpk3.dat#10
5860,brickpk3,Outdoor Lab,False,90.75,Beginner,low,True,,,fan:lldb-560,brickpk3.dat#11
5861,brickpk3,The diamond of glory,False,92.7,Beginner,low,True,,,fan:lldb-560,brickpk3.dat#12
5862,brickpk3,Rescue Service,False,95.75,Beginner,low,True,,,fan:lldb-560,brickpk3.dat#13
5863,brickpk3,Repetitious lonely lemmings,False,86.05,Beginner,low,True,,,fan:lldb-560,brickpk3.dat#14
5864,brickpk3,Down the junction,False,102.59,Easy,low,True,,,fan:lldb-560,brickpk3.dat#15
5865,brickpk4,Sewerside Lagoon,False,83.25,Beginner,low,True,,,fan:lldb-561,brickpk4.dat#0
5866,brickpk4,Return of the famous play area,False,94.12,Beginner,low,True,,,fan:lldb-561,brickpk4.dat#1
5867,brickpk4,The purpose of the builders,False,70.75,Beginner,low,True,,,fan:lldb-561,brickpk4.dat#2
5868,brickpk4,The Hidden Arches,False,102,Easy,low,True,,,fan:lldb-561,brickpk4.dat#3
5869,brickpk4,Dirty tactics,False,86.53,Beginner,low,True,,,fan:lldb-561,brickpk4.dat#4
5870,brickpk4,A Taste of Teamwork,False,103.25,Easy,low,True,,,fan:lldb-561,brickpk4.dat#5
5871,brickpk4,Lock in,False,81.99,Beginner,low,True,,,fan:lldb-561,brickpk4.dat#6
5872,Psygore Holiday Demo,Another X-MAS,False,118.37,Easy,low,True,,,fan:lldb-562,Psygore Holiday Demo.DAT#0
5873,Psygore Holiday Demo,No More Disks !,False,115.25,Easy,low,True,,,fan:lldb-562,Psygore Holiday Demo.DAT#1
5874,Psygore Holiday Demo,Like On Holiday !,False,115.9,Easy,low,True,,,fan:lldb-562,Psygore Holiday Demo.DAT#2
5875,Psygore Holiday Demo,All The Best !,False,116.65,Easy,low,True,,,fan:lldb-562,Psygore Holiday Demo.DAT#3
5876,ssam1221s Lemmings Havoc,Ecsape From Nightmare,False,51.16,Beginner,low,True,,,fan:lldb-563,ssam1221 Havoc 1.dat#0
5877,ssam1221s Lemmings Havoc,Present from Special Forces,False,70.01,Beginner,low,True,,,fan:lldb-563,ssam1221 Havoc 1.dat#1
5878,ssam1221s Lemmings Havoc,Wyvern Worshippers,False,91.83,Beginner,low,True,,,fan:lldb-563,ssam1221 Havoc 1.dat#2
5879,cLemmings Ultimate Edition Simple,The Pilemmo,False,90.49,Beginner,low,True,,,fan:lldb-564,cLUE Simple 1.DAT#0
5880,cLemmings Ultimate Edition Simple,Stones of Lemness,False,102.59,Easy,low,True,,,fan:lldb-564,cLUE Simple 1.DAT#1
5881,cLemmings Ultimate Edition Simple,The Lemming Tree,False,79.34,Beginner,low,True,,,fan:lldb-564,cLUE Simple 1.DAT#2
5882,cLemmings Ultimate Edition Simple,The Thirteenth Task,False,82.62,Beginner,low,True,,,fan:lldb-564,cLUE Simple 1.DAT#3
5883,cLemmings Ultimate Edition Simple,The Big Bad Block,False,81.09,Beginner,low,True,,,fan:lldb-564,cLUE Simple 1.DAT#4
5884,cLemmings Ultimate Edition Simple,Just One More Minute,False,81.5,Beginner,low,True,,,fan:lldb-564,cLUE Simple 1.DAT#5
5885,cLemmings Ultimate Edition Simple,Lighting up The Sky,False,93.16,Beginner,low,True,,,fan:lldb-564,cLUE Simple 1.DAT#6
5886,cLemmings Ultimate Edition Simple,Livin' Like Lemmy,False,79.8,Beginner,low,True,,,fan:lldb-564,cLUE Simple 1.DAT#7
5887,cLemmings Ultimate Edition Simple,Love Those Lemmings,False,90.9,Beginner,low,True,,,fan:lldb-564,cLUE Simple 1.DAT#8
5888,cLemmings Ultimate Edition Simple,Time to Get Up!,False,94.94,Beginner,low,True,,,fan:lldb-564,cLUE Simple 1.DAT#9
5889,cLemmings Ultimate Edition Simple,The Sporadic Seminar,False,87.75,Beginner,low,True,,,fan:lldb-564,cLUE Simple 2.DAT#0
5890,cLemmings Ultimate Edition Simple,"The Touch, of God!",False,86.94,Beginner,low,True,,,fan:lldb-564,cLUE Simple 2.DAT#1
5891,cLemmings Ultimate Edition Simple,The Revenge of the Graveyard,False,117.3,Easy,low,True,,,fan:lldb-564,cLUE Simple 2.DAT#2
5892,cLemmings Ultimate Edition Simple,Nothing Without Lemmings . . .,False,87.88,Beginner,low,True,,,fan:lldb-564,cLUE Simple 2.DAT#3
5893,cLemmings Ultimate Edition Simple,The Endorian Forest,False,94.69,Beginner,low,True,,,fan:lldb-564,cLUE Simple 2.DAT#4
5894,cLemmings Ultimate Edition Simple,Lemming Connosseuir,False,94.94,Beginner,low,True,,,fan:lldb-564,cLUE Simple 2.DAT#5
5895,cLemmings Ultimate Edition Complex,Too Slow for Major Lemming,False,90.9,Beginner,low,True,,,fan:lldb-565,cLUE Complex 1.DAT#0
5896,cLemmings Ultimate Edition Complex,A Slighlty Too Unused Tactic,False,78.99,Beginner,low,True,,,fan:lldb-565,cLUE Complex 1.DAT#1
5897,cLemmings Ultimate Edition Complex,The Evil Within,False,69.12,Beginner,low,True,,,fan:lldb-565,cLUE Complex 1.DAT#2
5898,cLemmings Ultimate Edition Complex,The Curve,False,83.25,Beginner,low,True,,,fan:lldb-565,cLUE Complex 1.DAT#3
5899,cLemmings Ultimate Edition Complex,Go the Other Way!,False,81.5,Beginner,low,True,,,fan:lldb-565,cLUE Complex 1.DAT#4
5900,cLemmings Ultimate Edition Complex,The Center of Attention,False,117.3,Easy,low,True,,,fan:lldb-565,cLUE Complex 1.DAT#5
5901,cLemmings Ultimate Edition Complex,The Lemming Brothers,False,78.4,Beginner,low,True,,,fan:lldb-565,cLUE Complex 1.DAT#6
5902,cLemmings Ultimate Edition Complex,The Last of the Lemmings,False,90.9,Beginner,low,True,,,fan:lldb-565,cLUE Complex 1.DAT#7
5903,cLemmings Ultimate Edition Complex,Mastering in Mayhem,False,95.75,Beginner,low,True,,,fan:lldb-565,cLUE Complex 1.DAT#8
5904,cLemmings Ultimate Edition Complex,No Big Deal,False,87.45,Beginner,low,True,,,fan:lldb-565,cLUE Complex 1.DAT#9
5905,cLemmings Ultimate Edition Complex,Lemmings: A Journey Through Hell,False,93.7,Beginner,low,True,,,fan:lldb-565,cLUE Complex 2.DAT#0
5906,cLemmings Ultimate Edition Complex,Walk Don't Run,False,81.5,Beginner,low,True,,,fan:lldb-565,cLUE Complex 2.DAT#1
5907,cLemmings Ultimate Edition Complex,Organic Lemmings,False,73.75,Beginner,low,True,,,fan:lldb-565,cLUE Complex 2.DAT#2
5908,cLemmings Ultimate Edition Complex,The cLemmings Ultimatum,False,94.12,Beginner,low,True,,,fan:lldb-565,cLUE Complex 2.DAT#3
5909,cLemmings Ultimate Edition Complex,Chains of Agony,False,83.25,Beginner,low,True,,,fan:lldb-565,cLUE Complex 2.DAT#4
5910,cLemmings Ultimate Edition Complex,The Gallery,False,105,Easy,low,True,,,fan:lldb-565,cLUE Complex 2.DAT#5
5911,Conway06,Dr. Lemminglittle,False,69,Beginner,low,True,,,fan:lldb-567,Conway06.dat#0
5912,Conway06,Right of way,False,94,Beginner,low,True,,,fan:lldb-567,Conway06.dat#1
5913,Conway06,Double crossed,False,94,Beginner,low,True,,,fan:lldb-567,Conway06.dat#2
5914,Conway06,Back and forth,False,75.38,Beginner,low,True,,,fan:lldb-567,Conway06.dat#3
5915,Conway06,Somebody swich on a light!,False,90.25,Beginner,low,True,,,fan:lldb-567,Conway06.dat#4
5916,Conway06,It's cold outside,False,112.45,Easy,low,True,,,fan:lldb-567,Conway06.dat#5
5917,Conway06,Through the liquidizer,False,50.55,Beginner,low,True,,,fan:lldb-567,Conway06.dat#6
5918,Conway06,A springboard would be handy,False,97.15,Beginner,low,True,,,fan:lldb-567,Conway06.dat#7
5919,Conway06,Heres where we keep the lemmings,False,114.5,Easy,low,True,,,fan:lldb-567,Conway06.dat#8
5920,Conway06,Dyslexia,False,62.75,Beginner,low,True,,,fan:lldb-567,Conway06.dat#9
5921,Amiga Fun,Fun 01.lvl,False,44.74,Beginner,high,True,digger,,fan:lldb-568,Fun 01.lvl#-1
5922,Amiga Fun,Fun 02.lvl,False,121.12,Easy,medium,True,floater,,fan:lldb-568,Fun 02.lvl#-1
5923,Amiga Fun,Fun 03.lvl,False,188.6,Easy,medium,True,blocker,,fan:lldb-568,Fun 03.lvl#-1
5924,Amiga Fun,Fun 04.lvl,False,77,Beginner,low,True,,,fan:lldb-568,Fun 04.lvl#-1
5925,Amiga Fun,Fun 05.lvl,False,67.67,Beginner,medium,True,basher,,fan:lldb-568,Fun 05.lvl#-1
5926,Amiga Fun,Fun 06.lvl,False,131.92,Easy,medium,True,blocker;bomber,,fan:lldb-568,Fun 06.lvl#-1
5927,Amiga Fun,Fun 07.lvl,False,155.98,Easy,medium,True,builder;multiple-worker-coordination,,fan:lldb-568,Fun 07.lvl#-1
5928,Amiga Fun,Fun 08.lvl,False,112.88,Easy,low,True,,,fan:lldb-568,Fun 08.lvl#-1
5929,Amiga Fun,Fun 09.lvl,False,112.65,Easy,low,True,,,fan:lldb-568,Fun 09.lvl#-1
5930,Amiga Fun,Fun 10.lvl,False,236.46,Moderate,medium,True,basher;builder;floater;miner,,fan:lldb-568,Fun 10.lvl#-1
5931,Amiga Fun,Fun 11.lvl,False,427.47,Challenging,medium,True,builder;digger,,fan:lldb-568,Fun 11.lvl#-1
5932,Amiga Fun,Fun 12.lvl,False,421.98,Challenging,medium,True,blocker;builder;climber;digger;floater;miner;multiple-worker-coordination,,fan:lldb-568,Fun 12.lvl#-1
5933,Amiga Fun,Fun 13.lvl,False,70.75,Beginner,low,True,,,fan:lldb-568,Fun 13.lvl#-1
5934,Amiga Fun,Fun 14.lvl,False,501.55,Hard,medium,True,basher;blocker;builder;climber;digger;floater;multiple-worker-coordination,,fan:lldb-568,Fun 14.lvl#-1
5935,Amiga Fun,Fun 15.lvl,False,108,Easy,low,True,,,fan:lldb-568,Fun 15.lvl#-1
5936,Amiga Fun,Fun 16.lvl,False,102.31,Easy,low,True,,"replay saved mismatch: expected 80, got 0",fan:lldb-568,Fun 16.lvl#-1
5937,Amiga Fun,Fun 17.lvl,False,256.86,Moderate,medium,True,basher;builder;digger;multiple-worker-coordination,,fan:lldb-568,Fun 17.lvl#-1
5938,Amiga Fun,Fun 18.lvl,False,67.41,Beginner,medium,True,bomber,,fan:lldb-568,Fun 18.lvl#-1
5939,Amiga Fun,Fun 19.lvl,False,96.75,Beginner,low,True,,,fan:lldb-568,Fun 19.lvl#-1
5940,Amiga Fun,Fun 20.lvl,False,102.9,Easy,low,True,,,fan:lldb-568,Fun 20.lvl#-1
5941,Amiga Fun,Fun 21.lvl,False,102.9,Easy,low,True,,,fan:lldb-568,Fun 21.lvl#-1
5942,Amiga Fun,Fun 22.lvl,False,100,Easy,low,True,,,fan:lldb-568,Fun 22.lvl#-1
5943,Amiga Fun,Fun 23.lvl,False,356.12,Tricky,medium,True,basher;digger,,fan:lldb-568,Fun 23.lvl#-1
5944,Amiga Fun,Fun 24.lvl,False,271.56,Moderate,medium,True,blocker;builder;digger;floater;miner,,fan:lldb-568,Fun 24.lvl#-1
5945,Amiga Fun,Fun 25.lvl,False,90.25,Beginner,low,True,,,fan:lldb-568,Fun 25.lvl#-1
5946,Amiga Fun,Fun 26.lvl,False,365.98,Tricky,medium,True,basher;builder;digger,,fan:lldb-568,Fun 26.lvl#-1
5947,Amiga Fun,Fun 27.lvl,False,98.25,Beginner,low,True,,,fan:lldb-568,Fun 27.lvl#-1
5948,Amiga Fun,Fun 28.lvl,False,105.7,Easy,low,True,,,fan:lldb-568,Fun 28.lvl#-1
5949,Amiga Fun,Fun 29.lvl,False,101.5,Easy,low,True,,,fan:lldb-568,Fun 29.lvl#-1
5950,Amiga Fun,Fun 30.lvl,False,285.95,Moderate,medium,True,builder;digger;multiple-worker-coordination,,fan:lldb-568,Fun 30.lvl#-1
5951,Amiga Tricky,Tricky 01.lvl,False,90.25,Beginner,low,True,,,fan:lldb-569,Tricky 01.lvl#-1
5952,Amiga Tricky,Tricky 02.lvl,False,70.75,Beginner,low,True,,,fan:lldb-569,Tricky 02.lvl#-1
5953,Amiga Tricky,Tricky 03.lvl,False,98.25,Beginner,low,True,,,fan:lldb-569,Tricky 03.lvl#-1
5954,Amiga Tricky,Tricky 04.lvl,False,89.9,Beginner,low,True,,,fan:lldb-569,Tricky 04.lvl#-1
5955,Amiga Tricky,Tricky 05.lvl,False,88.5,Beginner,low,True,,,fan:lldb-569,Tricky 05.lvl#-1
5956,Amiga Tricky,Tricky 06.lvl,False,381.74,Tricky,medium,True,basher;blocker;builder;digger;miner,,fan:lldb-569,Tricky 06.lvl#-1
5957,Amiga Tricky,Tricky 07.lvl,False,105.83,Easy,low,True,,,fan:lldb-569,Tricky 07.lvl#-1
5958,Amiga Tricky,Tricky 08.lvl,False,64,Beginner,low,True,,,fan:lldb-569,Tricky 08.lvl#-1
5959,Amiga Tricky,Tricky 09.lvl,False,363.93,Tricky,medium,True,builder;digger;miner,,fan:lldb-569,Tricky 09.lvl#-1
5960,Amiga Tricky,Tricky 10.lvl,False,113.95,Easy,low,True,,,fan:lldb-569,Tricky 10.lvl#-1
5961,Amiga Tricky,Tricky 11.lvl,False,309.71,Tricky,medium,True,basher;builder;climber;miner;multiple-worker-coordination,,fan:lldb-569,Tricky 11.lvl#-1
5962,Amiga Tricky,Tricky 12.lvl,False,239.79,Moderate,medium,True,basher;builder;digger;floater,,fan:lldb-569,Tricky 12.lvl#-1
5963,Amiga Tricky,Tricky 13.lvl,False,104.75,Easy,low,True,,,fan:lldb-569,Tricky 13.lvl#-1
5964,Amiga Tricky,Tricky 14.lvl,False,565.1,Hard,medium,True,basher;blocker;builder;climber;digger;miner;multiple-worker-coordination,,fan:lldb-569,Tricky 14.lvl#-1
5965,Amiga Tricky,Tricky 15.lvl,False,194.92,Easy,medium,True,bomber,,fan:lldb-569,Tricky 15.lvl#-1
5966,Amiga Tricky,Tricky 16.lvl,False,205.59,Moderate,medium,True,basher;bomber;miner,,fan:lldb-569,Tricky 16.lvl#-1
5967,Amiga Tricky,Tricky 17.lvl,False,146.6,Easy,medium,True,bomber,,fan:lldb-569,Tricky 17.lvl#-1
5968,Amiga Tricky,Tricky 18.lvl,False,216.7,Moderate,medium,True,builder;digger;floater,,fan:lldb-569,Tricky 18.lvl#-1
5969,Amiga Tricky,Tricky 19.lvl,False,346.74,Tricky,medium,True,basher;builder;climber;digger;floater;miner,,fan:lldb-569,Tricky 19.lvl#-1
5970,Amiga Tricky,Tricky 20.lvl,False,114.28,Easy,low,True,,,fan:lldb-569,Tricky 20.lvl#-1
5971,Amiga Tricky,Tricky 21.lvl,False,376.48,Tricky,medium,True,basher;blocker;builder;miner,,fan:lldb-569,Tricky 21.lvl#-1
5972,Amiga Tricky,Tricky 22.lvl,False,86.25,Beginner,low,True,,,fan:lldb-569,Tricky 22.lvl#-1
5973,Amiga Tricky,Tricky 23.lvl,False,81,Beginner,low,True,,,fan:lldb-569,Tricky 23.lvl#-1
5974,Amiga Tricky,Tricky 24.lvl,False,264.39,Moderate,medium,True,basher;blocker;builder;digger,,fan:lldb-569,Tricky 24.lvl#-1
5975,Amiga Tricky,Tricky 25.lvl,False,81.8,Beginner,low,True,,,fan:lldb-569,Tricky 25.lvl#-1
5976,Amiga Tricky,Tricky 26.lvl,False,109.65,Easy,low,True,,,fan:lldb-569,Tricky 26.lvl#-1
5977,Amiga Tricky,Tricky 27.lvl,False,106.4,Easy,low,True,,,fan:lldb-569,Tricky 27.lvl#-1
5978,Amiga Tricky,Tricky 28.lvl,False,111.25,Easy,low,True,,,fan:lldb-569,Tricky 28.lvl#-1
5979,Amiga Tricky,Tricky 29.lvl,False,114.18,Easy,low,True,,,fan:lldb-569,Tricky 29.lvl#-1
5980,Amiga Tricky,Tricky 30.lvl,False,105,Easy,low,True,,,fan:lldb-569,Tricky 30.lvl#-1
5981,Amiga Taxing,Taxing 01.lvl,False,114.18,Easy,low,True,,,fan:lldb-570,Taxing 01.lvl#-1
5982,Amiga Taxing,Taxing 02.lvl,False,110.8,Easy,low,True,,,fan:lldb-570,Taxing 02.lvl#-1
5983,Amiga Taxing,Taxing 03.lvl,False,108.25,Easy,low,True,,,fan:lldb-570,Taxing 03.lvl#-1
5984,Amiga Taxing,Taxing 04.lvl,False,355.62,Tricky,medium,True,basher;blocker;builder;digger;miner;multiple-worker-coordination,,fan:lldb-570,Taxing 04.lvl#-1
5985,Amiga Taxing,Taxing 05.lvl,False,89.03,Beginner,low,True,,,fan:lldb-570,Taxing 05.lvl#-1
5986,Amiga Taxing,Taxing 06.lvl,False,318.21,Tricky,medium,True,basher;digger,,fan:lldb-570,Taxing 06.lvl#-1
5987,Amiga Taxing,Taxing 07.lvl,False,96.5,Beginner,low,True,,,fan:lldb-570,Taxing 07.lvl#-1
5988,Amiga Taxing,Taxing 08.lvl,False,95.75,Beginner,low,True,,,fan:lldb-570,Taxing 08.lvl#-1
5989,Amiga Taxing,Taxing 09.lvl,False,322.87,Tricky,medium,True,basher;builder;floater;miner,,fan:lldb-570,Taxing 09.lvl#-1
5990,Amiga Taxing,Taxing 10.lvl,False,434.67,Challenging,medium,True,basher;blocker;builder;digger;miner,,fan:lldb-570,Taxing 10.lvl#-1
5991,Amiga Taxing,Taxing 11.lvl,False,102,Easy,low,True,,,fan:lldb-570,Taxing 11.lvl#-1
5992,Amiga Taxing,Taxing 12.lvl,False,110.8,Easy,low,True,,,fan:lldb-570,Taxing 12.lvl#-1
5993,Amiga Taxing,Taxing 13.lvl,False,109.33,Easy,low,True,,,fan:lldb-570,Taxing 13.lvl#-1
5994,Amiga Taxing,Taxing 14.lvl,False,100.38,Easy,low,True,,,fan:lldb-570,Taxing 14.lvl#-1
5995,Amiga Taxing,Taxing 15.lvl,False,100,Easy,low,True,,,fan:lldb-570,Taxing 15.lvl#-1
5996,Amiga Taxing,Taxing 16.lvl,False,88.53,Beginner,low,True,,,fan:lldb-570,Taxing 16.lvl#-1
5997,Amiga Taxing,Taxing 17.lvl,False,95.3,Beginner,low,True,,,fan:lldb-570,Taxing 17.lvl#-1
5998,Amiga Taxing,Taxing 18.lvl,False,320.79,Tricky,medium,True,basher;builder;floater;multiple-worker-coordination,,fan:lldb-570,Taxing 18.lvl#-1
5999,Amiga Taxing,Taxing 19.lvl,False,83.79,Beginner,medium,True,bomber,,fan:lldb-570,Taxing 19.lvl#-1
6000,Amiga Taxing,Taxing 20.lvl,False,102.89,Easy,low,True,,,fan:lldb-570,Taxing 20.lvl#-1
6001,Amiga Taxing,Taxing 21.lvl,False,346.04,Tricky,medium,True,basher;blocker;builder;digger;miner;multiple-worker-coordination,,fan:lldb-570,Taxing 21.lvl#-1
6002,Amiga Taxing,Taxing 22.lvl,False,102,Easy,low,True,,,fan:lldb-570,Taxing 22.lvl#-1
6003,Amiga Taxing,Taxing 23.lvl,False,69.12,Beginner,low,True,,,fan:lldb-570,Taxing 23.lvl#-1
6004,Amiga Taxing,Taxing 24.lvl,False,70.42,Beginner,low,True,,,fan:lldb-570,Taxing 24.lvl#-1
6005,Amiga Taxing,Taxing 25.lvl,False,72,Beginner,low,True,,,fan:lldb-570,Taxing 25.lvl#-1
6006,Amiga Taxing,Taxing 26.lvl,False,116.98,Easy,low,True,,,fan:lldb-570,Taxing 26.lvl#-1
6007,Amiga Taxing,Taxing 27.lvl,False,70.25,Beginner,low,True,,,fan:lldb-570,Taxing 27.lvl#-1
6008,Amiga Taxing,Taxing 28.lvl,False,99.9,Beginner,low,True,,,fan:lldb-570,Taxing 28.lvl#-1
6009,Amiga Taxing,Taxing 29.lvl,False,112.88,Easy,low,True,,,fan:lldb-570,Taxing 29.lvl#-1
6010,Amiga Taxing,Taxing 30.lvl,False,70.75,Beginner,low,True,,,fan:lldb-570,Taxing 30.lvl#-1
6011,Amiga Mayhem,Mayhem 01.lvl,False,92.5,Beginner,low,True,,,fan:lldb-571,Mayhem 01.lvl#-1
6012,Amiga Mayhem,Mayhem 02.lvl,False,93.9,Beginner,low,True,,,fan:lldb-571,Mayhem 02.lvl#-1
6013,Amiga Mayhem,Mayhem 03.lvl,False,117.3,Easy,low,True,,,fan:lldb-571,Mayhem 03.lvl#-1
6014,Amiga Mayhem,Mayhem 04.lvl,False,69,Beginner,low,True,,,fan:lldb-571,Mayhem 04.lvl#-1
6015,Amiga Mayhem,Mayhem 05.lvl,False,104.33,Easy,low,True,,,fan:lldb-571,Mayhem 05.lvl#-1
6016,Amiga Mayhem,Mayhem 06.lvl,False,399.19,Tricky,medium,True,builder;digger;miner,,fan:lldb-571,Mayhem 06.lvl#-1
6017,Amiga Mayhem,Mayhem 07.lvl,False,93.9,Beginner,low,True,,,fan:lldb-571,Mayhem 07.lvl#-1
6018,Amiga Mayhem,Mayhem 08.lvl,False,100.15,Easy,low,True,,,fan:lldb-571,Mayhem 08.lvl#-1
6019,Amiga Mayhem,Mayhem 09.lvl,False,95.43,Beginner,low,True,,,fan:lldb-571,Mayhem 09.lvl#-1
6020,Amiga Mayhem,Mayhem 10.lvl,False,554.17,Hard,medium,True,basher;blocker;builder;climber;digger;floater;multiple-worker-coordination,,fan:lldb-571,Mayhem 10.lvl#-1
6021,Amiga Mayhem,Mayhem 11.lvl,False,70.75,Beginner,low,True,,,fan:lldb-571,Mayhem 11.lvl#-1
6022,Amiga Mayhem,Mayhem 12.lvl,False,417.09,Challenging,medium,True,basher;builder;climber;digger;miner,,fan:lldb-571,Mayhem 12.lvl#-1
6023,Amiga Mayhem,Mayhem 13.lvl,False,342.9,Tricky,medium,True,basher;builder;climber;floater;multiple-worker-coordination,,fan:lldb-571,Mayhem 13.lvl#-1
6024,Amiga Mayhem,Mayhem 14.lvl,False,98.34,Beginner,medium,True,builder,,fan:lldb-571,Mayhem 14.lvl#-1
6025,Amiga Mayhem,Mayhem 15.lvl,False,114.6,Easy,low,True,,,fan:lldb-571,Mayhem 15.lvl#-1
6026,Amiga Mayhem,Mayhem 16.lvl,False,312.01,Tricky,medium,True,basher;digger,,fan:lldb-571,Mayhem 16.lvl#-1
6027,Amiga Mayhem,Mayhem 17.lvl,False,459.32,Challenging,medium,True,basher;blocker;builder;climber;digger;miner,,fan:lldb-571,Mayhem 17.lvl#-1
6028,Amiga Mayhem,Mayhem 18.lvl,False,105,Easy,low,True,,,fan:lldb-571,Mayhem 18.lvl#-1
6029,Amiga Mayhem,Mayhem 19.lvl,False,319.74,Tricky,medium,True,bomber;builder;climber;multiple-worker-coordination,,fan:lldb-571,Mayhem 19.lvl#-1
6030,Amiga Mayhem,Mayhem 20.lvl,False,95.75,Beginner,low,True,,,fan:lldb-571,Mayhem 20.lvl#-1
6031,Amiga Mayhem,Mayhem 21.lvl,False,304.53,Tricky,medium,True,basher;builder;digger;floater,,fan:lldb-571,Mayhem 21.lvl#-1
6032,Amiga Mayhem,Mayhem 22.lvl,False,101.62,Easy,low,True,,,fan:lldb-571,Mayhem 22.lvl#-1
6033,Amiga Mayhem,Mayhem 23.lvl,False,90.65,Beginner,low,True,,,fan:lldb-571,Mayhem 23.lvl#-1
6034,Amiga Mayhem,Mayhem 24.lvl,False,267.32,Moderate,medium,True,basher,,fan:lldb-571,Mayhem 24.lvl#-1
6035,Amiga Mayhem,Mayhem 25.lvl,False,105,Easy,low,True,,,fan:lldb-571,Mayhem 25.lvl#-1
6036,Amiga Mayhem,Mayhem 26.lvl,False,81.4,Beginner,low,True,,,fan:lldb-571,Mayhem 26.lvl#-1
6037,Amiga Mayhem,Mayhem 27.lvl,False,212.3,Moderate,medium,True,basher;digger,,fan:lldb-571,Mayhem 27.lvl#-1
6038,Amiga Mayhem,Mayhem 28.lvl,False,84.65,Beginner,low,True,,,fan:lldb-571,Mayhem 28.lvl#-1
6039,Amiga Mayhem,Mayhem 29.lvl,False,83,Beginner,low,True,,,fan:lldb-571,Mayhem 29.lvl#-1
6040,Amiga Mayhem,Mayhem 30.lvl,False,536.15,Hard,medium,True,builder;climber;digger;miner;multiple-worker-coordination,,fan:lldb-571,Mayhem 30.lvl#-1
6041,Amiga Two Player,Level 01.lvl,False,135.13,Easy,high,True,builder,,fan:lldb-572,Level 01.lvl#-1
6042,Amiga Two Player,Level 02.lvl,False,71.69,Beginner,medium,True,basher,,fan:lldb-572,Level 02.lvl#-1
6043,Amiga Two Player,Level 03.lvl,False,79.18,Beginner,medium,True,builder,,fan:lldb-572,Level 03.lvl#-1
6044,Amiga Two Player,Level 04.lvl,False,314.25,Tricky,medium,True,basher;builder;digger;miner;multiple-worker-coordination,,fan:lldb-572,Level 04.lvl#-1
6045,Amiga Two Player,Level 05.lvl,False,277.4,Moderate,medium,True,basher;blocker;bomber;builder;release-rate-manipulation,,fan:lldb-572,Level 05.lvl#-1
6046,Amiga Two Player,Level 06.lvl,False,158.18,Easy,medium,True,basher;digger,,fan:lldb-572,Level 06.lvl#-1
6047,Amiga Two Player,Level 07.lvl,False,132.21,Easy,medium,True,basher;builder,,fan:lldb-572,Level 07.lvl#-1
6048,Amiga Two Player,Level 08.lvl,False,172.53,Easy,medium,True,miner,,fan:lldb-572,Level 08.lvl#-1
6049,Amiga Two Player,Level 09.lvl,False,44.05,Beginner,high,True,,,fan:lldb-572,Level 09.lvl#-1
6050,Amiga Two Player,Level 10.lvl,False,264.85,Moderate,medium,True,builder,,fan:lldb-572,Level 10.lvl#-1
6051,Amiga Two Player,Level 11.lvl,False,278.95,Moderate,medium,True,basher;builder;digger;multiple-worker-coordination,,fan:lldb-572,Level 11.lvl#-1
6052,Amiga Two Player,Level 12.lvl,False,342.02,Tricky,medium,True,basher;builder;multiple-worker-coordination,,fan:lldb-572,Level 12.lvl#-1
6053,Amiga Two Player,Level 13.lvl,False,330.95,Tricky,medium,True,basher;builder;digger;floater;multiple-worker-coordination,,fan:lldb-572,Level 13.lvl#-1
6054,Amiga Two Player,Level 14.lvl,False,283.69,Moderate,medium,True,builder;multiple-worker-coordination,,fan:lldb-572,Level 14.lvl#-1
6055,Amiga Two Player,Level 15.lvl,False,202.02,Moderate,medium,True,basher;builder;digger,,fan:lldb-572,Level 15.lvl#-1
6056,Amiga Two Player,Level 16.lvl,False,343.44,Tricky,medium,True,basher;blocker;bomber;builder;digger,,fan:lldb-572,Level 16.lvl#-1
6057,Amiga Two Player,Level 17.lvl,False,342.14,Tricky,medium,True,basher;blocker;bomber;builder;miner;release-rate-manipulation,,fan:lldb-572,Level 17.lvl#-1
6058,Amiga Two Player,Level 18.lvl,False,94.4,Beginner,high,True,blocker,,fan:lldb-572,Level 18.lvl#-1
6059,Amiga Two Player,Level 19.lvl,False,626.68,Very Hard,medium,True,basher;blocker;builder;climber;digger;floater;miner;multiple-worker-coordination,,fan:lldb-572,Level 19.lvl#-1
6060,Amiga Two Player,Level 20.lvl,False,500.45,Hard,medium,True,basher;blocker;builder;digger;miner;multiple-worker-coordination,,fan:lldb-572,Level 20.lvl#-1
6061,Amiga Fun Budget,Fun 01.lvl,False,44.74,Beginner,high,True,digger,,fan:lldb-573,Fun 01.lvl#-1
6062,Amiga Fun Budget,Fun 02.lvl,False,121.12,Easy,medium,True,floater,,fan:lldb-573,Fun 02.lvl#-1
6063,Amiga Fun Budget,Fun 03.lvl,False,188.6,Easy,medium,True,blocker,,fan:lldb-573,Fun 03.lvl#-1
6064,Amiga Fun Budget,Fun 04.lvl,False,77,Beginner,low,True,,,fan:lldb-573,Fun 04.lvl#-1
6065,Amiga Fun Budget,Fun 05.lvl,False,67.67,Beginner,medium,True,basher,,fan:lldb-573,Fun 05.lvl#-1
6066,Amiga Fun Budget,Fun 06.lvl,False,131.92,Easy,medium,True,blocker;bomber,,fan:lldb-573,Fun 06.lvl#-1
6067,Amiga Fun Budget,Fun 07.lvl,False,155.98,Easy,medium,True,builder;multiple-worker-coordination,,fan:lldb-573,Fun 07.lvl#-1
6068,Amiga Fun Budget,Fun 08.lvl,False,112.88,Easy,low,True,,,fan:lldb-573,Fun 08.lvl#-1
6069,Amiga Fun Budget,Fun 09.lvl,False,112.65,Easy,low,True,,,fan:lldb-573,Fun 09.lvl#-1
6070,Amiga Fun Budget,Fun 10.lvl,False,236.46,Moderate,medium,True,basher;builder;floater;miner,,fan:lldb-573,Fun 10.lvl#-1
6071,Amiga Fun Budget,Fun 11.lvl,False,427.47,Challenging,medium,True,builder;digger,,fan:lldb-573,Fun 11.lvl#-1
6072,Amiga Fun Budget,Fun 12.lvl,False,421.98,Challenging,medium,True,blocker;builder;climber;digger;floater;miner;multiple-worker-coordination,,fan:lldb-573,Fun 12.lvl#-1
6073,Amiga Fun Budget,Fun 13.lvl,False,70.75,Beginner,low,True,,,fan:lldb-573,Fun 13.lvl#-1
6074,Amiga Fun Budget,Fun 14.lvl,False,501.55,Hard,medium,True,basher;blocker;builder;climber;digger;floater;multiple-worker-coordination,,fan:lldb-573,Fun 14.lvl#-1
6075,Amiga Fun Budget,Fun 15.lvl,False,108,Easy,low,True,,,fan:lldb-573,Fun 15.lvl#-1
6076,Amiga Fun Budget,Fun 16.lvl,False,102.31,Easy,low,True,,"replay saved mismatch: expected 80, got 0",fan:lldb-573,Fun 16.lvl#-1
6077,Amiga Fun Budget,Fun 17.lvl,False,256.86,Moderate,medium,True,basher;builder;digger;multiple-worker-coordination,,fan:lldb-573,Fun 17.lvl#-1
6078,Amiga Fun Budget,Fun 18.lvl,False,67.41,Beginner,medium,True,bomber,,fan:lldb-573,Fun 18.lvl#-1
6079,Amiga Fun Budget,Fun 19.lvl,False,96.75,Beginner,low,True,,,fan:lldb-573,Fun 19.lvl#-1
6080,Amiga Fun Budget,Fun 20.lvl,False,102.9,Easy,low,True,,,fan:lldb-573,Fun 20.lvl#-1
6081,Amiga Fun Budget,Fun 21.lvl,False,102.9,Easy,low,True,,,fan:lldb-573,Fun 21.lvl#-1
6082,Amiga Fun Budget,Fun 22.lvl,False,79.55,Beginner,low,True,,,fan:lldb-573,Fun 22.lvl#-1
6083,Amiga Fun Budget,Fun 23.lvl,False,356.12,Tricky,medium,True,basher;digger,,fan:lldb-573,Fun 23.lvl#-1
6084,Amiga Fun Budget,Fun 24.lvl,False,271.56,Moderate,medium,True,blocker;builder;digger;floater;miner,,fan:lldb-573,Fun 24.lvl#-1
6085,Amiga Fun Budget,Fun 25.lvl,False,90.25,Beginner,low,True,,,fan:lldb-573,Fun 25.lvl#-1
6086,Amiga Fun Budget,Fun 26.lvl,False,365.98,Tricky,medium,True,basher;builder;digger,,fan:lldb-573,Fun 26.lvl#-1
6087,Amiga Fun Budget,Fun 27.lvl,False,98.25,Beginner,low,True,,,fan:lldb-573,Fun 27.lvl#-1
6088,Amiga Fun Budget,Fun 28.lvl,False,105.7,Easy,low,True,,,fan:lldb-573,Fun 28.lvl#-1
6089,Amiga Fun Budget,Fun 29.lvl,False,101.5,Easy,low,True,,,fan:lldb-573,Fun 29.lvl#-1
6090,Amiga Fun Budget,Fun 30.lvl,False,285.95,Moderate,medium,True,builder;digger;multiple-worker-coordination,,fan:lldb-573,Fun 30.lvl#-1
6091,Amiga Tricky Budget,Tricky 01.lvl,False,90.25,Beginner,low,True,,,fan:lldb-574,Tricky 01.lvl#-1
6092,Amiga Tricky Budget,Tricky 02.lvl,False,70.75,Beginner,low,True,,,fan:lldb-574,Tricky 02.lvl#-1
6093,Amiga Tricky Budget,Tricky 03.lvl,False,98.25,Beginner,low,True,,,fan:lldb-574,Tricky 03.lvl#-1
6094,Amiga Tricky Budget,Tricky 04.lvl,False,89.9,Beginner,low,True,,,fan:lldb-574,Tricky 04.lvl#-1
6095,Amiga Tricky Budget,Tricky 05.lvl,False,88.5,Beginner,low,True,,,fan:lldb-574,Tricky 05.lvl#-1
6096,Amiga Tricky Budget,Tricky 06.lvl,False,381.74,Tricky,medium,True,basher;blocker;builder;digger;miner,,fan:lldb-574,Tricky 06.lvl#-1
6097,Amiga Tricky Budget,Tricky 07.lvl,False,105.83,Easy,low,True,,,fan:lldb-574,Tricky 07.lvl#-1
6098,Amiga Tricky Budget,Tricky 08.lvl,False,64,Beginner,low,True,,,fan:lldb-574,Tricky 08.lvl#-1
6099,Amiga Tricky Budget,Tricky 09.lvl,False,363.93,Tricky,medium,True,builder;digger;miner,,fan:lldb-574,Tricky 09.lvl#-1
6100,Amiga Tricky Budget,Tricky 10.lvl,False,113.95,Easy,low,True,,,fan:lldb-574,Tricky 10.lvl#-1
6101,Amiga Tricky Budget,Tricky 11.lvl,False,309.71,Tricky,medium,True,basher;builder;climber;miner;multiple-worker-coordination,,fan:lldb-574,Tricky 11.lvl#-1
6102,Amiga Tricky Budget,Tricky 12.lvl,False,239.79,Moderate,medium,True,basher;builder;digger;floater,,fan:lldb-574,Tricky 12.lvl#-1
6103,Amiga Tricky Budget,Tricky 13.lvl,False,104.75,Easy,low,True,,,fan:lldb-574,Tricky 13.lvl#-1
6104,Amiga Tricky Budget,Tricky 14.lvl,False,95.5,Beginner,low,True,,,fan:lldb-574,Tricky 14.lvl#-1
6105,Amiga Tricky Budget,Tricky 15.lvl,False,194.92,Easy,medium,True,bomber,,fan:lldb-574,Tricky 15.lvl#-1
6106,Amiga Tricky Budget,Tricky 16.lvl,False,205.59,Moderate,medium,True,basher;bomber;miner,,fan:lldb-574,Tricky 16.lvl#-1
6107,Amiga Tricky Budget,Tricky 17.lvl,False,146.6,Easy,medium,True,bomber,,fan:lldb-574,Tricky 17.lvl#-1
6108,Amiga Tricky Budget,Tricky 18.lvl,False,216.7,Moderate,medium,True,builder;digger;floater,,fan:lldb-574,Tricky 18.lvl#-1
6109,Amiga Tricky Budget,Tricky 19.lvl,False,346.74,Tricky,medium,True,basher;builder;climber;digger;floater;miner,,fan:lldb-574,Tricky 19.lvl#-1
6110,Amiga Tricky Budget,Tricky 20.lvl,False,114.28,Easy,low,True,,,fan:lldb-574,Tricky 20.lvl#-1
6111,Amiga Tricky Budget,Tricky 21.lvl,False,376.48,Tricky,medium,True,basher;blocker;builder;miner,,fan:lldb-574,Tricky 21.lvl#-1
6112,Amiga Tricky Budget,Tricky 22.lvl,False,86.25,Beginner,low,True,,,fan:lldb-574,Tricky 22.lvl#-1
6113,Amiga Tricky Budget,Tricky 23.lvl,False,81,Beginner,low,True,,,fan:lldb-574,Tricky 23.lvl#-1
6114,Amiga Tricky Budget,Tricky 24.lvl,False,264.39,Moderate,medium,True,basher;blocker;builder;digger,,fan:lldb-574,Tricky 24.lvl#-1
6115,Amiga Tricky Budget,Tricky 25.lvl,False,81.8,Beginner,low,True,,,fan:lldb-574,Tricky 25.lvl#-1
6116,Amiga Tricky Budget,Tricky 26.lvl,False,109.65,Easy,low,True,,,fan:lldb-574,Tricky 26.lvl#-1
6117,Amiga Tricky Budget,Tricky 27.lvl,False,106.4,Easy,low,True,,,fan:lldb-574,Tricky 27.lvl#-1
6118,Amiga Tricky Budget,Tricky 28.lvl,False,111.25,Easy,low,True,,,fan:lldb-574,Tricky 28.lvl#-1
6119,Amiga Tricky Budget,Tricky 29.lvl,False,114.18,Easy,low,True,,,fan:lldb-574,Tricky 29.lvl#-1
6120,Amiga Tricky Budget,Tricky 30.lvl,False,105,Easy,low,True,,,fan:lldb-574,Tricky 30.lvl#-1
6121,Amiga Taxing Budget,Taxing 01.lvl,False,114.18,Easy,low,True,,,fan:lldb-575,Taxing 01.lvl#-1
6122,Amiga Taxing Budget,Taxing 02.lvl,False,110.8,Easy,low,True,,,fan:lldb-575,Taxing 02.lvl#-1
6123,Amiga Taxing Budget,Taxing 03.lvl,False,108.25,Easy,low,True,,,fan:lldb-575,Taxing 03.lvl#-1
6124,Amiga Taxing Budget,Taxing 04.lvl,False,355.62,Tricky,medium,True,basher;blocker;builder;digger;miner;multiple-worker-coordination,,fan:lldb-575,Taxing 04.lvl#-1
6125,Amiga Taxing Budget,Taxing 05.lvl,False,89.03,Beginner,low,True,,,fan:lldb-575,Taxing 05.lvl#-1
6126,Amiga Taxing Budget,Taxing 06.lvl,False,318.21,Tricky,medium,True,basher;digger,,fan:lldb-575,Taxing 06.lvl#-1
6127,Amiga Taxing Budget,Taxing 07.lvl,False,96.5,Beginner,low,True,,,fan:lldb-575,Taxing 07.lvl#-1
6128,Amiga Taxing Budget,Taxing 08.lvl,False,95.75,Beginner,low,True,,,fan:lldb-575,Taxing 08.lvl#-1
6129,Amiga Taxing Budget,Taxing 09.lvl,False,322.87,Tricky,medium,True,basher;builder;floater;miner,,fan:lldb-575,Taxing 09.lvl#-1
6130,Amiga Taxing Budget,Taxing 10.lvl,False,434.67,Challenging,medium,True,basher;blocker;builder;digger;miner,,fan:lldb-575,Taxing 10.lvl#-1
6131,Amiga Taxing Budget,Taxing 11.lvl,False,102,Easy,low,True,,,fan:lldb-575,Taxing 11.lvl#-1
6132,Amiga Taxing Budget,Taxing 12.lvl,False,110.8,Easy,low,True,,,fan:lldb-575,Taxing 12.lvl#-1
6133,Amiga Taxing Budget,Taxing 13.lvl,False,109.33,Easy,low,True,,,fan:lldb-575,Taxing 13.lvl#-1
6134,Amiga Taxing Budget,Taxing 14.lvl,False,100.38,Easy,low,True,,,fan:lldb-575,Taxing 14.lvl#-1
6135,Amiga Taxing Budget,Taxing 15.lvl,False,81.5,Beginner,low,True,,,fan:lldb-575,Taxing 15.lvl#-1
6136,Amiga Taxing Budget,Taxing 16.lvl,False,88.53,Beginner,low,True,,,fan:lldb-575,Taxing 16.lvl#-1
6137,Amiga Taxing Budget,Taxing 17.lvl,False,95.3,Beginner,low,True,,,fan:lldb-575,Taxing 17.lvl#-1
6138,Amiga Taxing Budget,Taxing 18.lvl,False,320.79,Tricky,medium,True,basher;builder;floater;multiple-worker-coordination,,fan:lldb-575,Taxing 18.lvl#-1
6139,Amiga Taxing Budget,Taxing 19.lvl,False,83.79,Beginner,medium,True,bomber,,fan:lldb-575,Taxing 19.lvl#-1
6140,Amiga Taxing Budget,Taxing 20.lvl,False,102.89,Easy,low,True,,,fan:lldb-575,Taxing 20.lvl#-1
6141,Amiga Taxing Budget,Taxing 21.lvl,False,346.04,Tricky,medium,True,basher;blocker;builder;digger;miner;multiple-worker-coordination,,fan:lldb-575,Taxing 21.lvl#-1
6142,Amiga Taxing Budget,Taxing 22.lvl,False,102,Easy,low,True,,,fan:lldb-575,Taxing 22.lvl#-1
6143,Amiga Taxing Budget,Taxing 23.lvl,False,69.12,Beginner,low,True,,,fan:lldb-575,Taxing 23.lvl#-1
6144,Amiga Taxing Budget,Taxing 24.lvl,False,70.42,Beginner,low,True,,,fan:lldb-575,Taxing 24.lvl#-1
6145,Amiga Taxing Budget,Taxing 25.lvl,False,72,Beginner,low,True,,,fan:lldb-575,Taxing 25.lvl#-1
6146,Amiga Taxing Budget,Taxing 26.lvl,False,116.98,Easy,low,True,,,fan:lldb-575,Taxing 26.lvl#-1
6147,Amiga Taxing Budget,Taxing 27.lvl,False,70.25,Beginner,low,True,,,fan:lldb-575,Taxing 27.lvl#-1
6148,Amiga Taxing Budget,Taxing 28.lvl,False,99.9,Beginner,low,True,,,fan:lldb-575,Taxing 28.lvl#-1
6149,Amiga Taxing Budget,Taxing 29.lvl,False,112.88,Easy,low,True,,,fan:lldb-575,Taxing 29.lvl#-1
6150,Amiga Taxing Budget,Taxing 30.lvl,False,70.75,Beginner,low,True,,,fan:lldb-575,Taxing 30.lvl#-1
6151,Amiga Mayhem Budget,Mayhem 01.lvl,False,92.5,Beginner,low,True,,,fan:lldb-576,Mayhem 01.lvl#-1
6152,Amiga Mayhem Budget,Mayhem 02.lvl,False,93.9,Beginner,low,True,,,fan:lldb-576,Mayhem 02.lvl#-1
6153,Amiga Mayhem Budget,Mayhem 03.lvl,False,117.3,Easy,low,True,,,fan:lldb-576,Mayhem 03.lvl#-1
6154,Amiga Mayhem Budget,Mayhem 04.lvl,False,69,Beginner,low,True,,,fan:lldb-576,Mayhem 04.lvl#-1
6155,Amiga Mayhem Budget,Mayhem 05.lvl,False,104.33,Easy,low,True,,,fan:lldb-576,Mayhem 05.lvl#-1
6156,Amiga Mayhem Budget,Mayhem 06.lvl,False,399.19,Tricky,medium,True,builder;digger;miner,,fan:lldb-576,Mayhem 06.lvl#-1
6157,Amiga Mayhem Budget,Mayhem 07.lvl,False,93.9,Beginner,low,True,,,fan:lldb-576,Mayhem 07.lvl#-1
6158,Amiga Mayhem Budget,Mayhem 08.lvl,False,100.15,Easy,low,True,,,fan:lldb-576,Mayhem 08.lvl#-1
6159,Amiga Mayhem Budget,Mayhem 09.lvl,False,95.43,Beginner,low,True,,,fan:lldb-576,Mayhem 09.lvl#-1
6160,Amiga Mayhem Budget,Mayhem 10.lvl,False,554.17,Hard,medium,True,basher;blocker;builder;climber;digger;floater;multiple-worker-coordination,,fan:lldb-576,Mayhem 10.lvl#-1
6161,Amiga Mayhem Budget,Mayhem 11.lvl,False,70.75,Beginner,low,True,,,fan:lldb-576,Mayhem 11.lvl#-1
6162,Amiga Mayhem Budget,Mayhem 12.lvl,False,417.09,Challenging,medium,True,basher;builder;climber;digger;miner,,fan:lldb-576,Mayhem 12.lvl#-1
6163,Amiga Mayhem Budget,Mayhem 13.lvl,False,342.9,Tricky,medium,True,basher;builder;climber;floater;multiple-worker-coordination,,fan:lldb-576,Mayhem 13.lvl#-1
6164,Amiga Mayhem Budget,Mayhem 14.lvl,False,98.34,Beginner,medium,True,builder,,fan:lldb-576,Mayhem 14.lvl#-1
6165,Amiga Mayhem Budget,Mayhem 15.lvl,False,114.6,Easy,low,True,,,fan:lldb-576,Mayhem 15.lvl#-1
6166,Amiga Mayhem Budget,Mayhem 16.lvl,False,312.01,Tricky,medium,True,basher;digger,,fan:lldb-576,Mayhem 16.lvl#-1
6167,Amiga Mayhem Budget,Mayhem 17.lvl,False,459.32,Challenging,medium,True,basher;blocker;builder;climber;digger;miner,,fan:lldb-576,Mayhem 17.lvl#-1
6168,Amiga Mayhem Budget,Mayhem 18.lvl,False,105,Easy,low,True,,,fan:lldb-576,Mayhem 18.lvl#-1
6169,Amiga Mayhem Budget,Mayhem 19.lvl,False,319.74,Tricky,medium,True,bomber;builder;climber;multiple-worker-coordination,,fan:lldb-576,Mayhem 19.lvl#-1
6170,Amiga Mayhem Budget,Mayhem 20.lvl,False,95.75,Beginner,low,True,,,fan:lldb-576,Mayhem 20.lvl#-1
6171,Amiga Mayhem Budget,Mayhem 21.lvl,False,304.53,Tricky,medium,True,basher;builder;digger;floater,,fan:lldb-576,Mayhem 21.lvl#-1
6172,Amiga Mayhem Budget,Mayhem 22.lvl,False,105,Easy,low,True,,,fan:lldb-576,Mayhem 22.lvl#-1
6173,Amiga Mayhem Budget,Mayhem 23.lvl,False,90.65,Beginner,low,True,,,fan:lldb-576,Mayhem 23.lvl#-1
6174,Amiga Mayhem Budget,Mayhem 24.lvl,False,267.32,Moderate,medium,True,basher,,fan:lldb-576,Mayhem 24.lvl#-1
6175,Amiga Mayhem Budget,Mayhem 25.lvl,False,105,Easy,low,True,,,fan:lldb-576,Mayhem 25.lvl#-1
6176,Amiga Mayhem Budget,Mayhem 26.lvl,False,81.4,Beginner,low,True,,,fan:lldb-576,Mayhem 26.lvl#-1
6177,Amiga Mayhem Budget,Mayhem 27.lvl,False,212.3,Moderate,medium,True,basher;digger,,fan:lldb-576,Mayhem 27.lvl#-1
6178,Amiga Mayhem Budget,Mayhem 28.lvl,False,84.65,Beginner,low,True,,,fan:lldb-576,Mayhem 28.lvl#-1
6179,Amiga Mayhem Budget,Mayhem 29.lvl,False,83,Beginner,low,True,,,fan:lldb-576,Mayhem 29.lvl#-1
6180,Amiga Mayhem Budget,Mayhem 30.lvl,False,536.15,Hard,medium,True,builder;climber;digger;miner;multiple-worker-coordination,,fan:lldb-576,Mayhem 30.lvl#-1
6181,Amiga Tricky Book Club,Tricky 01.lvl,False,90.25,Beginner,low,True,,,fan:lldb-577,Tricky 01.lvl#-1
6182,Amiga Tricky Book Club,Tricky 02.lvl,False,70.75,Beginner,low,True,,,fan:lldb-577,Tricky 02.lvl#-1
6183,Amiga Tricky Book Club,Tricky 03.lvl,False,98.25,Beginner,low,True,,,fan:lldb-577,Tricky 03.lvl#-1
6184,Amiga Tricky Book Club,Tricky 04.lvl,False,89.9,Beginner,low,True,,,fan:lldb-577,Tricky 04.lvl#-1
6185,Amiga Tricky Book Club,Tricky 05.lvl,False,88.5,Beginner,low,True,,,fan:lldb-577,Tricky 05.lvl#-1
6186,Amiga Tricky Book Club,Tricky 06.lvl,False,381.74,Tricky,medium,True,basher;blocker;builder;digger;miner,,fan:lldb-577,Tricky 06.lvl#-1
6187,Amiga Tricky Book Club,Tricky 07.lvl,False,105.83,Easy,low,True,,,fan:lldb-577,Tricky 07.lvl#-1
6188,Amiga Tricky Book Club,Tricky 08.lvl,False,64,Beginner,low,True,,,fan:lldb-577,Tricky 08.lvl#-1
6189,Amiga Tricky Book Club,Tricky 09.lvl,False,363.93,Tricky,medium,True,builder;digger;miner,,fan:lldb-577,Tricky 09.lvl#-1
6190,Amiga Tricky Book Club,Tricky 10.lvl,False,113.95,Easy,low,True,,,fan:lldb-577,Tricky 10.lvl#-1
6191,Amiga Tricky Book Club,Tricky 11.lvl,False,309.71,Tricky,medium,True,basher;builder;climber;miner;multiple-worker-coordination,,fan:lldb-577,Tricky 11.lvl#-1
6192,Amiga Tricky Book Club,Tricky 12.lvl,False,239.79,Moderate,medium,True,basher;builder;digger;floater,,fan:lldb-577,Tricky 12.lvl#-1
6193,Amiga Tricky Book Club,Tricky 13.lvl,False,104.75,Easy,low,True,,,fan:lldb-577,Tricky 13.lvl#-1
6194,Amiga Tricky Book Club,Tricky 14.lvl,False,565.1,Hard,medium,True,basher;blocker;builder;climber;digger;miner;multiple-worker-coordination,,fan:lldb-577,Tricky 14.lvl#-1
6195,Amiga Tricky Book Club,Tricky 15.lvl,False,194.92,Easy,medium,True,bomber,,fan:lldb-577,Tricky 15.lvl#-1
6196,Amiga Tricky Book Club,Tricky 16.lvl,False,205.59,Moderate,medium,True,basher;bomber;miner,,fan:lldb-577,Tricky 16.lvl#-1
6197,Amiga Tricky Book Club,Tricky 17.lvl,False,146.6,Easy,medium,True,bomber,,fan:lldb-577,Tricky 17.lvl#-1
6198,Amiga Tricky Book Club,Tricky 18.lvl,False,216.7,Moderate,medium,True,builder;digger;floater,,fan:lldb-577,Tricky 18.lvl#-1
6199,Amiga Tricky Book Club,Tricky 19.lvl,False,346.74,Tricky,medium,True,basher;builder;climber;digger;floater;miner,,fan:lldb-577,Tricky 19.lvl#-1
6200,Amiga Tricky Book Club,Tricky 20.lvl,False,114.28,Easy,low,True,,,fan:lldb-577,Tricky 20.lvl#-1
6201,Amiga Tricky Book Club,Tricky 21.lvl,False,96.9,Beginner,low,True,,,fan:lldb-577,Tricky 21.lvl#-1
6202,Amiga Tricky Book Club,Tricky 22.lvl,False,86.25,Beginner,low,True,,,fan:lldb-577,Tricky 22.lvl#-1
6203,Amiga Tricky Book Club,Tricky 23.lvl,False,81,Beginner,low,True,,,fan:lldb-577,Tricky 23.lvl#-1
6204,Amiga Tricky Book Club,Tricky 24.lvl,False,264.39,Moderate,medium,True,basher;blocker;builder;digger,,fan:lldb-577,Tricky 24.lvl#-1
6205,Amiga Tricky Book Club,Tricky 25.lvl,False,81.8,Beginner,low,True,,,fan:lldb-577,Tricky 25.lvl#-1
6206,Amiga Tricky Book Club,Tricky 26.lvl,False,109.65,Easy,low,True,,,fan:lldb-577,Tricky 26.lvl#-1
6207,Amiga Tricky Book Club,Tricky 27.lvl,False,106.4,Easy,low,True,,,fan:lldb-577,Tricky 27.lvl#-1
6208,Amiga Tricky Book Club,Tricky 28.lvl,False,111.25,Easy,low,True,,,fan:lldb-577,Tricky 28.lvl#-1
6209,Amiga Tricky Book Club,Tricky 29.lvl,False,114.18,Easy,low,True,,,fan:lldb-577,Tricky 29.lvl#-1
6210,Amiga Tricky Book Club,Tricky 30.lvl,False,105,Easy,low,True,,,fan:lldb-577,Tricky 30.lvl#-1
6211,Amiga Taxing Book Club,Taxing 01.lvl,False,114.18,Easy,low,True,,,fan:lldb-578,Taxing 01.lvl#-1
6212,Amiga Taxing Book Club,Taxing 02.lvl,False,110.8,Easy,low,True,,,fan:lldb-578,Taxing 02.lvl#-1
6213,Amiga Taxing Book Club,Taxing 03.lvl,False,108.25,Easy,low,True,,,fan:lldb-578,Taxing 03.lvl#-1
6214,Amiga Taxing Book Club,Taxing 04.lvl,False,355.62,Tricky,medium,True,basher;blocker;builder;digger;miner;multiple-worker-coordination,,fan:lldb-578,Taxing 04.lvl#-1
6215,Amiga Taxing Book Club,Taxing 05.lvl,False,89.03,Beginner,low,True,,,fan:lldb-578,Taxing 05.lvl#-1
6216,Amiga Taxing Book Club,Taxing 06.lvl,False,318.21,Tricky,medium,True,basher;digger,,fan:lldb-578,Taxing 06.lvl#-1
6217,Amiga Taxing Book Club,Taxing 07.lvl,False,96.5,Beginner,low,True,,,fan:lldb-578,Taxing 07.lvl#-1
6218,Amiga Taxing Book Club,Taxing 08.lvl,False,95.75,Beginner,low,True,,,fan:lldb-578,Taxing 08.lvl#-1
6219,Amiga Taxing Book Club,Taxing 09.lvl,False,322.87,Tricky,medium,True,basher;builder;floater;miner,,fan:lldb-578,Taxing 09.lvl#-1
6220,Amiga Taxing Book Club,Taxing 10.lvl,False,434.67,Challenging,medium,True,basher;blocker;builder;digger;miner,,fan:lldb-578,Taxing 10.lvl#-1
6221,Amiga Taxing Book Club,Taxing 11.lvl,False,102,Easy,low,True,,,fan:lldb-578,Taxing 11.lvl#-1
6222,Amiga Taxing Book Club,Taxing 12.lvl,False,110.8,Easy,low,True,,,fan:lldb-578,Taxing 12.lvl#-1
6223,Amiga Taxing Book Club,Taxing 13.lvl,False,109.33,Easy,low,True,,,fan:lldb-578,Taxing 13.lvl#-1
6224,Amiga Taxing Book Club,Taxing 14.lvl,False,100.38,Easy,low,True,,,fan:lldb-578,Taxing 14.lvl#-1
6225,Amiga Taxing Book Club,Taxing 15.lvl,False,100,Easy,low,True,,,fan:lldb-578,Taxing 15.lvl#-1
6226,Amiga Taxing Book Club,Taxing 16.lvl,False,88.53,Beginner,low,True,,,fan:lldb-578,Taxing 16.lvl#-1
6227,Amiga Taxing Book Club,Taxing 17.lvl,False,95.3,Beginner,low,True,,,fan:lldb-578,Taxing 17.lvl#-1
6228,Amiga Taxing Book Club,Taxing 18.lvl,False,320.79,Tricky,medium,True,basher;builder;floater;multiple-worker-coordination,,fan:lldb-578,Taxing 18.lvl#-1
6229,Amiga Taxing Book Club,Taxing 19.lvl,False,83.79,Beginner,medium,True,bomber,,fan:lldb-578,Taxing 19.lvl#-1
6230,Amiga Taxing Book Club,Taxing 20.lvl,False,112.43,Easy,low,True,,,fan:lldb-578,Taxing 20.lvl#-1
6231,Amiga Taxing Book Club,Taxing 21.lvl,False,346.04,Tricky,medium,True,basher;blocker;builder;digger;miner;multiple-worker-coordination,,fan:lldb-578,Taxing 21.lvl#-1
6232,Amiga Taxing Book Club,Taxing 22.lvl,False,102,Easy,low,True,,,fan:lldb-578,Taxing 22.lvl#-1
6233,Amiga Taxing Book Club,Taxing 23.lvl,False,69.12,Beginner,low,True,,,fan:lldb-578,Taxing 23.lvl#-1
6234,Amiga Taxing Book Club,Taxing 24.lvl,False,70.42,Beginner,low,True,,,fan:lldb-578,Taxing 24.lvl#-1
6235,Amiga Taxing Book Club,Taxing 25.lvl,False,72,Beginner,low,True,,,fan:lldb-578,Taxing 25.lvl#-1
6236,Amiga Taxing Book Club,Taxing 26.lvl,False,116.98,Easy,low,True,,,fan:lldb-578,Taxing 26.lvl#-1
6237,Amiga Taxing Book Club,Taxing 27.lvl,False,70.25,Beginner,low,True,,,fan:lldb-578,Taxing 27.lvl#-1
6238,Amiga Taxing Book Club,Taxing 28.lvl,False,99.9,Beginner,low,True,,,fan:lldb-578,Taxing 28.lvl#-1
6239,Amiga Taxing Book Club,Taxing 29.lvl,False,112.88,Easy,low,True,,,fan:lldb-578,Taxing 29.lvl#-1
6240,Amiga Taxing Book Club,Taxing 30.lvl,False,70.75,Beginner,low,True,,,fan:lldb-578,Taxing 30.lvl#-1
6241,DOS Tricky Book Club,This should be a doddle!,False,299.58,Moderate,medium,True,basher;blocker;builder;miner;multiple-worker-coordination,,fan:lldb-579,Tricky 1.DAT#0
6242,DOS Tricky Book Club,We all fall down,False,170.09,Easy,medium,True,digger,,fan:lldb-579,Tricky 1.DAT#1
6243,DOS Tricky Book Club,A ladder would be handy,False,394.92,Tricky,medium,True,basher;builder;climber;digger;floater;miner;multiple-worker-coordination,,fan:lldb-579,Tricky 1.DAT#2
6244,DOS Tricky Book Club,Here's one I prepared earlier,False,426.91,Challenging,medium,True,builder;climber;digger;floater;multiple-worker-coordination,,fan:lldb-579,Tricky 1.DAT#3
6245,DOS Tricky Book Club,Careless clicking costs lives,False,190.58,Easy,medium,True,basher;builder;multiple-worker-coordination,,fan:lldb-579,Tricky 1.DAT#4
6246,DOS Tricky Book Club,Lemmingology,False,381.74,Tricky,medium,True,basher;blocker;builder;digger;miner,,fan:lldb-579,Tricky 1.DAT#5
6247,DOS Tricky Book Club,"Been there, seen it, done it",False,536.62,Hard,medium,True,basher;blocker;builder;climber;digger;floater;multiple-worker-coordination,,fan:lldb-579,Tricky 1.DAT#6
6248,DOS Tricky Book Club,Lemming sanctuary in sight,False,146.54,Easy,medium,True,builder;multiple-worker-coordination,,fan:lldb-579,Tricky 1.DAT#7
6249,DOS Tricky Book Club,They just keep on coming,False,361.83,Tricky,medium,True,builder;digger;miner,,fan:lldb-579,Tricky 1.DAT#8
6250,DOS Tricky Book Club,There's a lot of them about,False,446.37,Challenging,medium,True,blocker;builder;climber;miner;multiple-worker-coordination,,fan:lldb-579,Tricky 1.DAT#9
6251,DOS Tricky Book Club,Lemmings in the attic,False,309.71,Tricky,medium,True,basher;builder;climber;miner;multiple-worker-coordination,,fan:lldb-579,Tricky 2.DAT#0
6252,DOS Tricky Book Club,Bitter Lemming,False,239.79,Moderate,medium,True,basher;builder;digger;floater,,fan:lldb-579,Tricky 2.DAT#1
6253,DOS Tricky Book Club,Lemming Drops,False,418.77,Challenging,medium,True,basher;blocker;builder;climber;digger;floater,,fan:lldb-579,Tricky 2.DAT#2
6254,DOS Tricky Book Club,MENACING !!,False,565.1,Hard,medium,True,basher;blocker;builder;climber;digger;miner;multiple-worker-coordination,,fan:lldb-579,Tricky 2.DAT#3
6255,DOS Tricky Book Club,Ozone friendly Lemmings,False,194.92,Easy,medium,True,bomber,,fan:lldb-579,Tricky 2.DAT#4
6256,DOS Tricky Book Club,Luvly Jubly,False,205.59,Moderate,medium,True,basher;bomber;miner,,fan:lldb-579,Tricky 2.DAT#5
6257,DOS Tricky Book Club,Diet Lemmingaid,False,144.5,Easy,medium,True,bomber,,fan:lldb-579,Tricky 2.DAT#6
6258,DOS Tricky Book Club,It's Lemmingentry Watson,False,216.7,Moderate,medium,True,builder;digger;floater,,fan:lldb-579,Tricky 2.DAT#7
6259,DOS Tricky Book Club,Postcard from Lemmingland,False,346.74,Tricky,medium,True,basher;builder;climber;digger;floater;miner,,fan:lldb-579,Tricky 2.DAT#8
6260,DOS Tricky Book Club,One way digging to freedom,False,368.42,Tricky,medium,True,basher;builder;climber;digger;floater,,fan:lldb-579,Tricky 2.DAT#9
6261,DOS Tricky Book Club,Through the graveyard,False,96.9,Beginner,low,True,,,fan:lldb-579,Tricky 3.DAT#0
6262,DOS Tricky Book Club,Turn around young lemmings!,False,180.25,Easy,medium,True,basher;builder,,fan:lldb-579,Tricky 3.DAT#1
6263,DOS Tricky Book Club,From The Boundary Line,False,518.09,Hard,medium,True,basher;builder;climber;digger;floater;miner;multiple-worker-coordination,,fan:lldb-579,Tricky 3.DAT#2
6264,DOS Tricky Book Club,Tightrope City,False,264.39,Moderate,medium,True,basher;blocker;builder;digger,,fan:lldb-579,Tricky 3.DAT#3
6265,DOS Tricky Book Club,Cascade,False,407.8,Challenging,medium,True,basher;builder;digger;floater;miner;multiple-worker-coordination,,fan:lldb-579,Tricky 3.DAT#4
6266,DOS Tricky Book Club,I have a cunning plan,False,416.66,Challenging,medium,True,basher;blocker;builder;digger;miner,,fan:lldb-579,Tricky 3.DAT#5
6267,DOS Tricky Book Club,The Island of the Wicker people,False,413.26,Challenging,medium,True,basher;builder;climber;digger;miner,,fan:lldb-579,Tricky 3.DAT#6
6268,DOS Tricky Book Club,Lost something?,False,148.88,Easy,medium,True,basher;builder;miner,,fan:lldb-579,Tricky 3.DAT#7
6269,DOS Tricky Book Club,Rainbow Island,False,301.05,Tricky,medium,True,basher;blocker;builder;multiple-worker-coordination,,fan:lldb-579,Tricky 3.DAT#8
6270,DOS Tricky Book Club,The Crankshaft,False,537.25,Hard,medium,True,blocker;builder;climber;digger;floater;miner;multiple-worker-coordination,,fan:lldb-579,Tricky 3.DAT#9
6271,DOS Taxing Book Club,If at first you don`t succeed..,False,238.73,Moderate,medium,True,basher;builder;digger,,fan:lldb-580,Taxing 1.DAT#0
6272,DOS Taxing Book Club,"Watch out, there`s traps about",False,537.81,Hard,medium,True,basher;blocker;builder;digger;miner;multiple-worker-coordination,,fan:lldb-580,Taxing 1.DAT#1
6273,DOS Taxing Book Club,Heaven can wait (we hope!!!!),False,281.82,Moderate,medium,True,builder;multiple-worker-coordination,,fan:lldb-580,Taxing 1.DAT#2
6274,DOS Taxing Book Club,Lend a helping hand....,False,353.52,Tricky,medium,True,basher;blocker;builder;digger;miner;multiple-worker-coordination,,fan:lldb-580,Taxing 1.DAT#3
6275,DOS Taxing Book Club,The Prison!,False,349.2,Tricky,medium,True,basher;blocker;builder;digger,,fan:lldb-580,Taxing 1.DAT#4
6276,DOS Taxing Book Club,Compression Method 1,False,318.21,Tricky,medium,True,basher;digger,,fan:lldb-580,Taxing 1.DAT#5
6277,DOS Taxing Book Club,Every Lemming for himself!!!,False,360.25,Tricky,medium,True,basher;bomber;builder;climber;multiple-worker-coordination,,fan:lldb-580,Taxing 1.DAT#6
6278,DOS Taxing Book Club,The Art Gallery,False,226.89,Moderate,medium,True,basher;builder;multiple-worker-coordination,,fan:lldb-580,Taxing 1.DAT#7
6279,DOS Taxing Book Club,Perseverance,False,320.77,Tricky,medium,True,basher;builder;floater;miner,,fan:lldb-580,Taxing 1.DAT#8
6280,DOS Taxing Book Club,Izzie Wizzie lemmings get busy,False,434.67,Challenging,medium,True,basher;blocker;builder;digger;miner,,fan:lldb-580,Taxing 1.DAT#9
6281,DOS Taxing Book Club,The ascending pillar scenario,False,506.15,Hard,medium,True,basher;builder;climber;digger;floater;miner;multiple-worker-coordination,,fan:lldb-580,Taxing 2.DAT#0
6282,DOS Taxing Book Club,Livin` On The Edge,False,318.94,Tricky,medium,True,basher;builder;multiple-worker-coordination,,fan:lldb-580,Taxing 2.DAT#1
6283,DOS Taxing Book Club,Upsidedown World,False,423.24,Challenging,medium,True,basher;blocker;builder;climber;digger;miner,,fan:lldb-580,Taxing 2.DAT#2
6284,DOS Taxing Book Club,Hunt the Nessy....,False,410.57,Challenging,medium,True,basher;builder;digger;miner;multiple-worker-coordination,,fan:lldb-580,Taxing 2.DAT#3
6285,DOS Taxing Book Club,What an AWESOME level,False,184.84,Easy,medium,True,builder;multiple-worker-coordination,,fan:lldb-580,Taxing 2.DAT#4
6286,DOS Taxing Book Club,Mary Poppins` land,False,338.28,Tricky,medium,True,builder;floater;multiple-worker-coordination,,fan:lldb-580,Taxing 2.DAT#5
6287,DOS Taxing Book Club,X marks the spot,False,443.6,Challenging,medium,True,builder;climber;miner;multiple-worker-coordination,,fan:lldb-580,Taxing 2.DAT#6
6288,DOS Taxing Book Club,Tribute to M.C.Escher,False,320.79,Tricky,medium,True,basher;builder;floater;multiple-worker-coordination,,fan:lldb-580,Taxing 2.DAT#7
6289,DOS Taxing Book Club,Bomboozal,False,83.79,Beginner,medium,True,bomber,,fan:lldb-580,Taxing 2.DAT#8
6290,DOS Taxing Book Club,Something weighing on your mind?,False,112.43,Easy,low,True,,,fan:lldb-580,Taxing 2.DAT#9
6291,DOS Taxing Book Club,Feel the heat!,False,346.04,Tricky,medium,True,basher;blocker;builder;digger;miner;multiple-worker-coordination,,fan:lldb-580,Taxing 3.DAT#0
6292,DOS Taxing Book Club,Come on over to my place,False,380.13,Tricky,medium,True,basher;blocker;builder;digger;floater;miner,,fan:lldb-580,Taxing 3.DAT#1
6293,DOS Taxing Book Club,King of the castle,False,170.33,Easy,medium,True,builder;multiple-worker-coordination,,fan:lldb-580,Taxing 3.DAT#2
6294,DOS Taxing Book Club,Take a running jump.....,False,244.56,Moderate,medium,True,builder;multiple-worker-coordination,,fan:lldb-580,Taxing 3.DAT#3
6295,DOS Taxing Book Club,Follow the leader...,False,215.15,Moderate,medium,True,basher;builder;multiple-worker-coordination,,fan:lldb-580,Taxing 3.DAT#4
6296,DOS Taxing Book Club,Triple Trouble,False,341.86,Tricky,medium,True,basher;builder;climber;digger;multiple-worker-coordination,,fan:lldb-580,Taxing 3.DAT#5
6297,DOS Taxing Book Club,Call in the bomb squad,False,288.44,Moderate,medium,True,blocker;bomber;builder;multiple-worker-coordination,,fan:lldb-580,Taxing 3.DAT#6
6298,DOS Taxing Book Club,POOR WEE CREATURES!,False,460.8,Challenging,medium,True,basher;blocker;bomber;builder;climber;floater;miner,,fan:lldb-580,Taxing 3.DAT#7
6299,DOS Taxing Book Club,How do I dig up the way?,False,419.2,Challenging,medium,True,basher;builder;climber;digger;floater;miner;multiple-worker-coordination,,fan:lldb-580,Taxing 3.DAT#8
6300,DOS Taxing Book Club,We all fall down,False,159.45,Easy,medium,True,digger,,fan:lldb-580,Taxing 3.DAT#9
6301,Amiga Demo,Level 01.lvl,False,102.44,Easy,low,True,,,fan:lldb-581,Level 01.lvl#-1
6302,Amiga Demo,Level 02.lvl,False,112.88,Easy,low,True,,,fan:lldb-581,Level 02.lvl#-1
6303,Amiga Demo,Level 03.lvl,False,113.51,Easy,low,True,,,fan:lldb-581,Level 03.lvl#-1
6304,Amiga Demo,Level 04.lvl,False,83.79,Beginner,medium,True,bomber,,fan:lldb-581,Level 04.lvl#-1
6305,Amiga Demo,Level 05.lvl,False,106.17,Easy,low,True,,,fan:lldb-581,Level 05.lvl#-1
6306,Amiga Demo Two Player,Level 06.lvl,False,109.81,Easy,low,True,,,fan:lldb-582,Level 06.lvl#-1
6307,Amiga Demo Two Player,Level 07.lvl,False,114.05,Easy,low,True,,,fan:lldb-582,Level 07.lvl#-1
6308,Amiga Demo Two Player,Level 08 (extra).lvl,False,109.81,Easy,low,True,,,fan:lldb-582,Level 08 (extra).lvl#-1
6309,Amiga Demo Two Player,Level 09 (extra).lvl,False,109.81,Easy,low,True,,,fan:lldb-582,Level 09 (extra).lvl#-1
6310,Amiga Oh No More Lemmings Two Player,Level 01.lvl,False,115.9,Easy,low,True,,,fan:lldb-583,Level 01.lvl#-1
6311,Amiga Oh No More Lemmings Two Player,Level 02.lvl,False,114.5,Easy,low,True,,,fan:lldb-583,Level 02.lvl#-1
6312,Amiga Oh No More Lemmings Two Player,Level 03.lvl,False,114.5,Easy,low,True,,,fan:lldb-583,Level 03.lvl#-1
6313,Amiga Oh No More Lemmings Two Player,Level 04.lvl,False,115.9,Easy,low,True,,,fan:lldb-583,Level 04.lvl#-1
6314,Amiga Oh No More Lemmings Two Player,Level 05.lvl,False,115.9,Easy,low,True,,,fan:lldb-583,Level 05.lvl#-1
6315,Amiga Oh No More Lemmings Two Player,Level 06.lvl,False,108.25,Easy,low,True,,,fan:lldb-583,Level 06.lvl#-1
6316,Amiga Oh No More Lemmings Two Player,Level 07.lvl,False,108.25,Easy,low,True,,,fan:lldb-583,Level 07.lvl#-1
6317,Amiga Oh No More Lemmings Two Player,Level 08.lvl,False,114.5,Easy,low,True,,,fan:lldb-583,Level 08.lvl#-1
6318,Amiga Oh No More Lemmings Two Player,Level 09.lvl,False,109.65,Easy,low,True,,,fan:lldb-583,Level 09.lvl#-1
6319,Amiga Oh No More Lemmings Two Player,Level 10.lvl,False,108.25,Easy,low,True,,,fan:lldb-583,Level 10.lvl#-1
6320,Save the Lemmings,The COVOX Level,False,90.25,Beginner,low,True,,,fan:lldb-584,LEVEL000.DAT#0
6321,Save the Lemmings,Bridge Away!,False,90.25,Beginner,low,True,,,fan:lldb-584,LEVEL000.DAT#1
6322,Save the Lemmings,Animal or Vegetable?,False,112.88,Easy,low,True,,,fan:lldb-584,LEVEL000.DAT#2
6323,Save the Lemmings,Lots of Steel crates!,False,73.7,Beginner,low,True,,,fan:lldb-584,LEVEL000.DAT#3
6324,Save the Lemmings,IceTown,False,90.65,Beginner,low,True,,,fan:lldb-584,LEVEL000.DAT#4
6325,Save the Lemmings,Heaven Can Wait II,False,114.5,Easy,low,True,,,fan:lldb-584,LEVEL000.DAT#5
6326,Save the Lemmings,How do we get down there?,False,110.8,Easy,low,True,,,fan:lldb-584,LEVEL000.DAT#6
6327,Save the Lemmings,JackLemmings,False,106.38,Easy,low,True,,,fan:lldb-584,LEVEL000.DAT#7
6328,Lemmings The Official Companion,Digger Conversions,False,71.19,Beginner,low,True,,,fan:lldb-585,LEVEL000.DAT#0
6329,Lemmings The Official Companion,"For Every Lemming, Turn, Turn...",False,101.59,Easy,low,True,,,fan:lldb-585,LEVEL000.DAT#1
6330,Lemmings The Official Companion,Alternate Route,False,106.38,Easy,low,True,,,fan:lldb-585,LEVEL000.DAT#2
6331,Lemmings The Official Companion,Bridge Delay!,False,90.9,Beginner,low,True,,,fan:lldb-585,LEVEL000.DAT#3
6332,Lemmings The Official Companion,The Prima Publishing Level,False,98.38,Beginner,low,True,,,fan:lldb-585,LEVEL000.DAT#4
6333,Lemmings The Official Companion,Lemming Excavation,False,64.94,Beginner,low,True,,,fan:lldb-585,LEVEL000.DAT#5
6334,Lemmings The Official Companion,Lets Go Sledding!!,False,81.09,Beginner,low,True,,,fan:lldb-585,LEVEL000.DAT#6
6335,Lemmings The Official Companion,The Pipeline,False,94,Beginner,low,True,,,fan:lldb-585,LEVEL000.DAT#7
6336,Lemmings The Official Companion,Wild World of Lemmings!,False,105.69,Easy,low,True,,,fan:lldb-585,LEVEL001.DAT#0
6337,Lemmings The Official Companion,Winter Lemmingland,False,95.75,Beginner,low,True,,,fan:lldb-585,LEVEL001.DAT#1
6338,Lemmings The Official Companion,Oh No!  Squish.,False,114.5,Easy,low,True,,,fan:lldb-585,LEVEL001.DAT#2
6339,Lemmings The Official Companion,Watch Your Step!,False,105.69,Easy,low,True,,,fan:lldb-585,LEVEL001.DAT#3
6340,Lemmings The Official Companion,Dolly Dimple?,False,108.25,Easy,low,True,,,fan:lldb-585,LEVEL001.DAT#4
6341,Lemmings The Official Companion,Which Way Do We Go?,False,106.5,Easy,low,True,,,fan:lldb-585,LEVEL001.DAT#5
6342,Lemmings The Official Companion,Old MacDonald Had a Farm...,False,87.88,Beginner,low,True,,,fan:lldb-585,LEVEL001.DAT#6
6343,Lemmings The Official Companion,Congratulations!,False,94.44,Beginner,low,True,,,fan:lldb-585,LEVEL001.DAT#7
6344,Braden12 First Levelpack from OpenSea Facebook,Lemmings Of Ork,False,84.16,Beginner,low,True,,,fan:lldb-586,LEVELPAK.DAT#0
6345,Braden12 First Levelpack from OpenSea Facebook,A Level For Your Money......,False,90.25,Beginner,low,True,,,fan:lldb-586,LEVELPAK.DAT#1
6346,Braden12 First Levelpack from OpenSea Facebook,A BeastIII of a level,False,101.62,Easy,low,True,,,fan:lldb-586,LEVELPAK.DAT#2
6347,Braden12 First Levelpack from OpenSea Facebook,Pure Agony,False,96.34,Beginner,low,True,,,fan:lldb-586,LEVELPAK.DAT#3
6348,Braden12 First Levelpack from OpenSea Facebook,Jurassic Park,False,104.89,Easy,low,True,,,fan:lldb-586,LEVELPAK.DAT#4
6349,Braden12 First Levelpack from OpenSea Facebook,Dutch Oven,False,103.76,Easy,low,True,,,fan:lldb-586,LEVELPAK.DAT#5
6350,Braden12 First Levelpack from OpenSea Facebook,Hanging Gardens Of Babylon,False,104.8,Easy,low,True,,,fan:lldb-586,LEVELPAK.DAT#6
6351,Braden12 First Levelpack from OpenSea Facebook,Pipe Organ,False,64.95,Beginner,low,True,,,fan:lldb-586,LEVELPAK.DAT#7
6352,Braden12 First Levelpack from OpenSea Facebook,The Matterhorn,False,114.01,Easy,low,True,,,fan:lldb-586,LEVELPAK.DAT#8
6353,Braden12 First Levelpack from OpenSea Facebook,Bunderson Academy,False,82.15,Beginner,low,True,,,fan:lldb-586,LEVELPAK.DAT#9
6354,Mikes Lemmix Pack,Excavations in the Cubic Cave,False,94.67,Beginner,low,True,,,fan:lldb-591,Mikes Lemmix Pack.dat#0
6355,Mikes Lemmix Pack,Reachable Heights,False,95.75,Beginner,low,True,,,fan:lldb-591,Mikes Lemmix Pack.dat#1
6356,Mikes Lemmix Pack,The Crystal Coves,False,79.8,Beginner,low,True,,,fan:lldb-591,Mikes Lemmix Pack.dat#2
6357,Mikes Lemmix Pack,The Awesome level returns!,False,94,Beginner,low,True,,,fan:lldb-591,Mikes Lemmix Pack.dat#3
6358,Mikes Lemmix Pack,The Crystalline Fortress,False,94,Beginner,low,True,,,fan:lldb-591,Mikes Lemmix Pack.dat#4
6359,Mikes Lemmix Pack,Now you're stuck ( part 2 ),False,102,Easy,low,True,,,fan:lldb-591,Mikes Lemmix Pack.dat#5
6360,Mikes Lemmix Pack,The squares fight back (part 2),False,75.25,Beginner,low,True,,,fan:lldb-591,Mikes Lemmix Pack.dat#6
6361,Mikes Lemmix Pack,Spaces within spaces,False,77,Beginner,low,True,,,fan:lldb-591,Mikes Lemmix Pack.dat#7
6362,Mikes Lemmix Pack,Science from the 4th dimension,False,103.4,Easy,low,True,,,fan:lldb-591,Mikes Lemmix Pack.dat#8
6363,Mikes Lemmix Pack,Unreachable Heights,False,94.45,Beginner,low,True,,,fan:lldb-591,Mikes Lemmix Pack.dat#9
6364,Professional Lemmings,a quick warm up,False,82.48,Beginner,low,True,,,fan:lldb-592,LEVELPAK.DAT#0
6365,Professional Lemmings,the fitness grand lem pacer test,False,93.09,Beginner,low,True,,,fan:lldb-592,LEVELPAK.DAT#1
6366,Lemmy556 Superpack,Ismo Brick,False,64.5,Beginner,low,True,,,fan:lldb-593,Lemmy556 Superpack.dat#0
6367,Lemmy556 Superpack,Ismo bubble,False,110.44,Easy,low,True,,,fan:lldb-593,Lemmy556 Superpack.dat#1
6368,Lemmy556 Superpack,Ismo rock,False,39.98,Beginner,low,True,,,fan:lldb-593,Lemmy556 Superpack.dat#2
6369,Lemmy556 Superpack,Ismo snow,False,84.65,Beginner,low,True,,,fan:lldb-593,Lemmy556 Superpack.dat#3
6370,Amiga Magazine Demo,Level 01.lvl,False,103.17,Easy,low,True,,,fan:lldb-594,Level 01.lvl#-1
6371,Amiga Magazine Demo,Level 02.lvl,False,113.51,Easy,low,True,,,fan:lldb-594,Level 02.lvl#-1
6372,Amiga Magazine Demo,Level 03.lvl,False,87.11,Beginner,low,True,,,fan:lldb-594,Level 03.lvl#-1
6373,Braden12 Second Levelpack,Antelope Island,False,74.34,Beginner,low,True,,,fan:lldb-595,LEVELPAK.DAT#0
6374,Braden12 Second Levelpack,Domino's Pizza,False,108.88,Easy,low,True,,,fan:lldb-595,LEVELPAK.DAT#1
